순번,상호명,수거종류,수거방법,수거장소(주소),장소구분,수거비용
1,신흥동 행정복지센터,중소폐가전,수거함 설치,경기 부천시 오정구 삼작로 109 신흥동 행정복지센터,"지자체(구청, 행정복지센터 등)",무상
2,오정동 행정복지센터,중소폐가전,수거함 설치,경기 부천시 오정구 오정로252번길 88 오정동 행정복지센터,"지자체(구청, 행정복지센터 등)",무상
3,고강1동 행정복지센터,중소폐가전,수거함 설치,경기 부천시 오정구 고강로72번길 8 고강1동 행정복지센터,"지자체(구청, 행정복지센터 등)",무상
4,원종2종 행정복지센터,중소폐가전,수거함 설치,경기 부천시 오정구 성오로 129 원종2종 행정복지센터,"지자체(구청, 행정복지센터 등)",무상
5,원종1종 행정복지센터,중소폐가전,수거함 설치,경기 부천시 오정구 원종로51번길 43 원종1종 행정복지센터,"지자체(구청, 행정복지센터 등)",무상
6,심곡3동 행정복지센터,중소폐가전,수거함 설치,경기 부천시 원미구 부일로 393 심곡3동 행정복지센터,"지자체(구청, 행정복지센터 등)",무상
7,sk하이닉스 사원아파트,중소폐가전,수거함 설치,경기도 이천시 부발읍 아미리 산148-1 ,공동주택(아파트 등),무상
8,경남 아너스빌,중소폐가전,수거함 설치,충청남도 아산시 문화로 115 ,공동주택(아파트 등),무상
9,권곡 서해그랑블 1단지,중소폐가전,수거함 설치,충청남도 아산시 문화로 257-20 ,공동주택(아파트 등),무상
10,권곡 서해그랑블 2단지,중소폐가전,수거함 설치,충청남도 아산시 문화로 257-24 ,공동주택(아파트 등),무상
11,권곡주공아파트,중소폐가전,수거함 설치,충청남도 아산시 박물관로 13 ,공동주택(아파트 등),무상
12,권곡청솔아파트,중소폐가전,수거함 설치,충청남도 아산시 문화로 257-17 ,공동주택(아파트 등),무상
13,대주아파트,중소폐가전,수거함 설치,충청남도 아산시 신창면 행목로 152 ,공동주택(아파트 등),무상
14,동아나래 2차,중소폐가전,수거함 설치,충청남도 아산시 온천대로 1333번길 10 ,공동주택(아파트 등),무상
15,동일하이빌,중소폐가전,수거함 설치,충청남도 아산시 남부로 353 ,공동주택(아파트 등),무상
16,득산 부영아파트,중소폐가전,수거함 설치,충청남도 아산시 온천대로 1105-17 ,공동주택(아파트 등),무상
17,모종 삼일파라뷰 2차,중소폐가전,수거함 설치,충청남도 아산시 모종북로 22 ,공동주택(아파트 등),무상
18,모종 삼일파라뷰 더스위트,중소폐가전,수거함 설치,충청남도 아산시 문화로 271-30 ,공동주택(아파트 등),무상
19,모종 캐슬어울림 1단지,중소폐가전,수거함 설치,충청남도 아산시 모종로 22번길 7 ,공동주택(아파트 등),무상
20,모종 캐슬어울림 2단지,중소폐가전,수거함 설치,충청남도 아산시 모종로 22번길 33 ,공동주택(아파트 등),무상
21,모종 한성필하우스 1단지,중소폐가전,수거함 설치,충청남도 아산시 모종로 21 ,공동주택(아파트 등),무상
22,모종주공아파트,중소폐가전,수거함 설치,충청남도 아산시 문화로 301-16 ,공동주택(아파트 등),무상
23,반도유보라,중소폐가전,수거함 설치,충청남도 아산시 아산로 116-21 ,공동주택(아파트 등),무상
24,방축 KD 아람채,중소폐가전,수거함 설치,충청남도 아산시 온천대로 1323-25 ,공동주택(아파트 등),무상
25,벽산아파트,중소폐가전,수거함 설치,충청남도 아산시 문화로 33-10 ,공동주택(아파트 등),무상
26,삼부 르네상스,중소폐가전,수거함 설치,충청남도 아산시 문화로 243번길 13 ,공동주택(아파트 등),무상
27,삼정백조,중소폐가전,수거함 설치,충청남도 아산시 서부북로 988 ,공동주택(아파트 등),무상
28,삼정하이츠,중소폐가전,수거함 설치,충청남도 아산시 어의정로 41 ,공동주택(아파트 등),무상
29,삼환나우빌,중소폐가전,수거함 설치,충청남도 아산시 번영로 15 ,공동주택(아파트 등),무상
30,송도힐스테이트레이크,중소폐가전,수거함 설치,인천광역시 연수구 아카데미로 312번길 177 ,공동주택(아파트 등),무상
31,시지대성유니드,중소폐가전,수거함 설치,대구광역시 수성구 달구벌대로669길 80 ,공동주택(아파트 등),무상
32,신원더파크 2단지,중소폐가전,수거함 설치,충청남도 아산시 법곡길 20-12 ,공동주택(아파트 등),무상
33,실옥 푸르지오,중소폐가전,수거함 설치,충청남도 아산시 아산로 117번길 17 ,공동주택(아파트 등),무상
34,아산 온천 미소지움,중소폐가전,수거함 설치,충청남도 아산시 아산로 116-20 ,공동주택(아파트 등),무상
35,아산 올리브힐,중소폐가전,수거함 설치,충청남도 아산시 청운로 84번길 15 ,공동주택(아파트 등),무상
36,온양 힐스테이트,중소폐가전,수거함 설치,충청남도 아산시 남산로 126 ,공동주택(아파트 등),무상
37,온천마을 아파트,중소폐가전,수거함 설치,충청남도 아산시 어의정로 46 ,공동주택(아파트 등),무상
38,용화 아이파크,중소폐가전,수거함 설치,충청남도 아산시 용화고길 46 ,공동주택(아파트 등),무상
39,우림필유아파트,중소폐가전,수거함 설치,경상북도 구미시 수출대로 3길 130 ,공동주택(아파트 등),무상
40,일성아파트,중소폐가전,수거함 설치,충청남도 아산시 시민로 485 ,공동주택(아파트 등),무상
41,좌부동 초원아파트 2단지,중소폐가전,수거함 설치,충청남도 아산시 고불로 669 ,공동주택(아파트 등),무상
42,좌부동 초원아파트 3단지,중소폐가전,수거함 설치,충청남도 아산시 고불로 665 ,공동주택(아파트 등),무상
43,주택관리공단 본사,중소폐가전,수거함 설치,경상남도 진주시 사들로 137 ,공동주택(아파트 등),무상
44,창덕 에버빌,중소폐가전,수거함 설치,충청남도 아산시 신창면 서부북로 270 ,공동주택(아파트 등),무상
45,표교2리 마을회관 분리수거장,중소폐가전,수거함 설치,경기도 이천시 마장면 표교리 523-19 ,공동주택(아파트 등),무상
46,풍기 이지더원 2단지,중소폐가전,수거함 설치,충청남도 아산시 어의정로 182 ,공동주택(아파트 등),무상
47,한미아파트,중소폐가전,수거함 설치,충청남도 아산시 신창면 서부북로 813 ,공동주택(아파트 등),무상
48,한성아파트,중소폐가전,수거함 설치,충청남도 아산시 온천대로 1315 ,공동주택(아파트 등),무상
49,효양아파트(어린이집 옆 폐기물처리장),중소폐가전,수거함 설치,경기도 이천시 부발읍 무촌리 128-6 ,공동주택(아파트 등),무상
50,(KT)CPK 노원2호점,폐휴대폰,수거함 설치,서울 노원구 상계로3길 10 ,민팃ATM,무상
51,(KT)CPK 마들역점,폐휴대폰,수거함 설치,서울 노원구 동일로 1538 ,민팃ATM,무상
52,(KT)CPK 상계2호점,폐휴대폰,수거함 설치,서울 노원구 한글비석로20길 23-16 ,민팃ATM,무상
53,(KT)CPK 적선점,폐휴대폰,수거함 설치,서울 종로구 자하문로2길 4 ,민팃ATM,무상
54,(KT)CPK 홍대정문점,폐휴대폰,수거함 설치,서울 마포구 홍익로 10 ,민팃ATM,무상
55,(KT)CPK홍대클럽점,폐휴대폰,수거함 설치,서울 마포구 어울마당로 80 ,민팃ATM,무상
56,(KT)HJY마포역점,폐휴대폰,수거함 설치,서울 마포구 마포대로 33 ,민팃ATM,무상
57,(KT)M&S마두역직영점,폐휴대폰,수거함 설치,경기 고양시 일산동구 중앙로 1192 ,민팃ATM,무상
58,(KT)M&S신용산역직영점,폐휴대폰,수거함 설치,서울 용산구 한강대로 95 ,민팃ATM,무상
59,(KT)M&S화정역직영점,폐휴대폰,수거함 설치,경기 고양시 덕양구 화정로 65-1 ,민팃ATM,무상
60,(KT)경진텔레콤 센텀점,폐휴대폰,수거함 설치,부산 해운대구 센텀동로 9 ,민팃ATM,무상
61,(KT)나무 연산점,폐휴대폰,수거함 설치,부산 연제구 과정로 224 ,민팃ATM,무상
62,(KT)달콤컴퍼니 합성점,폐휴대폰,수거함 설치,경남 창원시 마산회원구 3·15대로 722 ,민팃ATM,무상
63,(KT)대세통신 중마점,폐휴대폰,수거함 설치,전남 광양시 공영로 70 ,민팃ATM,무상
64,(KT)더킹 광복점,폐휴대폰,수거함 설치,부산 중구 광복로 53-1 ,민팃ATM,무상
65,(KT)디액션 한성대점,폐휴대폰,수거함 설치,서울 성북구 동소문로 16 ,민팃ATM,무상
66,(KT)미래네트웍스 이토타워점,폐휴대폰,수거함 설치,인천 남동구 예술로 138 ,민팃ATM,무상
67,(KT)브로커뮤니케이션 신촌연세로점,폐휴대폰,수거함 설치,서울 서대문구 연세로 20 ,민팃ATM,무상
68,(KT)사직동 투자매장,폐휴대폰,수거함 설치,부산 연제구 아시아드대로 91 ,민팃ATM,무상
69,(KT)선광 못골점,폐휴대폰,수거함 설치,부산 남구 수영로 200-1 ,민팃ATM,무상
70,(KT)스마일쓰리 신도봉시장점,폐휴대폰,수거함 설치,서울 도봉구 도봉로153길 10 ,민팃ATM,무상
71,(KT)아이엠티월드 홍대놀이터점,폐휴대폰,수거함 설치,서울 마포구 와우산로21길 21 ,민팃ATM,무상
72,(KT)아이엠티월드 홍대서교점,폐휴대폰,수거함 설치,서울 마포구 와우산로27길 56 ,민팃ATM,무상
73,(KT)에스엠 하단점,폐휴대폰,수거함 설치,부산 사하구 낙동남로 1403 ,민팃ATM,무상
74,(KT)에스엠커뮤니케이션 쥬디스신관점,폐휴대폰,수거함 설치,부산 부산진구 서전로10번길 61 ,민팃ATM,무상
75,(KT)에이쓰리 운정산내점,폐휴대폰,수거함 설치,경기 파주시 책향기로 573 ,민팃ATM,무상
76,(KT)엠에이치컴퍼니 화정점,폐휴대폰,수거함 설치,울산 동구 대학길 133 ,민팃ATM,무상
77,(KT)엠엔케이 하단점,폐휴대폰,수거함 설치,부산 사하구 낙동남로 1403 ,민팃ATM,무상
78,(KT)제이씨앤 삼산점,폐휴대폰,수거함 설치,울산 남구 삼산중로74번길 6 ,민팃ATM,무상
79,(KT)지네이션 공업탑점,폐휴대폰,수거함 설치,울산 남구 삼산로 17 ,민팃ATM,무상
80,(KT)청라커낼웨이점,폐휴대폰,수거함 설치,인천 서구 청라라임로 57 ,민팃ATM,무상
81,(KT)케이컴퍼니 사직점,폐휴대폰,수거함 설치,부산 동래구 사직북로 4 ,민팃ATM,무상
82,(KT)펜타CA 혜화역점,폐휴대폰,수거함 설치,서울 종로구 대학로 129-2 ,민팃ATM,무상
83,(KT)피플팩토리 양정점,폐휴대폰,수거함 설치,부산 부산진구 양지로 1 ,민팃ATM,무상
84,(LGU+) 일상비일상의틈,폐휴대폰,수거함 설치,서울 강남구 강남대로 426 ,민팃ATM,무상
85,(LGU+)B LGDnF대리점중앙로점,폐휴대폰,수거함 설치,충북 옥천군 옥천읍 중앙로 50 ,민팃ATM,무상
86,(LGU+)B LGFORCE중랑우체국점,폐휴대폰,수거함 설치,서울 중랑구 망우로 277 ,민팃ATM,무상
87,(LGU+)B LGLS커뮤니티성일중고사거리점,폐휴대폰,수거함 설치,경기 성남시 중원구 원터로 114 ,민팃ATM,무상
88,(LGU+)B LGMJ커뮤니이마트사거리점,폐휴대폰,수거함 설치,충북 충주시 중앙로 3 ,민팃ATM,무상
89,(LGU+)B LGMJ커뮤니충주농협점,폐휴대폰,수거함 설치,충북 충주시 충인3길 1 ,민팃ATM,무상
90,(LGU+)B LGMJ커뮤니하나로마트점,폐휴대폰,수거함 설치,충북 증평군 증평읍 중앙로 190 ,민팃ATM,무상
91,(LGU+)B LGMTI대원사거리점,폐휴대폰,수거함 설치,경기 성남시 중원구 희망로 311 ,민팃ATM,무상
92,(LGU+)B LGNJ모바일삼척우체국점,폐휴대폰,수거함 설치,강원 삼척시 진주로 35 ,민팃ATM,무상
93,(LGU+)B LGNJ모바일태백우체국점,폐휴대폰,수거함 설치,강원 태백시 황지로 176 ,민팃ATM,무상
94,(LGU+)B LGSJ종합정보통신계산로점,폐휴대폰,수거함 설치,충북 영동군 영동읍 계산로 17-1 ,민팃ATM,무상
95,(LGU+)B LGSmart정보통신강진점,폐휴대폰,수거함 설치,전남 강진군 강진읍 보은로4길 30 ,민팃ATM,무상
96,(LGU+)B LGTOP텔레콤공릉시장점,폐휴대폰,수거함 설치,서울 노원구 동일로 1026 ,민팃ATM,무상
97,(LGU+)B LGTOP텔레콤옥정폴리프라자점,폐휴대폰,수거함 설치,경기 양주시 옥정동로7나길 15 ,민팃ATM,무상
98,(LGU+)B LGTT114평창중앙로,폐휴대폰,수거함 설치,강원 평창군 평창읍 백오로 86 ,민팃ATM,무상
99,(LGU+)B LGVIP플러스박애병원점,폐휴대폰,수거함 설치,경기 평택시 평택2로 27 ,민팃ATM,무상
100,(LGU+)B LGVIP플러스통북시장점,폐휴대폰,수거함 설치,경기 평택시 중앙로 2 ,민팃ATM,무상
101,(LGU+)B LGYH텔레콤현진에버빌,폐휴대폰,수거함 설치,경북 구미시 옥계북로 60-1 ,민팃ATM,무상
102,(LGU+)B LG가온텔레콤산본역점,폐휴대폰,수거함 설치,경기 군포시 산본로323번길 16-12 ,민팃ATM,무상
103,(LGU+)B LG가족모바일연수역점,폐휴대폰,수거함 설치,인천 연수구 먼우금로 190 ,민팃ATM,무상
104,(LGU+)B LG갈산직영점갈산사거리점,폐휴대폰,수거함 설치,인천 부평구 주부토로 223 ,민팃ATM,무상
105,(LGU+)B LG강릉U플러스사거리점,폐휴대폰,수거함 설치,강원 강릉시 교동광장로 125 ,민팃ATM,무상
106,(LGU+)B LG강서소매영업팀오목교점,폐휴대폰,수거함 설치,서울 양천구 오목로 287 ,민팃ATM,무상
107,(LGU+)B LG거명정보통신의료원점,폐휴대폰,수거함 설치,전남 순천시 중앙로 126 ,민팃ATM,무상
108,(LGU+)B LG거인새싹로점,폐휴대폰,수거함 설치,부산 부산진구 새싹로 182 ,민팃ATM,무상
109,(LGU+)B LG경호통신서수원점,폐휴대폰,수거함 설치,경기 수원시 권선구 구운중로4번길 10 ,민팃ATM,무상
110,(LGU+)B LG공스모바일목감점,폐휴대폰,수거함 설치,경기 시흥시 목감중앙로 53 ,민팃ATM,무상
111,(LGU+)B LG광수텔레콤새마을시장점,폐휴대폰,수거함 설치,경기 광명시 광명로 833 ,민팃ATM,무상
112,(LGU+)B LG광컴퍼니구산역점,폐휴대폰,수거함 설치,서울 은평구 연서로 137 ,민팃ATM,무상
113,(LGU+)B LG굿피플플러스북아현로점,폐휴대폰,수거함 설치,서울 서대문구 북아현로 20 ,민팃ATM,무상
114,(LGU+)B LG나눔정보통신농협사거리점,폐휴대폰,수거함 설치,충북 괴산군 괴산읍 읍내로2길 60 ,민팃ATM,무상
115,(LGU+)B LG나래내손점,폐휴대폰,수거함 설치,경기 의왕시 포일로 43 ,민팃ATM,무상
116,(LGU+)B LG나인텔레콤골목시장점,폐휴대폰,수거함 설치,부산 사하구 장평로 300 ,민팃ATM,무상
117,(LGU+)B LG나인텔레콤과학산단로점,폐휴대폰,수거함 설치,부산 강서구 과학산단로306번길 10 ,민팃ATM,무상
118,(LGU+)B LG나인텔레콤신호산단2로점,폐휴대폰,수거함 설치,부산 강서구 신호산단2로 33 ,민팃ATM,무상
119,(LGU+)B LG넘버원행신역점,폐휴대폰,수거함 설치,경기 고양시 덕양구 충경로 44 ,민팃ATM,무상
120,(LGU+)B LG넝쿨정보북교사거리점,폐휴대폰,수거함 설치,경기 부천시 부천로 107-2 ,민팃ATM,무상
121,(LGU+)B LG뉴패밀리시영아파트점,폐휴대폰,수거함 설치,광주 광산구 사암로 145 ,민팃ATM,무상
122,(LGU+)B LG뉴패밀리효덕점,폐휴대폰,수거함 설치,광주 남구 진제길 16 ,민팃ATM,무상
123,(LGU+)B LG다온사랑한양상가점,폐휴대폰,수거함 설치,서울 송파구 양재대로 1089 ,민팃ATM,무상
124,(LGU+)B LG다온오리로점,폐휴대폰,수거함 설치,경기 광명시 오리로 352 ,민팃ATM,무상
125,(LGU+)B LG다온텔레콤부전역점,폐휴대폰,수거함 설치,부산 부산진구 동성로 151-1 ,민팃ATM,무상
126,(LGU+)B LG다올휴머니즘컴퍼니구암역점,폐휴대폰,수거함 설치,대전시 유성구 계룡로 39 ,민팃ATM,무상
127,(LGU+)B LG다원대리점새마을금고점,폐휴대폰,수거함 설치,대전시 유성구 반석로 20 ,민팃ATM,무상
128,(LGU+)B LG다이나믹팩토리육거리시장점,폐휴대폰,수거함 설치,충북 청주시 상당구 상당로1번길 18 ,민팃ATM,무상
129,(LGU+)B LG다인모바일송탄우체국점,폐휴대폰,수거함 설치,경기 평택시 탄현로327번길 95-8 ,민팃ATM,무상
130,(LGU+)B LG대박유플러스해태상가점,폐휴대폰,수거함 설치,경기 고양시 일산동구 탄중로 321 ,민팃ATM,무상
131,(LGU+)B LG대통신흥사거리2점,폐휴대폰,수거함 설치,경기 성남시 수정구 산성대로 251 ,민팃ATM,무상
132,(LGU+)B LG대한플러스부천역점,폐휴대폰,수거함 설치,경기 부천시 경인로 259 ,민팃ATM,무상
133,(LGU+)B LG대흥정보통신우장산역점,폐휴대폰,수거함 설치,서울 강서구 강서로 254 ,민팃ATM,무상
134,(LGU+)B LG더드림스소사종합시장점,폐휴대폰,수거함 설치,경기 부천시 소삼로 21 ,민팃ATM,무상
135,(LGU+)B LG더베스트오산역점,폐휴대폰,수거함 설치,경기 오산시 대원로 6 ,민팃ATM,무상
136,(LGU+)B LG더베스트주공아파트점,폐휴대폰,수거함 설치,전북 전주시 완산구 장승배기로 268 ,민팃ATM,무상
137,(LGU+)B LG더블스타화곡본동시장점,폐휴대폰,수거함 설치,서울 강서구 화곡로 200 ,민팃ATM,무상
138,(LGU+)B LG더유피자이아파트점,폐휴대폰,수거함 설치,서울 마포구 큰우물로 49 ,민팃ATM,무상
139,(LGU+)B LG더좋은북부시장점,폐휴대폰,수거함 설치,전북 익산시 인북로 253 ,민팃ATM,무상
140,(LGU+)B LG더좋은사거리점,폐휴대폰,수거함 설치,전북 김제시 동서로 177 ,민팃ATM,무상
141,(LGU+)B LG더좋은원광대대학로점,폐휴대폰,수거함 설치,전북 익산시 무왕로 882 ,민팃ATM,무상
142,(LGU+)B LG동경국민은행사거리점,폐휴대폰,수거함 설치,전남 화순군 화순읍 중앙로 95 ,민팃ATM,무상
143,(LGU+)B LG동양정보통신유천네거리점,폐휴대폰,수거함 설치,대전 중구 계백로 1607 ,민팃ATM,무상
144,(LGU+)B LG드림원롯데시네마점,폐휴대폰,수거함 설치,충북 청주시 상당구 성안로 9 ,민팃ATM,무상
145,(LGU+)B LG디씨티컴퍼니귀빈예식장점,폐휴대폰,수거함 설치,인천 미추홀구 미추홀대로 665 ,민팃ATM,무상
146,(LGU+)B LG라온커뮤니시청점,폐휴대폰,수거함 설치,경기 포천시 중앙로 111 ,민팃ATM,무상
147,(LGU+)B LG리더스모바일농협점,폐휴대폰,수거함 설치,충북 청주시 청원구 상당로 305 ,민팃ATM,무상
148,(LGU+)B LG리더스모바일새마을금고점,폐휴대폰,수거함 설치,충북 증평군 증평읍 중앙로 207 ,민팃ATM,무상
149,(LGU+)B LG리더스모바일우체국점,폐휴대폰,수거함 설치,충북 청주시 상당구 월평로 228 ,민팃ATM,무상
150,(LGU+)B LG리드캡부평문화로점,폐휴대폰,수거함 설치,인천 부평구 부평문화로 54 ,민팃ATM,무상
151,(LGU+)B LG마루통신남해점,폐휴대폰,수거함 설치,경남 남해군 남해읍 화전로 87 ,민팃ATM,무상
152,(LGU+)B LG마루통신하동우체국점,폐휴대폰,수거함 설치,경남 하동군 하동읍 중앙로 41-1 ,민팃ATM,무상
153,(LGU+)B LG명성컴퍼니해양경찰서점,폐휴대폰,수거함 설치,경남 통영시 광도면 죽림1로 41-55 ,민팃ATM,무상
154,(LGU+)B LG명원텔레콤신광로점,폐휴대폰,수거함 설치,제주시 삼무로 18 ,민팃ATM,무상
155,(LGU+)B LG명품텔레콤대구역점,폐휴대폰,수거함 설치,대구시 중구 동성로 80-1 ,민팃ATM,무상
156,(LGU+)B LG모둠텔레콤송산초등학교점,폐휴대폰,수거함 설치,경기 의정부시 오목로 219 ,민팃ATM,무상
157,(LGU+)B LG모바일제너레이션부천남부시장점,폐휴대폰,수거함 설치,경기 부천시 경인로 206 ,민팃ATM,무상
158,(LGU+)B LG모아대리점농협사거리점,폐휴대폰,수거함 설치,대전 대덕구 대덕대로 1606 ,민팃ATM,무상
159,(LGU+)B LG모아대리점세종시청점,폐휴대폰,수거함 설치,세종특별자치시 한누리대로 2143 ,민팃ATM,무상
160,(LGU+)B LG모아대리점정림삼거리점,폐휴대폰,수거함 설치,대전 서구 정림로 72 ,민팃ATM,무상
161,(LGU+)B LG모아대리점중리네거리점,폐휴대폰,수거함 설치,대전 대덕구 계족산로 2 ,민팃ATM,무상
162,(LGU+)B LG모아텔레콤죽도파출소점,폐휴대폰,수거함 설치,경북 포항시 북구 중흥로 265-2 ,민팃ATM,무상
163,(LGU+)B LG무한텔레콤농협점,폐휴대폰,수거함 설치,충북 청주시 서원구 사직대로 263 ,민팃ATM,무상
164,(LGU+)B LG뮤즈문화회관점,폐휴대폰,수거함 설치,부산 해운대구 좌동로 88 ,민팃ATM,무상
165,(LGU+)B LG미래중앙통신동문로터리점,폐휴대폰,수거함 설치,제주특별자치도 제주시 동문로 4 ,민팃ATM,무상
166,(LGU+)B LG미소텔레콤홈플러스점,폐휴대폰,수거함 설치,경남 거제시 장평로 17 ,민팃ATM,무상
167,(LGU+)B LG바우컴퍼니원마트점,폐휴대폰,수거함 설치,강원 강릉시 주문진읍 장성로 48 ,민팃ATM,무상
168,(LGU+)B LG베스트플러스천내리점,폐휴대폰,수거함 설치,대구시 달성군 화원읍 비슬로 2579-4 ,민팃ATM,무상
169,(LGU+)B LG보람컴퍼니로데오점,폐휴대폰,수거함 설치,충북 청주시 상당구 사직대로 360-1 ,민팃ATM,무상
170,(LGU+)B LG보람컴퍼니롯데리아점,폐휴대폰,수거함 설치,충북 청주시 흥덕구 진재로 54 1층 ,민팃ATM,무상
171,(LGU+)B LG보람컴퍼니형석1차아파트,폐휴대폰,수거함 설치,충북 청주시 흥덕구 가경로161번길 3 ,민팃ATM,무상
172,(LGU+)B LG보람컴퍼니효성아파트점,폐휴대폰,수거함 설치,충북 청주시 흥덕구 2순환로1050번길 24 ,민팃ATM,무상
173,(LGU+)B LG본오중앙약국점,폐휴대폰,수거함 설치,경기 안산시 단원구 예술대학로 11 ,민팃ATM,무상
174,(LGU+)B LG봄날남악신도시점,폐휴대폰,수거함 설치,전남 무안군 삼향읍 대죽동로 43 ,민팃ATM,무상
175,(LGU+)B LG봄날대불점,폐휴대폰,수거함 설치,전남 영암군 삼호읍 대불주거5로 6 ,민팃ATM,무상
176,(LGU+)B LG봄날북항점,폐휴대폰,수거함 설치,전남 목포시 청호로 175 ,민팃ATM,무상
177,(LGU+)B LG북서울광운대점,폐휴대폰,수거함 설치,서울 노원구 광운로 59 ,민팃ATM,무상
178,(LGU+)B LG브이아이피컴퍼니신창우체국점,폐휴대폰,수거함 설치,광주 광산구 신창로 64 ,민팃ATM,무상
179,(LGU+)B LG비엔비익산역점,폐휴대폰,수거함 설치,전북 익산시 중앙로 19 ,민팃ATM,무상
180,(LGU+)B LG비커넥티드유진대방DMCP점,폐휴대폰,수거함 설치,전북 전주시 덕진구 기지로 77 ,민팃ATM,무상
181,(LGU+)B LG사계종가4로점,폐휴대폰,수거함 설치,울산 중구 종가4길 13 ,민팃ATM,무상
182,(LGU+)B LG사랑애텔레콤롯데백화점,폐휴대폰,수거함 설치,대전 서구 계룡로 590 ,민팃ATM,무상
183,(LGU+)B LG사랑커뮤니동부지방법원점,폐휴대폰,수거함 설치,서울 광진구 아차산로 419 ,민팃ATM,무상
184,(LGU+)B LG새늘정보통신금호1단지점,폐휴대폰,수거함 설치,전북 군산시 수송로 56 ,민팃ATM,무상
185,(LGU+)B LG서광등촌역점,폐휴대폰,수거함 설치,서울 양천구 공항대로 562 ,민팃ATM,무상
186,(LGU+)B LG서광유통우체국점,폐휴대폰,수거함 설치,전남 여수시 충무1길 2 ,민팃ATM,무상
187,(LGU+)B LG서희정보돌고개점,폐휴대폰,수거함 설치,광주 서구 월산로 161 ,민팃ATM,무상
188,(LGU+)B LG성공유클래스대동상가점,폐휴대폰,수거함 설치,부산 해운대구 좌동순환로 174 ,민팃ATM,무상
189,(LGU+)B LG성공유클래스쌍용예가점,폐휴대폰,수거함 설치,부산 동래구 사직북로13번길 50 ,민팃ATM,무상
190,(LGU+)B LG성현텔레콤군포점,폐휴대폰,수거함 설치,경기 군포시 군포로534번길 24 ,민팃ATM,무상
191,(LGU+)B LG소영컴퍼니라피에스타점,폐휴대폰,수거함 설치,경남 양산시 물금읍 백호로 156 ,민팃ATM,무상
192,(LGU+)B LG소영컴퍼니사상로점,폐휴대폰,수거함 설치,부산 사상구 사상로 249 ,민팃ATM,무상
193,(LGU+)B LG소영컴퍼니젊음의거리점,폐휴대폰,수거함 설치,부산 북구 만덕대로 18 ,민팃ATM,무상
194,(LGU+)B LG수빈텔레콤장등로점,폐휴대폰,수거함 설치,경남 김해시 진영읍 장등로 7 ,민팃ATM,무상
195,(LGU+)B LG수빈텔레콤탑마트점,폐휴대폰,수거함 설치,경남 김해시 가락로 81 ,민팃ATM,무상
196,(LGU+)B LG슈퍼맨텔레콤뉴삼부프라자점,폐휴대폰,수거함 설치,대전시 중구 태평로 71 ,민팃ATM,무상
197,(LGU+)B LG스타컴퍼니덕계점,폐휴대폰,수거함 설치,경남 양산시 덕계로 58 ,민팃ATM,무상
198,(LGU+)B LG스타텔레콤검단농협점,폐휴대폰,수거함 설치,인천 서구 검단로 494-1 ,민팃ATM,무상
199,(LGU+)B LG슬기모바일구월롯데캐슬점,폐휴대폰,수거함 설치,인천 남동구 호구포로 792 ,민팃ATM,무상
200,(LGU+)B LG승진모바일성포점,폐휴대폰,수거함 설치,경기 안산시 상록구 화랑로 501 ,민팃ATM,무상
201,(LGU+)B LG승진모바일아디다스상록점,폐휴대폰,수거함 설치,경기 안산시 상록구 용신로 387 ,민팃ATM,무상
202,(LGU+)B LG신비플러스대림역점,폐휴대폰,수거함 설치,서울 구로구 도림로 85 ,민팃ATM,무상
203,(LGU+)B LG신비플러스방화사거리점,폐휴대폰,수거함 설치,서울 강서구 양천로 72 ,민팃ATM,무상
204,(LGU+)B LG신비플러스파리공원점,폐휴대폰,수거함 설치,서울 양천구 목동서로 65 ,민팃ATM,무상
205,(LGU+)B LG신세계면목시장점,폐휴대폰,수거함 설치,서울 중랑구 면목로33길 33 ,민팃ATM,무상
206,(LGU+)B LG신세계성주군청점,폐휴대폰,수거함 설치,경북 성주군 성주읍 성주로 3224-1 ,민팃ATM,무상
207,(LGU+)B LG신윤티앤에스법조타운점,폐휴대폰,수거함 설치,서울 송파구 법원로 114 ,민팃ATM,무상
208,(LGU+)B LG신커뮤니농협사거리점,폐휴대폰,수거함 설치,강원 원주시 원일로 109 ,민팃ATM,무상
209,(LGU+)B LG씨엠씨성복역점,폐휴대폰,수거함 설치,경기 용인시 수지구 성복2로 51 ,민팃ATM,무상
210,(LGU+)B LG아큐플러스가락시장역점,폐휴대폰,수거함 설치,서울 송파구 중대로 105 ,민팃ATM,무상
211,(LGU+)B LG아티스트계룡아파트점,폐휴대폰,수거함 설치,대전 서구 벌곡로1379번길 21 ,민팃ATM,무상
212,(LGU+)B LG알파대리점롯데리아점,폐휴대폰,수거함 설치,충북 청주시 서원구 월평로 4 ,민팃ATM,무상
213,(LGU+)B LG약산통신중랑전화국점,폐휴대폰,수거함 설치,서울 중랑구 봉우재로 46 ,민팃ATM,무상
214,(LGU+)B LG어썸모바일본오국민은행점,폐휴대폰,수거함 설치,경기 안산시 상록구 석호로 320 ,민팃ATM,무상
215,(LGU+)B LG에덴씨엔씨시영아파트점,폐휴대폰,수거함 설치,서울 마포구 월드컵북로 236 ,민팃ATM,무상
216,(LGU+)B LG에스와이패밀리중앙대점,폐휴대폰,수거함 설치,서울 동작구 흑석로 110-1 ,민팃ATM,무상
217,(LGU+)B LG에이블푸르지오사거리점,폐휴대폰,수거함 설치,충남 천안시 서북구 오성2길 38 ,민팃ATM,무상
218,(LGU+)B LG에이스네트웍중앙사거리점,폐휴대폰,수거함 설치,충북 보은군 보은읍 삼산로 32 ,민팃ATM,무상
219,(LGU+)B LG에프원문타워점,폐휴대폰,수거함 설치,충남 천안시 동남구 만남로 52 ,민팃ATM,무상
220,(LGU+)B LG에프원충무이마트점,폐휴대폰,수거함 설치,충남 천안시 서북구 충무로 188 ,민팃ATM,무상
221,(LGU+)B LG에프원컴퍼니북가좌초교사거리점,폐휴대폰,수거함 설치,서울 서대문구 거북골로 192 ,민팃ATM,무상
222,(LGU+)B LG엔에스플러스구로이마트점,폐휴대폰,수거함 설치,서울 구로구 디지털로34길 55 ,민팃ATM,무상
223,(LGU+)B LG엔에스플러스영등포점,폐휴대폰,수거함 설치,서울 영등포구 영등포로 202 ,민팃ATM,무상
224,(LGU+)B LG엠에스컴퍼니예산역점,폐휴대폰,수거함 설치,충남 예산군 예산읍 역전로140번길 2 ,민팃ATM,무상
225,(LGU+)B LG엠엔엠동묘북측점,폐휴대폰,수거함 설치,서울 종로구 지봉로 50 ,민팃ATM,무상
226,(LGU+)B LG엠엔엠신원캐슬,폐휴대폰,수거함 설치,경기 고양시 덕양구 권율대로 901 ,민팃ATM,무상
227,(LGU+)B LG연남원주초교점,폐휴대폰,수거함 설치,강원 원주시 늘품로 16 ,민팃ATM,무상
228,(LGU+)B LG영광텔레콤영광면목점,폐휴대폰,수거함 설치,서울 중랑구 겸재로 173 ,민팃ATM,무상
229,(LGU+)B LG영텔레콤전통시장점,폐휴대폰,수거함 설치,부산 해운대구 재반로 252 ,민팃ATM,무상
230,(LGU+)B LG오름커뮤니노원사거리점,폐휴대폰,수거함 설치,서울 노원구 동일로 1374 ,민팃ATM,무상
231,(LGU+)B LG오즈텔레콤산남점,폐휴대폰,수거함 설치,경기 수원시 영통구 산남로 65 ,민팃ATM,무상
232,(LGU+)B LG온새미로모래내점,폐휴대폰,수거함 설치,인천 남동구 구월로 279 ,민팃ATM,무상
233,(LGU+)B LG원커뮤니케이션이마트점,폐휴대폰,수거함 설치,전북 전주시 덕진구 세병서로 18 ,민팃ATM,무상
234,(LGU+)B LG위너스시화공고점,폐휴대폰,수거함 설치,경기 시흥시 군서로6번길 9-1 ,민팃ATM,무상
235,(LGU+)B LG위너스정왕시장점,폐휴대폰,수거함 설치,경기 시흥시 정왕시장길 52 ,민팃ATM,무상
236,(LGU+)B LG위너스행정복지센터점,폐휴대폰,수거함 설치,경기 안산시 단원구 원곡로 44 ,민팃ATM,무상
237,(LGU+)B LG위스토리서광주농협점,폐휴대폰,수거함 설치,광주시 서구 하남대로 704 ,민팃ATM,무상
238,(LGU+)B LG위스토리터미널점,폐휴대폰,수거함 설치,전북 고창군 고창읍 중앙로 195 ,민팃ATM,무상
239,(LGU+)B LG유림텔레콤금강볼링장점,폐휴대폰,수거함 설치,충북 청주시 흥덕구 사운로 233 ,민팃ATM,무상
240,(LGU+)B LG유림텔레콤농협점,폐휴대폰,수거함 설치,충북 청주시 흥덕구 사운로 257 ,민팃ATM,무상
241,(LGU+)B LG유림텔레콤청대점,폐휴대폰,수거함 설치,충북 청주시 청원구 직지대로 887 ,민팃ATM,무상
242,(LGU+)B LG유림텔레콤청주여고점,폐휴대폰,수거함 설치,충북 청주시 청원구 율봉로 185 ,민팃ATM,무상
243,(LGU+)B LG유스토리원시청역점,폐휴대폰,수거함 설치,서울 중구 세종대로 78 ,민팃ATM,무상
244,(LGU+)B LG유일정보통신모악로점,폐휴대폰,수거함 설치,전북 전주시 완산구 모악로 4688 ,민팃ATM,무상
245,(LGU+)B LG유일정보통신전주농협사거리점,폐휴대폰,수거함 설치,전북 전주시 완산구 용머리로 64 ,민팃ATM,무상
246,(LGU+)B LG유일정보통신홍산남로점,폐휴대폰,수거함 설치,전북 전주시 완산구 홍산남로 62 ,민팃ATM,무상
247,(LGU+)B LG유진텔레콤삼익아파트점,폐휴대폰,수거함 설치,경기 수원시 권선구 권선로 620 ,민팃ATM,무상
248,(LGU+)B LG유한회사탑컴퍼니전남대후문점,폐휴대폰,수거함 설치,광주시 북구 우치로 88-1 ,민팃ATM,무상
249,(LGU+)B LG유희보령시장점,폐휴대폰,수거함 설치,충남 보령시 중앙로 75 ,민팃ATM,무상
250,(LGU+)B LG이든현대점,폐휴대폰,수거함 설치,경기 부천시 석천로169번길 30 ,민팃ATM,무상
251,(LGU+)B LG이루다다대로점,폐휴대폰,수거함 설치,부산 사하구 다대로429번길 9 ,민팃ATM,무상
252,(LGU+)B LG이룸플러스나자로점,폐휴대폰,수거함 설치,경기 의왕시 오전로 209 ,민팃ATM,무상
253,(LGU+)B LG일선왜관중앙점,폐휴대폰,수거함 설치,경북 칠곡군 왜관읍 중앙로 177 ,민팃ATM,무상
254,(LGU+)B LG정현텔레콤중앙시장2호점,폐휴대폰,수거함 설치,경기 안양시 만안구 장내로 68 ,민팃ATM,무상
255,(LGU+)B LG제이에스컴퍼니경찰병원역점,폐휴대폰,수거함 설치,서울 송파구 송파대로28길 27 ,민팃ATM,무상
256,(LGU+)B LG제주텔레콤도남사거리점,폐휴대폰,수거함 설치,제주 제주시 도남로 89 ,민팃ATM,무상
257,(LGU+)B LG좋은가족명일역점,폐휴대폰,수거함 설치,서울 강동구 양재대로 1626 ,민팃ATM,무상
258,(LGU+)B LG중부넷남구로역점,폐휴대폰,수거함 설치,서울 구로구 도림로 5 ,민팃ATM,무상
259,(LGU+)B LG진우커뮤니덕계점,폐휴대폰,수거함 설치,경기 양주시 평화로 1487 ,민팃ATM,무상
260,(LGU+)B LG참소리청학점,폐휴대폰,수거함 설치,인천 연수구 청능대로 93 ,민팃ATM,무상
261,(LGU+)B LG창경대리점김천혁신도시점,폐휴대폰,수거함 설치,경북 김천시 혁신3로 15 ,민팃ATM,무상
262,(LGU+)B LG창성코퍼레이션거모점,폐휴대폰,수거함 설치,경기 시흥시 군자로 520 ,민팃ATM,무상
263,(LGU+)B LG처음처럼2철산역2점,폐휴대폰,수거함 설치,경기 광명시 디지털로 17 ,민팃ATM,무상
264,(LGU+)B LG천재스타벅스사거리점,폐휴대폰,수거함 설치,충남 천안시 동남구 청수14로 102 ,민팃ATM,무상
265,(LGU+)B LG초아텔레콤동강프라자점,폐휴대폰,수거함 설치,경기 성남시 중원구 도촌남로 27 ,민팃ATM,무상
266,(LGU+)B LG친절한형제현대아파트점,폐휴대폰,수거함 설치,서울 도봉구 해등로 218 ,민팃ATM,무상
267,(LGU+)B LG친절한형제흥국상가점,폐휴대폰,수거함 설치,서울 동대문구 답십리로 308 ,민팃ATM,무상
268,(LGU+)B LG케이모바일고현교회점,폐휴대폰,수거함 설치,전북 익산시 선화로 126 ,민팃ATM,무상
269,(LGU+)B LG케이모바일만성중앙로점,폐휴대폰,수거함 설치,전북 전주시 덕진구 만성중앙로 49 ,민팃ATM,무상
270,(LGU+)B LG케이모바일팔달로점,폐휴대폰,수거함 설치,전북 전주시 완산구 팔달로 212 ,민팃ATM,무상
271,(LGU+)B LG코리아유플러스운천역점,폐휴대폰,수거함 설치,광주 서구 상무대로867번길 2 ,민팃ATM,무상
272,(LGU+)B LG코리아통신구포점,폐휴대폰,수거함 설치,부산 북구 낙동대로 1648-1 ,민팃ATM,무상
273,(LGU+)B LG키움정보통신옥포시장점,폐휴대폰,수거함 설치,경남 거제시 옥포로 231 ,민팃ATM,무상
274,(LGU+)B LG태백중앙역2번출구점,폐휴대폰,수거함 설치,경기 안산시 단원구 민속공원로 93 ,민팃ATM,무상
275,(LGU+)B LG태양성만수소방서점,폐휴대폰,수거함 설치,인천 남동구 백범로 210 ,민팃ATM,무상
276,(LGU+)B LG태온텔레콤먹거리타운점,폐휴대폰,수거함 설치,경남 창원시 마산회원구 양덕북4길 17 ,민팃ATM,무상
277,(LGU+)B LG태왕가좌시장점,폐휴대폰,수거함 설치,인천 서구 장고개로337번길 16 ,민팃ATM,무상
278,(LGU+)B LG태왕상동시장입구점,폐휴대폰,수거함 설치,경기 부천시 부일로297번길 3 ,민팃ATM,무상
279,(LGU+)B LG태왕중동남부역점,폐휴대폰,수거함 설치,경기 부천시 중동로 71 ,민팃ATM,무상
280,(LGU+)B LG통큰형제들아이파크점,폐휴대폰,수거함 설치,서울 노원구 초안산로2라길 26 ,민팃ATM,무상
281,(LGU+)B LG투앤디원상무역점,폐휴대폰,수거함 설치,광주 서구 상무평화로 79 ,민팃ATM,무상
282,(LGU+)B LG투앤디원효천1지구점,폐휴대폰,수거함 설치,광주시 남구 효천중앙로 52 ,민팃ATM,무상
283,(LGU+)B LG티씨엠브릭스타워점,폐휴대폰,수거함 설치,경기 남양주시 경춘로 368 ,민팃ATM,무상
284,(LGU+)B LG파인컴퍼니초록도서관점,폐휴대폰,수거함 설치,경기 평택시 지산로 59 ,민팃ATM,무상
285,(LGU+)B LG포피플즈시장점,폐휴대폰,수거함 설치,세종 조치원읍 새내로 92 ,민팃ATM,무상
286,(LGU+)B LG필립정보전남대공대후문점,폐휴대폰,수거함 설치,광주 북구 우치로 120-1 ,민팃ATM,무상
287,(LGU+)B LG필립정보호반리젠시빌점,폐휴대폰,수거함 설치,광주 광산구 첨단중앙로68번길 100 ,민팃ATM,무상
288,(LGU+)B LG하람컴퍼니세종점,폐휴대폰,수거함 설치,경기 시흥시 정왕신길로49번길 61 ,민팃ATM,무상
289,(LGU+)B LG하랑정보통신영광터미널점,폐휴대폰,수거함 설치,전남 영광군 영광읍 옥당로 161 ,민팃ATM,무상
290,(LGU+)B LG한동부센트레빌점,폐휴대폰,수거함 설치,광주 서구 풍금로 10 ,민팃ATM,무상
291,(LGU+)B LG한빛컴퍼니사거리점,폐휴대폰,수거함 설치,제주특별자치도 제주시 월랑로10길 2 ,민팃ATM,무상
292,(LGU+)B LG한사거리점,폐휴대폰,수거함 설치,광주 남구 봉선로 157 ,민팃ATM,무상
293,(LGU+)B LG한시영5단지점,폐휴대폰,수거함 설치,광주시 서구 운천로 34 ,민팃ATM,무상
294,(LGU+)B LG해신안락로점,폐휴대폰,수거함 설치,부산시 동래구 안락로 136 ,민팃ATM,무상
295,(LGU+)B LG행복Uplus경복궁아파트점,폐휴대폰,수거함 설치,전북 전주시 완산구 평화로 120 ,민팃ATM,무상
296,(LGU+)B LG행복Uplus롯데슈퍼점,폐휴대폰,수거함 설치,전북 전주시 완산구 용리로 45 ,민팃ATM,무상
297,(LGU+)B LG형제통신구운점,폐휴대폰,수거함 설치,경기 수원시 권선구 구운로45번길 1 ,민팃ATM,무상
298,(LGU+)B LG화신시민회관점,폐휴대폰,수거함 설치,충북 제천시 의림대로 128 ,민팃ATM,무상
299,(LGU+)B LG휘텔레콤신설동역점,폐휴대폰,수거함 설치,서울 종로구 숭인동길 1 ,민팃ATM,무상
300,(LGU+)M LG웅장까치산역1점,폐휴대폰,수거함 설치,서울 강서구 강서로 52 ,민팃ATM,무상
301,(LGU+)M_LG통신골목점,폐휴대폰,수거함 설치,대구 중구 동성로1길 14 ,민팃ATM,무상
302,(LGU+)UNTACT STORE 충장로점,폐휴대폰,수거함 설치,광주 동구 충장로 93-3 ,민팃ATM,무상
303,(LGU+)UNTACT STORE 통신골목점,폐휴대폰,수거함 설치,대구 중구 동성로 1길 14 ,민팃ATM,무상
304,(LGU+)가양동 보건대입구점,폐휴대폰,수거함 설치,대전 동구 우암로 331 ,민팃ATM,무상
305,(LGU+)가오동 홈플러스점,폐휴대폰,수거함 설치,대전 동구 은어송로 72 ,민팃ATM,무상
306,(LGU+)가평읍 가평점,폐휴대폰,수거함 설치,경기 가평군 가평읍 보납로 26 ,민팃ATM,무상
307,(LGU+)검산동 홈플러스점,폐휴대폰,수거함 설치,전북 김제시 금성로 120 ,민팃ATM,무상
308,(LGU+)경암동 롯데몰점,폐휴대폰,수거함 설치,전북 군산시 궁포1로 24-9 ,민팃ATM,무상
309,(LGU+)경원동 신한은행점,폐휴대폰,수거함 설치,전북 전주시 완산구 팔달로 202-4 ,민팃ATM,무상
310,(LGU+)계산2동 계산역점,폐휴대폰,수거함 설치,인천 계양구 경명대로 1086 ,민팃ATM,무상
311,(LGU+)고사동 롯데리아점,폐휴대폰,수거함 설치,전북 전주시 완산구 전주객사5길 22-6 ,민팃ATM,무상
312,(LGU+)고잔2동 중앙주공점,폐휴대폰,수거함 설치,경기 안산시 단원구 예술대학로 89 ,민팃ATM,무상
313,(LGU+)공평동 대구백화점점,폐휴대폰,수거함 설치,대구 중구 동성로6길 16 ,민팃ATM,무상
314,(LGU+)관평동 테크노점,폐휴대폰,수거함 설치,대전 유성구 관평2로 56 ,민팃ATM,무상
315,(LGU+)광도면 죽림점,폐휴대폰,수거함 설치,경남 통영시 광도면 죽림4로 19-10 ,민팃ATM,무상
316,(LGU+)광복동1가 롯데광복점,폐휴대폰,수거함 설치,부산시 중구 광복로 96 ,민팃ATM,무상
317,(LGU+)광안2동 광안시장점,폐휴대폰,수거함 설치,부산 수영구 수영로 600 ,민팃ATM,무상
318,(LGU+)광양읍 목성아파트점,폐휴대폰,수거함 설치,전남 광양시 광양읍 신재로 81-1 ,민팃ATM,무상
319,(LGU+)광장동 광나루역점,폐휴대폰,수거함 설치,서울 광진구 천호대로 808 ,민팃ATM,무상
320,(LGU+)광정동 산본역점,폐휴대폰,수거함 설치,경기 군포시 산본로323번길 7-1 ,민팃ATM,무상
321,(LGU+)구갈동 기흥역점,폐휴대폰,수거함 설치,경기 용인시 기흥구 기흥역로 9 ,민팃ATM,무상
322,(LGU+)구로동 구로이마트점,폐휴대폰,수거함 설치,서울 구로구 디지털로34길 55 ,민팃ATM,무상
323,(LGU+)구월1동 구월로데오광장점,폐휴대폰,수거함 설치,인천 남동구 성말로 9 ,민팃ATM,무상
324,(LGU+)금곡동 금곡상가점,폐휴대폰,수거함 설치,부산 북구 효열로 221 ,민팃ATM,무상
325,(LGU+)금남로2가 충장서림점,폐휴대폰,수거함 설치,광주 동구 금남로 238 ,민팃ATM,무상
326,(LGU+)금암동 금암광장사거리점,폐휴대폰,수거함 설치,전북 전주시 덕진구 가리내로 10 ,민팃ATM,무상
327,(LGU+)금암동 사대부고사거리점,폐휴대폰,수거함 설치,전북 전주시 덕진구 백제대로 646 ,민팃ATM,무상
328,(LGU+)기장읍 기장시장부산은행점,폐휴대폰,수거함 설치,부산 기장군 기장읍 읍내로 97 ,민팃ATM,무상
329,(LGU+)길동 길동역2번출구점,폐휴대폰,수거함 설치,서울시 강동구 양재대로 1484-1 ,민팃ATM,무상
330,(LGU+)길동 길동역점,폐휴대폰,수거함 설치,서울 강동구 양재대로 1465 ,민팃ATM,무상
331,(LGU+)나성동 나릿재마을점,폐휴대폰,수거함 설치,세종특별자치시 한누리대로296 ,민팃ATM,무상
332,(LGU+)나운동 금호1단지점,폐휴대폰,수거함 설치,전북 군산시 수송로 56 ,민팃ATM,무상
333,(LGU+)나운동 유원아파트점,폐휴대폰,수거함 설치,전북 군산시 대학로 384 ,민팃ATM,무상
334,(LGU+)낙성대동 서울대입구점,폐휴대폰,수거함 설치,서울 관악구 관악로 174 ,민팃ATM,무상
335,(LGU+)낭월동 산내로네거리점,폐휴대폰,수거함 설치,대전 동구 산내로 1349 ,민팃ATM,무상
336,(LGU+)내발산동 우장산역점,폐휴대폰,수거함 설치,서울 강서구 강서로 275 ,민팃ATM,무상
337,(LGU+)노형동 월랑로점,폐휴대폰,수거함 설치,제주 제주시 월랑로10길 39 ,민팃ATM,무상
338,(LGU+)다정동 가온마을점,폐휴대폰,수거함 설치,세종 다정남로 130 ,민팃ATM,무상
339,(LGU+)다정동 다정중앙로점,폐휴대폰,수거함 설치,세종 다정중앙로 57 ,민팃ATM,무상
340,(LGU+)단양읍 단양신협점,폐휴대폰,수거함 설치,충북 단양군 단양읍 삼봉로 297 ,민팃ATM,무상
341,(LGU+)당리동 낙동대로점,폐휴대폰,수거함 설치,부산 사하구 낙동대로 438 ,민팃ATM,무상
342,(LGU+)당리동 당리역점,폐휴대폰,수거함 설치,부산 사하구 낙동대로 422 ,민팃ATM,무상
343,(LGU+)당산동 당산역래미안점,폐휴대폰,수거함 설치,서울시 영등포구 당산로 214 ,민팃ATM,무상
344,(LGU+)대명동 성당시장점,폐휴대폰,수거함 설치,대구 남구 성당로 206 ,민팃ATM,무상
345,(LGU+)대연5동 못골시장점,폐휴대폰,수거함 설치,부산시 남구 수영로 201 ,민팃ATM,무상
346,(LGU+)대조동 불광시장점,폐휴대폰,수거함 설치,서울 은평구 불광로 10 ,민팃ATM,무상
347,(LGU+)덕진동 덕진우체국점,폐휴대폰,수거함 설치,전북 전주시 덕진구 기린대로 486-1 ,민팃ATM,무상
348,(LGU+)덕진동 전북대대학로점,폐휴대폰,수거함 설치,전북 전주시 덕진구 명륜4길 4 ,민팃ATM,무상
349,(LGU+)도담동 한신휴시티점,폐휴대폰,수거함 설치,세종특별자치시 보듬3로 8-20 ,민팃ATM,무상
350,(LGU+)도화동 청운대점,폐휴대폰,수거함 설치,인천 미추홀구 숙골로87번길 2 ,민팃ATM,무상
351,(LGU+)동산동 동산우체국점,폐휴대폰,수거함 설치,전북 익산시 평동로12길 1 ,민팃ATM,무상
352,(LGU+)동산동 주민센터점,폐휴대폰,수거함 설치,전북 전주시 덕진구 쪽구름로 66 ,민팃ATM,무상
353,(LGU+)동소문동 성북구청점,폐휴대폰,수거함 설치,서울 성북구 보문로 204 ,민팃ATM,무상
354,(LGU+)동흥동 서귀포점,폐휴대폰,수거함 설치,제주 서귀포시 일주동로 8676 ,민팃ATM,무상
355,(LGU+)두암동 미라보점,폐휴대폰,수거함 설치,광주 북구 군왕로 154-1 ,민팃ATM,무상
356,(LGU+)두암동 주공2단지점,폐휴대폰,수거함 설치,광주 북구 밤실로 206 ,민팃ATM,무상
357,(LGU+)둔산동 시청역네거리점,폐휴대폰,수거함 설치,대전 서구 둔산로 130 ,민팃ATM,무상
358,(LGU+)마곡동 마곡나루역1번출구점,폐휴대폰,수거함 설치,서울 강서구 마곡중앙로 161-11 ,민팃ATM,무상
359,(LGU+)마곡동 사이언스파크DP2,폐휴대폰,수거함 설치,서울 강서구 마곡중앙10로 70 ,민팃ATM,무상
360,(LGU+)마두동 백마한양아파트점,폐휴대폰,수거함 설치,경기 고양시 일산동구 일산로 200 ,민팃ATM,무상
361,(LGU+)마천동 마천역점,폐휴대폰,수거함 설치,서울 송파구 마천로57길 22 ,민팃ATM,무상
362,(LGU+)만덕1동 상학로점,폐휴대폰,수거함 설치,부산 북구 상학로 2 ,민팃ATM,무상
363,(LGU+)만덕2동 신만덕교차로점,폐휴대폰,수거함 설치,부산 북구 덕천로 306 ,민팃ATM,무상
364,(LGU+)망우역직영점,폐휴대폰,수거함 설치,서울 중랑구 상봉로 134 ,민팃ATM,무상
365,(LGU+)망원동 마포구청역점,폐휴대폰,수거함 설치,서울 마포구 월드컵로 151 ,민팃ATM,무상
366,(LGU+)매교동 매교역점,폐휴대폰,수거함 설치,경기 수원시 팔달구 정조로 667 ,민팃ATM,무상
367,(LGU+)모충동 주공아파트점,폐휴대폰,수거함 설치,충북 청주시 서원구 모충로 94 ,민팃ATM,무상
368,(LGU+)모현동 사거리점,폐휴대폰,수거함 설치,전북 익산시 선화로 89 ,민팃ATM,무상
369,(LGU+)모현동 새마을금고점,폐휴대폰,수거함 설치,전북 익산시 고현로 89 ,민팃ATM,무상
370,(LGU+)목동 염창역점,폐휴대폰,수거함 설치,서울 양천구 목동중앙북로 73 ,민팃ATM,무상
371,(LGU+)무거동 대학로점,폐휴대폰,수거함 설치,울산 남구 대학로 136 ,민팃ATM,무상
372,(LGU+)무계동 장유시장점,폐휴대폰,수거함 설치,경남 김해시 장유로301번길 3 ,민팃ATM,무상
373,(LGU+)문화동 현대코아점,폐휴대폰,수거함 설치,전북 군산시 백토로 108 ,민팃ATM,무상
374,(LGU+)미룡동 군산대정문점,폐휴대폰,수거함 설치,전북 군산시 황룡로 3 ,민팃ATM,무상
375,(LGU+)민팃BOX 테스트,폐휴대폰,수거함 설치,서울 종로구 종로35길 31 ,민팃ATM,무상
376,(LGU+)반송동 동탄나루마을점,폐휴대폰,수거함 설치,경기 화성시 동탄솔빛로 51 ,민팃ATM,무상
377,(LGU+)벌리동  벌리점,폐휴대폰,수거함 설치,경남 사천시 중앙로 158 ,민팃ATM,무상
378,(LGU+)법동 법동주민센터점,폐휴대폰,수거함 설치,대전 대덕구 동춘당로 187 ,민팃ATM,무상
379,(LGU+)보람동 세종시청점,폐휴대폰,수거함 설치,세종 한누리대로 2143 ,민팃ATM,무상
380,(LGU+)복대동 두진백로점,폐휴대폰,수거함 설치,충북 청주시 흥덕구 증안로 40 ,민팃ATM,무상
381,(LGU+)본오3동 신안프라자점,폐휴대폰,수거함 설치,경기 안산시 상록구 반석로 63 ,민팃ATM,무상
382,(LGU+)봉동 롯데리아점,폐휴대폰,수거함 설치,전북 완주군 봉동읍 완주산단9로 15 ,민팃ATM,무상
383,(LGU+)봉산동 봉산로네거리점,폐휴대폰,수거함 설치,대전 유성구 봉산로 52 ,민팃ATM,무상
384,(LGU+)봉천동 낙성대점,폐휴대폰,수거함 설치,서울 관악구 남부순환로 1919 ,민팃ATM,무상
385,(LGU+)봉천동 쑥고개로점,폐휴대폰,수거함 설치,서울 관악구 쑥고개로 73 ,민팃ATM,무상
386,(LGU+)부송동 사거리점,폐휴대폰,수거함 설치,전북 익산시 부송1로 81 ,민팃ATM,무상
387,(LGU+)부안읍 부안터미널점,폐휴대폰,수거함 설치,전북 부안군 부안읍 번영로 151 ,민팃ATM,무상
388,(LGU+)부전1동 서면역13번출구점,폐휴대폰,수거함 설치,부산 부산진구 부전동 260-36번지 ,민팃ATM,무상
389,(LGU+)부전동 대한CGV점,폐휴대폰,수거함 설치,부산 부산진구 중앙대로692번길 21 ,민팃ATM,무상
390,(LGU+)부전동 중앙대로점,폐휴대폰,수거함 설치,부산 부산진구 중앙대로 682-1 ,민팃ATM,무상
391,(LGU+)부평동 래미안아파트점,폐휴대폰,수거함 설치,인천 부평구 길주남로10번길 21 ,민팃ATM,무상
392,(LGU+)부평동 우체국점,폐휴대폰,수거함 설치,인천 부평구 경원대로 1369 ,민팃ATM,무상
393,(LGU+)비전동 비전점,폐휴대폰,수거함 설치,경기 평택시 평남로 862 ,민팃ATM,무상
394,(LGU+)사우동 신한은행점,폐휴대폰,수거함 설치,경기 김포시 김포대로 847 ,민팃ATM,무상
395,(LGU+)사직동 미남점,폐휴대폰,수거함 설치,부산 동래구 아시아드대로 193-1 ,민팃ATM,무상
396,(LGU+)사직동 사직역점,폐휴대폰,수거함 설치,부산 동래구 아시아드대로134번길 14 ,민팃ATM,무상
397,(LGU+)산남동 국민은행점,폐휴대폰,수거함 설치,충북 청주시 서원구 두꺼비로38번길 44 ,민팃ATM,무상
398,(LGU+)산북동 동아아파트점,폐휴대폰,수거함 설치,전북 군산시 동아로 155 ,민팃ATM,무상
399,(LGU+)산척동 동탄호수공원점,폐휴대폰,수거함 설치,경기 화성시 동탄순환대로 127-5 ,민팃ATM,무상
400,(LGU+)삼계동 삼계중앙로점,폐휴대폰,수거함 설치,경남 김해시 삼계중앙로 51 ,민팃ATM,무상
401,(LGU+)삼례읍 터미널점,폐휴대폰,수거함 설치,전북 완주군 삼례읍 동학로 23 ,민팃ATM,무상
402,(LGU+)삼선동 한성대입구역점,폐휴대폰,수거함 설치,서울 성북구 삼선교로 2-1 ,민팃ATM,무상
403,(LGU+)삼천동 거마평로점,폐휴대폰,수거함 설치,전북 전주시 완산구 거마평로 16 ,민팃ATM,무상
404,(LGU+)삼천동 흥건아파트점,폐휴대폰,수거함 설치,전북 전주시 완산구 거마평로 44 ,민팃ATM,무상
405,(LGU+)상계2동 문화거리입구점,폐휴대폰,수거함 설치,서울시 노원구 노해로 495 ,민팃ATM,무상
406,(LGU+)상계동 수락산역점,폐휴대폰,수거함 설치,서울 노원구 동일로 1669 ,민팃ATM,무상
407,(LGU+)상남동 분수대점,폐휴대폰,수거함 설치,경남 창원시 성산구 마디미로 39 ,민팃ATM,무상
408,(LGU+)상도동 숭실대닙구점,폐휴대폰,수거함 설치,서울 동작구 상도로 352 ,민팃ATM,무상
409,(LGU+)상동 장미꽃길점,폐휴대폰,수거함 설치,전남 목포시 비파로51번길 33-1 ,민팃ATM,무상
410,(LGU+)상동 정읍여고점,폐휴대폰,수거함 설치,전북 정읍시 신경2길 28 ,민팃ATM,무상
411,(LGU+)새롬동 새롬주민센터점,폐휴대폰,수거함 설치,세종 새롬중앙로 51 ,민팃ATM,무상
412,(LGU+)서귀동 동문로점,폐휴대폰,수거함 설치,제주 서귀포시 동문로 55 ,민팃ATM,무상
413,(LGU+)서귀동 상운동문로점,폐휴대폰,수거함 설치,제주특별자치도 서귀포시 동문로 34 ,민팃ATM,무상
414,(LGU+)서귀동 서귀로타리점,폐휴대폰,수거함 설치,제주 서귀포시 중앙로 82 ,민팃ATM,무상
415,(LGU+)서귀동 중앙로점,폐휴대폰,수거함 설치,제주 서귀포시 중앙로 61 ,민팃ATM,무상
416,(LGU+)서신동 국민은행점,폐휴대폰,수거함 설치,전북 전주시 완산구 서신로 54 ,민팃ATM,무상
417,(LGU+)서신동 서신로점,폐휴대폰,수거함 설치,전북 전주시 완산구 서신로 10 ,민팃ATM,무상
418,(LGU+)서신동 이마트점,폐휴대폰,수거함 설치,전북 전주시 완산구 당산로 110 ,민팃ATM,무상
419,(LGU+)서신동 중흥아파트점,폐휴대폰,수거함 설치,전북 전주시 완산구 서신로 105 ,민팃ATM,무상
420,(LGU+)서초4동 강남교보점,폐휴대폰,수거함 설치,서울 서초구 서초대로77길 55 ,민팃ATM,무상
421,(LGU+)성남동 소방서사거리점,폐휴대폰,수거함 설치,울산 중구 만남의거리 24 ,민팃ATM,무상
422,(LGU+)성서동 성서로타리점,폐휴대폰,수거함 설치,충북 충주시 성서3길 25 ,민팃ATM,무상
423,(LGU+)성서동 현대타운점,폐휴대폰,수거함 설치,충북 충주시 성서1길 50 ,민팃ATM,무상
424,(LGU+)소담동 주민센터점,폐휴대폰,수거함 설치,세종시 한누리대로 2018 ,민팃ATM,무상
425,(LGU+)송산면 사강시장점,폐휴대폰,수거함 설치,경기 화성시 송산면 사강로 201 ,민팃ATM,무상
426,(LGU+)송정동 송정역점,폐휴대폰,수거함 설치,광주 광산구 상무대로 202 ,민팃ATM,무상
427,(LGU+)송정동 화산로점,폐휴대폰,수거함 설치,울산시 북구 화산로 109 ,민팃ATM,무상
428,(LGU+)송천동 대명아파트점,폐휴대폰,수거함 설치,전북 전주시 덕진구 시천로 46 ,민팃ATM,무상
429,(LGU+)송천동 송천우체국점,폐휴대폰,수거함 설치,전북 전주시 덕진구 송천중앙로 160 ,민팃ATM,무상
430,(LGU+)송천동 에코시티점,폐휴대폰,수거함 설치,전북 전주시 덕진구 세병남로 37 ,민팃ATM,무상
431,(LGU+)송천동 전라고사거리점,폐휴대폰,수거함 설치,전북 전주시 덕진구 송천중앙로 144 ,민팃ATM,무상
432,(LGU+)송천동 주공아파트점,폐휴대폰,수거함 설치,전북 전주시 덕진구 붓내3길 36 ,민팃ATM,무상
433,(LGU+)송천동 천마산로점,폐휴대폰,수거함 설치,전북 전주시 덕진구 천마산로 53 ,민팃ATM,무상
434,(LGU+)수내동 수내역2번출구점,폐휴대폰,수거함 설치,경기 성남시 분당구 내정로165번길 50 ,민팃ATM,무상
435,(LGU+)수성동 정읍CGV점,폐휴대폰,수거함 설치,전북 정읍시 중앙1길 1 ,민팃ATM,무상
436,(LGU+)수성동 중앙로점,폐휴대폰,수거함 설치,전북 정읍시 중앙로 129-1 ,민팃ATM,무상
437,(LGU+)수성동1가 대구은행역점,폐휴대폰,수거함 설치,대구 수성구 달구벌대로 2288 ,민팃ATM,무상
438,(LGU+)수송동 롯데마트점,폐휴대폰,수거함 설치,전북 군산시 수송5길 5 ,민팃ATM,무상
439,(LGU+)수송동 수송동주민센터점,폐휴대폰,수거함 설치,전북 군산시 수송동 850-5번지 ,민팃ATM,무상
440,(LGU+)수송동 월명로점,폐휴대폰,수거함 설치,전북 군산시 월명로 192 ,민팃ATM,무상
441,(LGU+)수송동 제일아파트점,폐휴대폰,수거함 설치,전북 군산시 월명로 255 ,민팃ATM,무상
442,(LGU+)수영구 파스텔라점,폐휴대폰,수거함 설치,부산 수영구 수영로 631 ,민팃ATM,무상
443,(LGU+)수택동 수택점,폐휴대폰,수거함 설치,경기 구리시 이문안로 67 ,민팃ATM,무상
444,(LGU+)시전동 웅천메가박스점,폐휴대폰,수거함 설치,전남 여수시 신월로 96 ,민팃ATM,무상
445,(LGU+)신당동 계명대점,폐휴대폰,수거함 설치,대구 달서구 계대동문로 15 ,민팃ATM,무상
446,(LGU+)신대방동 스마티움아파트점,폐휴대폰,수거함 설치,서울 동작구 보라매로 101 ,민팃ATM,무상
447,(LGU+)신부동 고속터미널점,폐휴대폰,수거함 설치,충남 천안시 동남구 만남로 11 ,민팃ATM,무상
448,(LGU+)신부동 만남로점,폐휴대폰,수거함 설치,충남 천안시 동남구 만남로 42 ,민팃ATM,무상
449,(LGU+)신부동 먹거리길점,폐휴대폰,수거함 설치,충남 천안시 동남구 먹거리10길 14 ,민팃ATM,무상
450,(LGU+)신성동 하나로마트점,폐휴대폰,수거함 설치,대전 유성구 신성로72번길 66 ,민팃ATM,무상
451,(LGU+)신암동 강남약국점,폐휴대폰,수거함 설치,대구 동구 신암로 98 ,민팃ATM,무상
452,(LGU+)신장동 중앙시장점,폐휴대폰,수거함 설치,경기 평택시 신장로 39 ,민팃ATM,무상
453,(LGU+)신정동 신정역점,폐휴대폰,수거함 설치,서울 양천구 오목로 193 ,민팃ATM,무상
454,(LGU+)신정동 신정점,폐휴대폰,수거함 설치,울산 남구 삼산로 18 ,민팃ATM,무상
455,(LGU+)신천동 로데오점,폐휴대폰,수거함 설치,경기 시흥시 호현로10번길 15-4 ,민팃ATM,무상
456,(LGU+)신흥동 신흥역점,폐휴대폰,수거함 설치,경기 성남시 수정구 산성대로 281 ,민팃ATM,무상
457,(LGU+)심곡동 부천대학로점,폐휴대폰,수거함 설치,경기 부천시 부천로 37 ,민팃ATM,무상
458,(LGU+)아라동 아라초등학교점,폐휴대폰,수거함 설치,제주특별자치도 제주시 중앙로 533 ,민팃ATM,무상
459,(LGU+)아름동 범지기마을네거리점,폐휴대폰,수거함 설치,세종 보듬3로 92 ,민팃ATM,무상
460,(LGU+)안락동 서원시장점,폐휴대폰,수거함 설치,부산 동래구 충렬대로359번길 58-1 ,민팃ATM,무상
461,(LGU+)안락동 안연로점,폐휴대폰,수거함 설치,부산 동래구 안연로 74 ,민팃ATM,무상
462,(LGU+)암사동 암사캐슬점,폐휴대폰,수거함 설치,서울 강동구 고덕로 109 ,민팃ATM,무상
463,(LGU+)야당동 광장점,폐휴대폰,수거함 설치,경기 파주시 경의로 1046 ,민팃ATM,무상
464,(LGU+)양정역 3번출구점,폐휴대폰,수거함 설치,부산 부산진구 동평로 410 ,민팃ATM,무상
465,(LGU+)양주2동 메가박스양주점,폐휴대폰,수거함 설치,경기 양주시 고읍남로 6-6 ,민팃ATM,무상
466,(LGU+)어양동 하나로사거리점,폐휴대폰,수거함 설치,전북 익산시 하나로 432 ,민팃ATM,무상
467,(LGU+)역곡동 역곡북부시장점,폐휴대폰,수거함 설치,경기 부천시 부일로 748 ,민팃ATM,무상
468,(LGU+)역곡동 역곡우체국점,폐휴대폰,수거함 설치,경기 부천시 부일로 724 ,민팃ATM,무상
469,(LGU+)역북동 더럭스나인점,폐휴대폰,수거함 설치,경기 용인시 처인구 명지로 16 ,민팃ATM,무상
470,(LGU+)역삼2동 역삼세무서점,폐휴대폰,수거함 설치,서울 강남구 논현로 340 ,민팃ATM,무상
471,(LGU+)연희동 세븐일레븐점,폐휴대폰,수거함 설치,인천 서구 청라라임로 51 ,민팃ATM,무상
472,(LGU+)영동 영동점,폐휴대폰,수거함 설치,경기 안성시 중앙로 412 ,민팃ATM,무상
473,(LGU+)영등동 CGV점,폐휴대폰,수거함 설치,전북 익산시 무왕로 1052 ,민팃ATM,무상
474,(LGU+)영등동 우리은행점,폐휴대폰,수거함 설치,전북 익산시 무왕로 1078 ,민팃ATM,무상
475,(LGU+)영등동 주민센터점,폐휴대폰,수거함 설치,전북 익산시 무왕로13길 5 ,민팃ATM,무상
476,(LGU+)영등동 홈플러스정문점,폐휴대폰,수거함 설치,전북 익산시 무왕로 1031 ,민팃ATM,무상
477,(LGU+)영선동2가 남항시장농협점,폐휴대폰,수거함 설치,부산 영도구 남항로 51 ,민팃ATM,무상
478,(LGU+)영통동 영통광장점,폐휴대폰,수거함 설치,경기 수원시 영통구 청명남로 25 ,민팃ATM,무상
479,(LGU+)오산동 운암사거리점,폐휴대폰,수거함 설치,경기 오산시 운천로 74 ,민팃ATM,무상
480,(LGU+)옥곡동 옥곡초등학교점,폐휴대폰,수거함 설치,경북 경산시 경산로16길 2-10 ,민팃ATM,무상
481,(LGU+)옥길동 퀸즈파크점,폐휴대폰,수거함 설치,경기 부천시 옥길로 121 ,민팃ATM,무상
482,(LGU+)옥정동 옥정뉴블리움점,폐휴대폰,수거함 설치,경기 양주시 옥정로6길 8 ,민팃ATM,무상
483,(LGU+)옥정동 중앙프라자점,폐휴대폰,수거함 설치,경기 양주시 옥정로 147 ,민팃ATM,무상
484,(LGU+)외도일동 우정로점,폐휴대폰,수거함 설치,제주특별자치도 제주시 우정로15길 9 ,민팃ATM,무상
485,(LGU+)용봉동 전남대후문중앙점,폐휴대폰,수거함 설치,광주 북구 우치로 102-1 ,민팃ATM,무상
486,(LGU+)용암동 우체국점,폐휴대폰,수거함 설치,충북 청주시 상당구 월평로 228 ,민팃ATM,무상
487,(LGU+)용해동 용해점,폐휴대폰,수거함 설치,전남 목포시 용해지구로 12 ,민팃ATM,무상
488,(LGU+)용현1.4동 인하점,폐휴대폰,수거함 설치,인천 미추홀구 인하로 69-2 ,민팃ATM,무상
489,(LGU+)우동 센텀시티점,폐휴대폰,수거함 설치,부산 해운대구 센텀동로 9 ,민팃ATM,무상
490,(LGU+)위례동 위례중앙타워점,폐휴대폰,수거함 설치,경기 성남시 수정구 위례광장로 300 ,민팃ATM,무상
491,(LGU+)위례동 호반베르디움점,폐휴대폰,수거함 설치,경기 성남시 수정구 위례동로 135 ,민팃ATM,무상
492,(LGU+)율하동 율하1로점,폐휴대폰,수거함 설치,경남 김해시 율하1로 110 ,민팃ATM,무상
493,(LGU+)이도이동 중앙여고점,폐휴대폰,수거함 설치,제주특별자치도 제주시 구남동4길 3 ,민팃ATM,무상
494,(LGU+)이동 하나로마트점,폐휴대폰,수거함 설치,경남 창원시 진해구 진해대로776번길 27 ,민팃ATM,무상
495,(LGU+)이문동 외대삼거리점,폐휴대폰,수거함 설치,서울 동대문구 이문로 104 ,민팃ATM,무상
496,(LGU+)이의동 경기대점,폐휴대폰,수거함 설치,경기 수원시 영통구 대학3로4번길 2 ,민팃ATM,무상
497,(LGU+)이충동 이충점,폐휴대폰,수거함 설치,경기 평택시 이충로35번길 20-9 ,민팃ATM,무상
498,(LGU+)인의동 인동중앙길1점,폐휴대폰,수거함 설치,경북 구미시 인동중앙로8길 4 ,민팃ATM,무상
499,(LGU+)인후동 건산로점,폐휴대폰,수거함 설치,전북 전주시 덕진구 건산로 228 ,민팃ATM,무상
500,(LGU+)인후동 모래내시장점,폐휴대폰,수거함 설치,전북 전주시 덕진구 안덕원로 162-1 ,민팃ATM,무상
501,(LGU+)인후동 아중로점,폐휴대폰,수거함 설치,전북 전주시 덕진구 아중로 152 ,민팃ATM,무상
502,(LGU+)인후동 안골사거리점,폐휴대폰,수거함 설치,전북 전주시 덕진구 안덕원로 263 ,민팃ATM,무상
503,(LGU+)장위동 북서울꿈의숲아이파크점,폐휴대폰,수거함 설치,서울 성북구 돌곶이로40길 46 ,민팃ATM,무상
504,(LGU+)장항동 라페스타E동점,폐휴대폰,수거함 설치,경기 고양시 일산동구 무궁화로 32-12 ,민팃ATM,무상
505,(LGU+)정왕3동 시화병원점,폐휴대폰,수거함 설치,경기 시흥시 옥구상가2길 3 ,민팃ATM,무상
506,(LGU+)정자동 정자역5번출구점,폐휴대폰,수거함 설치,경기 성남시 분당구 정자일로 210 ,민팃ATM,무상
507,(LGU+)조촌동 디오션G플레이스점,폐휴대폰,수거함 설치,전북 군산시 궁포안2길 27 ,민팃ATM,무상
508,(LGU+)조치원읍 시장입구점,폐휴대폰,수거함 설치,세종 조치원읍 조치원로 30 ,민팃ATM,무상
509,(LGU+)종촌동 가재마을점,폐휴대폰,수거함 설치,세종 달빛로 59 ,민팃ATM,무상
510,(LGU+)주안1동 주안남부점,폐휴대폰,수거함 설치,인천 미추홀구 미추홀대로 735 ,민팃ATM,무상
511,(LGU+)주안6동 남인천우체국점,폐휴대폰,수거함 설치,인천 미추홀구 석산로 42 ,민팃ATM,무상
512,(LGU+)중1동 중앙공원점,폐휴대폰,수거함 설치,경기 부천시 소향로 131 ,민팃ATM,무상
513,(LGU+)중계1동 중계두타빌점,폐휴대폰,수거함 설치,서울 노원구 한글비석로 245 ,민팃ATM,무상
514,(LGU+)중동 대전역점,폐휴대폰,수거함 설치,대전 동구 대전로 794 ,민팃ATM,무상
515,(LGU+)중동 혁신도시점,폐휴대폰,수거함 설치,전북 전주시 덕진구 오공로 33 ,민팃ATM,무상
516,(LGU+)중부동 삽량로점,폐휴대폰,수거함 설치,경남 양산시 삽량로 199 ,민팃ATM,무상
517,(LGU+)중부동 양산역1길점,폐휴대폰,수거함 설치,경남 양산시 양산역1길 14 ,민팃ATM,무상
518,(LGU+)중화산동 어은터널사거리점,폐휴대폰,수거함 설치,전북 전주시 완산구 백제대로 259 ,민팃ATM,무상
519,(LGU+)지산동 송탄터미널점,폐휴대폰,수거함 설치,경기 평택시 송탄로 406 ,민팃ATM,무상
520,(LGU+)진관동 상림마을점,폐휴대폰,수거함 설치,서울 은평구 진관3로 70 ,민팃ATM,무상
521,(LGU+)진영읍 신도시점,폐휴대폰,수거함 설치,경남 김해시 진영읍 김해대로361번길 9 ,민팃ATM,무상
522,(LGU+)진영읍 진영리2호점,폐휴대폰,수거함 설치,경남 김해시 진영읍 본산로 15-17 ,민팃ATM,무상
523,(LGU+)진접읍 진접농협점,폐휴대폰,수거함 설치,경기 남양주시 진접읍 장현천로 28 ,민팃ATM,무상
524,(LGU+)진접읍 해밀점,폐휴대폰,수거함 설치,경기 남양주시 진접읍 해밀예당3로 57 ,민팃ATM,무상
525,(LGU+)창동 상상길점,폐휴대폰,수거함 설치,경남 창원시 마산합포구 동서북10길 74 ,민팃ATM,무상
526,(LGU+)천곡동 아진로점,폐휴대폰,수거함 설치,울산 북구 아진로 94 ,민팃ATM,무상
527,(LGU+)천천동 롯데마트점,폐휴대폰,수거함 설치,경기 수원시 장안구 만석로19번길 11-3 ,민팃ATM,무상
528,(LGU+)충장로1가 문화전당역점,폐휴대폰,수거함 설치,광주 동구 충장로 102-1 ,민팃ATM,무상
529,(LGU+)태평로2가 시청역점,폐휴대폰,수거함 설치,서울 중구 세종대로 78 ,민팃ATM,무상
530,(LGU+)태화동 유곡로점,폐휴대폰,수거함 설치,울산 중구 유곡로 1 ,민팃ATM,무상
531,(LGU+)태화동 태화로점,폐휴대폰,수거함 설치,울산 중구 신기11길 2 ,민팃ATM,무상
532,(LGU+)통진읍 마송점,폐휴대폰,수거함 설치,경기 김포시 통진읍 조강로 68 ,민팃ATM,무상
533,(LGU+)퇴계동 남부초등학교점,폐휴대폰,수거함 설치,강원 춘천시 춘주로 176-1 ,민팃ATM,무상
534,(LGU+)퇴계원면 퇴계원점,폐휴대폰,수거함 설치,경기 남양주시 퇴계원읍 퇴계원로 64 ,민팃ATM,무상
535,(LGU+)평화동 코오롱아파트점,폐휴대폰,수거함 설치,전북 전주시 완산구 평화18길 23-4 ,민팃ATM,무상
536,(LGU+)하대원동 아튼빌점,폐휴대폰,수거함 설치,경기 성남시 중원구 둔촌대로 279 ,민팃ATM,무상
537,(LGU+)하정동 남문로점,폐휴대폰,수거함 설치,전북 남원시 남문로 447 ,민팃ATM,무상
538,(LGU+)합성동 시외버스터미널점,폐휴대폰,수거함 설치,경남 창원시 마산회원구 3·15대로 742-1 ,민팃ATM,무상
539,(LGU+)행운동 봉천로사거리점,폐휴대폰,수거함 설치,서울 관악구 관악로 194 ,민팃ATM,무상
540,(LGU+)호남동 신세계빌리브점,폐휴대폰,수거함 설치,전남 목포시 영산로 151 ,민팃ATM,무상
541,(LGU+)호명면 경북도청신도시점,폐휴대폰,수거함 설치,경북 예천군 호명면 새움3로 60-3 ,민팃ATM,무상
542,(LGU+)호성동 주공아파트점,폐휴대폰,수거함 설치,전북 전주시 덕진구 소리로 185 ,민팃ATM,무상
543,(LGU+)호평동 호평프라자점,폐휴대폰,수거함 설치,경기 남양주시 호평동 639번지 ,민팃ATM,무상
544,(LGU+)홍제동 홍제삼거리점,폐휴대폰,수거함 설치,서울 서대문구 통일로 414 ,민팃ATM,무상
545,(LGU+)홍천읍 홍천축협점,폐휴대폰,수거함 설치,강원 홍천군 홍천읍 신장대로 61 ,민팃ATM,무상
546,(LGU+)화북일동 삼화점,폐휴대폰,수거함 설치,제주 제주시 화삼로 19 ,민팃ATM,무상
547,(LGU+)화양동 건대입구역2번출구점,폐휴대폰,수거함 설치,서울 광진구 능동로 111 ,민팃ATM,무상
548,(LGU+)회원동 북성로점,폐휴대폰,수거함 설치,경남 창원시 마산회원구 북성로 133 ,민팃ATM,무상
549,(LGU+)효자동 LH점,폐휴대폰,수거함 설치,전북 전주시 완산구 호암로 84 ,민팃ATM,무상
550,(LGU+)효자동 호암로사거리점,폐휴대폰,수거함 설치,전북 전주시 완산구 호암로 63 ,민팃ATM,무상
551,(LGU+)효자동 홈플러스점,폐휴대폰,수거함 설치,전북 전주시 완산구 용머리로 32 ,민팃ATM,무상
552,(LGU+)효자동 홍산로점,폐휴대폰,수거함 설치,전북 전주시 완산구 홍산로 249 ,민팃ATM,무상
553,(LGU+)후평동 지적공사점,폐휴대폰,수거함 설치,강원 춘천시 후석로 312 ,민팃ATM,무상
554,(주)엘에스컴퍼니_연산3호점,폐휴대폰,수거함 설치,부산 연제구 반송로 9-1 ,민팃ATM,무상
555,ACT대리점 건대역직영점,폐휴대폰,수거함 설치,서울 광진구 아차산로 244 ,민팃ATM,무상
556,ACT대리점 광교본점,폐휴대폰,수거함 설치,경기 용인시 수지구 광교중앙로295번길 3 ,민팃ATM,무상
557,ACT대리점 구래본점,폐휴대폰,수거함 설치,경기 김포시 김포한강8로 382 ,민팃ATM,무상
558,ACT대리점 구월본점,폐휴대폰,수거함 설치,인천 남동구 예술로 126 ,민팃ATM,무상
559,ACT대리점 내유본점,폐휴대폰,수거함 설치,경기 고양시 덕양구 유산길 27 ,민팃ATM,무상
560,ACT대리점 덕소점,폐휴대폰,수거함 설치,경기 남양주시 와부읍 덕소로 274 ,민팃ATM,무상
561,ACT대리점 동백동점,폐휴대폰,수거함 설치,경기 용인시 기흥구 동백8로 87 ,민팃ATM,무상
562,ACT대리점 민락 투자점,폐휴대폰,수거함 설치,경기 의정부시 천보로 56 ,민팃ATM,무상
563,ACT대리점 병점본점,폐휴대폰,수거함 설치,경기 화성시 병점2로 65 ,민팃ATM,무상
564,ACT대리점 보라동점,폐휴대폰,수거함 설치,경기 용인시 기흥구 사은로 130-8 ,민팃ATM,무상
565,ACT대리점 본점,폐휴대폰,수거함 설치,경기 의정부시 금오로 118 ,민팃ATM,무상
566,ACT대리점 분당본점,폐휴대폰,수거함 설치,경기 성남시 분당구 양현로94번길 21 ,민팃ATM,무상
567,ACT대리점 삼송점,폐휴대폰,수거함 설치,경기 고양시 덕양구 삼송로 162 ,민팃ATM,무상
568,ACT대리점 성복2호점,폐휴대폰,수거함 설치,경기 용인시 수지구 성복2로 130 ,민팃ATM,무상
569,ACT대리점 수원본점,폐휴대폰,수거함 설치,경기 수원시 권선구 동수원로58번길 28 ,민팃ATM,무상
570,ACT대리점 신갈본점,폐휴대폰,수거함 설치,경기 용인시 기흥구 새천년로 22 ,민팃ATM,무상
571,ACT대리점 신현본점,폐휴대폰,수거함 설치,인천 서구 가정로 387 ,민팃ATM,무상
572,ACT대리점 양지리2점,폐휴대폰,수거함 설치,경기 남양주시 오남읍 양지로278번길 3 ,민팃ATM,무상
573,ACT대리점 영통본점,폐휴대폰,수거함 설치,경기 수원시 영통구 영통로154번길 98 ,민팃ATM,무상
574,ACT대리점 인창동점,폐휴대폰,수거함 설치,경기 구리시 동구릉로85번길 9 ,민팃ATM,무상
575,ACT대리점 장현로데오점,폐휴대폰,수거함 설치,경기 남양주시 진접읍 장현로 65-1 ,민팃ATM,무상
576,ACT대리점 제물포점,폐휴대폰,수거함 설치,인천 미추홀구 수봉로 8 ,민팃ATM,무상
577,ACT대리점 주안본점,폐휴대폰,수거함 설치,인천 미추홀구 주안로 226 ,민팃ATM,무상
578,ACT대리점 중금오점,폐휴대폰,수거함 설치,경기 의정부시 호국로 1441 ,민팃ATM,무상
579,ACT대리점 탑석역점,폐휴대폰,수거함 설치,경기 의정부시 오목로 33 ,민팃ATM,무상
580,ACT대리점 포천점,폐휴대폰,수거함 설치,경기 포천시 중앙로 67 ,민팃ATM,무상
581,ACT대리점 화정동점,폐휴대폰,수거함 설치,경기 고양시 덕양구 화중로 220 ,민팃ATM,무상
582,AI_01,폐휴대폰,수거함 설치,경기 김포시 장릉1로 50 ,민팃ATM,무상
583,ATM_KBS신관공개홀1,폐휴대폰,수거함 설치,서울 영등포구 여의공원로 13 ,민팃ATM,무상
584,ATM_KBS신관공개홀2,폐휴대폰,수거함 설치,서울 영등포구 여의공원로 13 ,민팃ATM,무상
585,ATM_삼성메디슨,폐휴대폰,수거함 설치,서울 강동구 천호대로 1077 ,민팃ATM,무상
586,Able대리점 현리점,폐휴대폰,수거함 설치,경기 가평군 조종면 현창로 38번길 4 ,민팃ATM,무상
587,BK대리점 영등포구청직영점,폐휴대폰,수거함 설치,서울 영등포구 양산로 91 ,민팃ATM,무상
588,CD대리점 감일역점,폐휴대폰,수거함 설치,경기 하남시 감일백제로180번길 9 ,민팃ATM,무상
589,CD대리점 광주스피드경안점,폐휴대폰,수거함 설치,경기 광주시 경안로 5 ,민팃ATM,무상
590,CD대리점 구리역점,폐휴대폰,수거함 설치,경기 구리시 경춘로 229 ,민팃ATM,무상
591,DMC센트럴자이3단지,폐휴대폰,수거함 설치,서울 은평구 수색로 200 ,민팃ATM,무상
592,FnU콜센터,폐휴대폰,수거함 설치,대전 동구 계족로 151 ,민팃ATM,무상
593,IBK기업은행IFT,폐휴대폰,수거함 설치,서울 중구 을지로 82 ,민팃ATM,무상
594,IBK기업은행본점,폐휴대폰,수거함 설치,서울 중구 을지로 79 ,민팃ATM,무상
595,J&O대리점 경주동천점,폐휴대폰,수거함 설치,경북 경주시 양정로 268 ,민팃ATM,무상
596,J&O대리점 본점,폐휴대폰,수거함 설치,경북 포항시 북구 중앙로 226-1 ,민팃ATM,무상
597,J&O대리점 스마트직영점,폐휴대폰,수거함 설치,경북 경주시 계림로 95-1 ,민팃ATM,무상
598,J&O대리점 통신천국직영점,폐휴대폰,수거함 설치,경북 포항시 남구 중섬로 28 ,민팃ATM,무상
599,JM대리점 수영직영점,폐휴대폰,수거함 설치,부산 수영구 연수로 411 ,민팃ATM,무상
600,JS대리점 한라점,폐휴대폰,수거함 설치,제주 제주시 도령로 73 ,민팃ATM,무상
601,KB대리점 삼산TPS점,폐휴대폰,수거함 설치,울산 남구 삼산중로74번길 14 ,민팃ATM,무상
602,KB대리점 수암점,폐휴대폰,수거함 설치,울산 남구 수암로 119 ,민팃ATM,무상
603,KB대리점 현백점,폐휴대폰,수거함 설치,울산 남구 삼산로267번길 6-10 ,민팃ATM,무상
604,KSK대리점 본점,폐휴대폰,수거함 설치,강원 춘천시 동내면 춘천순환로 108 ,민팃ATM,무상
605,KT BOX 테스트,폐휴대폰,수거함 설치,서울 성동구 왕십리로14길 36 ,민팃ATM,무상
606,KT_마트ATM,폐휴대폰,수거함 설치,서울 중구 을지로5길 16 ,민팃ATM,무상
607,KT_비통신향mini,폐휴대폰,수거함 설치,서울 중구 을지로5길 16 ,민팃ATM,무상
608,KT가람 문현로점,폐휴대폰,수거함 설치,울산 동구 문현로 46-1 ,민팃ATM,무상
609,KT더킹컴퍼니 통신골목점,폐휴대폰,수거함 설치,대구 중구 동성로3길 3 ,민팃ATM,무상
610,KT아이티의형제들 건대점,폐휴대폰,수거함 설치,서울 광진구 능동로 123 ,민팃ATM,무상
611,KT플라자 연신내역점,폐휴대폰,수거함 설치,서울 은평구 통일로 842 ,민팃ATM,무상
612,LGU+상봉역점,폐휴대폰,수거함 설치,서울시 중랑구 망우로 308 ,민팃ATM,무상
613,LGU+통영중앙시장점,폐휴대폰,수거함 설치,경남 통영시 중앙로 148 ,민팃ATM,무상
614,LGUP_ATM,폐휴대폰,수거함 설치,서울 종로구 종로 19 ,민팃ATM,무상
615,LG_마트ATM,폐휴대폰,수거함 설치,서울 중구 을지로5길 16 ,민팃ATM,무상
616,LG_비통신향mini,폐휴대폰,수거함 설치,서울 중구 을지로5길 16 ,민팃ATM,무상
617,LG유플러스 성남중앙직영점,폐휴대폰,수거함 설치,경기도 성남시 수정구 수정로 141-1 ,민팃ATM,무상
618,LG전자베스트샵 부산본점,폐휴대폰,수거함 설치,부산 부산진구 새싹로 71 ,민팃ATM,무상
619,M&S홍대애드샵플러스점,폐휴대폰,수거함 설치,서울 마포구 양화로18길 3 ,민팃ATM,무상
620,MD대리점 도래울점,폐휴대폰,수거함 설치,경기 고양시 덕양구 도래울로 34 ,민팃ATM,무상
621,MD대리점 라페스타점,폐휴대폰,수거함 설치,경기 고양시 일산동구 중앙로1275번길 38-31 ,민팃ATM,무상
622,MD대리점 마두점,폐휴대폰,수거함 설치,경기 고양시 일산동구 중앙로 1200 ,민팃ATM,무상
623,MD대리점 운정이마트점,폐휴대폰,수거함 설치,경기 파주시 미래로 375 ,민팃ATM,무상
624,MD대리점 이태원점,폐휴대폰,수거함 설치,서울 용산구 이태원로 187 ,민팃ATM,무상
625,MD대리점 철산점,폐휴대폰,수거함 설치,경기 광명시 철산로 27 ,민팃ATM,무상
626,MD대리점 홍대점,폐휴대폰,수거함 설치,서울 마포구 어울마당로 76-1 ,민팃ATM,무상
627,MD상동로점,폐휴대폰,수거함 설치,경기 부천시 상동로 108 ,민팃ATM,무상
628,MINTIT_B2B,폐휴대폰,수거함 설치,서울 마포구 성암로 189 ,민팃ATM,무상
629,MINTIT_Terarosa,폐휴대폰,수거함 설치,서울 강동구 천호대로 1221 ,민팃ATM,무상
630,MK대리점 마포점,폐휴대폰,수거함 설치,서울 마포구 새창로 11 ,민팃ATM,무상
631,M_ACE상도점,폐휴대폰,수거함 설치,서울 동작구 상도로 207 ,민팃ATM,무상
632,M_KT보인종로5가점,폐휴대폰,수거함 설치,서울 종로구 종로 247-1 ,민팃ATM,무상
633,M_NICE테스트,폐휴대폰,수거함 설치,경기 부천시 산업로8번길 32 ,민팃ATM,무상
634,M_skb영종스카이,폐휴대폰,수거함 설치,인천 중구 자연대로 37 ,민팃ATM,무상
635,M_skb초롱꽃마을10단지,폐휴대폰,수거함 설치,경기 파주시 숲속노을로 60 ,민팃ATM,무상
636,M_가로수SHOP목,폐휴대폰,수거함 설치,서울 양천구 목동동로 379 ,민팃ATM,무상
637,M_광주물류센터,폐휴대폰,수거함 설치,전남 장성군 황룡면 뱃나드리로 12 ,민팃ATM,무상
638,M_글로벌상현점,폐휴대폰,수거함 설치,경기 용인시 수지구 만현로 110 ,민팃ATM,무상
639,M_나은용당점,폐휴대폰,수거함 설치,"전남 순천시 삼산로 112-1, (용당동,여로오리불고기전문) ",민팃ATM,무상
640,M_나은중마점,폐휴대폰,수거함 설치,"전남 순천시 삼산로 112-1, (용당동,여로오리불고기전문) ",민팃ATM,무상
641,M_대구물류센터,폐휴대폰,수거함 설치,경북 칠곡군 지천면 산단터널로 234 ,민팃ATM,무상
642,M_대전물류센터,폐휴대폰,수거함 설치,대전 대덕구 대화로132번길 161 ,민팃ATM,무상
643,M_민팃센터촬영용,폐휴대폰,수거함 설치,서울 강남구 신사동 519-17 ,민팃ATM,무상
644,M_부산물류센터,폐휴대폰,수거함 설치,경남 김해시 김해대로2635번길 52 ,민팃ATM,무상
645,M_수도권물류센터,폐휴대폰,수거함 설치,경기 용인시 수지구 죽전로 228 ,민팃ATM,무상
646,M_지산울산대점,폐휴대폰,수거함 설치,울산 남구 돋질로 62 (신정동) ,민팃ATM,무상
647,M_지은하안점,폐휴대폰,수거함 설치,경기 광명시 범안로 1050 ,민팃ATM,무상
648,M_티엔에스갈산점,폐휴대폰,수거함 설치,경기 이천시 증신로 73 ,민팃ATM,무상
649,M_행사용1,폐휴대폰,수거함 설치,서울 마포구 성암로 189 ,민팃ATM,무상
650,M_행사용2,폐휴대폰,수거함 설치,서울 마포구 성암로 189 ,민팃ATM,무상
651,M_홍익증평점,폐휴대폰,수거함 설치,충북 증평군 증평읍 중앙로 213 ,민팃ATM,무상
652,Mintit_17F_mart_1,폐휴대폰,수거함 설치,서울 마포구 성암로 189 ,민팃ATM,무상
653,Mintit_17F_mart_2,폐휴대폰,수거함 설치,서울 마포구 성암로 189 ,민팃ATM,무상
654,Mintit_17F_mart_3,폐휴대폰,수거함 설치,서울 마포구 성암로 189 ,민팃ATM,무상
655,Mintit_17F_mart_4,폐휴대폰,수거함 설치,서울 마포구 성암로 189 ,민팃ATM,무상
656,Mintit_17F_mini_1,폐휴대폰,수거함 설치,서울 마포구 성암로 189 ,민팃ATM,무상
657,Mintit_17F_mini_2,폐휴대폰,수거함 설치,서울 마포구 성암로 189 ,민팃ATM,무상
658,Mintit_17F_mini_3,폐휴대폰,수거함 설치,서울 마포구 성암로 189 ,민팃ATM,무상
659,Mintit_17F_mini_4,폐휴대폰,수거함 설치,서울 마포구 성암로 189 ,민팃ATM,무상
660,Mintit_17F_mini_5,폐휴대폰,수거함 설치,서울 마포구 성암로 189 ,민팃ATM,무상
661,Mintit_17F_mini_6,폐휴대폰,수거함 설치,서울 마포구 성암로 189 ,민팃ATM,무상
662,Mintit자원순환,폐휴대폰,수거함 설치,서울 마포구 성암로 189 ,민팃ATM,무상
663,NICE 마포사옥,폐휴대폰,수거함 설치,서울 마포구 마포대로 217 ,민팃ATM,무상
664,NICE1사옥,폐휴대폰,수거함 설치,서울 영등포구 은행로 17 ,민팃ATM,무상
665,NICE2사옥,폐휴대폰,수거함 설치,서울 영등포구 국회대로66길 9 ,민팃ATM,무상
666,NICE부천,폐휴대폰,수거함 설치,경기 부천시 산업로8번길 32 ,민팃ATM,무상
667,OK대리점 소계점,폐휴대폰,수거함 설치,경남 창원시 의창구 소계로 83-3 ,민팃ATM,무상
668,OK대리점 행복대로점,폐휴대폰,수거함 설치,경남 진주시 진주대로 1067 ,민팃ATM,무상
669,PS&M (강릉금학점),폐휴대폰,수거함 설치,"강원 강릉시 금성로 36 (금학동,로이드) ",민팃ATM,무상
670,PS&M (고사중앙점),폐휴대폰,수거함 설치,전북 전주시 완산구 팔달로 203 ,민팃ATM,무상
671,PS&M (괴정점),폐휴대폰,수거함 설치,대전 서구 계룡로 618 허리사랑병원 1층 티월드 ,민팃ATM,무상
672,PS&M (국동점),폐휴대폰,수거함 설치,전남 여수시 어항로 31 (봉산동) ,민팃ATM,무상
673,PS&M (김포고촌역점),폐휴대폰,수거함 설치,경기 김포시 고촌읍 김포대로 337 ,민팃ATM,무상
674,PS&M (노대점),폐휴대폰,수거함 설치,광주 남구 효우로 81 ,민팃ATM,무상
675,PS&M (노형타워점),폐휴대폰,수거함 설치,제주시 노형로 407 ,민팃ATM,무상
676,PS&M (두정본점),폐휴대폰,수거함 설치,충남 천안시 서북구 부성1길 3 ,민팃ATM,무상
677,PS&M (두정점),폐휴대폰,수거함 설치,충남 천안시 서북구 두정중7길 1-14 ,민팃ATM,무상
678,PS&M (명동본점),폐휴대폰,수거함 설치,서울 중구 남대문로 64-1 ,민팃ATM,무상
679,PS&M (모현점),폐휴대폰,수거함 설치,전북 익산시 고현로 98 ,민팃ATM,무상
680,PS&M (목포하당점),폐휴대폰,수거함 설치,전남 목포시 장미로 20 ,민팃ATM,무상
681,PS&M (무주점),폐휴대폰,수거함 설치,전북 무주군 무주읍 단천로 105 ,민팃ATM,무상
682,PS&M (배산지구점),폐휴대폰,수거함 설치,전북 익산시 선화로1길 12 ,민팃ATM,무상
683,PS&M (뱅뱅사거리점),폐휴대폰,수거함 설치,서울 서초구 강남대로 321 ,민팃ATM,무상
684,PS&M (본사사옥),폐휴대폰,수거함 설치,서울 마포구 마포대로 144 ,민팃ATM,무상
685,PS&M (삼천2호점),폐휴대폰,수거함 설치,전북 전주시 완산구 거마평로 24 ,민팃ATM,무상
686,PS&M (삼천점),폐휴대폰,수거함 설치,전북 전주시 완산구 거마평로 68 ,민팃ATM,무상
687,PS&M (서귀포올레시장점),폐휴대폰,수거함 설치,제주 서귀포시 중정로73번길 2 ,민팃ATM,무상
688,PS&M (서귀포중앙점),폐휴대폰,수거함 설치,제주 서귀포시 중앙로 60 ,민팃ATM,무상
689,PS&M (서신점),폐휴대폰,수거함 설치,전북 전주시 완산구 서신로 114 ,민팃ATM,무상
690,PS&M (성안길점),폐휴대폰,수거함 설치,충북 청주시 상당구 상당로91번길 17 1층 Tworld ,민팃ATM,무상
691,PS&M (세종점),폐휴대폰,수거함 설치,세종시 노을3로 19 ,민팃ATM,무상
692,PS&M (속초본점),폐휴대폰,수거함 설치,강원 속초시 중앙로 141-1 ,민팃ATM,무상
693,PS&M (수송본점),폐휴대폰,수거함 설치,전북 군산시 수송로 198 ,민팃ATM,무상
694,PS&M (신시가지점),폐휴대폰,수거함 설치,전북 전주시 완산구 우전로 212 ,민팃ATM,무상
695,PS&M (신야탑점),폐휴대폰,수거함 설치,경기 성남시 분당구 야탑로81번길 10 ,민팃ATM,무상
696,PS&M (아름점),폐휴대폰,수거함 설치,세종 보듬3로 100 ,민팃ATM,무상
697,PS&M (인후점),폐휴대폰,수거함 설치,전북 전주시 덕진구 아중로 157 ,민팃ATM,무상
698,PS&M (잠실롯데점),폐휴대폰,수거함 설치,서울 송파구 올림픽로 240 ,민팃ATM,무상
699,PS&M (전북대노포점),폐휴대폰,수거함 설치,전북 전주시 덕진구 명륜4길 1 ,민팃ATM,무상
700,PS&M (제주광양점),폐휴대폰,수거함 설치,제주 제주시 서광로 301 ,민팃ATM,무상
701,PS&M (제주시청점),폐휴대폰,수거함 설치,제주 제주시 중앙로 230 ,민팃ATM,무상
702,PS&M (제주중문점),폐휴대폰,수거함 설치,제주 서귀포시 천제연로 185 ,민팃ATM,무상
703,PS&M (충장점),폐휴대폰,수거함 설치,광주 동구 충장로 80-4 ,민팃ATM,무상
704,PS&M (풍덕점),폐휴대폰,수거함 설치,전남 순천시 남산로 140 ,민팃ATM,무상
705,PS&M (화산점),폐휴대폰,수거함 설치,전북 전주시 완산구 백제대로 259 ,민팃ATM,무상
706,PS&M (화정역점),폐휴대폰,수거함 설치,경기 고양시 덕양구 화신로272번길 52 ,민팃ATM,무상
707,PS&M (효자점),폐휴대폰,수거함 설치,전북 전주시 완산구 세내로 540 ,민팃ATM,무상
708,PS&M 시민공원점,폐휴대폰,수거함 설치,인천 미추홀구 경인로 372 ,민팃ATM,무상
709,PS&M(명지국제점),폐휴대폰,수거함 설치,부산 강서구 명지국제7로 37 ,민팃ATM,무상
710,PSNM 영통역사거리점,폐휴대폰,수거함 설치,경기 수원시 영통구 봉영로 1569 ,민팃ATM,무상
711,PSNM 탕정점,폐휴대폰,수거함 설치,충남 아산시 탕정면 한들물빛5로 25 ,민팃ATM,무상
712,PSNM 포항중앙상가점,폐휴대폰,수거함 설치,경북 포항시 북구 중앙상가길 29 ,민팃ATM,무상
713,SBS목동1,폐휴대폰,수거함 설치,서울 양천구 목동서로 161 ,민팃ATM,무상
714,SBS목동2,폐휴대폰,수거함 설치,서울 양천구 목동서로 161 ,민팃ATM,무상
715,SBS목동3,폐휴대폰,수거함 설치,서울 양천구 목동서로 161 ,민팃ATM,무상
716,SBS탄현1,폐휴대폰,수거함 설치,경기 고양시 일산서구 일현로 111 ,민팃ATM,무상
717,SBS탄현2,폐휴대폰,수거함 설치,경기 고양시 일산서구 일현로 111 ,민팃ATM,무상
718,SD롯데창원점,폐휴대폰,수거함 설치,경남 창원시 성산구 중앙대로 124 ,민팃ATM,무상
719,SD안양본점2,폐휴대폰,수거함 설치,경기 안양시 동안구 시민대로 203 ,민팃ATM,무상
720,SD오산본점2,폐휴대폰,수거함 설치,경기 오산시 원동로 34 ,민팃ATM,무상
721,SD오산점,폐휴대폰,수거함 설치,경기도 오산시 경기대로 220 ,민팃ATM,무상
722,SD하남미사점2,폐휴대폰,수거함 설치,경기 하남시 미사대로 442 ,민팃ATM,무상
723,SD홍대점,폐휴대폰,수거함 설치,부산시 금정구 부산대학로 57 ,민팃ATM,무상
724,SKB검단호반써밋1,폐휴대폰,수거함 설치,인천 서구 이음5로 15 ,민팃ATM,무상
725,SKB부평한라비발디,폐휴대폰,수거함 설치,인천 부평구 대정로 7 ,민팃ATM,무상
726,SKN 이동형 차량 01,폐휴대폰,수거함 설치,서울 마포구 성암로 189 ,민팃ATM,무상
727,SKN 이동형 차량 02,폐휴대폰,수거함 설치,서울 마포구 성암로 189 ,민팃ATM,무상
728,SKN 이동형 차량 03,폐휴대폰,수거함 설치,서울 마포구 성암로 189 ,민팃ATM,무상
729,SKN 이동형 차량 04,폐휴대폰,수거함 설치,서울 마포구 성암로 189 ,민팃ATM,무상
730,SKN 이동형 차량 05,폐휴대폰,수거함 설치,서울 마포구 성암로 189 ,민팃ATM,무상
731,SKT 전주점,폐휴대폰,수거함 설치,전북 전주시 완산구 기린대로 194 ,민팃ATM,무상
732,SKT 제주점,폐휴대폰,수거함 설치,제주특별자치도 제주시 도령로 113 ,민팃ATM,무상
733,SK네트웍스 대구지사,폐휴대폰,수거함 설치,대구 중구 국채보상로 645 ,민팃ATM,무상
734,SK브로드밴드 김포마송A3,폐휴대폰,수거함 설치,경기 김포시 통진읍 귀전리 8-2 ,민팃ATM,무상
735,SK브로드밴드 두산알프하임,폐휴대폰,수거함 설치,경기 남양주시 백봉로 32 ,민팃ATM,무상
736,SK브로드밴드 운정서희스타힐스,폐휴대폰,수거함 설치,경기 파주시 가람로 109 ,민팃ATM,무상
737,SK서면대리점 본점,폐휴대폰,수거함 설치,부산 부산진구 서전로 25 ,민팃ATM,무상
738,SK에코플랜트,폐휴대폰,수거함 설치,서울 종로구 율곡로2길 19 ,민팃ATM,무상
739,SK울산대리점 반구점,폐휴대폰,수거함 설치,울산 중구 내황13길 2 ,민팃ATM,무상
740,SK울산대리점 삼산점,폐휴대폰,수거함 설치,울산 남구 삼산중로 124 ,민팃ATM,무상
741,SK텔레콤 강남지점,폐휴대폰,수거함 설치,서울 강남구 역삼동 646-15 ,민팃ATM,무상
742,SK텔레콤 광주지점,폐휴대폰,수거함 설치,광주 서구 상무중앙로 86 ,민팃ATM,무상
743,SK텔레콤 대구지점,폐휴대폰,수거함 설치,대구 중구 삼덕동2가 187-1 ,민팃ATM,무상
744,SK텔레콤 대전지점,폐휴대폰,수거함 설치,대전 서구 탄방동 594 ,민팃ATM,무상
745,SK텔레콤 동래지점,폐휴대폰,수거함 설치,부산 동래구 안락동 606-1 ,민팃ATM,무상
746,SK텔레콤 보라매지점,폐휴대폰,수거함 설치,서울 관악구 보라매로5길 1 ,민팃ATM,무상
747,SK텔레콤 분당지점,폐휴대폰,수거함 설치,경기 성남시 분당구 황새울로 326 ,민팃ATM,무상
748,SK텔레콤 서면지점,폐휴대폰,수거함 설치,부산 부산진구 부암동 52-6 ,민팃ATM,무상
749,SK텔레콤 수원지점,폐휴대폰,수거함 설치,경기 수원시 팔달구 효원로 295 ,민팃ATM,무상
750,SK텔레콤 신촌지점,폐휴대폰,수거함 설치,서울 마포구 양화로 105 ,민팃ATM,무상
751,SK텔레콤 영등포지점,폐휴대폰,수거함 설치,서울 영등포구 당산로 77 ,민팃ATM,무상
752,SK텔레콤 원주지점,폐휴대폰,수거함 설치,강원 원주시 단계동 875 ,민팃ATM,무상
753,SK텔레콤 을지로지점,폐휴대폰,수거함 설치,서울 중구 을지로 100 ,민팃ATM,무상
754,SK텔레콤 의정부지점,폐휴대폰,수거함 설치,경기 의정부시 태평로 126 ,민팃ATM,무상
755,SK텔레콤 인천지점,폐휴대폰,수거함 설치,인천 남동구 성말로 17 ,민팃ATM,무상
756,SK텔레콤 일산지점,폐휴대폰,수거함 설치,경기 고양시 일산동구 정발산로 42번길 5 ,민팃ATM,무상
757,SK텔레콤 전주지점,폐휴대폰,수거함 설치,전북 전주시 완산구 서노송동 578-5 ,민팃ATM,무상
758,SK텔레콤 제주지점,폐휴대폰,수거함 설치,제주특별자치도 제주시 연동 2331-5 ,민팃ATM,무상
759,SK텔레콤 테크노마트지점,폐휴대폰,수거함 설치,서울 광진구 광나루로56길 85 ,민팃ATM,무상
760,SM대리점 칠곡3지구점,폐휴대폰,수거함 설치,대구 북구 동암로 96 ,민팃ATM,무상
761,SOVAC,폐휴대폰,수거함 설치,서울 광진구 워커힐로 177 ,민팃ATM,무상
762,T Factory,폐휴대폰,수거함 설치,서울 마포구 양화로 144 ,민팃ATM,무상
763,T SHOP대리점 레드스타점,폐휴대폰,수거함 설치,강원 춘천시 동내면 공지로 70-51 ,민팃ATM,무상
764,T SHOP대리점 후평7호점,폐휴대폰,수거함 설치,강원 춘천시 후석로 295 ,민팃ATM,무상
765,TGP대리점 우주점,폐휴대폰,수거함 설치,대구 동구 효목로 21 ,민팃ATM,무상
766,TS대리점 성남직영점,폐휴대폰,수거함 설치,울산 중구 젊음의2거리 33 ,민팃ATM,무상
767,TS대리점 온천장허브스카이점,폐휴대폰,수거함 설치,부산 동래구 중앙대로 1523 ,민팃ATM,무상
768,The 대리점 금암점,폐휴대폰,수거함 설치,전북 전주시 덕진구 태진로 151 ,민팃ATM,무상
769,The 대리점 동산점,폐휴대폰,수거함 설치,전북 전주시 덕진구 쪽구름로 76 ,민팃ATM,무상
770,The 대리점 삼례점,폐휴대폰,수거함 설치,전북 완주군 삼례읍 동학로 37-1 ,민팃ATM,무상
771,The 대리점 삼천프리미엄점,폐휴대폰,수거함 설치,전북 전주시 완산구 거마평로 33 ,민팃ATM,무상
772,The 대리점 서신점,폐휴대폰,수거함 설치,전북 전주시 완산구 당산로 34 ,민팃ATM,무상
773,The 대리점 서신프리미엄점,폐휴대폰,수거함 설치,전북 전주시 완산구 온고을로 66 ,민팃ATM,무상
774,The 대리점 송천점,폐휴대폰,수거함 설치,전북 전주시 덕진구 송천중앙로 167 ,민팃ATM,무상
775,The 대리점 평화점,폐휴대폰,수거함 설치,전북 전주시 완산구 꽃밭정로 73 ,민팃ATM,무상
776,The 대리점 평화코오롱점,폐휴대폰,수거함 설치,전북 전주시 완산구 평화18길 23-4 ,민팃ATM,무상
777,The 대리점 효자점,폐휴대폰,수거함 설치,전북 전주시 완산구 용머리로 59 ,민팃ATM,무상
778,T센터 부산 T센터 공업탑점,폐휴대폰,수거함 설치,울산 남구 삼산로 16 ,민팃ATM,무상
779,T센터 수도권3 T센터 당산역점-2,폐휴대폰,수거함 설치,서울 영등포구 양평로 48 ,민팃ATM,무상
780,T센터 타워을지로점,폐휴대폰,수거함 설치,서울 중구 을지로 65 ,민팃ATM,무상
781,T센터당산역점2,폐휴대폰,수거함 설치,서울 영등포구 양평로 48 ,민팃ATM,무상
782,UNI대리점 센트럴파크점,폐휴대폰,수거함 설치,인천 연수구 센트럴로 160 ,민팃ATM,무상
783,UNI대리점 송도 달빛공원점,폐휴대폰,수거함 설치,인천 연수구 센트럴로 415 ,민팃ATM,무상
784,UNI대리점 송도아울렛점,폐휴대폰,수거함 설치,인천 연수구 송도국제대로 157 ,민팃ATM,무상
785,UNI대리점 연수청학점,폐휴대폰,수거함 설치,인천 연수구 청능대로 93 ,민팃ATM,무상
786,UNI대리점 옥련직영점,폐휴대폰,수거함 설치,인천 연수구 독배로40번길 7 ,민팃ATM,무상
787,e-편한세상 광진그랜드파크,폐휴대폰,수거함 설치,서울 광진구 광나루로 458 ,민팃ATM,무상
788,e편한세상김포로얄하,폐휴대폰,수거함 설치,경기 김포시 통진읍 마송리 513 ,민팃ATM,무상
789,sATM_구미본점,폐휴대폰,수거함 설치,경북 구미시 구미대로 244 ,민팃ATM,무상
790,sATM_문정점,폐휴대폰,수거함 설치,서울 송파구 송파대로 155 ,민팃ATM,무상
791,sATM_상무본점,폐휴대폰,수거함 설치,광주 서구 상무대로 732 ,민팃ATM,무상
792,skb검단금호어울림,폐휴대폰,수거함 설치,인천 서구 이음5로 65 ,민팃ATM,무상
793,가능대리점 고읍직영점,폐휴대폰,수거함 설치,경기 양주시 고읍남로 2 ,민팃ATM,무상
794,가능대리점 옥정직영점,폐휴대폰,수거함 설치,경기 양주시 회천남로 92 ,민팃ATM,무상
795,가로수대리점 광명역점,폐휴대폰,수거함 설치,경기 광명시 양지로 19 ,민팃ATM,무상
796,가온대리점 본점,폐휴대폰,수거함 설치,광주 광산구 손재로110번길 32 ,민팃ATM,무상
797,가온대리점 월곡점,폐휴대폰,수거함 설치,광주 광산구 사암로 272 ,민팃ATM,무상
798,가온대리점 첨단점,폐휴대폰,수거함 설치,광주광역시 광산구 월계로 195 ,민팃ATM,무상
799,가정동 루원시티점,폐휴대폰,수거함 설치,인천 서구 가정로 437 ,민팃ATM,무상
800,강남스타대리점 서울대역점,폐휴대폰,수거함 설치,서울 관악구 관악로 161-1 ,민팃ATM,무상
801,강남스타대리점 서초점,폐휴대폰,수거함 설치,서울 서초구 효령로46길 4 ,민팃ATM,무상
802,강남스타대리점 이수역점,폐휴대폰,수거함 설치,서울 동작구 동작대로 105 ,민팃ATM,무상
803,강남스타대리점 학동역점,폐휴대폰,수거함 설치,서울 강남구 학동로 175 ,민팃ATM,무상
804,강남스타대리점 헬리오시티점,폐휴대폰,수거함 설치,서울 송파구 송파대로 345 ,민팃ATM,무상
805,강남팀 강남PT 강남구청역점,폐휴대폰,수거함 설치,서울 강남구 학동로 337 ,민팃ATM,무상
806,강동팀 강동PT 경안점,폐휴대폰,수거함 설치,경기 광주시 중앙로 118 ,민팃ATM,무상
807,강동팀 강동PT 천호점,폐휴대폰,수거함 설치,서울 강동구 진황도로 3 ,민팃ATM,무상
808,강북팀 강북PT 광화문직영점,폐휴대폰,수거함 설치,서울 종로구 종로 19 ,민팃ATM,무상
809,강서대리점 검단신도시직영점,폐휴대폰,수거함 설치,인천 서구 이음대로 392 ,민팃ATM,무상
810,강서대리점 서판교점,폐휴대폰,수거함 설치,경기 성남시 분당구 운중로 128 ,민팃ATM,무상
811,강서대리점 염창역점,폐휴대폰,수거함 설치,서울 강서구 공항대로 635 ,민팃ATM,무상
812,강서팀 강서PT 가산역점,폐휴대폰,수거함 설치,서울 금천구 벚꽃로 298 ,민팃ATM,무상
813,강서팀 강서PT 개봉점,폐휴대폰,수거함 설치,서울 구로구 개봉로 63 ,민팃ATM,무상
814,개봉대리점 개봉사거리점,폐휴대폰,수거함 설치,서울 구로구 경인로 324 ,민팃ATM,무상
815,경기구리대리점 본점,폐휴대폰,수거함 설치,경기 구리시 체육관로 164 ,민팃ATM,무상
816,경남아너스빌,폐휴대폰,수거함 설치,충남 천안시 동남구 충절로 42 ,민팃ATM,무상
817,경남팀 경남PT 경상대점,폐휴대폰,수거함 설치,경남 진주시 진주대로 522 ,민팃ATM,무상
818,경남팀 경남PT 대안직영점,폐휴대폰,수거함 설치,경남 진주시 촉석로186번길 9 ,민팃ATM,무상
819,경남팀 경남PT 용원1호점,폐휴대폰,수거함 설치,경남 창원시 진해구 용원로7번길 18 ,민팃ATM,무상
820,경남팀_경남PT_시티세븐점,폐휴대폰,수거함 설치,경남 창원시 성산구 원이대로 320 ,민팃ATM,무상
821,경도대리점 본점,폐휴대폰,수거함 설치,부산 해운대구 세실로 64 ,민팃ATM,무상
822,경원대리점 송천점,폐휴대폰,수거함 설치,전북 전주시 덕진구 송천중앙로 160 ,민팃ATM,무상
823,고잔동 상우상가점,폐휴대폰,수거함 설치,경기 안산시 단원구 삼일로 467 ,민팃ATM,무상
824,광명아크포레자이위브,폐휴대폰,수거함 설치,경기 광명시 새터로 44-7 ,민팃ATM,무상
825,광명중앙대리점 광명,폐휴대폰,수거함 설치,경기 광명시 광명로 842 ,민팃ATM,무상
826,광명철산대리점 소하점,폐휴대폰,수거함 설치,경기 광명시 오리로 386 ,민팃ATM,무상
827,광장대리점 구리직영점,폐휴대폰,수거함 설치,경기 구리시 경춘로 229 ,민팃ATM,무상
828,광장대리점 후곡점,폐휴대폰,수거함 설치,경기 고양시 일산서구 강선로 152 ,민팃ATM,무상
829,광주모바일 운암3호점,폐휴대폰,수거함 설치,광주 북구 북문대로 88 ,민팃ATM,무상
830,광주모바일대리점 상무중앙점,폐휴대폰,수거함 설치,광주 서구 상무중앙로 95 ,민팃ATM,무상
831,광주인천상사대리점 유동점,폐휴대폰,수거함 설치,광주 북구 금남로 77 ,민팃ATM,무상
832,구미남부대리점 드림직영점,폐휴대폰,수거함 설치,경북 구미시 문화로 4 ,민팃ATM,무상
833,구미남부대리점 시청직영점,폐휴대폰,수거함 설치,경북 구미시 송정대로 50 ,민팃ATM,무상
834,구미대리점 본점,폐휴대폰,수거함 설치,경북 구미시 송원서로 9 ,민팃ATM,무상
835,구미삼일대리점 본점,폐휴대폰,수거함 설치,경북 구미시 금오시장로 6 ,민팃ATM,무상
836,구미팀 구미PT 석적미소직영점,폐휴대폰,수거함 설치,경북 칠곡군 석적읍 유학로 48 ,민팃ATM,무상
837,군산진포대리점 군산대점,폐휴대폰,수거함 설치,전북 군산시 대학로 553 ,민팃ATM,무상
838,군산진포대리점 나운점,폐휴대폰,수거함 설치,전북 군산시 수송로 42 ,민팃ATM,무상
839,군산진포대리점 명산점,폐휴대폰,수거함 설치,전북 군산시 대학로 76 ,민팃ATM,무상
840,군산진포대리점 미장점,폐휴대폰,수거함 설치,전북 군산시 미장안길 60 ,민팃ATM,무상
841,군산진포대리점 소룡점,폐휴대폰,수거함 설치,전북 군산시 공항로 84 ,민팃ATM,무상
842,군산진포대리점 우리점,폐휴대폰,수거함 설치,전북 군산시 백릉로 58 ,민팃ATM,무상
843,군산진포대리점 희망점,폐휴대폰,수거함 설치,전북 군산시 동아로 163 ,민팃ATM,무상
844,군인공제회 용산점,폐휴대폰,수거함 설치,서울 용산구 한강대로62다길 42 ,민팃ATM,무상
845,군인공제회 자운점,폐휴대폰,수거함 설치,대전 유성구 자운로97번길 410 ,민팃ATM,무상
846,굿텔레콤,폐휴대폰,수거함 설치,경남 진주시 망경로 297번길 3 ,민팃ATM,무상
847,그랜드대리점 병점점,폐휴대폰,수거함 설치,경기 화성시 효행로 1052 ,민팃ATM,무상
848,근흥대리점 대흥역점,폐휴대폰,수거함 설치,서울 마포구 백범로 95 ,민팃ATM,무상
849,근흥대리점 종암직영점,폐휴대폰,수거함 설치,서울 성북구 종암로 97 ,민팃ATM,무상
850,길음래미안1차,폐휴대폰,수거함 설치,서울 성북구 길음동 1279 ,민팃ATM,무상
851,김포고촌역점,폐휴대폰,수거함 설치,경기 김포시 고촌읍 신곡리 570-10 ,민팃ATM,무상
852,김포중앙대리점 본점,폐휴대폰,수거함 설치,경기 김포시 북변중로 67 ,민팃ATM,무상
853,나은대리점 금당2호점,폐휴대폰,수거함 설치,전남 순천시 대석길 52 ,민팃ATM,무상
854,나은대리점 순천중앙점,폐휴대폰,수거함 설치,전남 순천시 중앙7길 6 ,민팃ATM,무상
855,나은대리점 용담점,폐휴대폰,수거함 설치,전남 순천시 삼산로 114 ,민팃ATM,무상
856,나은대리점 용당점,폐휴대폰,수거함 설치,전남 순천시 삼산로 112 ,민팃ATM,무상
857,나은대리점 웅천점,폐휴대폰,수거함 설치,전남 여수시 예울마루로 41 ,민팃ATM,무상
858,나은대리점 칠성점,폐휴대폰,수거함 설치,전남 광양시 광양읍 신재로 83 ,민팃ATM,무상
859,나은대리점 효자1가점,폐휴대폰,수거함 설치,전북 전주시 완산구 효동2길 3 ,민팃ATM,무상
860,남선대리점 수완 프리미엄점,폐휴대폰,수거함 설치,광주 광산구 임방울대로 342 ,민팃ATM,무상
861,남전주대리점 본점,폐휴대폰,수거함 설치,전북 전주시 덕진구 조경단로 71 ,민팃ATM,무상
862,남해중앙대리점 본점,폐휴대폰,수거함 설치,경남 남해군 남해읍 화전로 72-2 ,민팃ATM,무상
863,내발산직영점,폐휴대폰,수거함 설치,서울 강서구 강서로45길 13 ,민팃ATM,무상
864,내서읍 삼계로점,폐휴대폰,수거함 설치,경남 창원시 마산회원구 내서읍 삼계로 9 ,민팃ATM,무상
865,네오대리점 전남대점,폐휴대폰,수거함 설치,광주 북구 우치로 98-1 ,민팃ATM,무상
866,네오텔레콤 글로벌점,폐휴대폰,수거함 설치,광주 광산구 목련로 73-1 ,민팃ATM,무상
867,네오텔레콤 상무점,폐휴대폰,수거함 설치,광주 서구 치평로 106 ,민팃ATM,무상
868,논현대리점 단대오거리금광점,폐휴대폰,수거함 설치,경기 성남시 중원구 광명로 333 ,민팃ATM,무상
869,논현대리점 부천직영점,폐휴대폰,수거함 설치,경기 부천시 부천로 20 ,민팃ATM,무상
870,늘봄대리점 강동구청,폐휴대폰,수거함 설치,서울 강동구 성내로 6 ,민팃ATM,무상
871,늘봄대리점 목동점,폐휴대폰,수거함 설치,서울 양천구 오목로 299 ,민팃ATM,무상
872,늘푸른대리점 대치은마점,폐휴대폰,수거함 설치,서울 강남구 도곡로 447 ,민팃ATM,무상
873,늘푸른대리점 불광역점,폐휴대폰,수거함 설치,서울 은평구 통일로 707 ,민팃ATM,무상
874,늘푸른대리점 이수역점,폐휴대폰,수거함 설치,서울 동작구 동작대로 105 ,민팃ATM,무상
875,늘푸른대리점 이수직영점,폐휴대폰,수거함 설치,서울 동작구 동작대로29길 18 ,민팃ATM,무상
876,늘푸른대리점 천호역점,폐휴대폰,수거함 설치,서울 강동구 천호대로 1027 ,민팃ATM,무상
877,늘푸른오스카빌,폐휴대폰,수거함 설치,충남 서산시 지곡면 충의로 762-78 ,민팃ATM,무상
878,다린컴즈대리점 진월점,폐휴대폰,수거함 설치,광주 남구 서문대로 686 ,민팃ATM,무상
879,다모아대리점 미소본점,폐휴대폰,수거함 설치,대구 중구 중앙대로 400 ,민팃ATM,무상
880,다모아대리점 죽곡점,폐휴대폰,수거함 설치,대구 달성군 다사읍 죽곡리 807-1번지 ,민팃ATM,무상
881,다솔대리점 목동점,폐휴대폰,수거함 설치,대전 중구 목중로1 ,민팃ATM,무상
882,다솔대리점 세종CGV점,폐휴대폰,수거함 설치,세종 도움1로 108 ,민팃ATM,무상
883,다솔대리점 세종고운점,폐휴대폰,수거함 설치,세종특별자치시 마음로 272-3 ,민팃ATM,무상
884,다솔대리점 세종반곡점,폐휴대폰,수거함 설치,세종특별자치시 한누리대로 1828 ,민팃ATM,무상
885,다솔대리점 세종시청점,폐휴대폰,수거함 설치,세종특별자치시 남세종로 458 ,민팃ATM,무상
886,다솔대리점 세종애플점,폐휴대폰,수거함 설치,세종 한누리대로 253 ,민팃ATM,무상
887,다솔대리점 세종직영점,폐휴대폰,수거함 설치,세종 도움3로 105-5 ,민팃ATM,무상
888,다솔대리점 송림점,폐휴대폰,수거함 설치,대전 유성구 송림로 44 ,민팃ATM,무상
889,다솔대리점 유천점,폐휴대폰,수거함 설치,대전 중구 계백로 1615번길 25 ,민팃ATM,무상
890,다솔대리점 지족점,폐휴대폰,수거함 설치,대전 유성구 지족동로 152 ,민팃ATM,무상
891,다솔대리점 탄방역점,폐휴대폰,수거함 설치,대전 서구 계룡로 550 ,민팃ATM,무상
892,다솜미디어의정부고산,폐휴대폰,수거함 설치,경기 의정부시 훈민로 13 ,민팃ATM,무상
893,다온대리점 부송점,폐휴대폰,수거함 설치,전북 익산시 부송1로 90 ,민팃ATM,무상
894,다온대리점 신동점,폐휴대폰,수거함 설치,전북 익산시 인북로 382 ,민팃ATM,무상
895,다온대리점 영등점,폐휴대폰,수거함 설치,전북 익산시 무왕로13길 12 ,민팃ATM,무상
896,다온대리점 이동교점,폐휴대폰,수거함 설치,전북 전주시 완산구 거마평로 235 ,민팃ATM,무상
897,다온대리점 중화산점,폐휴대폰,수거함 설치,전북 전주시 완산구 유연로 290 ,민팃ATM,무상
898,다온대리점 혁신점,폐휴대폰,수거함 설치,전북 전주시 덕진구 기지로 66 ,민팃ATM,무상
899,다온대리점 효자점,폐휴대폰,수거함 설치,전북 전주시 완산구 호암로 85 ,민팃ATM,무상
900,다울대리점 동래점,폐휴대폰,수거함 설치,부산 동래구 충렬대로 157-1 ,민팃ATM,무상
901,다울대리점 명촌점,폐휴대폰,수거함 설치,울산 북구 명촌로 71 ,민팃ATM,무상
902,다울대리점 서면쥬디스점,폐휴대폰,수거함 설치,부산 부산진구 중앙대로702번길 13 ,민팃ATM,무상
903,다울대리점 성남점,폐휴대폰,수거함 설치,울산 중구 학성로 80-1 ,민팃ATM,무상
904,다원대리점 방이점,폐휴대폰,수거함 설치,서울 송파구 백제고분로48길 44 ,민팃ATM,무상
905,다원대리점 분당서현역점,폐휴대폰,수거함 설치,경기 성남시 분당구 서현로210번길 17 ,민팃ATM,무상
906,단대역대리점 금광직영점,폐휴대폰,수거함 설치,경기 성남시 중원구 금빛로 43 ,민팃ATM,무상
907,대가대리점 본점,폐휴대폰,수거함 설치,인천 계양구 계양대로 215 ,민팃ATM,무상
908,대광대리점 계림점,폐휴대폰,수거함 설치,광주 동구 무등로 388-3 ,민팃ATM,무상
909,대광대리점 교대점,폐휴대폰,수거함 설치,광주 동구 필문대로 50-1 ,민팃ATM,무상
910,대광대리점 운암점,폐휴대폰,수거함 설치,광주 북구 북문대로 88 ,민팃ATM,무상
911,대광대리점 충장점,폐휴대폰,수거함 설치,광주 동구 중앙로 164-1 ,민팃ATM,무상
912,대광대리점 치평점,폐휴대폰,수거함 설치,광주 서구 치평로 60 ,민팃ATM,무상
913,대광대리점 하남점,폐휴대폰,수거함 설치,광주 광산구 사암로 283 ,민팃ATM,무상
914,대광대리점 화순광덕점,폐휴대폰,수거함 설치,전남 화순군 화순읍 중앙로 75 ,민팃ATM,무상
915,대광유성로제비앙,폐휴대폰,수거함 설치,대전 유성구 와룡로 206 ,민팃ATM,무상
916,대교대리점 금정역점,폐휴대폰,수거함 설치,경기 군포시 산본천로 176 ,민팃ATM,무상
917,대교대리점 범계역점,폐휴대폰,수거함 설치,안양시 동안구 평촌대로 223번길 56 ,민팃ATM,무상
918,대교대리점 범계직영점,폐휴대폰,수거함 설치,경기 안양시 동안구 평촌대로223번길 36 ,민팃ATM,무상
919,대교대리점 수원시청역점,폐휴대폰,수거함 설치,경기 수원시 팔달구 효원로 269 ,민팃ATM,무상
920,대교대리점 작전역직영점,폐휴대폰,수거함 설치,인천 계양구 새벌로 112 ,민팃ATM,무상
921,대교대리점 화서점,폐휴대폰,수거함 설치,경기 수원시 팔달구 팔달로 116 ,민팃ATM,무상
922,대구가야대리점 AK그랑폴리스점,폐휴대폰,수거함 설치,대구 달서구 월배로 57 ,민팃ATM,무상
923,대구가야대리점 계대동문직영점,폐휴대폰,수거함 설치,대구 달서구 계대동문로 12 ,민팃ATM,무상
924,대구가야대리점 범어점,폐휴대폰,수거함 설치,대구 수성구 달구벌대로 2484 ,민팃ATM,무상
925,대구가야대리점 신암직영점,폐휴대폰,수거함 설치,대구 동구 아양로 50 ,민팃ATM,무상
926,대구가야대리점 안지랑역점,폐휴대폰,수거함 설치,대구 남구 대명로 154 ,민팃ATM,무상
927,대구북구대리점 북구수성점,폐휴대폰,수거함 설치,대구 수성구 용학로 298 ,민팃ATM,무상
928,대구행복대리점 영대병원네거리점,폐휴대폰,수거함 설치,대구 남구 봉덕로 34 ,민팃ATM,무상
929,대동 이스트시티점,폐휴대폰,수거함 설치,대전 동구 동대전로46번길 7 ,민팃ATM,무상
930,대박통신,폐휴대폰,수거함 설치,대구시 달성군 유가읍 테크노상업로 108 ,민팃ATM,무상
931,대상대리점 이지직영점,폐휴대폰,수거함 설치,경남 통영시 중앙로 264 ,민팃ATM,무상
932,대성대리점 세이직영점,폐휴대폰,수거함 설치,대전 중구 계백로1686번길 16 ,민팃ATM,무상
933,대성대리점 송촌점,폐휴대폰,수거함 설치,대전 대덕구 계족산로81번길 47 ,민팃ATM,무상
934,대승대리점 아주삼거리점,폐휴대폰,수거함 설치,경기 수원시 영통구 중부대로 258 ,민팃ATM,무상
935,대전대덕우체국,폐휴대폰,수거함 설치,대전 대덕구 문평동로 16 ,민팃ATM,무상
936,더블유대리점 동성로2호점,폐휴대폰,수거함 설치,대구 중구 동성로2길 2 ,민팃ATM,무상
937,더블유대리점 만촌센터점,폐휴대폰,수거함 설치,대구 수성구 달구벌대로 2636 ,민팃ATM,무상
938,더블유대리점 이곡점,폐휴대폰,수거함 설치,대구 달서구 계대동문로 123 ,민팃ATM,무상
939,더블유대리점 태화점,폐휴대폰,수거함 설치,경북 안동시 경동로 486 ,민팃ATM,무상
940,더블유대리점 통신골목점,폐휴대폰,수거함 설치,대구 중구 동성로 23 ,민팃ATM,무상
941,덕계동 리치마트옆점,폐휴대폰,수거함 설치,경기 양주시 평화로 1429 ,민팃ATM,무상
942,델타대리점 본점,폐휴대폰,수거함 설치,부산 중구 남포길 49 ,민팃ATM,무상
943,도마e편한세상포레나,폐휴대폰,수거함 설치,대전 서구 도산로 8 ,민팃ATM,무상
944,도원대리점 본점,폐휴대폰,수거함 설치,세종 조치원읍 조치원로 35 ,민팃ATM,무상
945,동네폰 (8월 중 오픈 예정),폐휴대폰,수거함 설치,울산 북구 신기16길 3 ,민팃ATM,무상
946,동대구팀 동대구PT 대구은행역점,폐휴대폰,수거함 설치,대구시 수성구 수성동1가 90-6 ,민팃ATM,무상
947,동대구팀 위탁 제일직영점,폐휴대폰,수거함 설치,대구 수성구 지범로 199 ,민팃ATM,무상
948,동부대리점 개금점,폐휴대폰,수거함 설치,부산 부산진구 가야대로 450 ,민팃ATM,무상
949,동부대리점 금융단지점,폐휴대폰,수거함 설치,부산 부산진구 중앙번영로 28 ,민팃ATM,무상
950,동부대리점 동래점,폐휴대폰,수거함 설치,부산 동래구 명륜로 127-1 ,민팃ATM,무상
951,동부산팀 동부산1PT 광안역점,폐휴대폰,수거함 설치,부산 수영구 수영로 584 ,민팃ATM,무상
952,동부산팀 동부산2PT 서면1번가점,폐휴대폰,수거함 설치,부산 부산진구 중앙대로 683-1 ,민팃ATM,무상
953,동부산팀 동부산2PT 서면4호직영점,폐휴대폰,수거함 설치,부산 부산진구 서전로10번길 61 ,민팃ATM,무상
954,동삭동 동삭점,폐휴대폰,수거함 설치,경기도 평택시 동삭1로22번길 19-15 ,민팃ATM,무상
955,동산대리점 본점,폐휴대폰,수거함 설치,전북 전주시 덕진구 쪽구름로 53 ,민팃ATM,무상
956,동양대리점 덕진본점,폐휴대폰,수거함 설치,전북 전주시 덕진구 기린대로 486-1 ,민팃ATM,무상
957,동양대리점 진북태평점,폐휴대폰,수거함 설치,전북 전주시 덕진구 태진로 91 ,민팃ATM,무상
958,동운대리점 양평직영점,폐휴대폰,수거함 설치,경기 양평군 양평읍 관문길 6 ,민팃ATM,무상
959,동이대리점 김천직영점,폐휴대폰,수거함 설치,경북 김천시 시청로 79 ,민팃ATM,무상
960,동이대리점 봉화점,폐휴대폰,수거함 설치,경북 봉화군 봉화읍 봉화로 1161-5 ,민팃ATM,무상
961,동이대리점 옥계2호,폐휴대폰,수거함 설치,경북 구미시 옥계북로 8 ,민팃ATM,무상
962,동진대리점 가양역본,폐휴대폰,수거함 설치,서울 강서구 화곡로68길 3 ,민팃ATM,무상
963,동진대리점 부평역점,폐휴대폰,수거함 설치,인천 부평구 경원대로 1409 ,민팃ATM,무상
964,동행대리점 봉무점,폐휴대폰,수거함 설치,대구 동구 팔공로 259 ,민팃ATM,무상
965,동행대리점 상인 직영점,폐휴대폰,수거함 설치,대구 달서구 월곡로 247 ,민팃ATM,무상
966,동행대리점 서문시장점,폐휴대폰,수거함 설치,대구 중구 달성로 51 ,민팃ATM,무상
967,드림대리점 성남TPS점,폐휴대폰,수거함 설치,울산 중구 젊음의거리 30-3 ,민팃ATM,무상
968,드림라인대리점 안지랑점,폐휴대폰,수거함 설치,대구 남구 대명로 154 ,민팃ATM,무상
969,등촌동 등촌역점,폐휴대폰,수거함 설치,서울 양천구 공항대로 562 ,민팃ATM,무상
970,디지털프라자 광평점,폐휴대폰,수거함 설치,"경북 구미시 공단동 257-16,17번지 상가건물 ",민팃ATM,무상
971,디지털프라자 남울산점,폐휴대폰,수거함 설치,울산 남구 산업로643번길 26 ,민팃ATM,무상
972,디지털프라자 논산점,폐휴대폰,수거함 설치,충남 논산시 논산대로 330 ,민팃ATM,무상
973,디지털프라자 대잠점,폐휴대폰,수거함 설치,경북 포항시 남구 새천년대로 433 ,민팃ATM,무상
974,디지털프라자 동구미점,폐휴대폰,수거함 설치,경북 구미시 야은로 387 ,민팃ATM,무상
975,디지털프라자 북수원점,폐휴대폰,수거함 설치,경기 수원시 장안구 경수대로 985 ,민팃ATM,무상
976,디지털프라자 삼천점,폐휴대폰,수거함 설치,전라북도 전주시 완산구 백제대로 58 ,민팃ATM,무상
977,디지털프라자 여수점,폐휴대폰,수거함 설치,전남 여수시 좌수영로 327 ,민팃ATM,무상
978,디지털프라자 제주인화점,폐휴대폰,수거함 설치,제주특별자치도 제주시 동광로 105 ,민팃ATM,무상
979,디지털프라자 죽전점(대구),폐휴대폰,수거함 설치,대구 달서구 와룡로 180 ,민팃ATM,무상
980,디지털프라자 진주점,폐휴대폰,수거함 설치,경남 진주시 남강로 639 ,민팃ATM,무상
981,디지털프라자 화성캠퍼스2호점2,폐휴대폰,수거함 설치,경기 화성시 삼성전자로 1 ,민팃ATM,무상
982,라온대리점 동성로점,폐휴대폰,수거함 설치,대구 중구 동성로1길 46 ,민팃ATM,무상
983,라온대리점 만덕 그린코아점,폐휴대폰,수거함 설치,부산 북구 덕천로 241 ,민팃ATM,무상
984,라온대리점 메트로점,폐휴대폰,수거함 설치,부산 남구 용호로 48 ,민팃ATM,무상
985,라온대리점 부산대점,폐휴대폰,수거함 설치,부산 금정구 금정로 76 ,민팃ATM,무상
986,라온대리점 숙등역포레나점,폐휴대폰,수거함 설치,부산 북구 만덕대로 81 ,민팃ATM,무상
987,라온대리점 포항센터점,폐휴대폰,수거함 설치,강원 춘천시 퇴계농공로 22 ,민팃ATM,무상
988,라온대리점 하단점,폐휴대폰,수거함 설치,부산 사하구 낙동남로 1426 ,민팃ATM,무상
989,라인_서면점,폐휴대폰,수거함 설치,부산 부산진구 동천로 65 ,민팃ATM,무상
990,라콜대리점 본점(본점),폐휴대폰,수거함 설치,부산 동래구 반송로 272 ,민팃ATM,무상
991,랑랑대리점 명일역점,폐휴대폰,수거함 설치,서울 강동구 양재대로 1627 ,민팃ATM,무상
992,레이스대리점 장유점,폐휴대폰,수거함 설치,경남 김해시 번화1로56번길 19 ,민팃ATM,무상
993,레이스대리점 창원상남점,폐휴대폰,수거함 설치,경남 창원시 성산구 마디미로15번길 3 ,민팃ATM,무상
994,레이스대리점대리점 경남대점,폐휴대폰,수거함 설치,경남 창원시 마산합포구 월영동3길 5 ,민팃ATM,무상
995,레이스대리점대리점 상남점,폐휴대폰,수거함 설치,경남 창원시 성산구 마디미로73번길 25 ,민팃ATM,무상
996,레이스대리점대리점 시티세븐점,폐휴대폰,수거함 설치,경남 창원시 성산구 원이대로 320 ,민팃ATM,무상
997,렉스대리점 광안점,폐휴대폰,수거함 설치,부산 수영구 광안로 20 ,민팃ATM,무상
998,렉스대리점 교대점,폐휴대폰,수거함 설치,부산 연제구 중앙대로 1204 ,민팃ATM,무상
999,렉스대리점 기장직영점,폐휴대폰,수거함 설치,부산 기장군 기장읍 차성로288번길 57 ,민팃ATM,무상
1000,렉스대리점 김해직영점,폐휴대폰,수거함 설치,경남 김해시 함박로101번길 2 ,민팃ATM,무상
1001,렉스대리점 남포점,폐휴대폰,수거함 설치,부산 중구 구덕로 66 ,민팃ATM,무상
1002,렉스대리점 범천직영점,폐휴대폰,수거함 설치,부산 부산진구 신암로 83-1 ,민팃ATM,무상
1003,렉스대리점 서성점,폐휴대폰,수거함 설치,경남 창원시 마산합포구 동서서2길 2 ,민팃ATM,무상
1004,렉스대리점 신호점,폐휴대폰,수거함 설치,부산시 강서구 신호산단2로 33 ,민팃ATM,무상
1005,렉스대리점 옥동직영점,폐휴대폰,수거함 설치,울산 남구 문수로 344 ,민팃ATM,무상
1006,렉스대리점 웅상점,폐휴대폰,수거함 설치,경남 양산시 소주로 9 ,민팃ATM,무상
1007,렉스대리점 정관다이소점,폐휴대폰,수거함 설치,부산 기장군 정관읍 정관7로 34 ,민팃ATM,무상
1008,렉스대리점 진주신안점,폐휴대폰,수거함 설치,경남 진주시 진양호로 292 ,민팃ATM,무상
1009,렉스대리점 태화점,폐휴대폰,수거함 설치,부산 부산진구 중앙대로692번길 46 ,민팃ATM,무상
1010,렉스대리점 해운대직영점,폐휴대폰,수거함 설치,부산 해운대구 중동1로 39 ,민팃ATM,무상
1011,롯데마트 강변점,폐휴대폰,수거함 설치,경기 김포시 장릉1로 50 ,민팃ATM,무상
1012,롯데마트 구로점,폐휴대폰,수거함 설치,서울 구로구 경인로 482 ,민팃ATM,무상
1013,롯데마트 구리점,폐휴대폰,수거함 설치,경기 구리시 동구릉로136번길 57 ,민팃ATM,무상
1014,롯데마트 금정점,폐휴대폰,수거함 설치,부산 금정구 중앙대로 1731 ,민팃ATM,무상
1015,롯데마트 마장휴게소점,폐휴대폰,수거함 설치,경기 이천시 마장면 목리 산 13-32 ,민팃ATM,무상
1016,롯데마트 목포점,폐휴대폰,수거함 설치,전남 목포시 원형서로 15 ,민팃ATM,무상
1017,롯데마트 서울역점,폐휴대폰,수거함 설치,서울 중구 한강대로 405 ,민팃ATM,무상
1018,롯데마트 서현점,폐휴대폰,수거함 설치,경기 성남시 분당구 황새울로311번길 28 ,민팃ATM,무상
1019,롯데마트 양주점,폐휴대폰,수거함 설치,경기 양주시 평화로 1547 ,민팃ATM,무상
1020,롯데마트 의정부점,폐휴대폰,수거함 설치,경기 의정부시 산단로76번길 116 ,민팃ATM,무상
1021,롯데마트 전주점,폐휴대폰,수거함 설치,전북 전주시 완산구 우전로 240 ,민팃ATM,무상
1022,롯데마트 정읍점,폐휴대폰,수거함 설치,전북 정읍시 벚꽃로 85 ,민팃ATM,무상
1023,롯데마트 제주점,폐휴대폰,수거함 설치,제주특별자치도 제주시 연북로 1 ,민팃ATM,무상
1024,롯데마트 천안아산점,폐휴대폰,수거함 설치,충남 아산시 배방읍 광장로 210 ,민팃ATM,무상
1025,롯데마트 천안점,폐휴대폰,수거함 설치,충남 천안시 서북구 월봉로 95 ,민팃ATM,무상
1026,롯데마트 판교점,폐휴대폰,수거함 설치,경기 성남시 분당구 대왕판교로606번길 58 ,민팃ATM,무상
1027,롯데하이마트 NC대전유성점,폐휴대폰,수거함 설치,대전 유성구 계룡로 119 ,민팃ATM,무상
1028,롯데하이마트 거제점,폐휴대폰,수거함 설치,경남 거제시 거제대로 4583 ,민팃ATM,무상
1029,롯데하이마트 광산점,폐휴대폰,수거함 설치,광주 광산구 사암로 305 ,민팃ATM,무상
1030,롯데하이마트 구포점,폐휴대폰,수거함 설치,부산 북구 백양대로 1047 ,민팃ATM,무상
1031,롯데하이마트 김포한강롯데마트점,폐휴대폰,수거함 설치,경기 김포시 김포한강2로 41 ,민팃ATM,무상
1032,롯데하이마트 덕계점,폐휴대폰,수거함 설치,경남 양산시 웅상대로 831 ,민팃ATM,무상
1033,롯데하이마트 동광주점,폐휴대폰,수거함 설치,광주 북구 동문대로 188 ,민팃ATM,무상
1034,롯데하이마트 동수원점,폐휴대폰,수거함 설치,경기 수원시 팔달구 경수대로 548 ,민팃ATM,무상
1035,롯데하이마트 동탄호수공원점,폐휴대폰,수거함 설치,경기 화성시 동탄대로 186 ,민팃ATM,무상
1036,롯데하이마트 마석점,폐휴대폰,수거함 설치,경기 남양주시 화도읍 경춘로 1978 ,민팃ATM,무상
1037,롯데하이마트 백석점,폐휴대폰,수거함 설치,경기 고양시 일산동구 중앙로 1060 ,민팃ATM,무상
1038,롯데하이마트 별내점,폐휴대폰,수거함 설치,경기 남양주시 순화궁로 341 ,민팃ATM,무상
1039,롯데하이마트 부천점,폐휴대폰,수거함 설치,경기 부천시 경인로 175 ,민팃ATM,무상
1040,롯데하이마트 사하점,폐휴대폰,수거함 설치,부산 사하구 낙동대로 340 ,민팃ATM,무상
1041,롯데하이마트 삼척점,폐휴대폰,수거함 설치,강원 삼척시 사대안길 66 ,민팃ATM,무상
1042,롯데하이마트 상계점,폐휴대폰,수거함 설치,서울 노원구 동일로 1641 ,민팃ATM,무상
1043,롯데하이마트 서구청,폐휴대폰,수거함 설치,인천 서구 서곶로 326 ,민팃ATM,무상
1044,롯데하이마트 석남점,폐휴대폰,수거함 설치,인천 서구 가정로 284 ,민팃ATM,무상
1045,롯데하이마트 송천점,폐휴대폰,수거함 설치,전북 전주시 덕진구 송천중앙로 247 ,민팃ATM,무상
1046,롯데하이마트 안중점,폐휴대폰,수거함 설치,경기 평택시 안중읍 경성1길 5 ,민팃ATM,무상
1047,롯데하이마트 양산물금점,폐휴대폰,수거함 설치,경남 양산시 물금읍 증산역로 158 ,민팃ATM,무상
1048,롯데하이마트 양주LF스퀘어점,폐휴대폰,수거함 설치,경기 양주시 평화로 1593 ,민팃ATM,무상
1049,롯데하이마트 양주점,폐휴대폰,수거함 설치,경기 양주시 평화로 1529 ,민팃ATM,무상
1050,롯데하이마트 영통점,폐휴대폰,수거함 설치,경기 수원시 영통구 덕영대로 1465 ,민팃ATM,무상
1051,롯데하이마트 오산점,폐휴대폰,수거함 설치,경기 오산시 경기대로 224 ,민팃ATM,무상
1052,롯데하이마트 조례점,폐휴대폰,수거함 설치,전남 순천시 백강로 290 ,민팃ATM,무상
1053,롯데하이마트 첨단롯데마트점,폐휴대폰,수거함 설치,광주 광산구 첨단강변로99번길 22 ,민팃ATM,무상
1054,롯데하이마트 첨단점,폐휴대폰,수거함 설치,광주 광산구 임방울대로 834 ,민팃ATM,무상
1055,롯데하이마트 테크노밸리점,폐휴대폰,수거함 설치,대전 유성구 테크노중앙로 31 ,민팃ATM,무상
1056,롯데하이마트 하남점,폐휴대폰,수거함 설치,경기 하남시 하남대로 805 ,민팃ATM,무상
1057,롯데하이마트 효천점,폐휴대폰,수거함 설치,전북 전주시 완산구 쑥고개로 364 ,민팃ATM,무상
1058,리더스대리점 미도점(롯데백화점옆),폐휴대폰,수거함 설치,서울 노원구 동일로 1426 ,민팃ATM,무상
1059,리치대리점 본점,폐휴대폰,수거함 설치,대구 동구 안심로22길 50 ,민팃ATM,무상
1060,리치대리점 칠곡 프리미엄 SHOP,폐휴대폰,수거함 설치,대구 북구 동암로 96 ,민팃ATM,무상
1061,마산대리점 신마산점,폐휴대폰,수거함 설치,경남 창원시 마산합포구 월영동서로 20 ,민팃ATM,무상
1062,만수동 하나로마트점,폐휴대폰,수거함 설치,인천 남동구 장승로 32 ,민팃ATM,무상
1063,만평대리점 구암점,폐휴대폰,수거함 설치,대구 북구 구암로 150 ,민팃ATM,무상
1064,만평대리점 사동점,폐휴대폰,수거함 설치,경북 경산시 백자로 78 ,민팃ATM,무상
1065,만평대리점 신월성점,폐휴대폰,수거함 설치,"대구 달서구 조암로 4, (월성동,그루메디컬빌딩) ",민팃ATM,무상
1066,만평대리점 알파시티점,폐휴대폰,수거함 설치,대구 수성구 알파시티2로 33 ,민팃ATM,무상
1067,만평대리점 이시아폴리스점,폐휴대폰,수거함 설치,대구 남구 대명로 213 ,민팃ATM,무상
1068,만평대리점 장기점,폐휴대폰,수거함 설치,대구 달서구 용산로 68 ,민팃ATM,무상
1069,만평대리점 지산점,폐휴대폰,수거함 설치,대구 수성구 지산로 53 ,민팃ATM,무상
1070,매입room,폐휴대폰,수거함 설치,서울 중구 을지로5길 16 ,민팃ATM,무상
1071,맥스대리점 SAM.A 탄방점,폐휴대폰,수거함 설치,대전 서구 문정로 82 ,민팃ATM,무상
1072,맥스대리점 구성직영점,폐휴대폰,수거함 설치,충남 천안시 동남구 충절로 295-11 ,민팃ATM,무상
1073,맥스대리점 내수점,폐휴대폰,수거함 설치,충북 청주시 청원구 내수읍 마산3길 54 ,민팃ATM,무상
1074,맥스대리점 목원대점,폐휴대폰,수거함 설치,대전 서구 동서대로 688 ,민팃ATM,무상
1075,맥스대리점 선화점,폐휴대폰,수거함 설치,대전 중구 중앙로 23-12 ,민팃ATM,무상
1076,맥스대리점 수청사거리점,폐휴대폰,수거함 설치,충남 보령시 희망1길 118 ,민팃ATM,무상
1077,맥스대리점 신부점,폐휴대폰,수거함 설치,충남 천안시 동남구 만남로 32 ,민팃ATM,무상
1078,맥스대리점 율량점,폐휴대폰,수거함 설치,충북 청주시 청원구 율봉로 199 ,민팃ATM,무상
1079,맥스대리점 정림점,폐휴대폰,수거함 설치,대전 서구 정림로 62-1 ,민팃ATM,무상
1080,메가스토어 마산역점,폐휴대폰,수거함 설치,경남 창원시 마산회원구 3·15대로 624 ,민팃ATM,무상
1081,메가스토어황금,폐휴대폰,수거함 설치,대구 수성구 황금동 542 ,민팃ATM,무상
1082,메이저대리점 지안소답점,폐휴대폰,수거함 설치,경남 창원시 의창구 읍성로 78 ,민팃ATM,무상
1083,메이저대리점 합성투자매장점,폐휴대폰,수거함 설치,경남 창원시 마산회원구 3·15대로 744 ,민팃ATM,무상
1084,메트로 지산점,폐휴대폰,수거함 설치,대구 수성구 용학로 200 ,민팃ATM,무상
1085,메트로대리점 칠곡3지구점,폐휴대폰,수거함 설치,대구 북구 구암로65길 2 ,민팃ATM,무상
1086,메트로대리점 현풍직영점,폐휴대폰,수거함 설치,대구 달성군 현풍읍 현풍중앙로 22 ,민팃ATM,무상
1087,멘토박스,폐휴대폰,수거함 설치,서울 광진구 광나루로56길 85 ,민팃ATM,무상
1088,명성대리점 경성대2호점,폐휴대폰,수거함 설치,부산 남구 용소로 11 ,민팃ATM,무상
1089,명성대리점 경성대점,폐휴대폰,수거함 설치,부산 남구 용소로 14 ,민팃ATM,무상
1090,명성대리점 경성대직영점,폐휴대폰,수거함 설치,부산 남구 수영로325번길 11 ,민팃ATM,무상
1091,명성대리점 부산대점,폐휴대폰,수거함 설치,부산 금정구 금정로 76 ,민팃ATM,무상
1092,명성대리점 서면점,폐휴대폰,수거함 설치,부산 부산진구 중앙대로692번길 46 ,민팃ATM,무상
1093,모노대리점 아양점,폐휴대폰,수거함 설치,경기 안성시 아양2로 109 ,민팃ATM,무상
1094,모다대리점 강릉점,폐휴대폰,수거함 설치,강원 강릉시 경강로 2088 ,민팃ATM,무상
1095,모다대리점 동해점,폐휴대폰,수거함 설치,강원 동해시 천곡로 76 ,민팃ATM,무상
1096,모바일샵,폐휴대폰,수거함 설치,경기 수원시 권선구 금곡로 46 ,민팃ATM,무상
1097,목동더샵리슈빌,폐휴대폰,수거함 설치,대전 중구 선화서로 115 ,민팃ATM,무상
1098,목동올리브힐,폐휴대폰,수거함 설치,대전 중구 목동로 70 ,민팃ATM,무상
1099,무등대리점 동천마을점,폐휴대폰,수거함 설치,광주광역시 서구 하남대로 680번길 3 ,민팃ATM,무상
1100,물류room,폐휴대폰,수거함 설치,서울 중구 을지로5길 16 ,민팃ATM,무상
1101,미다스 평화점,폐휴대폰,수거함 설치,전북 전주시 완산구 평화18길 23-4 ,민팃ATM,무상
1102,미래대리점 동천점,폐휴대폰,수거함 설치,광주 서구 하남대로 680번길 3 ,민팃ATM,무상
1103,미래대리점 동탄직영점,폐휴대폰,수거함 설치,경기 화성시 동탄순환대로 263 ,민팃ATM,무상
1104,미래대리점 동탄호수직영점,폐휴대폰,수거함 설치,경기 화성시 동탄대로 181 ,민팃ATM,무상
1105,미래대리점 묵동직영점,폐휴대폰,수거함 설치,서울 중랑구 동일로157길 14 ,민팃ATM,무상
1106,미래대리점 미사역2직영점,폐휴대폰,수거함 설치,경기 하남시 미사강변중앙로 180 ,민팃ATM,무상
1107,미래대리점 미사직영점,폐휴대폰,수거함 설치,경기 하남시 미사강변동로 95 ,민팃ATM,무상
1108,미래대리점 봉선점,폐휴대폰,수거함 설치,광주 남구 봉선2로 81 ,민팃ATM,무상
1109,미래대리점 산본직영점,폐휴대폰,수거함 설치,경기 군포시 산본로323번길 16-30 ,민팃ATM,무상
1110,미래대리점 장평직영점,폐휴대폰,수거함 설치,서울 동대문구 답십리로 289 ,민팃ATM,무상
1111,미소대리점 거제플러스점,폐휴대폰,수거함 설치,경남 거제시 거제중앙로 1918 ,민팃ATM,무상
1112,미소대리점 고현점,폐휴대폰,수거함 설치,경남 거제시 거제중앙로31길 4 ,민팃ATM,무상
1113,미소대리점 고현플러스점,폐휴대폰,수거함 설치,경남 거제시 서문로 71 ,민팃ATM,무상
1114,미소대리점 김해점,폐휴대폰,수거함 설치,경남 김해시 해반천로144번길 29-42 ,민팃ATM,무상
1115,미소대리점 보건점,폐휴대폰,수거함 설치,경남 진주시 창렬로 106 ,민팃ATM,무상
1116,미소대리점 부산대점,폐휴대폰,수거함 설치,부산 금정구 금정로60번길 26 ,민팃ATM,무상
1117,미소대리점 수영점,폐휴대폰,수거함 설치,부산 수영구 광일로 26 ,민팃ATM,무상
1118,미소대리점 아주2호점,폐휴대폰,수거함 설치,경남 거제시 아주로 26 ,민팃ATM,무상
1119,미소대리점 와동공원,폐휴대폰,수거함 설치,경기 안산시 단원구 선부로 233 ,민팃ATM,무상
1120,미소대리점 진주대로2호점,폐휴대폰,수거함 설치,경남 진주시 진양호로527번길 8 ,민팃ATM,무상
1121,미소대리점 초전점,폐휴대폰,수거함 설치,경남 진주시 초전북로 68 (초전동) ,민팃ATM,무상
1122,미소대리점 하대점,폐휴대폰,수거함 설치,경남 진주시 하대로 93 ,민팃ATM,무상
1123,민팃 테스트,폐휴대폰,수거함 설치,서울 마포구 성암로 189 ,민팃ATM,무상
1124,민팃 팝업스토어,폐휴대폰,수거함 설치,서울 마포구 양화로23길 22-7 ,민팃ATM,무상
1125,민팃1층센터ATM0,폐휴대폰,수거함 설치,서울 마포구 성암로 189 ,민팃ATM,무상
1126,민팃미니6층,폐휴대폰,수거함 설치,서울 마포구 성암로 189 ,민팃ATM,무상
1127,민팃센터Box,폐휴대폰,수거함 설치,서울 마포구 성암로 189 ,민팃ATM,무상
1128,민팃에이텍복합기,폐휴대폰,수거함 설치,경기 성남시 분당구 판교로 289 ,민팃ATM,무상
1129,민팃테스트 ATM,폐휴대폰,수거함 설치,서울 마포구 상암동 1566-1 ,민팃ATM,무상
1130,바른 모악로점,폐휴대폰,수거함 설치,전북 익산시 무왕로20길 3 ,민팃ATM,무상
1131,바른대리점 모현점,폐휴대폰,수거함 설치,전북 익산시 선화로 77 ,민팃ATM,무상
1132,바른대리점 효천점,폐휴대폰,수거함 설치,전라북도 전주시 완산구 난전들로 263 ,민팃ATM,무상
1133,반석동 반석역점,폐휴대폰,수거함 설치,대전 유성구 반석로 13 ,민팃ATM,무상
1134,방학동 신방학점,폐휴대폰,수거함 설치,서울시 도봉구 방학로 172 ,민팃ATM,무상
1135,백두대간대리점 목동직영점,폐휴대폰,수거함 설치,서울 양천구 목동서로 349 ,민팃ATM,무상
1136,백두대간대리점 상암DMC점,폐휴대폰,수거함 설치,서울 마포구 월드컵북로54길 17 ,민팃ATM,무상
1137,백마장대리점 검암직영점,폐휴대폰,수거함 설치,인천 서구 승학로 567 ,민팃ATM,무상
1138,백마장대리점 계산역직영점,폐휴대폰,수거함 설치,인천 계양구 경명대로 1083 ,민팃ATM,무상
1139,백마장대리점 구월직영점,폐휴대폰,수거함 설치,인천 남동구 성말로 10 ,민팃ATM,무상
1140,백마장대리점 시흥점,폐휴대폰,수거함 설치,서울 금천구 금하로 679 ,민팃ATM,무상
1141,백마장대리점 신림중앙직영점,폐휴대폰,수거함 설치,서울 관악구 남부순환로 1599 ,민팃ATM,무상
1142,백색대리점 평리점,폐휴대폰,수거함 설치,대구 서구 국채보상로 294 ,민팃ATM,무상
1143,베스트대리점 매곡점,폐휴대폰,수거함 설치,광주광역시 북구 매곡로 63 ,민팃ATM,무상
1144,베스트대리점 본점,폐휴대폰,수거함 설치,광주 북구 설죽로315번길 1 ,민팃ATM,무상
1145,베스트대리점 송정점,폐휴대폰,수거함 설치,광주광역시 광산구 내상로 23 ,민팃ATM,무상
1146,베테랑대리점 송리단점,폐휴대폰,수거함 설치,서울 송파구 백제고분로 425 ,민팃ATM,무상
1147,베테랑대리점 언주역점,폐휴대폰,수거함 설치,서울 강남구 논현로 607 ,민팃ATM,무상
1148,베테랑대리점 장지역점,폐휴대폰,수거함 설치,서울시 송파구 새말로8길 29 ,민팃ATM,무상
1149,베트남 VINA ATM,폐휴대폰,수거함 설치,서울 마포구 성암로 189 ,민팃ATM,무상
1150,베트남 VINA 미니,폐휴대폰,수거함 설치,서울 마포구 성암로 189 ,민팃ATM,무상
1151,별마루 루원시티점,폐휴대폰,수거함 설치,인천 서구 염곡로498번안길 16-1 ,민팃ATM,무상
1152,별마루대리점 동인천점,폐휴대폰,수거함 설치,인천 중구 우현로 57 ,민팃ATM,무상
1153,보물섬통신,폐휴대폰,수거함 설치,대구시 서구 달서로 13 ,민팃ATM,무상
1154,보배대리점 죽도점,폐휴대폰,수거함 설치,경북 포항시 북구 중흥로 231 ,민팃ATM,무상
1155,복대동 두진백로점,폐휴대폰,수거함 설치,충북 청주시 흥덕구 증안로 40 ,민팃ATM,무상
1156,본오3동 주민센터점,폐휴대폰,수거함 설치,경기 안산시 상록구 본삼로 39 ,민팃ATM,무상
1157,봉화대리점 중마2호점,폐휴대폰,수거함 설치,전남 광양시 길호3길 1 ,민팃ATM,무상
1158,부개대리점 중동현대,폐휴대폰,수거함 설치,경기 부천시 석천로177번길 29 ,민팃ATM,무상
1159,부국대리점 본점,폐휴대폰,수거함 설치,대구 수성구 교학로 39-1 ,민팃ATM,무상
1160,부산북구대리점 경성대부경대점,폐휴대폰,수거함 설치,부산 남구 용소로 11 ,민팃ATM,무상
1161,부천팀 안산PT 목감점,폐휴대폰,수거함 설치,경기 시흥시 목감남서로 9-27 키움프라자 1층 T 프리미엄스토어 ,민팃ATM,무상
1162,부천팀 안산PT 안산중앙롯데점,폐휴대폰,수거함 설치,경기 안산시 단원구 당곡로 12 ,민팃ATM,무상
1163,부천팀 안산PT 정왕역점,폐휴대폰,수거함 설치,경기 시흥시 마유로418번길 12 ,민팃ATM,무상
1164,부평역전대리점 본점,폐휴대폰,수거함 설치,인천 부평구 부평대로 10 ,민팃ATM,무상
1165,북가좌대리점 본점,폐휴대폰,수거함 설치,서울 서대문구 응암로 140 ,민팃ATM,무상
1166,북구대리점 안락로타리점,폐휴대폰,수거함 설치,부산 동래구 반송로 202 ,민팃ATM,무상
1167,북구대리점 안락점,폐휴대폰,수거함 설치,부산 동래구 안남로 43 ,민팃ATM,무상
1168,분당 캠퍼스,폐휴대폰,수거함 설치,경기 성남시 분당구 성남대로343번길 9 ,민팃ATM,무상
1169,비산동 비산이마트점,폐휴대폰,수거함 설치,경기 안양시 동안구 관악대로 99 ,민팃ATM,무상
1170,빅마켓 도봉점,폐휴대폰,수거함 설치,서울 도봉구 마들로 645 ,민팃ATM,무상
1171,빅마켓 신영통점,폐휴대폰,수거함 설치,경기 화성시 삼성1로 333 ,민팃ATM,무상
1172,빅마켓 킨텍스점,폐휴대폰,수거함 설치,경기 고양시 일산서구 주엽로 79 ,민팃ATM,무상
1173,산성동 산성네거리점,폐휴대폰,수거함 설치,대전 중구 보문산로 55 ,민팃ATM,무상
1174,삼보대리점 서정점,폐휴대폰,수거함 설치,경기 평택시 정암로 6 ,민팃ATM,무상
1175,삼보대리점 처인점,폐휴대폰,수거함 설치,경기 용인시 처인구 금령로13번길 16 ,민팃ATM,무상
1176,삼성 강남점,폐휴대폰,수거함 설치,서울 서초구 강남대로 411 ,민팃ATM,무상
1177,삼성1차아파트,폐휴대폰,수거함 설치,서울 마포구 신공덕동 155 ,민팃ATM,무상
1178,삼성R3,폐휴대폰,수거함 설치,경기도 수원시 영통구 삼성로 129 ,민팃ATM,무상
1179,삼성R4,폐휴대폰,수거함 설치,경기도 수원시 영통구 삼성로 129 ,민팃ATM,무상
1180,삼성R5,폐휴대폰,수거함 설치,경기도 수원시 영통구 삼성로 129 ,민팃ATM,무상
1181,삼성R5_2,폐휴대폰,수거함 설치,경기도 수원시 영통구 삼성로 129 ,민팃ATM,무상
1182,삼성디지털프라자 MJ컨벤션점,폐휴대폰,수거함 설치,경기 부천시 경인로 386 ,민팃ATM,무상
1183,삼성디지털프라자 경화점,폐휴대폰,수거함 설치,경남 창원시 진해구 충장로 368 ,민팃ATM,무상
1184,삼성디지털프라자 광주신안점,폐휴대폰,수거함 설치,광주 북구 서암대로 107 ,민팃ATM,무상
1185,삼성디지털프라자 광주양산점,폐휴대폰,수거함 설치,광주 북구 하서로 410 ,민팃ATM,무상
1186,삼성디지털프라자 구산점,폐휴대폰,수거함 설치,경남 김해시 김해대로1902번길 83 ,민팃ATM,무상
1187,삼성디지털프라자 남울산점,폐휴대폰,수거함 설치,울산 남구 삼산로 357 ,민팃ATM,무상
1188,삼성디지털프라자 동래점,폐휴대폰,수거함 설치,부산 동래구 중앙대로 1271 ,민팃ATM,무상
1189,삼성디지털프라자 동탄2신도시점,폐휴대폰,수거함 설치,경기 화성시 동탄순환대로 701 ,민팃ATM,무상
1190,삼성디지털프라자 명일점,폐휴대폰,수거함 설치,서울 강동구 양재대로 1584 ,민팃ATM,무상
1191,삼성디지털프라자 무거점,폐휴대폰,수거함 설치,울산 남구 북부순환도로 21 ,민팃ATM,무상
1192,삼성디지털프라자 문래점,폐휴대폰,수거함 설치,서울 영등포구 당산로 65 ,민팃ATM,무상
1193,삼성디지털프라자 범어점,폐휴대폰,수거함 설치,대구 수성구 달구벌대로 2499 ,민팃ATM,무상
1194,삼성디지털프라자 병점점,폐휴대폰,수거함 설치,경기 화성시 효행로 986 ,민팃ATM,무상
1195,삼성디지털프라자 부산하단점,폐휴대폰,수거함 설치,부산 사하구 낙동남로 1427 ,민팃ATM,무상
1196,삼성디지털프라자 부천점,폐휴대폰,수거함 설치,경기 부천시 경인로 107 ,민팃ATM,무상
1197,삼성디지털프라자 사당역점,폐휴대폰,수거함 설치,서울 동작구 동작대로 35 ,민팃ATM,무상
1198,삼성디지털프라자 삼성코엑스점,폐휴대폰,수거함 설치,서울 강남구 영동대로 513 ,민팃ATM,무상
1199,삼성디지털프라자 상대점,폐휴대폰,수거함 설치,경남 진주시 대신로 298 ,민팃ATM,무상
1200,삼성디지털프라자 상록수점,폐휴대폰,수거함 설치,경기 안산시 상록구 용신로 363 ,민팃ATM,무상
1201,삼성디지털프라자 서울산점,폐휴대폰,수거함 설치,울산 남구 삼산로 84 ,민팃ATM,무상
1202,삼성디지털프라자 수영점,폐휴대폰,수거함 설치,부산 수영구 연수로 349 ,민팃ATM,무상
1203,삼성디지털프라자 신풍점,폐휴대폰,수거함 설치,서울 영등포구 신길로 59 ,민팃ATM,무상
1204,삼성디지털프라자 아산시청점,폐휴대폰,수거함 설치,충남 아산시 시민로 441 ,민팃ATM,무상
1205,삼성디지털프라자 양산본점,폐휴대폰,수거함 설치,경남 양산시 물금읍 범어리 2711-31 ,민팃ATM,무상
1206,삼성디지털프라자 울산북점,폐휴대폰,수거함 설치,울산 북구 신답로 23 ,민팃ATM,무상
1207,삼성디지털프라자 장평점,폐휴대폰,수거함 설치,서울 동대문구 장한로 188 ,민팃ATM,무상
1208,삼성디지털프라자 중울산점,폐휴대폰,수거함 설치,울산 중구 번영로 483 ,민팃ATM,무상
1209,삼성디지털프라자 증산점,폐휴대폰,수거함 설치,경남 양산시 물금읍 증산역로 152 ,민팃ATM,무상
1210,삼성디지털프라자 탄방점,폐휴대폰,수거함 설치,대전 서구 문정로 92 ,민팃ATM,무상
1211,삼성디지털프라자 호매실점,폐휴대폰,수거함 설치,경기 수원시 권선구 서부로 1890 ,민팃ATM,무상
1212,삼성디지털프라자 홍대본점,폐휴대폰,수거함 설치,서울 마포구 양화로 171 ,민팃ATM,무상
1213,삼성디지털프라자 홍대본점 Event10,폐휴대폰,수거함 설치,서울 마포구 양화로 171 ,민팃ATM,무상
1214,삼성디지털프라자 홍대본점 Event5,폐휴대폰,수거함 설치,서울 마포구 양화로 171 ,민팃ATM,무상
1215,삼성디지털프라자 홍대본점 Event6,폐휴대폰,수거함 설치,서울 마포구 양화로 171 ,민팃ATM,무상
1216,삼성디지털프라자 홍대본점 Event7,폐휴대폰,수거함 설치,서울 마포구 양화로 171 ,민팃ATM,무상
1217,삼성디지털프라자 홍대본점 Event8,폐휴대폰,수거함 설치,서울 마포구 양화로 171 ,민팃ATM,무상
1218,삼성디지털프라자 홍대본점 Event9,폐휴대폰,수거함 설치,서울 마포구 양화로 171 ,민팃ATM,무상
1219,삼성디지털프라자 홍대센터,폐휴대폰,수거함 설치,경기 안양시 만안구 양화로 147 ,민팃ATM,무상
1220,삼성디지털프라자 홍성점,폐휴대폰,수거함 설치,충남 홍성군 홍성읍 내포로 125 ,민팃ATM,무상
1221,삼성디지털프라자 효문점,폐휴대폰,수거함 설치,울산 북구 염포로 160 ,민팃ATM,무상
1222,삼성모바일샵위례,폐휴대폰,수거함 설치,경기 하남시 위례대로 200 ,민팃ATM,무상
1223,삼성생명서초타워,폐휴대폰,수거함 설치,서울 서초구 서초대로74길 4 ,민팃ATM,무상
1224,삼성센트럴파크,폐휴대폰,수거함 설치,경기도 수원시 영통구 삼성로 129 ,민팃ATM,무상
1225,삼성수원 R4,폐휴대폰,수거함 설치,경기 수원시 영통구 삼성로 129 ,민팃ATM,무상
1226,삼성수원 센트럴파크,폐휴대폰,수거함 설치,경기 수원시 영통구 삼성로 129 ,민팃ATM,무상
1227,삼성스토어 강남,폐휴대폰,수거함 설치,서울 강남구 도산대로 336 ,민팃ATM,무상
1228,삼성스토어 강서,폐휴대폰,수거함 설치,서울 강서구 공항대로 571 ,민팃ATM,무상
1229,삼성스토어 강화,폐휴대폰,수거함 설치,인천 강화군 강화읍 강화대로 343-1 ,민팃ATM,무상
1230,삼성스토어 거제,폐휴대폰,수거함 설치,경남 거제시 거제대로 4557 ,민팃ATM,무상
1231,삼성스토어 경산모바일,폐휴대폰,수거함 설치,경북 경산시 대학로 142 ,민팃ATM,무상
1232,삼성스토어 경주,폐휴대폰,수거함 설치,경북 경주시 산업로 4465 ,민팃ATM,무상
1233,삼성스토어 고창,폐휴대폰,수거함 설치,전북 고창군 고창읍 중앙로 161 ,민팃ATM,무상
1234,삼성스토어 광명소하,폐휴대폰,수거함 설치,경기 광명시 금하로 454 ,민팃ATM,무상
1235,삼성스토어 광양,폐휴대폰,수거함 설치,전남 광양시 백운로 1025 ,민팃ATM,무상
1236,삼성스토어 군포,폐휴대폰,수거함 설치,경기 군포시 군포로 454 ,민팃ATM,무상
1237,삼성스토어 금왕,폐휴대폰,수거함 설치,충북 음성군 금왕읍 무극로 201 ,민팃ATM,무상
1238,삼성스토어 금촌모바일,폐휴대폰,수거함 설치,경기 파주시 새꽃로 175 ,민팃ATM,무상
1239,삼성스토어 금호,폐휴대폰,수거함 설치,광주 서구 금화로 46 ,민팃ATM,무상
1240,삼성스토어 김천,폐휴대폰,수거함 설치,경북 김천시 시청로 122 ,민팃ATM,무상
1241,삼성스토어 김포,폐휴대폰,수거함 설치,경기 김포시 감정동 502-26 ,민팃ATM,무상
1242,삼성스토어 당진,폐휴대폰,수거함 설치,충남 당진시 동부로 200 ,민팃ATM,무상
1243,삼성스토어 대방,폐휴대폰,수거함 설치,경남 창원시 성산구 가양로 132 ,민팃ATM,무상
1244,삼성스토어 대야신도림,폐휴대폰,수거함 설치,서울 구로구 새말로 97 ,민팃ATM,무상
1245,삼성스토어 대전,폐휴대폰,수거함 설치,대전 서구 대덕대로 254 ,민팃ATM,무상
1246,삼성스토어 덕양,폐휴대폰,수거함 설치,경기 고양시 덕양구 중앙로 472 ,민팃ATM,무상
1247,삼성스토어 동대전,폐휴대폰,수거함 설치,대전 대덕구 동서대로 1751 ,민팃ATM,무상
1248,삼성스토어 동두천,폐휴대폰,수거함 설치,경기 동두천시 삼육사로 975 ,민팃ATM,무상
1249,삼성스토어 동래,폐휴대폰,수거함 설치,부산 동래구 중앙대로 1271 ,민팃ATM,무상
1250,삼성스토어 동원유통,폐휴대폰,수거함 설치,대구 북구 유통단지로 45 ,민팃ATM,무상
1251,삼성스토어 동탄,폐휴대폰,수거함 설치,경기 화성시 삼성1로 217 ,민팃ATM,무상
1252,삼성스토어 동해,폐휴대폰,수거함 설치,강원 동해시 중앙로 202 ,민팃ATM,무상
1253,삼성스토어 동호,폐휴대폰,수거함 설치,대구 동구 안심로 353 ,민팃ATM,무상
1254,삼성스토어 롯데메종 동부산,폐휴대폰,수거함 설치,부산 기장군 기장읍 동부산관광로 8 ,민팃ATM,무상
1255,삼성스토어 롯데백화점 광복,폐휴대폰,수거함 설치,부산 중구 중앙대로 2 ,민팃ATM,무상
1256,삼성스토어 롯데백화점 잠실,폐휴대폰,수거함 설치,서울 송파구 올림픽로 240 ,민팃ATM,무상
1257,삼성스토어 롯데백화점 창원,폐휴대폰,수거함 설치,경남 창원시 성산구 중앙대로 124 ,민팃ATM,무상
1258,삼성스토어 목동,폐휴대폰,수거함 설치,서울 강서구 등촌로 7 ,민팃ATM,무상
1259,삼성스토어 봉담,폐휴대폰,수거함 설치,경기 화성시 효행로 271 ,민팃ATM,무상
1260,삼성스토어 부사,폐휴대폰,수거함 설치,대전 중구 대종로 282 ,민팃ATM,무상
1261,삼성스토어 부산,폐휴대폰,수거함 설치,부산 부산진구 신천대로 246 ,민팃ATM,무상
1262,삼성스토어 분당,폐휴대폰,수거함 설치,경기 성남시 분당구 백현로101번길 30 ,민팃ATM,무상
1263,삼성스토어 삼성강남점,폐휴대폰,수거함 설치,서울특별시 서초구 강남대로 411 ,민팃ATM,무상
1264,삼성스토어 서수원,폐휴대폰,수거함 설치,경기 수원시 권선구 서부로 1890 ,민팃ATM,무상
1265,삼성스토어 서울대,폐휴대폰,수거함 설치,서울 관악구 관악로 217 ,민팃ATM,무상
1266,삼성스토어 성남모란,폐휴대폰,수거함 설치,경기 성남시 수정구 모란로 1-1 ,민팃ATM,무상
1267,삼성스토어 송천,폐휴대폰,수거함 설치,전북 전주시 덕진구 과학로 21 ,민팃ATM,무상
1268,삼성스토어 스타필드시티위례,폐휴대폰,수거함 설치,경기 하남시 위례대로 200 ,민팃ATM,무상
1269,삼성스토어 신마석,폐휴대폰,수거함 설치,경기 남양주시 화도읍 마석중앙로 116 ,민팃ATM,무상
1270,삼성스토어 신암,폐휴대폰,수거함 설치,대구 동구 신암로 64 ,민팃ATM,무상
1271,삼성스토어 안양,폐휴대폰,수거함 설치,경기 안양시 동안구 시민대로 203 ,민팃ATM,무상
1272,삼성스토어 안중,폐휴대폰,수거함 설치,경기 평택시 안중읍 서동대로 1730 ,민팃ATM,무상
1273,삼성스토어 양산,폐휴대폰,수거함 설치,경남 양산시 물금읍 범구1길 29 ,민팃ATM,무상
1274,삼성스토어 양주,폐휴대폰,수거함 설치,경기 양주시 고덕로 321 ,민팃ATM,무상
1275,삼성스토어 여주점,폐휴대폰,수거함 설치,경기 여주시 세종로 232 ,민팃ATM,무상
1276,삼성스토어 연수송도,폐휴대폰,수거함 설치,인천 연수구 경원대로 294 ,민팃ATM,무상
1277,삼성스토어 영광,폐휴대폰,수거함 설치,전남 영광군 영광읍 물무로 20 ,민팃ATM,무상
1278,삼성스토어 영등포,폐휴대폰,수거함 설치,서울 영등포구 가마산로 476 ,민팃ATM,무상
1279,삼성스토어 영통,폐휴대폰,수거함 설치,경기 수원시 영통구 덕영대로 1477 ,민팃ATM,무상
1280,삼성스토어 은평,폐휴대폰,수거함 설치,서울 은평구 은평로 151 ,민팃ATM,무상
1281,삼성스토어 이천,폐휴대폰,수거함 설치,경기 이천시 경충대로 2557 ,민팃ATM,무상
1282,삼성스토어 익산,폐휴대폰,수거함 설치,전북 익산시 무왕로 951-6 ,민팃ATM,무상
1283,삼성스토어 장림,폐휴대폰,수거함 설치,부산 사하구 을숙도대로 679 ,민팃ATM,무상
1284,삼성스토어 장호원,폐휴대폰,수거함 설치,경기 이천시 장호원읍 장감로 22 ,민팃ATM,무상
1285,삼성스토어 전주,폐휴대폰,수거함 설치,전북 전주시 덕진구 견훤로 266 ,민팃ATM,무상
1286,삼성스토어 정읍,폐휴대폰,수거함 설치,전북 정읍시 서부산업도로 333 ,민팃ATM,무상
1287,삼성스토어 제주,폐휴대폰,수거함 설치,제주특별자치도 제주시 연삼로 9 ,민팃ATM,무상
1288,삼성스토어 제천,폐휴대폰,수거함 설치,충북 제천시 내토로 783 ,민팃ATM,무상
1289,삼성스토어 중리모바일,폐휴대폰,수거함 설치,경남 창원시 마산회원구 내서읍 함마대로 2786 ,민팃ATM,무상
1290,삼성스토어 진주,폐휴대폰,수거함 설치,경남 진주시 동부로 79 ,민팃ATM,무상
1291,삼성스토어 진천연수,폐휴대폰,수거함 설치,충청북도 진천군 진천읍 문화로 316 ,민팃ATM,무상
1292,삼성스토어 청라,폐휴대폰,수거함 설치,인천 서구 청라에메랄드로102번길 8-26 ,민팃ATM,무상
1293,삼성스토어 청주,폐휴대폰,수거함 설치,충북 청주시 서원구 1순환로 1066 ,민팃ATM,무상
1294,삼성스토어 충주연수,폐휴대폰,수거함 설치,충북 충주시 계명대로 213 ,민팃ATM,무상
1295,삼성스토어 칠곡,폐휴대폰,수거함 설치,대구 북구 칠곡중앙대로 325 ,민팃ATM,무상
1296,삼성스토어 포천,폐휴대폰,수거함 설치,경기 포천시 호국로 1389 ,민팃ATM,무상
1297,삼성스토어 풍암,폐휴대폰,수거함 설치,광주 서구 풍암순환로128번길 95 ,민팃ATM,무상
1298,삼성스토어 하동점,폐휴대폰,수거함 설치,경남 하동군 하동읍 중앙로 6 ,민팃ATM,무상
1299,삼성한가족,폐휴대폰,수거함 설치,경기도 수원시 영통구 삼성로 129 ,민팃ATM,무상
1300,삼화타워,폐휴대폰,수거함 설치,서울 중구 을지로5길 16 ,민팃ATM,무상
1301,삼화테스트(미니),폐휴대폰,수거함 설치,서울 중구 을지로5길 16 ,민팃ATM,무상
1302,상계동 노원역9번출구점,폐휴대폰,수거함 설치,서울 노원구 상계로3길 16 ,민팃ATM,무상
1303,상상대리점 대천점,폐휴대폰,수거함 설치,대구 달서구 진천로 120 ,민팃ATM,무상
1304,상상대리점 동성로직영점,폐휴대폰,수거함 설치,대구 중구 동성로1길 42 ,민팃ATM,무상
1305,상상대리점 시지직영점,폐휴대폰,수거함 설치,대구 수성구 달구벌대로 3204 ,민팃ATM,무상
1306,상상대리점 신서혁신센터점,폐휴대폰,수거함 설치,대구 동구 동호동 366-4 ,민팃ATM,무상
1307,상상대리점 신월성센터점,폐휴대폰,수거함 설치,대구 달서구 조암로 38 ,민팃ATM,무상
1308,상상대리점 월성CGV점,폐휴대폰,수거함 설치,대구 달서구 조암로 25 ,민팃ATM,무상
1309,상상대리점 월성센터점,폐휴대폰,수거함 설치,대구 달서구 조암로 48 ,민팃ATM,무상
1310,상상대리점 장기직영,폐휴대폰,수거함 설치,대구 달서구 장기로 243 ,민팃ATM,무상
1311,상상대리점 죽전역센터점,폐휴대폰,수거함 설치,대구 달서구 와룡로 123 ,민팃ATM,무상
1312,상상대리점 중앙직영점,폐휴대폰,수거함 설치,대구 중구 동성로1길 29-10 ,민팃ATM,무상
1313,상상대리점 청라언덕점,폐휴대폰,수거함 설치,대구 중구 남산로 56 ,민팃ATM,무상
1314,상상대리점 칠곡3지구점,폐휴대폰,수거함 설치,대구 북구 학정로 430 ,민팃ATM,무상
1315,상상대리점 한일로센터점,폐휴대폰,수거함 설치,대구 중구 동성로 53 ,민팃ATM,무상
1316,상암월드컵파크2단지,폐휴대폰,수거함 설치,서울 서대문구 홍제동 454 ,민팃ATM,무상
1317,상암월드컵파크3단지,폐휴대폰,수거함 설치,서울 마포구 상암동 1643 ,민팃ATM,무상
1318,상암월드컵파크6단지,폐휴대폰,수거함 설치,서울 마포구 상암동 1689 ,민팃ATM,무상
1319,새로고침모바일,폐휴대폰,수거함 설치,경기 의정부시 청사로 45 ,민팃ATM,무상
1320,새샘마을12단지,폐휴대폰,수거함 설치,세종 새롬남로 102 ,민팃ATM,무상
1321,새서울대리점 강남직영점,폐휴대폰,수거함 설치,서울 강남구 테헤란로1길 32 ,민팃ATM,무상
1322,새서울대리점 노원점,폐휴대폰,수거함 설치,서울시 노원구 상계로 55 ,민팃ATM,무상
1323,샤인대리점 명지점,폐휴대폰,수거함 설치,부산 강서구 명지오션시티4로 75 ,민팃ATM,무상
1324,샤인대리점 센텀파크점,폐휴대폰,수거함 설치,부산 해운대구 센텀중앙로 142 ,민팃ATM,무상
1325,서강대리점 구파발직영점,폐휴대폰,수거함 설치,서울 은평구 진관2로 19 ,민팃ATM,무상
1326,서광대리점 T-Cafe점,폐휴대폰,수거함 설치,광주 서구 내방로165번길 1 (쌍촌동) ,민팃ATM,무상
1327,서대구팀 서대구PT 신당직영점,폐휴대폰,수거함 설치,대구 달서구 계대동문로 19 ,민팃ATM,무상
1328,서대구팀 위탁 화원직영점,폐휴대폰,수거함 설치,대구 달성군 화원읍 비슬로 2602 ,민팃ATM,무상
1329,서부산팀 서부산PT 남포점,폐휴대폰,수거함 설치,부산시 중구 남포동5가 8-1 ,민팃ATM,무상
1330,서부산팀 서부산PT 덕포직영점,폐휴대폰,수거함 설치,부산 사상구 사상로 303 ,민팃ATM,무상
1331,서부산팀 서부산PT 장림2호점,폐휴대폰,수거함 설치,부산 사하구 다대로 274 ,민팃ATM,무상
1332,서부산팀 서부산PT 하단역점,폐휴대폰,수거함 설치,부산 사하구 낙동남로 1419 ,민팃ATM,무상
1333,서산동문대리점 당진읍내점,폐휴대폰,수거함 설치,충남 당진시 당진중앙2로 221 ,민팃ATM,무상
1334,서산동문대리점 석림직영점,폐휴대폰,수거함 설치,충남 서산시 한마음13로 6 ,민팃ATM,무상
1335,서산동문대리점 예천센트럴점,폐휴대폰,수거함 설치,충남 서산시 예천8로 8 ,민팃ATM,무상
1336,서산동문대리점 태안동문점,폐휴대폰,수거함 설치,충남 태안군 태안읍 다락미4길 5 ,민팃ATM,무상
1337,서운대리점 본점,폐휴대폰,수거함 설치,전북 고창군 고창읍 읍내리 654-3 ,민팃ATM,무상
1338,서울ENT대리점 부평로데오점,폐휴대폰,수거함 설치,인천 부평구 부평문화로 61 ,민팃ATM,무상
1339,서울ent개포점,폐휴대폰,수거함 설치,서울 강남구 개포로 232 ,민팃ATM,무상
1340,서울ent대리점 동탄점,폐휴대폰,수거함 설치,경기 화성시 동탄중심상가1길 9 ,민팃ATM,무상
1341,서울ent대리점 마곡점,폐휴대폰,수거함 설치,서울 강서구 마곡중앙5로 6 ,민팃ATM,무상
1342,서울ent대리점 목동점,폐휴대폰,수거함 설치,서울 양천구 오목로 299 ,민팃ATM,무상
1343,서울ent대리점 미금역점,폐휴대폰,수거함 설치,경기 성남시 분당구 성남대로 151 ,민팃ATM,무상
1344,서울ent대리점 삼성점,폐휴대폰,수거함 설치,서울 강남구 삼성로 519 ,민팃ATM,무상
1345,서울ent대리점 역삼점,폐휴대폰,수거함 설치,서울 강남구 강남대로 334 ,민팃ATM,무상
1346,서울ent대리점 원주혁신도시점,폐휴대폰,수거함 설치,강원 원주시 혁신로 37-3 ,민팃ATM,무상
1347,서울ent대리점 의정부2호점,폐휴대폰,수거함 설치,경기 의정부시 오목로205번길 18 ,민팃ATM,무상
1348,서울ent대리점 철원점,폐휴대폰,수거함 설치,강원 철원군 동송읍 금학로 248 ,민팃ATM,무상
1349,서울ent대리점 홍대직영점,폐휴대폰,수거함 설치,서울 마포구 홍익로 10 ,민팃ATM,무상
1350,서울ent대리점 흥업점,폐휴대폰,수거함 설치,강원 원주시 흥업면 남원로 76 ,민팃ATM,무상
1351,서울대리점 강남교보직영점,폐휴대폰,수거함 설치,서울 서초구 서초대로77길 61 ,민팃ATM,무상
1352,서울대리점 신림역직영점,폐휴대폰,수거함 설치,서울 관악구 신림로 360 ,민팃ATM,무상
1353,서울대리점 안산본오점,폐휴대폰,수거함 설치,경기 안산시 상록구 본오로 133 ,민팃ATM,무상
1354,서울대리점 양재직영점,폐휴대폰,수거함 설치,서울 강남구 남부순환로 2615 ,민팃ATM,무상
1355,서울대리점 영종도 하늘도시점,폐휴대폰,수거함 설치,인천 중구 하늘중앙로195번길 11 ,민팃ATM,무상
1356,서울여자대학교,폐휴대폰,수거함 설치,서울 노원구 화랑로 621 ,민팃ATM,무상
1357,서울종로대리점 신설점,폐휴대폰,수거함 설치,서울 동대문구 천호대로 14 ,민팃ATM,무상
1358,서울직영SHOP 청담사거리점,폐휴대폰,수거함 설치,서울 강남구 도산대로 514 ,민팃ATM,무상
1359,서원대리점 부산역 초량시장점,폐휴대폰,수거함 설치,부산 동구 중앙대로221번길 23 ,민팃ATM,무상
1360,서원정보대리점 본점,폐휴대폰,수거함 설치,광주 광산구 월계로 195 ,민팃ATM,무상
1361,서정대리점 모현점,폐휴대폰,수거함 설치,전북 익산시 선화로 77 ,민팃ATM,무상
1362,서정대리점 영등육교점,폐휴대폰,수거함 설치,전북 익산시 무왕로20길 3 ,민팃ATM,무상
1363,서정대리점 전북대2호점,폐휴대폰,수거함 설치,전북 전주시 덕진구 명륜4길 10 ,민팃ATM,무상
1364,서정대리점 호성프리,폐휴대폰,수거함 설치,전북 전주시 덕진구 호성1길 33 ,민팃ATM,무상
1365,서진주대리점 평거점,폐휴대폰,수거함 설치,경남 진주시 남강로309번길 44 ,민팃ATM,무상
1366,서초1동 교대역점,폐휴대폰,수거함 설치,서울 서초구 서초대로 302 ,민팃ATM,무상
1367,서초2동 강만역6번출구점,폐휴대폰,수거함 설치,서울시 서초구 강남대로 375 ,민팃ATM,무상
1368,서희스타힐스 부평센,폐휴대폰,수거함 설치,인천 부평구 상정로 35 ,민팃ATM,무상
1369,석관 두산아파트,폐휴대폰,수거함 설치,서울 성북구 석관동 10 ,민팃ATM,무상
1370,선린대리점 안산중앙점,폐휴대폰,수거함 설치,경기 안산시 단원구 고잔2길 59 ,민팃ATM,무상
1371,선인대리점 고척직영점,폐휴대폰,수거함 설치,서울 구로구 경인로47길 23 ,민팃ATM,무상
1372,선인대리점 남영직영점,폐휴대폰,수거함 설치,서울 용산구 한강대로 275-2 ,민팃ATM,무상
1373,성남신흥대리점 본점,폐휴대폰,수거함 설치,경기 성남시 중원구 산성대로 312-2 ,민팃ATM,무상
1374,성남중앙대리점 본점,폐휴대폰,수거함 설치,경기 성남시 분당구 성남대로 934 ,민팃ATM,무상
1375,성동팀 성동PT 상왕십리점,폐휴대폰,수거함 설치,서울 성동구 마장로 137 ,민팃ATM,무상
1376,성동팀 성동PT 중곡동직영점,폐휴대폰,수거함 설치,서울 광진구 면목로 116 (중곡동) ,민팃ATM,무상
1377,성동팀 위탁 뚝섬유원지역점,폐휴대폰,수거함 설치,서울 광진구 능동로 18 ,민팃ATM,무상
1378,성복동 성복역5번출구점,폐휴대폰,수거함 설치,용인시 수지구 성복2로 52 ,민팃ATM,무상
1379,세종대리점 본점,폐휴대폰,수거함 설치,경북 구미시 상모로8길 6 ,민팃ATM,무상
1380,세종한신더휴리저브,폐휴대폰,수거함 설치,세종 나성북1로 51 ,민팃ATM,무상
1381,세하 낙성대점,폐휴대폰,수거함 설치,서울 관악구 남부순환로 1942 ,민팃ATM,무상
1382,세하대리점 화곡시장점,폐휴대폰,수거함 설치,서울 강서구 화곡로 203 ,민팃ATM,무상
1383,세화대리점 수내역점,폐휴대폰,수거함 설치,경기 성남시 분당구 백현로101번길 12 ,민팃ATM,무상
1384,세화대리점 수내점,폐휴대폰,수거함 설치,경기 성남시 분당구 황새울로258번길 36 ,민팃ATM,무상
1385,세화대리점 판교테크노벨,폐휴대폰,수거함 설치,경기 성남시 분당구 판교역로 235 ,민팃ATM,무상
1386,솔로몬대리점 경산영대점,폐휴대폰,수거함 설치,경북 경산시 대학로 293 ,민팃ATM,무상
1387,솔로몬대리점 신암점,폐휴대폰,수거함 설치,대구 동구 동북로 415 ,민팃ATM,무상
1388,솔로몬대리점 지저점,폐휴대폰,수거함 설치,대구 동구 해동로 49-1 ,민팃ATM,무상
1389,수원팀 수원PT 수원역점,폐휴대폰,수거함 설치,경기 수원시 팔달구 향교로1번길 2 (매산로1가) 키노 ,민팃ATM,무상
1390,수택2동 남양시장점,폐휴대폰,수거함 설치,경기 구리시 검배로60번길 4 ,민팃ATM,무상
1391,숙명여자대학교,폐휴대폰,수거함 설치,서울 용산구 청파로47길 100 ,민팃ATM,무상
1392,순천봉화 Premium점,폐휴대폰,수거함 설치,전남 순천시 남신월길 2 ,민팃ATM,무상
1393,순천봉화대리점 인피니티점,폐휴대폰,수거함 설치,전남 여수시 시청로 23 ,민팃ATM,무상
1394,스마일대리점 시청점,폐휴대폰,수거함 설치,제주특별자치도 제주시 중앙로 230 ,민팃ATM,무상
1395,스마일대리점 신천점,폐휴대폰,수거함 설치,대구 동구 송라로 86 ,민팃ATM,무상
1396,스마일대리점 연동점,폐휴대폰,수거함 설치,제주 제주시 노연로 123 ,민팃ATM,무상
1397,스마트모바일,폐휴대폰,수거함 설치,대구 달서구 조암남로 16길 19 ,민팃ATM,무상
1398,스카이대리점대리점 신가점,폐휴대폰,수거함 설치,광주 광산구 하남대로 285 ,민팃ATM,무상
1399,스타코리아대리점 번동직영점,폐휴대폰,수거함 설치,서울 강북구 오현로32길 4-3 ,민팃ATM,무상
1400,승현대리점 군포당동직영점,폐휴대폰,수거함 설치,경기 군포시 군포로 454 ,민팃ATM,무상
1401,승현대리점 대야반월점,폐휴대폰,수거함 설치,경기 안산시 상록구 건건로 66 ,민팃ATM,무상
1402,승현대리점 보정동본점,폐휴대폰,수거함 설치,경기 용인시 기흥구 죽전로 15 ,민팃ATM,무상
1403,승현대리점 양지동직영점,폐휴대폰,수거함 설치,경기 성남시 수정구 산성대로 485 ,민팃ATM,무상
1404,시화본대리점 본점,폐휴대폰,수거함 설치,경기 시흥시 중심상가로 186 ,민팃ATM,무상
1405,신관동 신관점,폐휴대폰,수거함 설치,충남 공주시 공주대학로 94-3 ,민팃ATM,무상
1406,신나는대리점 명일직영점,폐휴대폰,수거함 설치,서울 강동구 구천면로 427 ,민팃ATM,무상
1407,신나는대리점 방이역직영점,폐휴대폰,수거함 설치,서울 송파구 마천로 61 ,민팃ATM,무상
1408,신도림테크노마트_비통신향mini,폐휴대폰,수거함 설치,서울 중구 을지로5길 16 ,민팃ATM,무상
1409,신동텔레콤,폐휴대폰,수거함 설치,대구시 북구 대현로 101 ,민팃ATM,무상
1410,신정네거리역점,폐휴대폰,수거함 설치,서울 양천구 중앙로 270 ,민팃ATM,무상
1411,신창대리점 광운대점,폐휴대폰,수거함 설치,서울 노원구 석계로 95 ,민팃ATM,무상
1412,신창대리점 신창번동점,폐휴대폰,수거함 설치,서울 성북구 월계로40길 7 ,민팃ATM,무상
1413,신천중앙신천점,폐휴대폰,수거함 설치,경기 시흥시 신천로 94 ,민팃ATM,무상
1414,씨앤대리점 침산점,폐휴대폰,수거함 설치,대구 북구 침산로 153 ,민팃ATM,무상
1415,씨엘_서동점,폐휴대폰,수거함 설치,부산 금정구 서동로 171 ,민팃ATM,무상
1416,씨이오통신 석동점(간판:폰가게),폐휴대폰,수거함 설치,경남 창원시 진해구 냉천로 67 ,민팃ATM,무상
1417,아이앤비(INB) 본점(본점),폐휴대폰,수거함 설치,대구 달서구 월배로 204 ,민팃ATM,무상
1418,아이언대리점 캡틴점,폐휴대폰,수거함 설치,부산 사상구 가야대로255번길 5 ,민팃ATM,무상
1419,아이티대리점 수유사거리점,폐휴대폰,수거함 설치,서울 강북구 덕릉로 82 ,민팃ATM,무상
1420,아이티대리점 영등포직영점,폐휴대폰,수거함 설치,서울 영등포구 영신로19길 23 ,민팃ATM,무상
1421,안동남부경북도청,폐휴대폰,수거함 설치,경북 안동시 풍천면 갈전리 1276 ,민팃ATM,무상
1422,안동남부대리점 중앙직영점,폐휴대폰,수거함 설치,경북 안동시 중앙로 33 ,민팃ATM,무상
1423,안동블루대리점 태화직영점,폐휴대폰,수거함 설치,경북 안동시 경동로 486 ,민팃ATM,무상
1424,알리바바대리점 태평직영점,폐휴대폰,수거함 설치,경기 성남시 수정구 탄리로 79 ,민팃ATM,무상
1425,알파대리점 길음뉴타운점,폐휴대폰,수거함 설치,서울 성북구 길음로 33 ,민팃ATM,무상
1426,알파대리점 노원직영,폐휴대폰,수거함 설치,서울 노원구 노해로 490 ,민팃ATM,무상
1427,알파대리점 라페스타점,폐휴대폰,수거함 설치,경기 고양시 일산동구 정발산로 33 ,민팃ATM,무상
1428,알파대리점 서대문역점,폐휴대폰,수거함 설치,서울 종로구 통일로 134 ,민팃ATM,무상
1429,알파대리점 신금호역점,폐휴대폰,수거함 설치,서울 성동구 금호로 149 ,민팃ATM,무상
1430,알파대리점 화정점,폐휴대폰,수거함 설치,경기 고양시 덕양구 화신로 263 ,민팃ATM,무상
1431,애플대리점 연수점,폐휴대폰,수거함 설치,충북 충주시 연수동산로1길 2 ,민팃ATM,무상
1432,애플대리점본점,폐휴대폰,수거함 설치,충북 충주시 계명대로 222 ,민팃ATM,무상
1433,애플서비스 흑석점,폐휴대폰,수거함 설치,서울 동작구 현충로 99 ,민팃ATM,무상
1434,에스알대리점 거여직영점,폐휴대폰,수거함 설치,서울 송파구 오금로 500 ,민팃ATM,무상
1435,에스알대리점 서울대역점,폐휴대폰,수거함 설치,서울 관악구 관악로 161-1 ,민팃ATM,무상
1436,에스알대리점 선릉역점,폐휴대폰,수거함 설치,서울 강남구 역삼동 705-30번지 ,민팃ATM,무상
1437,에스알대리점 지축역점,폐휴대폰,수거함 설치,경기 고양시 덕양구 지축로 62 ,민팃ATM,무상
1438,에스원대리점(본점),폐휴대폰,수거함 설치,인천 남동구 구월로 221 ,민팃ATM,무상
1439,엠에스커넥트 온양역점,폐휴대폰,수거함 설치,충남 아산시 온천대로 1489-1 ,민팃ATM,무상
1440,엠에스커넥트 용화점,폐휴대폰,수거함 설치,충남 아산시 어의정로 119 ,민팃ATM,무상
1441,엠에스커넥트 청양직영점,폐휴대폰,수거함 설치,충남 청양군 청양읍 중앙로3길 1 ,민팃ATM,무상
1442,여보세요 반월점,폐휴대폰,수거함 설치,대구시 중구 중앙대로 332 ,민팃ATM,무상
1443,여수서부대리점 본점,폐휴대폰,수거함 설치,전남 여수시 중앙로 71 ,민팃ATM,무상
1444,연신내대리점 3호점,폐휴대폰,수거함 설치,서울 은평구 응암로 170 ,민팃ATM,무상
1445,영일대리점 사직점,폐휴대폰,수거함 설치,부산 동래구 사직로70번길 46 ,민팃ATM,무상
1446,영일대리점 신정점,폐휴대폰,수거함 설치,울산 남구 팔등로 67 ,민팃ATM,무상
1447,예스 덕천TPS점,폐휴대폰,수거함 설치,부산 북구 만덕대로27번길 3 ,민팃ATM,무상
1448,예스대리점 부산시청점,폐휴대폰,수거함 설치,부산 연제구 중앙천로 94 ,민팃ATM,무상
1449,오름대리점 시청AS점,폐휴대폰,수거함 설치,제주특별자치도 제주시 서광로 302 ,민팃ATM,무상
1450,오름대리점 신제주점,폐휴대폰,수거함 설치,제주특별자치도 제주시 노연로 123 ,민팃ATM,무상
1451,온유대리점 본점,폐휴대폰,수거함 설치,강원 원주시 서원대로 159 ,민팃ATM,무상
1452,온유대리점 석사직영점,폐휴대폰,수거함 설치,강원 춘천시 후석로 10 ,민팃ATM,무상
1453,온유대리점 평창진부직영,폐휴대폰,수거함 설치,강원 평창군 진부면 진부중앙로 64 ,민팃ATM,무상
1454,올포원대리점 본점(본점),폐휴대폰,수거함 설치,충남 천안시 서북구 성정공원6길 1-12 ,민팃ATM,무상
1455,올포원대리점 오창호수점,폐휴대폰,수거함 설치,충북 청주시 청원구 오창읍 오창공원로 96 ,민팃ATM,무상
1456,와이즈대리점 범계직영점,폐휴대폰,수거함 설치,경기 안양시 동안구 시민대로 175 ,민팃ATM,무상
1457,와이즈신대방직영점,폐휴대폰,수거함 설치,서울 동작구 여의대방로 28 ,민팃ATM,무상
1458,왕대박,폐휴대폰,수거함 설치,경기 수원시 영통구 봉영로 1587 ,민팃ATM,무상
1459,왜관대리점 2호점,폐휴대폰,수거함 설치,경북 칠곡군 왜관읍 중앙로 187-1 ,민팃ATM,무상
1460,용암동 시티프라디움점,폐휴대폰,수거함 설치,충북 청주시 상당구 중고개로 142번길 17 ,민팃ATM,무상
1461,용인세브란스,폐휴대폰,수거함 설치,서울 마포구 성암로 189 ,민팃ATM,무상
1462,용전동_복합터미널홈플러스점,폐휴대폰,수거함 설치,대전 동구 동서대로 1695번길 22 ,민팃ATM,무상
1463,우리대리점 여서점,폐휴대폰,수거함 설치,전남 여수시 여서1로 83 ,민팃ATM,무상
1464,우리대리점 중앙점,폐휴대폰,수거함 설치,"전남 여수시 중앙로 50-1(교동, 행남자기) ",민팃ATM,무상
1465,우리통영대리점 죽림스타점,폐휴대폰,수거함 설치,경남 통영시 광도면 죽림3로 43 ,민팃ATM,무상
1466,우리통영대리점 죽림주영점,폐휴대폰,수거함 설치,경남 통영시 광도면 죽림3로 23-57 ,민팃ATM,무상
1467,우미린에듀포레아파트,폐휴대폰,수거함 설치,충북 청주시 상당구 중고개로142번길 20 ,민팃ATM,무상
1468,우인대리점 선부역직영점,폐휴대폰,수거함 설치,경기 안산시 단원구 달미로 10 ,민팃ATM,무상
1469,우일대리점 상남점,폐휴대폰,수거함 설치,창원시 성산구 마디미로73번길 25 ,민팃ATM,무상
1470,울림터대리점 건대화양점,폐휴대폰,수거함 설치,서울 광진구 동일로24길 77 ,민팃ATM,무상
1471,울림터대리점 뚝섬유원지점,폐휴대폰,수거함 설치,서울 광진구 뚝섬로 513 ,민팃ATM,무상
1472,울림터대리점 먹골역점,폐휴대폰,수거함 설치,서울 중랑구 동일로 911 ,민팃ATM,무상
1473,울림터대리점 합정역메세나점,폐휴대폰,수거함 설치,서울 마포구 양화로 45 ,민팃ATM,무상
1474,울산팀 울산PT 성남중앙점,폐휴대폰,수거함 설치,울산 중구 젊음의1거리 23 ,민팃ATM,무상
1475,울산팀 울산PT 양산증산점,폐휴대폰,수거함 설치,경남 양산시 물금읍 가촌리 1296-1 퍼스트조양빌딩 1층 113호(물금읍 증산역로 135) ,민팃ATM,무상
1476,울산팀 위탁 반구점,폐휴대폰,수거함 설치,울산 중구 염포로 20 ,민팃ATM,무상
1477,울산행복대리점 무거TPS점,폐휴대폰,수거함 설치,울산 남구 대학로84번길 5-11 ,민팃ATM,무상
1478,울산행복대리점 부산대점,폐휴대폰,수거함 설치,부산 금정구 금정로68번길 21 ,민팃ATM,무상
1479,울산행복대리점 온천장점,폐휴대폰,수거함 설치,부산 동래구 중앙대로 1523 ,민팃ATM,무상
1480,워시엔조이 성남위례점,폐휴대폰,수거함 설치,경기 성남시 수정구 위례서일로1길 8-22 ,민팃ATM,무상
1481,원성동 홈플러스점,폐휴대폰,수거함 설치,충남 천안시 동남구 충무로 505 ,민팃ATM,무상
1482,원진대리점 도봉점,폐휴대폰,수거함 설치,서울 도봉구 도봉로181길 16 ,민팃ATM,무상
1483,월드통신,폐휴대폰,수거함 설치,대구시 동구 효동로 57 ,민팃ATM,무상
1484,윈윈대리점 여의도점,폐휴대폰,수거함 설치,서울 영등포구 여의나루로 42 ,민팃ATM,무상
1485,윈윈대리점 후암점,폐휴대폰,수거함 설치,서울 용산구 후암로 48 ,민팃ATM,무상
1486,유니코리아대리점 보광동점,폐휴대폰,수거함 설치,서울 용산구 보광로 26-1 ,민팃ATM,무상
1487,유미컴공공(본점),폐휴대폰,수거함 설치,서울 영등포구 여의공원로 13 ,민팃ATM,무상
1488,유미컴대리점,폐휴대폰,수거함 설치,서울 영등포구 여의공원로 13 ,민팃ATM,무상
1489,유미컴대리점 SBS,폐휴대폰,수거함 설치,서울 양천구 목동서로 161 ,민팃ATM,무상
1490,유엔대리점 망포포레스퀘어점,폐휴대폰,수거함 설치,경기 수원시 영통구 덕영대로 1478 ,민팃ATM,무상
1491,유엔대리점 배곧사거리직영점,폐휴대폰,수거함 설치,경기 시흥시 서울대학로278번길 34 ,민팃ATM,무상
1492,유원대리점 구일역점,폐휴대폰,수거함 설치,서울 구로구 구일로10길 27 ,민팃ATM,무상
1493,유원대리점 금정역점,폐휴대폰,수거함 설치,경기 군포시 산본천로226번길 4 ,민팃ATM,무상
1494,유원대리점 낙성대점,폐휴대폰,수거함 설치,서울 관악구 남부순환로 1921 ,민팃ATM,무상
1495,유원대리점 상록수점,폐휴대폰,수거함 설치,경기 안산시 상록구 용신로 388 ,민팃ATM,무상
1496,유원대리점 이촌점,폐휴대폰,수거함 설치,서울 용산구 이촌로 248 ,민팃ATM,무상
1497,유원대리점 후곡마을점,폐휴대폰,수거함 설치,경기 고양시 일산서구 일산로 580 ,민팃ATM,무상
1498,육호대리점 본점,폐휴대폰,수거함 설치,경남 창원시 마산합포구 불종거리로 78-1 ,민팃ATM,무상
1499,율량금호어울림센트로,폐휴대폰,수거함 설치,충북 청주시 청원구 율천북로 91 ,민팃ATM,무상
1500,으뜸대리점 함안점,폐휴대폰,수거함 설치,경남 함안군 가야읍 함안대로 567 ,민팃ATM,무상
1501,이마트 가양점,폐휴대폰,수거함 설치,서울 강서구 양천로 559 ,민팃ATM,무상
1502,이마트 감삼점,폐휴대폰,수거함 설치,대구 달서구 와룡로 143 ,민팃ATM,무상
1503,이마트 동광주점,폐휴대폰,수거함 설치,광주 동구 중앙로 358 ,민팃ATM,무상
1504,이마트 이문점,폐휴대폰,수거함 설치,서울 동대문구 이문로 136 ,민팃ATM,무상
1505,이마트 익산점,폐휴대폰,수거함 설치,전북 익산시 평동로 705 ,민팃ATM,무상
1506,이마트 인천공항점,폐휴대폰,수거함 설치,인천 중구 공항로424번길 36 ,민팃ATM,무상
1507,이마트 전주점,폐휴대폰,수거함 설치,전북 전주시 완산구 당산로 111 ,민팃ATM,무상
1508,이마트 제주점,폐휴대폰,수거함 설치,제주특별자치도 제주시 탑동로 38 ,민팃ATM,무상
1509,이천 캠퍼스,폐휴대폰,수거함 설치,경기 이천시 부발읍 경충대로 2091 ,민팃ATM,무상
1510,이천하이닉스2,폐휴대폰,수거함 설치,경기 이천시 부발읍 경충대로 2091 ,민팃ATM,무상
1511,이편한통신,폐휴대폰,수거함 설치,경북 경산시 대학로 134 ,민팃ATM,무상
1512,이화여자대학교,폐휴대폰,수거함 설치,서울 서대문구 이화여대길 52 ,민팃ATM,무상
1513,익산남부대리점 본점,폐휴대폰,수거함 설치,전북 익산시 서동로 19 ,민팃ATM,무상
1514,익산자유대리점 본점,폐휴대폰,수거함 설치,전북 익산시 익산대로 212-1 ,민팃ATM,무상
1515,익산중앙대리점 본점,폐휴대폰,수거함 설치,전북 익산시 중앙로 118 ,민팃ATM,무상
1516,익산중앙대리점 부송점,폐휴대폰,수거함 설치,전북 익산시 무왕로26길 13 ,민팃ATM,무상
1517,익산중앙대리점 송석환점,폐휴대폰,수거함 설치,전북 익산시 서동로 120 ,민팃ATM,무상
1518,인천주원대리점 본점,폐휴대폰,수거함 설치,인천 미추홀구 인하로 295 ,민팃ATM,무상
1519,인천중구 가좌직영점,폐휴대폰,수거함 설치,인천 서구 원적로95번길 5 ,민팃ATM,무상
1520,인천중구대리점 부천시청역직영점,폐휴대폰,수거함 설치,경기 부천시 길주로 189 ,민팃ATM,무상
1521,인천중구대리점 인천중구 글로벌점,폐휴대폰,수거함 설치,인천 연수구 송도문화로28번길 28 ,민팃ATM,무상
1522,인천중구대리점 통진직영점,폐휴대폰,수거함 설치,경기 김포시 통진읍 조강로 66 ,민팃ATM,무상
1523,인천한국환경공단,폐휴대폰,수거함 설치,인천 서구 환경로 42 ,민팃ATM,무상
1524,일등대리점 광화문 마포직영점,폐휴대폰,수거함 설치,서울 마포구 마포대로 53 ,민팃ATM,무상
1525,일렉트로마트 고양점,폐휴대폰,수거함 설치,경기도 고양시 덕양구 고양대로 1955 ,민팃ATM,무상
1526,일렉트로마트 안성점,폐휴대폰,수거함 설치,경기 안성시 공도읍 서동대로 3930-39 ,민팃ATM,무상
1527,일렉트로마트 하남점,폐휴대폰,수거함 설치,경기도 하남시 미사대로 750 ,민팃ATM,무상
1528,일류통신,폐휴대폰,수거함 설치,경북 김천시 김천로 85 ,민팃ATM,무상
1529,일원대리점 본점,폐휴대폰,수거함 설치,서울 강남구 일원로 49 ,민팃ATM,무상
1530,장천대리점 사랑점,폐휴대폰,수거함 설치,전남 여수시 박람회길 46 ,민팃ATM,무상
1531,재능빌딩,폐휴대폰,수거함 설치,서울 중구 을지로 6 ,민팃ATM,무상
1532,전남목포대리점 남악점,폐휴대폰,수거함 설치,전남 무안군 삼향읍 남악2로22번길 30-33 ,민팃ATM,무상
1533,전남서해대리점 프리미엄샵,폐휴대폰,수거함 설치,전남 목포시 백년대로 294 ,민팃ATM,무상
1534,전남서해대리점 함평군청점,폐휴대폰,수거함 설치,전남 함평군 함평읍 중앙길 192 ,민팃ATM,무상
1535,전민동 전민네거리점,폐휴대폰,수거함 설치,대전 유성구 엑스포로 481 ,민팃ATM,무상
1536,전북나은 효자1가점,폐휴대폰,수거함 설치,전북 전주시 완산구 효동2길 3 ,민팃ATM,무상
1537,전북나은대리점 전주점,폐휴대폰,수거함 설치,전북 완주군 이서면 기지로 56 ,민팃ATM,무상
1538,전자랜드 구로NC백화점,폐휴대폰,수거함 설치,서울 구로구 구로중앙로 152 ,민팃ATM,무상
1539,전자랜드 금촌점,폐휴대폰,수거함 설치,경기 파주시 새꽃로 173 ,민팃ATM,무상
1540,전자랜드 남천메가마트점,폐휴대폰,수거함 설치,부산 수영구 황령대로 521 ,민팃ATM,무상
1541,전자랜드 동래메가마트점,폐휴대폰,수거함 설치,부산 동래구 충렬대로 197 ,민팃ATM,무상
1542,전자랜드 분평점,폐휴대폰,수거함 설치,충청북도 청주시 서원구 1순환로 1105 ,민팃ATM,무상
1543,전자랜드 사하점,폐휴대폰,수거함 설치,부산 사하구 낙동대로 375 ,민팃ATM,무상
1544,전자랜드 서귀포점,폐휴대폰,수거함 설치,제주특별자치도 서귀포시 일주동로 8564 ,민팃ATM,무상
1545,전자랜드 작전점,폐휴대폰,수거함 설치,인천광역시 계양구 계양대로 24 ,민팃ATM,무상
1546,전자랜드 첨단점,폐휴대폰,수거함 설치,광주 광산구 임방울대로800번길 11-3 ,민팃ATM,무상
1547,전자랜드 춘천엔타점,폐휴대폰,수거함 설치,강원 춘천시 후석로 120 ,민팃ATM,무상
1548,전자랜드 통영점,폐휴대폰,수거함 설치,경상남도 통영시 무전대로 62 ,민팃ATM,무상
1549,전자랜드 포천점,폐휴대폰,수거함 설치,경기 포천시 호국로 1401 ,민팃ATM,무상
1550,전자랜드파워센터 NC일산점,폐휴대폰,수거함 설치,경기 고양시 일산동구 중앙로 1206 ,민팃ATM,무상
1551,전하동 푸르지오점,폐휴대폰,수거함 설치,울산 동구 봉수로 250 ,민팃ATM,무상
1552,정릉대리점 돈암우체국점,폐휴대폰,수거함 설치,서울 성북구 보문로 178 ,민팃ATM,무상
1553,정성대리점 광복스마트점,폐휴대폰,수거함 설치,부산 중구 창선동1가 14-2번지 ,민팃ATM,무상
1554,정성대리점 괴정역점,폐휴대폰,수거함 설치,부산 사하구 낙동대로 252 ,민팃ATM,무상
1555,정성대리점 남포직영2호점,폐휴대폰,수거함 설치,부산 중구 남포길 6 ,민팃ATM,무상
1556,정성대리점 동대신역점,폐휴대폰,수거함 설치,부산 서구 구덕로 307 ,민팃ATM,무상
1557,정성대리점 서면젊음의거리점,폐휴대폰,수거함 설치,부산 부산진구 중앙대로692번길 46 ,민팃ATM,무상
1558,정성대리점 장산역점,폐휴대폰,수거함 설치,부산 해운대구 해운대로 802 ,민팃ATM,무상
1559,정왕동 정왕시장2호점,폐휴대폰,수거함 설치,경기 시흥시 정왕천로411번길 38 ,민팃ATM,무상
1560,정원대리점 개롱역직영점,폐휴대폰,수거함 설치,서울 송파구 오금로 407 ,민팃ATM,무상
1561,정원대리점 구의동직영점,폐휴대폰,수거함 설치,서울 광진구 광나루로56길 85 ,민팃ATM,무상
1562,정원대리점 내발산동점,폐휴대폰,수거함 설치,서울 강서구 강서로 299 ,민팃ATM,무상
1563,정원대리점 보정직영점,폐휴대폰,수거함 설치,경기 용인시 기흥구 죽전로 29 ,민팃ATM,무상
1564,정원대리점 양재역직영점,폐휴대폰,수거함 설치,서울 서초구 강남대로 224 ,민팃ATM,무상
1565,정원대리점 양재직영점,폐휴대폰,수거함 설치,서울 서초구 남부순환로 2606 ,민팃ATM,무상
1566,정원대리점 위례광장직영점,폐휴대폰,수거함 설치,경기 성남시 수정구 위례광장로 320 ,민팃ATM,무상
1567,정원대리점 정자엠코2직영점,폐휴대폰,수거함 설치,경기 성남시 분당구 정자동 166-3 ,민팃ATM,무상
1568,정원대리점 판교역직영점,폐휴대폰,수거함 설치,경기 성남시 분당구 대왕판교로606번길 58 ,민팃ATM,무상
1569,정원대리점 판교테크노밸리 직영점,폐휴대폰,수거함 설치,경기 성남시 분당구 판교역로 235 ,민팃ATM,무상
1570,제이스대리점 동탄영천점,폐휴대폰,수거함 설치,경기 화성시 동탄순환대로 689 ,민팃ATM,무상
1571,제이스대리점 서로점,폐휴대폰,수거함 설치,경기 화성시 병점서로 44 ,민팃ATM,무상
1572,제이에스 대리점 신촌점,폐휴대폰,수거함 설치,서울 서대문구 연세로 31 ,민팃ATM,무상
1573,제이에스대리점 대학로점,폐휴대폰,수거함 설치,서울 종로구 창경궁로 242 ,민팃ATM,무상
1574,제이에스대리점 원흥점,폐휴대폰,수거함 설치,경기 고양시 덕양구 도래울로 104 ,민팃ATM,무상
1575,제일대리점 공도직영점,폐휴대폰,수거함 설치,경기 안성시 공도읍 공도로 93 ,민팃ATM,무상
1576,제일대리점 상현직영점,폐휴대폰,수거함 설치,경기 용인시 수지구 만현로 110 ,민팃ATM,무상
1577,제일대리점 서로직영점,폐휴대폰,수거함 설치,경기 화성시 병점서로 44 ,민팃ATM,무상
1578,제일대리점 이천직영점,폐휴대폰,수거함 설치,경기 이천시 영창로 217 ,민팃ATM,무상
1579,제일대리점 한빛직영점,폐휴대폰,수거함 설치,경기 화성시 동탄반석로 204 ,민팃ATM,무상
1580,제주ENT대리점 시청점,폐휴대폰,수거함 설치,제주시 중앙로 235 ,민팃ATM,무상
1581,제주ENT대리점 한라병원점,폐휴대폰,수거함 설치,제주시 도령로 73 ,민팃ATM,무상
1582,제주굿모닝대리점 성산점,폐휴대폰,수거함 설치,제주 서귀포시 성산읍 고성오조로 62-1 ,민팃ATM,무상
1583,조이커머스힐스테이트,폐휴대폰,수거함 설치,인천 미추홀구 독배로251번길 24 ,민팃ATM,무상
1584,주식회사 에스지,폐휴대폰,수거함 설치,경기 파주시 새꽃로 192 ,민팃ATM,무상
1585,주안동 신기사거리점,폐휴대폰,수거함 설치,인천광역시 미추홀구 미추홀대로 610 ,민팃ATM,무상
1586,준대리점 다산테라타워점,폐휴대폰,수거함 설치,경기 남양주시 다산지금로202 ,민팃ATM,무상
1587,준대리점 답십리역점,폐휴대폰,수거함 설치,서울 성동구 천호대로 292 ,민팃ATM,무상
1588,중계1동 두타빌점,폐휴대폰,수거함 설치,서울 노원구 한글비석로 245 ,민팃ATM,무상
1589,중곡프라자대리점 본점,폐휴대폰,수거함 설치,서울 광진구 능동로 373 ,민팃ATM,무상
1590,중부대리점 송천점,폐휴대폰,수거함 설치,전북 전주시 덕진구 솔내로 184 ,민팃ATM,무상
1591,중부대리점 영등점,폐휴대폰,수거함 설치,전북 익산시 무왕로16길 4 ,민팃ATM,무상
1592,중부대리점 전북대점,폐휴대폰,수거함 설치,전북 전주시 덕진구 명륜4길 19 ,민팃ATM,무상
1593,중부대리점 평화점,폐휴대폰,수거함 설치,전북 전주시 완산구 모악로 4761 ,민팃ATM,무상
1594,중앙대리점 모바일점,폐휴대폰,수거함 설치,전북 익산시 중앙로 14 ,민팃ATM,무상
1595,중앙대리점 모현점,폐휴대폰,수거함 설치,전북 익산시 선화로 77 ,민팃ATM,무상
1596,중앙팀 중앙PT 서울민자역사점,폐휴대폰,수거함 설치,서울 중구 한강대로 405 ,민팃ATM,무상
1597,중촌푸르지오센터파크,폐휴대폰,수거함 설치,대전 중구 대전천서로 709 ,민팃ATM,무상
1598,중흥S클래스아파트,폐휴대폰,수거함 설치,충북 충주시 교현동 1358 ,민팃ATM,무상
1599,지산대리점 울산대점,폐휴대폰,수거함 설치,울산 남구 대학로94번길 8 ,민팃ATM,무상
1600,지상대리점 본점(본점),폐휴대폰,수거함 설치,경기 수원시 영통구 대학3로 1 ,민팃ATM,무상
1601,지은대리점 고강점,폐휴대폰,수거함 설치,경기 부천시 고리울로 52번길 24 ,민팃ATM,무상
1602,지은대리점 구로디지털단지점,폐휴대폰,수거함 설치,서울 구로구 디지털로34길 55 ,민팃ATM,무상
1603,지은대리점 범계본점,폐휴대폰,수거함 설치,경기 안양시 동안구 평촌대로223번길 59 ,민팃ATM,무상
1604,지은대리점 신촌점,폐휴대폰,수거함 설치,서울 서대문구 신촌로 113 ,민팃ATM,무상
1605,지은대리점 안양역점,폐휴대폰,수거함 설치,경기 안양시 만안구 만안로 209 ,민팃ATM,무상
1606,지은대리점 철산역점,폐휴대폰,수거함 설치,경기 광명시 철산로 16 ,민팃ATM,무상
1607,진원대리점 두암점,폐휴대폰,수거함 설치,광주 북구 동문대로 182-1 ,민팃ATM,무상
1608,진접읍 장현초교점,폐휴대폰,수거함 설치,경기 남양주시 진접읍 장현로 83 ,민팃ATM,무상
1609,진주대리점 고현직영점,폐휴대폰,수거함 설치,경남 거제시 거제중앙로 1893 ,민팃ATM,무상
1610,진주대리점 본점,폐휴대폰,수거함 설치,경남 진주시 개양로 120-16 ,민팃ATM,무상
1611,진주대리점 상대점,폐휴대폰,수거함 설치,경남 진주시 도동천로 112 ,민팃ATM,무상
1612,진주대리점 초전점,폐휴대폰,수거함 설치,경남 진주시 초장로14번길 26 ,민팃ATM,무상
1613,진주대리점 평거점,폐휴대폰,수거함 설치,경남 진주시 평거로26번길 13-5 ,민팃ATM,무상
1614,착한대리점 창녕점,폐휴대폰,수거함 설치,경남 창녕군 창녕읍 명덕로 25 ,민팃ATM,무상
1615,참스타대리점 강서구청점,폐휴대폰,수거함 설치,서울 강서구 화곡로 326 ,민팃ATM,무상
1616,참스타대리점 구월점,폐휴대폰,수거함 설치,인천 남동구 인하로 497-9 ,민팃ATM,무상
1617,참스타대리점 사당역점,폐휴대폰,수거함 설치,서울 동작구 동작대로 25 ,민팃ATM,무상
1618,참스타대리점 안산중앙점,폐휴대폰,수거함 설치,경기 안산시 단원구 예술대학로 17 ,민팃ATM,무상
1619,창도 강남역점,폐휴대폰,수거함 설치,서울 강남구 테헤란로1길 32 ,민팃ATM,무상
1620,창도 신림역점,폐휴대폰,수거함 설치,서울 관악구 신림로 360 ,민팃ATM,무상
1621,챌린저대리점 동호점,폐휴대폰,수거함 설치,대구 동구 안심로 370 ,민팃ATM,무상
1622,챌린저대리점 수성점,폐휴대폰,수거함 설치,대구 수성구 명덕로 455 ,민팃ATM,무상
1623,챌린저대리점 신서점,폐휴대폰,수거함 설치,대구 동구 경안로 848 ,민팃ATM,무상
1624,챌린저대리점 유가점,폐휴대폰,수거함 설치,대구 달성군 유가읍 테크노상업로 84 ,민팃ATM,무상
1625,청도대리점 본점,폐휴대폰,수거함 설치,경북 청도군 청도읍 청화로 188 ,민팃ATM,무상
1626,청우대리점 침산점,폐휴대폰,수거함 설치,대구 북구 침산로 128 ,민팃ATM,무상
1627,청주 캠퍼스1,폐휴대폰,수거함 설치,충북 청주시 흥덕구 직지대로 337 ,민팃ATM,무상
1628,청주 캠퍼스2,폐휴대폰,수거함 설치,충북 청주시 흥덕구 직지대로 337 ,민팃ATM,무상
1629,청주 캠퍼스3,폐휴대폰,수거함 설치,충북 청주시 흥덕구 직지대로 337 ,민팃ATM,무상
1630,초록마을3단지,폐휴대폰,수거함 설치,대전 서구 복수동로 21-20 ,민팃ATM,무상
1631,초원아파트,폐휴대폰,수거함 설치,대전 서구 만년로 45 ,민팃ATM,무상
1632,총각네텔레콤 포승점,폐휴대폰,수거함 설치,경기 평택시 포승읍 여술2길 35 ,민팃ATM,무상
1633,촬영용,폐휴대폰,수거함 설치,경기 남양주시 진접읍 해밀예당2로 234 ,민팃ATM,무상
1634,친절대리점 친절 본점,폐휴대폰,수거함 설치,경북 문경시 매봉1길 13 ,민팃ATM,무상
1635,카이스트,폐휴대폰,수거함 설치,서울 동대문구 회기로 85 ,민팃ATM,무상
1636,카이저대리점 개금직영점,폐휴대폰,수거함 설치,부산 부산진구 가야대로 474 ,민팃ATM,무상
1637,카이저대리점 남천역3번출구점,폐휴대폰,수거함 설치,부산 수영구 수영로 388 ,민팃ATM,무상
1638,카이저대리점 서면롯데점,폐휴대폰,수거함 설치,부산 부산진구 서면로 59 ,민팃ATM,무상
1639,카이저대리점 양정직영점,폐휴대폰,수거함 설치,부산 부산진구 중앙대로 909번길 4 ,민팃ATM,무상
1640,칸대리점 서면점,폐휴대폰,수거함 설치,부산 부산진구 중앙대로692번길 4 ,민팃ATM,무상
1641,칸텔레콤(간판:Phone팜),폐휴대폰,수거함 설치,경남 창원시 진해구 충장로657번길 28 ,민팃ATM,무상
1642,코넥대리점 광교중앙점,폐휴대폰,수거함 설치,경기 수원시 영통구 광교중앙로 145 ,민팃ATM,무상
1643,코넥대리점 시화정왕직영점,폐휴대폰,수거함 설치,경기 시흥시 정왕대로 74 ,민팃ATM,무상
1644,코넥대리점 영덕점,폐휴대폰,수거함 설치,용인시 기흥구 흥덕2로87번길 18 ,민팃ATM,무상
1645,코넥대리점 위례광장직영점,폐휴대폰,수거함 설치,경기 성남시 수정구 위례동로 153 ,민팃ATM,무상
1646,코넥대리점 향남2시네마직영점,폐휴대폰,수거함 설치,경기 화성시 향남읍 상신하길로298번길 7-23 ,민팃ATM,무상
1647,크린텔대리점 신대방역점,폐휴대폰,수거함 설치,서울 관악구 난곡로 367 ,민팃ATM,무상
1648,큰마을아파트,폐휴대폰,수거함 설치,대전 서구 대덕대로150 ,민팃ATM,무상
1649,큰사랑대리점 거여역점,폐휴대폰,수거함 설치,서울 송파구 오금로 515 ,민팃ATM,무상
1650,큰사랑대리점 구래직영점,폐휴대폰,수거함 설치,경기 김포시 김포한강9로 73 ,민팃ATM,무상
1651,큰사랑대리점 대림역점,폐휴대폰,수거함 설치,서울 영등포구 도림로 135 ,민팃ATM,무상
1652,큰사랑대리점 신림역직영점,폐휴대폰,수거함 설치,서울 관악구 남부순환로 1594 ,민팃ATM,무상
1653,큰사랑대리점 하남신장직영점,폐휴대폰,수거함 설치,경기 하남시 신평로 52 ,민팃ATM,무상
1654,태경대리점 군청점,폐휴대폰,수거함 설치,전남 해남군 해남읍 군청길 13 ,민팃ATM,무상
1655,태경대리점 진도2호점,폐휴대폰,수거함 설치,전남 진도군 진도읍 남동1길 40-4 ,민팃ATM,무상
1656,태백대명대리점 본점,폐휴대폰,수거함 설치,강원 태백시 황지로 168-1 ,민팃ATM,무상
1657,태주대리점 북항점,폐휴대폰,수거함 설치,전남 목포시 청호로 196(신정동) ,민팃ATM,무상
1658,테리모빌대리점 고촌점,폐휴대폰,수거함 설치,경기 김포시 고촌읍 수기로 105-10 ,민팃ATM,무상
1659,테리모빌대리점 능곡,폐휴대폰,수거함 설치,경기 고양시 덕양구 지도로 106 ,민팃ATM,무상
1660,테리모빌대리점 목동사거리점,폐휴대폰,수거함 설치,서울 강서구 등촌로 25 ,민팃ATM,무상
1661,테리모빌대리점 본점,폐휴대폰,수거함 설치,서울 관악구 남부순환로 1603 ,민팃ATM,무상
1662,테크노마트 민팃존,폐휴대폰,수거함 설치,서울 구로구 새말로 97 ,민팃ATM,무상
1663,투마이스 산본점,폐휴대폰,수거함 설치,경기 군포시 산본로323번길 16-6 ,민팃ATM,무상
1664,트레이더스 구성점,폐휴대폰,수거함 설치,경기 용인시 기흥구 용구대로 2457 ,민팃ATM,무상
1665,트레이더스 군포점,폐휴대폰,수거함 설치,경기 군포시 삼성로 74 ,민팃ATM,무상
1666,트레이더스 김포점,폐휴대폰,수거함 설치,경기 김포시 김포대로 715 ,민팃ATM,무상
1667,트레이더스 동탄점,폐휴대폰,수거함 설치,경기 화성시 동탄대로 451 ,민팃ATM,무상
1668,트레이더스 명지점,폐휴대폰,수거함 설치,부산 강서구 명지국제6로 168 ,민팃ATM,무상
1669,트레이더스 부천점,폐휴대폰,수거함 설치,"경기 부천시 옥길로 1, B2 B1",민팃ATM,무상
1670,트레이더스 비산점,폐휴대폰,수거함 설치,대구 서구 팔달로 54 ,민팃ATM,무상
1671,트레이더스 서면점,폐휴대폰,수거함 설치,부산 부산진구 시민공원로 31 ,민팃ATM,무상
1672,트레이더스 송림점,폐휴대폰,수거함 설치,인천 동구 봉수대로 82 ,민팃ATM,무상
1673,트레이더스 수원점,폐휴대폰,수거함 설치,경기 수원시 영통구 삼성로 2 ,민팃ATM,무상
1674,트레이더스 안산점,폐휴대폰,수거함 설치,경기 안산시 단원구 중앙대로 397 ,민팃ATM,무상
1675,트레이더스 안성점,폐휴대폰,수거함 설치,경기 안성시 공도읍 서동대로 3930-39 ,민팃ATM,무상
1676,트레이더스 양산점,폐휴대폰,수거함 설치,경남 양산시 평산로 16 ,민팃ATM,무상
1677,트레이더스 연산점,폐휴대폰,수거함 설치,부산 연제구 좌수영로 241 ,민팃ATM,무상
1678,트레이더스 월계점,폐휴대폰,수거함 설치,서울 노원구 마들로3길 15 ,민팃ATM,무상
1679,트레이더스 월평점,폐휴대폰,수거함 설치,대전 서구 한밭대로 580 ,민팃ATM,무상
1680,트레이더스 위례점,폐휴대폰,수거함 설치,경기 하남시 위례대로 200 ,민팃ATM,무상
1681,트레이더스 천안점,폐휴대폰,수거함 설치,충남 아산시 배방읍 고속철대로 133 ,민팃ATM,무상
1682,트레이더스 하남점,폐휴대폰,수거함 설치,경기 하남시 미사대로 750 ,민팃ATM,무상
1683,트롤대리점 가수원점,폐휴대폰,수거함 설치,대전 서구 계백로 1149 ,민팃ATM,무상
1684,트롤대리점 가오점,폐휴대폰,수거함 설치,대전 동구 은어송로 50 ,민팃ATM,무상
1685,트롤대리점 논산TPS점,폐휴대폰,수거함 설치,충남 논산시 시민로258번길 29 ,민팃ATM,무상
1686,트롤대리점 둔산TPS점,폐휴대폰,수거함 설치,대전 서구 대덕대로 183 ,민팃ATM,무상
1687,트롤대리점 목원점,폐휴대폰,수거함 설치,대전 동구 한밭대로 1245 ,민팃ATM,무상
1688,트롤대리점 복합터미널점,폐휴대폰,수거함 설치,대전 동구 동서대로 1688 ,민팃ATM,무상
1689,트롤대리점 중촌점,폐휴대폰,수거함 설치,대전 중구 목중로 16 ,민팃ATM,무상
1690,티드림대리점 대백점,폐휴대폰,수거함 설치,대구 중구 동성로6길 6 ,민팃ATM,무상
1691,티앤비대리점 도동점,폐휴대폰,수거함 설치,경남 진주시 도동로 241 ,민팃ATM,무상
1692,티앤비대리점 합천본점,폐휴대폰,수거함 설치,경남 합천군 합천읍 충효로 77 ,민팃ATM,무상
1693,티엔대리점 부산대2호점,폐휴대폰,수거함 설치,부산 금정구 금강로 260-2 ,민팃ATM,무상
1694,티엔에스대리점 갈산점,폐휴대폰,수거함 설치,경기 이천시 증신로 81 ,민팃ATM,무상
1695,티엔에스대리점 문화의거리점,폐휴대폰,수거함 설치,경기 이천시 이섭대천로1217번길 4 ,민팃ATM,무상
1696,티엔에스대리점 침산직영점,폐휴대폰,수거함 설치,대구 북구 옥산로 95 ,민팃ATM,무상
1697,티원대리점 상무프리미엄점,폐휴대폰,수거함 설치,광주 서구 치평로 70 ,민팃ATM,무상
1698,티원모바일 용운점,폐휴대폰,수거함 설치,대전 동구 용운로 163 ,민팃ATM,무상
1699,티월드대리점 본점,폐휴대폰,수거함 설치,경북 구미시 신시로 80-1 ,민팃ATM,무상
1700,파워셀대리점 아이파크점,폐휴대폰,수거함 설치,부산 동래구 시실로 49 ,민팃ATM,무상
1701,퍼스트양덕점(포항),폐휴대폰,수거함 설치,경북 포항시 북구 법원로 170 ,민팃ATM,무상
1702,포레나천안두정,폐휴대폰,수거함 설치,충남 천안시 서북구 천안대로 999-2 ,민팃ATM,무상
1703,포항팀 위탁 충효직영점,폐휴대폰,수거함 설치,경북 경주시 충효2길 13 ,민팃ATM,무상
1704,포항팀 위탁 포항법원점,폐휴대폰,수거함 설치,경북 포항시 북구 법원로 175 ,민팃ATM,무상
1705,포항팀 위탁 포항환호점,폐휴대폰,수거함 설치,경북 포항시 북구 삼호로 391 ,민팃ATM,무상
1706,포항팀 포항PT 양덕네거리점,폐휴대폰,수거함 설치,경북 포항시 북구 천마로 60 ,민팃ATM,무상
1707,폰마트,폐휴대폰,수거함 설치,서울 양천구 신월로 322 ,민팃ATM,무상
1708,폰앤폰,폐휴대폰,수거함 설치,경북 구미시 옥계북로 62 ,민팃ATM,무상
1709,풍림아이원5단지,폐휴대폰,수거함 설치,경기 고양시 덕양구 고양동 730 ,민팃ATM,무상
1710,프렌즈대리점 남산점,폐휴대폰,수거함 설치,대구 중구 달구벌대로 1955 ,민팃ATM,무상
1711,프리스비 김포장기점,폐휴대폰,수거함 설치,경기 김포시 김포한강2로 96 ,민팃ATM,무상
1712,플러스대리점 월배점,폐휴대폰,수거함 설치,대구 달서구 월배로 128 ,민팃ATM,무상
1713,피앤씨홀딩스 공릉투자점,폐휴대폰,수거함 설치,서울 노원구 동일로 1036 ,민팃ATM,무상
1714,피앤씨홀딩스 엠에스엠 본점,폐휴대폰,수거함 설치,경기 의정부시 행복로 22 ,민팃ATM,무상
1715,피앤씨홀딩스 의정부직영점,폐휴대폰,수거함 설치,경기 의정부시 호국로1298번길 63 ,민팃ATM,무상
1716,피앤씨홀딩스 중화직영점,폐휴대폰,수거함 설치,서울 중랑구 동일로 774 ,민팃ATM,무상
1717,피앤피 동탄테크노밸리점,폐휴대폰,수거함 설치,경기 화성시 동탄대로 599 ,민팃ATM,무상
1718,피앤피 오금동점,폐휴대폰,수거함 설치,서울 송파구 동남로 317 ,민팃ATM,무상
1719,피앤피대리점 동부시장점,폐휴대폰,수거함 설치,서울 중랑구 망우로32길 28 ,민팃ATM,무상
1720,하나대리점 본점,폐휴대폰,수거함 설치,부산 동래구 석사로 46 ,민팃ATM,무상
1721,하나대리점 사상점,폐휴대폰,수거함 설치,부산 사상구 사상로 214 ,민팃ATM,무상
1722,하나은행 본점,폐휴대폰,수거함 설치,서울 중구 을지로 35 ,민팃ATM,무상
1723,하나컴대리점 천천직영점,폐휴대폰,수거함 설치,경기 수원시 장안구 만석로19번길 11-8 ,민팃ATM,무상
1724,하니모바일(간판:Smart Phone#),폐휴대폰,수거함 설치,경남 김해시 장유로 228 ,민팃ATM,무상
1725,하이마트 경기광주점,폐휴대폰,수거함 설치,경기 광주시 이배재로 8 ,민팃ATM,무상
1726,하이마트 경산점,폐휴대폰,수거함 설치,경북 경산시 대학로 74 ,민팃ATM,무상
1727,하이마트 금천점,폐휴대폰,수거함 설치,서울 금천구 시흥대로 322 ,민팃ATM,무상
1728,하이마트 논산점,폐휴대폰,수거함 설치,충남 논산시 중앙로 391-1 ,민팃ATM,무상
1729,하이마트 다산점,폐휴대폰,수거함 설치,경기 남양주시 진관로22번길 2 ,민팃ATM,무상
1730,하이마트 롯데시화점,폐휴대폰,수거함 설치,경기도 시흥시 마유로238번길 26 ,민팃ATM,무상
1731,하이마트 면목점,폐휴대폰,수거함 설치,서울 중랑구 면목동 175-17 ,민팃ATM,무상
1732,하이마트 범서점,폐휴대폰,수거함 설치,울산시 울주군 범서읍 장검길 3 ,민팃ATM,무상
1733,하이마트 신암점,폐휴대폰,수거함 설치,대구 동구 신암동 281-1 ,민팃ATM,무상
1734,하이마트 여천점,폐휴대폰,수거함 설치,전남 여수시 도원로 281 ,민팃ATM,무상
1735,하이마트 오목교점,폐휴대폰,수거함 설치,서울 양천구 목1동 404-160 ,민팃ATM,무상
1736,하이마트 옥계점,폐휴대폰,수거함 설치,경북 구미시 옥계동 822-1 ,민팃ATM,무상
1737,하이마트 잠실점,폐휴대폰,수거함 설치,서울 송파구 송파대로 521 ,민팃ATM,무상
1738,하이마트 장한평점,폐휴대폰,수거함 설치,서울특별시 성동구 천호대로 394 ,민팃ATM,무상
1739,하이마트 태전점,폐휴대폰,수거함 설치,대구 북구 태전1동 206-15 ,민팃ATM,무상
1740,하이마트 평내점,폐휴대폰,수거함 설치,경기 남양주시 경춘로1350번길 1 ,민팃ATM,무상
1741,하이마트 해운대점,폐휴대폰,수거함 설치,부산 해운대구 해운대로767번길 8 ,민팃ATM,무상
1742,하이마트 화정점,폐휴대폰,수거함 설치,경기 고양시 덕양구 중앙로 628 ,민팃ATM,무상
1743,하이마트 효자점,폐휴대폰,수거함 설치,전북 전주시 완산구 백제대로 106 ,민팃ATM,무상
1744,하이원대리점 대청점,폐휴대폰,수거함 설치,경남 김해시 번화1로68번길 19 ,민팃ATM,무상
1745,하이원대리점 본점,폐휴대폰,수거함 설치,경남 창원시 의창구 사화로10번길 15 ,민팃ATM,무상
1746,하이원대리점 진영점,폐휴대폰,수거함 설치,경남 김해시 진영읍 장등로19번길 41 ,민팃ATM,무상
1747,한결대리점 당진로터리점,폐휴대폰,수거함 설치,충남 당진시 당진중앙2로 113 ,민팃ATM,무상
1748,한결대리점 연기점,폐휴대폰,수거함 설치,세종 조치원읍 조치원로 16 ,민팃ATM,무상
1749,한결대리점 온양중앙점,폐휴대폰,수거함 설치,충남 아산시 온천대로 1491 ,민팃ATM,무상
1750,한결대리점 우리점,폐휴대폰,수거함 설치,세종특별자치시 조치원읍 새내11길 6 ,민팃ATM,무상
1751,한결대리점 혁신도시점,폐휴대폰,수거함 설치,충청북도 진천군 덕산읍 대하로 147 ,민팃ATM,무상
1752,한국디자인진흥원,폐휴대폰,수거함 설치,경기 성남시 분당구 양현로 322 ,민팃ATM,무상
1753,한국정보대리점 주월점,폐휴대폰,수거함 설치,광주 남구 회재로 1241 ,민팃ATM,무상
1754,한미대리점 도원점,폐휴대폰,수거함 설치,대구 달서구 도원로 17 ,민팃ATM,무상
1755,한미대리점 율하점,폐휴대폰,수거함 설치,대구 동구 안심로22길 50 ,민팃ATM,무상
1756,한미대리점 침산점,폐휴대폰,수거함 설치,대구 북구 옥산로 95 ,민팃ATM,무상
1757,한민대리점 광장TPS점,폐휴대폰,수거함 설치,대전 유성구 노은로 166 ,민팃ATM,무상
1758,한민대리점 논산TPS점,폐휴대폰,수거함 설치,충남 논산시 시민로258번길 29 ,민팃ATM,무상
1759,한민대리점 논산황산점,폐휴대폰,수거함 설치,충남 논산시 시민로307번길 6 ,민팃ATM,무상
1760,한민대리점 산성점,폐휴대폰,수거함 설치,대전 중구 대둔산로 409 ,민팃ATM,무상
1761,한민대리점 탄방점,폐휴대폰,수거함 설치,대전 서구 문정로 134 ,민팃ATM,무상
1762,한민대리점 한민시장점,폐휴대폰,수거함 설치,대전 서구 갈마로262 ,민팃ATM,무상
1763,한백대리전 덕천TPS점,폐휴대폰,수거함 설치,부산 북구 만덕대로27번길 3 ,민팃ATM,무상
1764,한백대리점 명지오션점,폐휴대폰,수거함 설치,부산 강서구 명지오션시티4로 65 ,민팃ATM,무상
1765,한백대리점 부산대투자점,폐휴대폰,수거함 설치,부산 금정구 금정로 70 ,민팃ATM,무상
1766,한백대리점 사직점,폐휴대폰,수거함 설치,부산 동래구 사직북로 9 ,민팃ATM,무상
1767,한백대리점 서면태화2호점,폐휴대폰,수거함 설치,부산 부산진구 중앙대로692번길 4 ,민팃ATM,무상
1768,한백대리점 서면태화점,폐휴대폰,수거함 설치,부산 부산진구 중앙대로 694 ,민팃ATM,무상
1769,한별대리점 계명대직영점,폐휴대폰,수거함 설치,대구 달서구 계대동문로 6 ,민팃ATM,무상
1770,한별대리점 대곡지구점,폐휴대폰,수거함 설치,대구 달서구 도원로 17 ,민팃ATM,무상
1771,한빛  삼산 본점,폐휴대폰,수거함 설치,전남 순천시 중앙로 73 ,민팃ATM,무상
1772,한빛대리점 경성대부경대점,폐휴대폰,수거함 설치,부산 남구 용소로 18 ,민팃ATM,무상
1773,한빛대리점 부전직영점,폐휴대폰,수거함 설치,부산 부산진구 새싹로 10 ,민팃ATM,무상
1774,한빛대리점 아미점,폐휴대폰,수거함 설치,부산 서구 까치고개로 193 ,민팃ATM,무상
1775,한성 수송직영점,폐휴대폰,수거함 설치,전북 군산시 월명로 250 ,민팃ATM,무상
1776,한성대리점 나운점,폐휴대폰,수거함 설치,전북 군산시 공단대로 381 ,민팃ATM,무상
1777,한성대리점 아중점,폐휴대폰,수거함 설치,전북 전주시 덕진구 아중로 192 ,민팃ATM,무상
1778,한성대리점 최강점,폐휴대폰,수거함 설치,전북 익산시 궁동로 124 ,민팃ATM,무상
1779,한성필하우스에듀타운,폐휴대폰,수거함 설치,충남 천안시 동남구 성황로 66 ,민팃ATM,무상
1780,한솔대리점 계룡시청점,폐휴대폰,수거함 설치,충남 계룡시 장안로 74 ,민팃ATM,무상
1781,한솔대리점 노은역점,폐휴대폰,수거함 설치,대전 유성구 노은로 166 ,민팃ATM,무상
1782,한솔대리점 서대전본점,폐휴대폰,수거함 설치,대전 중구 서문로 133 ,민팃ATM,무상
1783,한솔대리점 세종도담점,폐휴대폰,수거함 설치,세종 보듬3로 8-20 ,민팃ATM,무상
1784,한올대리점 다정점,폐휴대폰,수거함 설치,세종 다정중앙로 39 ,민팃ATM,무상
1785,한올대리점 복수점,폐휴대폰,수거함 설치,대전 서구 복수동로 53 (복수동) ,민팃ATM,무상
1786,한올대리점 신성점,폐휴대폰,수거함 설치,대전 유성구 신성로62번길 57 ,민팃ATM,무상
1787,한유 양재직영점,폐휴대폰,수거함 설치,서울 서초구 논현로 151 ,민팃ATM,무상
1788,한유대리점 관악직영점,폐휴대폰,수거함 설치,서울 관악구 관악로 196 ,민팃ATM,무상
1789,한유대리점 대림역직영점,폐휴대폰,수거함 설치,서울 영등포구 도림천로 367 ,민팃ATM,무상
1790,한유대리점 서울대입구역점,폐휴대폰,수거함 설치,서울 관악구 관악로 201 ,민팃ATM,무상
1791,한음대리점 보은점,폐휴대폰,수거함 설치,충북 보은군 보은읍 삼산리 159-6번지 ,민팃ATM,무상
1792,한음대리점 선화점,폐휴대폰,수거함 설치,대전 중구 중앙로 23-12 ,민팃ATM,무상
1793,한음대리점 신부점,폐휴대폰,수거함 설치,충남 천안시 동남구 터미널9길 30 ,민팃ATM,무상
1794,한음대리점 영동점,폐휴대폰,수거함 설치,충북 영동군 영동읍 중앙로4길 8 ,민팃ATM,무상
1795,한음대리점 하나믿음점,폐휴대폰,수거함 설치,충북 청주시 청원구 주성로 263 ,민팃ATM,무상
1796,한음대리점 하나율량TPS점,폐휴대폰,수거함 설치,충북 청주시 청원구 1순환로 152 ,민팃ATM,무상
1797,합정동 합정역점,폐휴대폰,수거함 설치,서울 마포구 독막로 2 ,민팃ATM,무상
1798,해솔대리점 대치역점,폐휴대폰,수거함 설치,서울 강남구 남부순환로 2947 ,민팃ATM,무상
1799,해온대리점 구성직영점,폐휴대폰,수거함 설치,충남 천안시 동남구 충절로 295-11 ,민팃ATM,무상
1800,해온대리점 노은역점,폐휴대폰,수거함 설치,대전 유성구 노은로 166 ,민팃ATM,무상
1801,해온대리점 두정사거리점,폐휴대폰,수거함 설치,충남 천안시 서북구 동서대로 85 ,민팃ATM,무상
1802,해온대리점 두정직영점,폐휴대폰,수거함 설치,충남 천안시 서북구 노태산로 62 ,민팃ATM,무상
1803,해온대리점 서산광장점,폐휴대폰,수거함 설치,충남 서산시 고운로 148 ,민팃ATM,무상
1804,해온대리점 신세계점,폐휴대폰,수거함 설치,충남 천안시 동남구 만남로 32 ,민팃ATM,무상
1805,해온대리점 쌍용직영점,폐휴대폰,수거함 설치,충남 천안시 서북구 월봉로 96 ,민팃ATM,무상
1806,해온대리점 중앙시장점,폐휴대폰,수거함 설치,충남 천안시 동남구 영성로 60 ,민팃ATM,무상
1807,해피텔레콤,폐휴대폰,수거함 설치,대구시 서구 국채보상로 359 ,민팃ATM,무상
1808,행운대리점 양양직영점,폐휴대폰,수거함 설치,강원 양양군 양양읍 양양로 62-1 ,민팃ATM,무상
1809,행운대리점 원주점,폐휴대폰,수거함 설치,강원 원주시 원일로 98 ,민팃ATM,무상
1810,허브대리점 경성대부경대점,폐휴대폰,수거함 설치,부산 남구 수영로 297 ,민팃ATM,무상
1811,혁신대리점 세종(본점),폐휴대폰,수거함 설치,세종 대평로 71 ,민팃ATM,무상
1812,현대2차아파트,폐휴대폰,수거함 설치,서울 노원구 동일로231길 86 ,민팃ATM,무상
1813,현대6차1단지,폐휴대폰,수거함 설치,충남 천안시 서북구 충무로 124-24 ,민팃ATM,무상
1814,호평동_호평역점,폐휴대폰,수거함 설치,경기 남양주시 늘을1로16번길 29 ,민팃ATM,무상
1815,홈플러스 김제점,폐휴대폰,수거함 설치,전북 김제시 금성로 114 ,민팃ATM,무상
1816,홈플러스 대구스타디움점,폐휴대폰,수거함 설치,대구 수성구 유니버시아드로 140 ,민팃ATM,무상
1817,홈플러스 대구점,폐휴대폰,수거함 설치,대구 북구 중앙대로 543 ,민팃ATM,무상
1818,홈플러스 대전탄방점,폐휴대폰,수거함 설치,대전 서구 탄방동 591 ,민팃ATM,무상
1819,홈플러스 방학점,폐휴대폰,수거함 설치,서울 도봉구 도봉로 678 ,민팃ATM,무상
1820,홈플러스 서귀포점,폐휴대폰,수거함 설치,제주 서귀포시 중앙로 180 ,민팃ATM,무상
1821,홈플러스 세종점,폐휴대폰,수거함 설치,세종 절재로 154 ,민팃ATM,무상
1822,홈플러스 안산점,폐휴대폰,수거함 설치,경기 안산시 상록구 충장로 432 ,민팃ATM,무상
1823,홈플러스 익산점,폐휴대폰,수거함 설치,전북 익산시 무왕로 1035 ,민팃ATM,무상
1824,홈플러스 전주완산점,폐휴대폰,수거함 설치,전북 전주시 완산구 기린대로 170 ,민팃ATM,무상
1825,홈플러스 전주점,폐휴대폰,수거함 설치,전북 전주시 덕진구 백제대로 771 ,민팃ATM,무상
1826,홈플러스 전주효자점,폐휴대폰,수거함 설치,전북 전주시 완산구 용머리로 31 ,민팃ATM,무상
1827,홈플러스 조치원점,폐휴대폰,수거함 설치,세종 조치원읍 허만석로 60 ,민팃ATM,무상
1828,홍릉대리점 대학로점,폐휴대폰,수거함 설치,서울 종로구 창경궁로 242 ,민팃ATM,무상
1829,홍릉대리점 사당역점,폐휴대폰,수거함 설치,서울 관악구 과천대로 943 ,민팃ATM,무상
1830,홍익대리점 TPS새롬점,폐휴대폰,수거함 설치,세종 새롬중앙로 67 ,민팃ATM,무상
1831,홍익대리점 가경점,폐휴대폰,수거함 설치,충북 청주시 흥덕구 가경로 158 ,민팃ATM,무상
1832,홍익대리점 금천광장점,폐휴대폰,수거함 설치,충북 청주시 상당구 수영로 295 ,민팃ATM,무상
1833,홍익대리점 다정점,폐휴대폰,수거함 설치,세종 다정중앙로 52 ,민팃ATM,무상
1834,홍익대리점 사창점,폐휴대폰,수거함 설치,충북 청주시 서원구 사직대로 126 ,민팃ATM,무상
1835,홍익대리점 새롬제일점,폐휴대폰,수거함 설치,세종 새롬중앙로 51 ,민팃ATM,무상
1836,홍익대리점 세종소담점,폐휴대폰,수거함 설치,세종 한누리대로 2018 ,민팃ATM,무상
1837,홍익대리점 아름점,폐휴대폰,수거함 설치,세종 보듬3로 91 ,민팃ATM,무상
1838,홍익대리점 조치원점,폐휴대폰,수거함 설치,세종 조치원읍 이화로 22 ,민팃ATM,무상
1839,홍익대리점 증평점,폐휴대폰,수거함 설치,충북 증평군 증평읍 중앙로 213 ,민팃ATM,무상
1840,홍주대리점 내포신도시점,폐휴대폰,수거함 설치,충남 홍성군 홍북읍 청사로48번길 12 ,민팃ATM,무상
1841,화금대리점 대흥점,폐휴대폰,수거함 설치,경북 포항시 북구 중앙상가길 22-1 ,민팃ATM,무상
1842,화금대리점 본점,폐휴대폰,수거함 설치,경북 포항시 남구 포스코대로 322 ,민팃ATM,무상
1843,화명대리점 해운대해변점,폐휴대폰,수거함 설치,부산 해운대구 중동1로 39 ,민팃ATM,무상
1844,화산대리점 일산마두직영점,폐휴대폰,수거함 설치,경기 고양시 일산동구 일산로 227 ,민팃ATM,무상
1845,화정동 그린프라자점,폐휴대폰,수거함 설치,경기 고양시 덕양구 화신로260번길 37 ,민팃ATM,무상
1846,흥덕대리점 대원칸타빌점,폐휴대폰,수거함 설치,충북 청주시 청원구 율량로 104 105호 ,민팃ATM,무상
1847,흥덕대리점 서원점,폐휴대폰,수거함 설치,충북 청주시 서원구 무심서로413번길 6-6 ,민팃ATM,무상
1848,흥덕대리점 용산점,폐휴대폰,수거함 설치,충북 충주시 남산로 82 ,민팃ATM,무상
1849,흥덕대리점 용정보람점,폐휴대폰,수거함 설치,충북 청주시 상당구 용정로 26 ,민팃ATM,무상
1850,흥덕대리점 청주대TPS점,폐휴대폰,수거함 설치,충북 청주시 청원구 직지대로 886 ,민팃ATM,무상
1851,흥덕대리점 충북대점,폐휴대폰,수거함 설치,충북 청주시 서원구 내수동로 117-1 ,민팃ATM,무상
1852,희우대리점 주엽점,폐휴대폰,수거함 설치,경기 고양시 일산서구 중앙로 1426 ,민팃ATM,무상
1853,힐탑대리점 거제수양점,폐휴대폰,수거함 설치,경남 거제시 수양로 484 ,민팃ATM,무상
1854,힐탑대리점 동래투자매장,폐휴대폰,수거함 설치,부산 동래구 충렬대로 157-1 ,민팃ATM,무상
1855,6통 마을회관,중소폐가전,수거함 설치,경상북도 영주시 조와동 490 ,공동주택(아파트 등),무상
1856,BS에코파크,중소폐가전,수거함 설치,경상북도 청도군 청도읍 고수리 97-6 ,공동주택(아파트 등),무상
1857,JDC제주첨단리슈빌,중소폐가전,수거함 설치,제주도 제주시 첨단로동길 24 ,공동주택(아파트 등),무상
1858,LH 동분당 센트럴파크,중소폐가전,수거함 설치,경기도 성남시 중원구 도촌남로 22 ,공동주택(아파트 등),무상
1859,LH강남8단지,중소폐가전,수거함 설치,서울특별시 강남구 자곡로 154 ,공동주택(아파트 등),무상
1860,LH삼성도시형생활주택,중소폐가전,수거함 설치,서울특별시 강남구 영동대로112길 46 ,공동주택(아파트 등),무상
1861,e편한세상 아파트,중소폐가전,수거함 설치,대전광역시 대덕구 중리북로 46 ,공동주택(아파트 등),무상
1862,e편한세상 천안부성 아파트,중소폐가전,수거함 설치,충청남도 천안시 서북구 천안대로 1287-1 ,공동주택(아파트 등),무상
1863,e편한세상1차스마일시티아파트,중소폐가전,수거함 설치,충청남도 천안시 서북구 스마일시티1로 55 ,공동주택(아파트 등),무상
1864,e편한세상금빛그랑메종3단지아파트,중소폐가전,수거함 설치,경기도 성남시 중원구 금광로 40 ,공동주택(아파트 등),무상
1865,e편한세상대전에코포레아파트,중소폐가전,수거함 설치,대전광역시 동구 용운로 203 ,공동주택(아파트 등),무상
1866,e편한세상아파트,중소폐가전,수거함 설치,대전광역시 대덕구 중리북로 46 ,공동주택(아파트 등),무상
1867,가산면사무소,중소폐가전,수거함 설치,경상북도 칠곡군 가산면 경북대로 1570 ,"지자체(구청, 행정복지센터 등)",무상
1868,가양2동행정복지센터,중소폐가전,수거함 설치,대전광역시 동구 흥룡로 33 ,"지자체(구청, 행정복지센터 등)",무상
1869,가양7단지 아파트,중소폐가전,수거함 설치,서울특별시 강서구 허준로 209(가양동) ,공동주택(아파트 등),무상
1870,가온마을1단지 아파트,중소폐가전,수거함 설치,세종특별자치시 다정남로 22 관리사무소 ,공동주택(아파트 등),무상
1871,가원빌,중소폐가전,수거함 설치,경기도 이천시 창전동 140-24 ,공동주택(아파트 등),무상
1872,가천대두산위브,중소폐가전,수거함 설치,경기도 성남시 수정구 태평로 65 ,공동주택(아파트 등),무상
1873,가평읍내단지,중소폐가전,수거함 설치,경기도 가평군 가평읍 가화로 142-26 ,공동주택(아파트 등),무상
1874,강산애아파트 1차,중소폐가전,수거함 설치,경상북도 경산시 둥지로 32 ,공동주택(아파트 등),무상
1875,강저 LH4단지 아파트,중소폐가전,수거함 설치,충청북도 제천시 청풍호로7길 40 ,공동주택(아파트 등),무상
1876,강저1단지 아파트,중소폐가전,수거함 설치,충청북도 제천시 청풍호로7길 20 ,공동주택(아파트 등),무상
1877,강저휴먼시아2단지아파트,중소폐가전,수거함 설치,충청북도 제천시 청풍호로7길 110 ,공동주택(아파트 등),무상
1878,개령면행정복지센터,중소폐가전,수거함 설치,경상북도 김천시 개령면 동부길 59-14 ,공동주택(아파트 등),무상
1879,거평아파트,중소폐가전,수거함 설치,경기도 이천시 부발읍 경충대로 2227 ,공동주택(아파트 등),무상
1880,검단신도시 우미린리버포레,중소폐가전,수거함 설치,인천광역시 서구 이음3로 221 ,공동주택(아파트 등),무상
1881,경남무궁화 ,중소폐가전,수거함 설치,충청남도 계룡시 엄사면 번영로 43 ,공동주택(아파트 등),무상
1882,경남아너스빌,중소폐가전,수거함 설치,경상북도 구미시 고아읍 들성로 7길 22-3 ,공동주택(아파트 등),무상
1883,경로당1,중소폐가전,수거함 설치,경상북도 의성군 춘산면 금오길 430-1 ,"지자체(구청, 행정복지센터 등)",무상
1884,경로당10,중소폐가전,수거함 설치,경상북도 의성군 춘산면 춘산대사2길 31 ,"지자체(구청, 행정복지센터 등)",무상
1885,경로당11,중소폐가전,수거함 설치,경상북도 의성군 춘산면 금천1길 25 ,"지자체(구청, 행정복지센터 등)",무상
1886,경로당12,중소폐가전,수거함 설치,경상북도 의성군 춘산면 금천2길 30 ,"지자체(구청, 행정복지센터 등)",무상
1887,경로당13,중소폐가전,수거함 설치,경상북도 의성군 춘산면 금성현서로 1071 ,"지자체(구청, 행정복지센터 등)",무상
1888,경로당14,중소폐가전,수거함 설치,경상북도 의성군 춘산면 빙계길 9 ,"지자체(구청, 행정복지센터 등)",무상
1889,경로당15,중소폐가전,수거함 설치,경상북도 의성군 춘산면 사미신감로 113 ,"지자체(구청, 행정복지센터 등)",무상
1890,경로당16,중소폐가전,수거함 설치,경상북도 의성군 춘산면 사미신감로 234 ,"지자체(구청, 행정복지센터 등)",무상
1891,경로당17,중소폐가전,수거함 설치,경상북도 의성군 춘산면 효선리 373 ,"지자체(구청, 행정복지센터 등)",무상
1892,경로당2,중소폐가전,수거함 설치,경상북도 의성군 춘산면 금오길 268 ,"지자체(구청, 행정복지센터 등)",무상
1893,경로당3,중소폐가전,수거함 설치,경상북도 의성군 춘산면 신흥3길 7 ,"지자체(구청, 행정복지센터 등)",무상
1894,경로당4,중소폐가전,수거함 설치,경상북도 의성군 춘산면 신흥2길 9 ,"지자체(구청, 행정복지센터 등)",무상
1895,경로당5,중소폐가전,수거함 설치,경상북도 의성군 춘산면 옥정2길 25 ,"지자체(구청, 행정복지센터 등)",무상
1896,경로당6,중소폐가전,수거함 설치,경상북도 의성군 춘산면 옥정1길 10 ,"지자체(구청, 행정복지센터 등)",무상
1897,경로당7,중소폐가전,수거함 설치,경상북도 의성군 춘산면 옥정3길 115 ,"지자체(구청, 행정복지센터 등)",무상
1898,경로당8,중소폐가전,수거함 설치,경상북도 의성군 춘산면 소랑길 101 ,"지자체(구청, 행정복지센터 등)",무상
1899,경로당9,중소폐가전,수거함 설치,경상북도 의성군 춘산면 옥매길 89 ,"지자체(구청, 행정복지센터 등)",무상
1900,경산2리 마을회관,중소폐가전,수거함 설치,경상북도 성주군 성주읍 성주로 3172 ,"지자체(구청, 행정복지센터 등)",무상
1901,경주용강1아파트,중소폐가전,수거함 설치,경상북도 경주시 승삼1길 34 ,공동주택(아파트 등),무상
1902,계룡더샵,중소폐가전,수거함 설치,충청남도 계룡시 두마면 사계로 101 ,공동주택(아파트 등),무상
1903,계룡문화아파트,중소폐가전,수거함 설치,대전광역시 중구 천근로69번길 114 ,공동주택(아파트 등),무상
1904,계룡아파트,중소폐가전,수거함 설치,대전광역시 중구 계룡로929번길 40 ,공동주택(아파트 등),무상
1905,계룡푸르지오더퍼스트아파트,중소폐가전,수거함 설치,충청남도 계룡시 두마면 농소로 63 ,공동주택(아파트 등),무상
1906,계상리(안조실) 재활용동네마당,중소폐가전,수거함 설치,경상북도 성주군 용암면 계상리150 ,"지자체(구청, 행정복지센터 등)",무상
1907,"계양아파트 2,3차 단지",중소폐가전,수거함 설치,경상북도 경산시 원효로 32길 20 ,공동주택(아파트 등),무상
1908,고성 휴먼시아,중소폐가전,수거함 설치,제주도 제주시 애월읍 고성서3길 15-5 ,공동주택(아파트 등),무상
1909,고암 두진백로4차 아파트,중소폐가전,수거함 설치,충청북도 제천시 용두천로 378 ,공동주택(아파트 등),무상
1910,고암두진백로아파트,중소폐가전,수거함 설치,충청북도 제천시 용두천로384 ,공동주택(아파트 등),무상
1911,공전1리회관,중소폐가전,수거함 설치,충청북도 제천시 봉양읍 의암로6길 42-9 ,"지자체(구청, 행정복지센터 등)",무상
1912,공주신관6,중소폐가전,수거함 설치,충청남도 공주시 관골2길 36 ,공동주택(아파트 등),무상
1913,공주옥룡1단지,중소폐가전,수거함 설치,충청남도 공주시 우금티로709-12 ,공동주택(아파트 등),무상
1914,관고전통시장,중소폐가전,수거함 설치,경기도 이천시 중리천로31번길 22 ,공동주택(아파트 등),무상
1915,광명하안13관리소,중소폐가전,수거함 설치,경기도 광명시 하안로 238 ,공동주택(아파트 등),무상
1916,광주두암2,중소폐가전,수거함 설치,광주광역시 북구 삼정로 7 ,공동주택(아파트 등),무상
1917,광주두암4,중소폐가전,수거함 설치,광주광역시 북구 삼정로 10 ,공동주택(아파트 등),무상
1918,광주문화재단,중소폐가전,수거함 설치,광주광역시 남구 천변좌로 338번길 7 ,공동주택(아파트 등),무상
1919,광주아름마을1,중소폐가전,수거함 설치,광주광역시 광산구 수등로 123번길 70 ,공동주택(아파트 등),무상
1920,광주운남1,중소폐가전,수거함 설치,광주광역시 광산구 목련로273번길 76 ,공동주택(아파트 등),무상
1921,구계1리 마을회관,중소폐가전,수거함 설치,경상북도 의성군 단촌면 고운사길 91 ,"지자체(구청, 행정복지센터 등)",무상
1922,구미도산휴먼시아,중소폐가전,수거함 설치,경상북도 구미시 문장로 12길 45 ,공동주택(아파트 등),무상
1923,구미확장단지쌍용예가더파크,중소폐가전,수거함 설치,경상북도 구미시 산동읍 신당4로 56 ,공동주택(아파트 등),무상
1924,구봉1리 마을회관,중소폐가전,수거함 설치,경상북도 구미시 옥성면 선상동로 1463-1 ,공동주택(아파트 등),무상
1925,구암1동행정복지센터,중소폐가전,수거함 설치,경상남도 창원시 마산회원구 구암서2길 95 ,"지자체(구청, 행정복지센터 등)",무상
1926,구평휴먼시아아파트,중소폐가전,수거함 설치,경상북도 구미시 인동54길25 ,공동주택(아파트 등),무상
1927,구학2리 마을회관,중소폐가전,수거함 설치,충청북도 제천시 봉양읍 배론성지길 190-30 ,"지자체(구청, 행정복지센터 등)",무상
1928,군위서부LH아파트,중소폐가전,수거함 설치,대구광역시 군위군 군위읍 동산새길 50 ,공동주택(아파트 등),무상
1929,궁전빌라,중소폐가전,수거함 설치,경기도 이천시 창전동 411-3 ,공동주택(아파트 등),무상
1930,그린타운아파트,중소폐가전,수거함 설치,대전광역시 대덕구 동춘당로 151 ,공동주택(아파트 등),무상
1931,극동아파트,중소폐가전,수거함 설치,충청북도 제천시 관전로1길 35 ,공동주택(아파트 등),무상
1932,금강로하스엘크루,중소폐가전,수거함 설치,대전광역시 대덕구 대덕대로 1587 ,공동주택(아파트 등),무상
1933,금강로하스엘크루 아파트,중소폐가전,수거함 설치,대전광역시 대덕구 대덕대로 1587 ,공동주택(아파트 등),무상
1934,금강병원뒤,중소폐가전,수거함 설치,경기도 이천시 창전동 449-7 ,공동주택(아파트 등),무상
1935,금강엑슬루타워 아파트,중소폐가전,수거함 설치,대전광역시 대덕구 대덕대로 1555 ,공동주택(아파트 등),무상
1936,금남1리 마을회관,중소폐가전,수거함 설치,경상북도 예천군 용궁면 금남길 44 ,"지자체(구청, 행정복지센터 등)",무상
1937,금남2리 마을회관,중소폐가전,수거함 설치,경상북도 칠곡군 왜관읍 금남7길 35-23 ,"지자체(구청, 행정복지센터 등)",무상
1938,금남동행정복지센터,중소폐가전,수거함 설치,전라남도 나주시 금성관길 9(금계동) ,"지자체(구청, 행정복지센터 등)",무상
1939,금빛그랑메종1단지,중소폐가전,수거함 설치,경기도 성남시 중원구 금광로 11 ,공동주택(아파트 등),무상
1940,금빛그랑메종4단지,중소폐가전,수거함 설치,경기도 성남시 중원구 금광로 71 ,공동주택(아파트 등),무상
1941,금빛그랑메종아파트 6단지,중소폐가전,수거함 설치,경기도 성남시 중원구 금광로 39 ,공동주택(아파트 등),무상
1942,금산1리 재활용동네마당,중소폐가전,수거함 설치,경상북도 성주군 성주읍 금산리 242-6 옆 ,"지자체(구청, 행정복지센터 등)",무상
1943,금산2리 마을회관,중소폐가전,수거함 설치,경상북도 성주군 성주읍 성주금산2길 22 ,"지자체(구청, 행정복지센터 등)",무상
1944,금산3리 마을회관,중소폐가전,수거함 설치,경상북도 성주군 성주읍 성주금산3길 47-3 ,"지자체(구청, 행정복지센터 등)",무상
1945,금아드림팰리스,중소폐가전,수거함 설치,경상북도 포항시 북구 흥해읍 동해대로1475번길 36 ,공동주택(아파트 등),무상
1946,금오산금호어울림1단지,중소폐가전,수거함 설치,경상북도 구미시 선기로 3길 51 ,공동주택(아파트 등),무상
1947,금오산어울림2단지,중소폐가전,수거함 설치,경상북도 구미시 선기로 3길 54 ,공동주택(아파트 등),무상
1948,금왕주공1단지,중소폐가전,수거함 설치,충청북도 음성군 금왕읍 대금로 1457-7 ,공동주택(아파트 등),무상
1949,금호어울림,중소폐가전,수거함 설치,충청남도 천안시 동남구 수도산공원길1 ,공동주택(아파트 등),무상
1950,금호한사랑아파트,중소폐가전,수거함 설치,대전광역시 중구 동서대로 1388 ,공동주택(아파트 등),무상
1951,기산1리(관산) 재활용동네마당,중소폐가전,수거함 설치,경상북도 성주군 용암면 기산리284 ,"지자체(구청, 행정복지센터 등)",무상
1952,기산2리(기성) 재활용동네마당,중소폐가전,수거함 설치,경상북도 성주군 용암면 기산리874-2 ,"지자체(구청, 행정복지센터 등)",무상
1953,기산면사무소,중소폐가전,수거함 설치,경상북도 칠곡군 기산면 주산로 1213 ,"지자체(구청, 행정복지센터 등)",무상
1954,기장교리주공아파트,중소폐가전,수거함 설치,부산광역시 기장군 기장읍 차성로397번길 7 ,공동주택(아파트 등),무상
1955,김천우방타운,중소폐가전,수거함 설치,경상북도 김천시 시청6길 43 ,공동주택(아파트 등),무상
1956,김천코아루2차아파트,중소폐가전,수거함 설치,경상북도 김천시 삼락택지길 137 ,공동주택(아파트 등),무상
1957,김포장기관리소,중소폐가전,수거함 설치,경기도 김포시 김포한강2로 144 ,공동주택(아파트 등),무상
1958,꿈에그린한화포레나,중소폐가전,수거함 설치,충청남도 천안시 동남구 청수14로13 ,공동주택(아파트 등),무상
1959,낙정1리마을회관,중소폐가전,수거함 설치,경상북도 의성군 단밀면 낙정1길 9 ,"지자체(구청, 행정복지센터 등)",무상
1960,낙정2리마을회관,중소폐가전,수거함 설치,경상북도 의성군 단밀면 낙정2길 61 ,"지자체(구청, 행정복지센터 등)",무상
1961,남대전e편한세상아파트,중소폐가전,수거함 설치,대전광역시 동구 산내로 1330 ,공동주택(아파트 등),무상
1962,남부동 행정복지센터,중소폐가전,수거함 설치,경상북도 영천시 쇠늘안길 5 ,"지자체(구청, 행정복지센터 등)",무상
1963,남평읍행정복지센터,중소폐가전,수거함 설치,전라남도 나주시 남평읍 남평2로 42-7 ,"지자체(구청, 행정복지센터 등)",무상
1964,내서면행정복지센터,중소폐가전,수거함 설치,경상북도 상주시 내서면 신촌2길 8 ,"지자체(구청, 행정복지센터 등)",무상
1965,내포신도시 도나우에듀파크2차,중소폐가전,수거함 설치,충청남도 예산군 삽교읍 예학로162 ,공동주택(아파트 등),무상
1966,내포신도시 이지더원1차1블럭,중소폐가전,수거함 설치,충청남도 예산군 삽교읍 수암천로11 ,공동주택(아파트 등),무상
1967,내포신도시 이지더원2차아파트,중소폐가전,수거함 설치,충청남도 예산군 삽교읍 수암천로23 ,공동주택(아파트 등),무상
1968,노은3영무예다음,중소폐가전,수거함 설치,대전광역시 유성구 지족로 92 ,공동주택(아파트 등),무상
1969,노은3지구 새미래숲아파트,중소폐가전,수거함 설치,대전광역시 유성구 지족로190번길 16(지족동) ,공동주택(아파트 등),무상
1970,노은3지구 에코힐 7단지,중소폐가전,수거함 설치,대전광역시 유성구 지족로190번길 39(지족동) ,공동주택(아파트 등),무상
1971,노은3지구 해랑숲마을 5단지,중소폐가전,수거함 설치,대전광역시 유성구 지족로 240(지족동) ,공동주택(아파트 등),무상
1972,농인종합사회복지관,중소폐가전,수거함 설치,서울특별시 강남구 양재대로 340 ,공동주택(아파트 등),무상
1973,다사랑아파트,중소폐가전,수거함 설치,대전광역시 대덕구 대덕대로1470번길 55 ,공동주택(아파트 등),무상
1974,다인면사무소,중소폐가전,수거함 설치,경상북도 의성군 다인면 서릉길 37 ,"지자체(구청, 행정복지센터 등)",무상
1975,단밀면사무소,중소폐가전,수거함 설치,경상북도 의성군 단밀면 중동단밀로 949 ,"지자체(구청, 행정복지센터 등)",무상
1976,달맞이공원,중소폐가전,수거함 설치,경기도 이천시 창전동 422-4 ,공동주택(아파트 등),무상
1977,달제1리 경로당,중소폐가전,수거함 설치,경상북도 의성군 다인면 자미로 503-2 ,"지자체(구청, 행정복지센터 등)",무상
1978,달제3리 경로당,중소폐가전,수거함 설치,경상북도 의성군 다인면 달제3길 150-3 ,"지자체(구청, 행정복지센터 등)",무상
1979,당지2리 쓰레기분리수거장,중소폐가전,수거함 설치,경상북도 영천시 화산면 당지리 521-2 ,공동주택(아파트 등),무상
1980,대구산격아파트,중소폐가전,수거함 설치,대구광역시 북구 연암로183 ,공동주택(아파트 등),무상
1981,대구성서1관리소,중소폐가전,수거함 설치,대구광역시 달서구 신당로 56 ,공동주택(아파트 등),무상
1982,대구월성3주공아파트,중소폐가전,수거함 설치,대구광역시 달서구 학산로 7길 39 ,공동주택(아파트 등),무상
1983,대구황금3주공아파트,중소폐가전,수거함 설치,대구광역시 수성구 청수로45길41 ,공동주택(아파트 등),무상
1984,대덕테크노밸리 1단지,중소폐가전,수거함 설치,대전광역시 유성구 배울2로 6(관평동) ,공동주택(아파트 등),무상
1985,대덕테크노밸리 3단지,중소폐가전,수거함 설치,대전광역시 유성구 배울2로 24(관평동) ,공동주택(아파트 등),무상
1986,대동다숲(아),중소폐가전,수거함 설치,충청남도 천안시 서북구 시청로 39 ,공동주택(아파트 등),무상
1987,대림골든빌,중소폐가전,수거함 설치,경상북도 포항시 북구 침촌마을길 58-20 ,공동주택(아파트 등),무상
1988,대림한들아파트,중소폐가전,수거함 설치,충청남도 천안시 동남구 터미널9길 59 ,공동주택(아파트 등),무상
1989,대림한숲타운1차아파트,중소폐가전,수거함 설치,경상북도 포항시 남구 연일읍 유강길9번길 62 ,공동주택(아파트 등),무상
1990,대미리치빌아파트,중소폐가전,수거함 설치,대전광역시 중구 대흥로111번길 24 ,공동주택(아파트 등),무상
1991,대봉1리(조실) 재활용동네마당,중소폐가전,수거함 설치,경상북도 성주군 용암면 대봉리249 ,"지자체(구청, 행정복지센터 등)",무상
1992,대봉2리(윗봉산) 재활용동네마당,중소폐가전,수거함 설치,경상북도 성주군 용암면 대봉리1052 ,"지자체(구청, 행정복지센터 등)",무상
1993,대봉태왕아너스 아파트,중소폐가전,수거함 설치,대구광역시 중구 동덕로 55 ,공동주택(아파트 등),무상
1994,대사동 행정복지센터,중소폐가전,수거함 설치,대전광역시 중구 충무로74번길 14 ,"지자체(구청, 행정복지센터 등)",무상
1995,대성1리 마을회관,중소폐가전,수거함 설치,경상북도 김천시 아포읍 회성길 130 ,공동주택(아파트 등),무상
1996,대신1리 마을회관,중소폐가전,수거함 설치,경상북도 김천시 아포읍 한골길 49-4 ,공동주택(아파트 등),무상
1997,대우새여울 아파트,중소폐가전,수거함 설치,대전광역시 대덕구 대청로64번길 41 ,공동주택(아파트 등),무상
1998,대원1리 마을회관,중소폐가전,수거함 설치,경상북도 구미시 옥성면 대원1길 8-9 ,공동주택(아파트 등),무상
1999,대원그린아파트,중소폐가전,수거함 설치,경기도 이천시 이섭대천로1439번길 15 ,공동주택(아파트 등),무상
2000,대전2리 마을회관,중소폐가전,수거함 설치,충청북도 제천시 수산면 약인로 12 ,"지자체(구청, 행정복지센터 등)",무상
2001,대전반석4,중소폐가전,수거함 설치,대전광역시 유성구 반석로 46 ,공동주택(아파트 등),무상
2002,대전센트럴자이1단지아파트,중소폐가전,수거함 설치,대전광역시 중구 충무로 107번길 100 ,공동주택(아파트 등),무상
2003,대전중촌2,중소폐가전,수거함 설치,대전광역시 중구 대전천서로 695 ,공동주택(아파트 등),무상
2004,대주파크빌아파트,중소폐가전,수거함 설치,대전광역시 동구 충정로 136 ,공동주택(아파트 등),무상
2005,대청동행정복지센터,중소폐가전,수거함 설치,대전광역시 동구 옥천로 633 ,"지자체(구청, 행정복지센터 등)",무상
2006,대평그린빌,중소폐가전,수거함 설치,경상북도 경산시 경안로 69길 12 ,공동주택(아파트 등),무상
2007,대호1차아파트,중소폐가전,수거함 설치,경기도 이천시 창전동 410-10 ,공동주택(아파트 등),무상
2008,대호2차아파트,중소폐가전,수거함 설치,경기도 이천시 영창로227번길 28 ,공동주택(아파트 등),무상
2009,대화동행정복지센터,중소폐가전,수거함 설치,대전광역시 대덕구 동심5길 10 ,"지자체(구청, 행정복지센터 등)",무상
2010,대흥1리 마을회관,중소폐가전,수거함 설치,경상북도 성주군 성주읍 대흥1길 16 ,"지자체(구청, 행정복지센터 등)",무상
2011,대흥2리 마을회관,중소폐가전,수거함 설치,경상북도 성주군 성주읍 대흥길 51 ,"지자체(구청, 행정복지센터 등)",무상
2012,대흥동 행정복지센터,중소폐가전,수거함 설치,대전광역시 중구 대흥로 109 ,"지자체(구청, 행정복지센터 등)",무상
2013,대흥동 현대1차아파트,중소폐가전,수거함 설치,대전광역시 중구 대흥로 176-15 ,공동주택(아파트 등),무상
2014,대흥동 현대2차아파트,중소폐가전,수거함 설치,대전광역시 중구 보문로162번길 23 ,공동주택(아파트 등),무상
2015,더리브스위트엠,중소폐가전,수거함 설치,경상북도 영주시 대학로 324 ,공동주택(아파트 등),무상
2016,더샵송도프라임뷰20BL,중소폐가전,수거함 설치,인천광역시 연수구 인천타워대로231번길 97 ,공동주택(아파트 등),무상
2017,더샵판교퍼스트파크,중소폐가전,수거함 설치,경기도 성남시 분당구 판교백현로 38 ,공동주택(아파트 등),무상
2018,덕곡주공아파트,중소폐가전,수거함 설치,경상북도 김천시 무실 7길 38 ,공동주택(아파트 등),무상
2019,덕암아파트,중소폐가전,수거함 설치,대전광역시 대덕구 덕암로265번길 81 ,공동주택(아파트 등),무상
2020,덕일타운아파트,중소폐가전,수거함 설치,경상북도 김천시 지좌길 13 ,공동주택(아파트 등),무상
2021,덕촌1리 마을회관,중소폐가전,수거함 설치,경상북도 구미시 옥성면 덕촌1길 50 ,공동주택(아파트 등),무상
2022,덕평리(우미기) 재활용동네마당,중소폐가전,수거함 설치,경상북도 성주군 용암면 덕평리 783 ,"지자체(구청, 행정복지센터 등)",무상
2023,덕평리(원덕평) 재활용동네마당,중소폐가전,수거함 설치,경상북도 성주군 용암면 덕평리 1104-2 ,"지자체(구청, 행정복지센터 등)",무상
2024,도고면주민센터,중소폐가전,수거함 설치,충청남도 아산시 도고면 도고면로 91 ,"지자체(구청, 행정복지센터 등)",무상
2025,도기리 문화 생활관,중소폐가전,수거함 설치,충청북도 제천시 덕산면 도기길 21 ,"지자체(구청, 행정복지센터 등)",무상
2026,도량4주공아파트,중소폐가전,수거함 설치,경상북도 구미시 송동로 128 ,공동주택(아파트 등),무상
2027,도안10단지 휴먼시아10단지,중소폐가전,수거함 설치,대전광역시 유성구 원신흥로 37(원신흥동) ,공동주택(아파트 등),무상
2028,도안1단지 LH 도안마을1단지,중소폐가전,수거함 설치,대전광역시 유성구 도안대로 560(봉명동) ,공동주택(아파트 등),무상
2029,도안LH행복2단지,중소폐가전,수거함 설치,대전광역시 유성구 원신흥남로27번길 68(원신흥동) ,공동주택(아파트 등),무상
2030,도암2리 경로당,중소폐가전,수거함 설치,경상북도 의성군 다인면 백암길 8 ,"지자체(구청, 행정복지센터 등)",무상
2031,도암2리 영농폐비닐집하장,중소폐가전,수거함 설치,경상북도 의성군 다인면 도암리 645-2 ,"지자체(구청, 행정복지센터 등)",무상
2032,도전리 마을회관,중소폐가전,수거함 설치,충청북도 제천시 수산면 오티로 257 ,"지자체(구청, 행정복지센터 등)",무상
2033,도촌섬마을4단지,중소폐가전,수거함 설치,경기도 성남시 중원구 도촌남로 69 ,공동주택(아파트 등),무상
2034,독산역롯데캐슬아파트,중소폐가전,수거함 설치,서울특별시 금천구 벚꽃로 100 ,공동주택(아파트 등),무상
2035,동곡동행정복지센터,중소폐가전,수거함 설치,광주광역시 광산구 동곡로 151-56 ,"지자체(구청, 행정복지센터 등)",무상
2036,동락1리(개정) 재활용동네마당,중소폐가전,수거함 설치,경상북도 성주군 용암면 동락리710-5 ,"지자체(구청, 행정복지센터 등)",무상
2037,동락1리(원동락) 재활용동네마당,중소폐가전,수거함 설치,경상북도 성주군 용암면 동락리1070 ,"지자체(구청, 행정복지센터 등)",무상
2038,동락2리(두만) 재활용동네마당,중소폐가전,수거함 설치,경상북도 성주군 용암면 동락리334-3 ,"지자체(구청, 행정복지센터 등)",무상
2039,동명면사무소,중소폐가전,수거함 설치,경상북도 칠곡군 동명면 금암중앙길 56 ,"지자체(구청, 행정복지센터 등)",무상
2040,동산아파트,중소폐가전,수거함 설치,경상북도 경산시 원효로 32길 45 ,공동주택(아파트 등),무상
2041,동양강변타운,중소폐가전,수거함 설치,경상북도 김천시 금감로 2137 ,공동주택(아파트 등),무상
2042,동일스위트리버스카이,중소폐가전,수거함 설치,대전광역시 대덕구 대청로 43 ,공동주택(아파트 등),무상
2043,동현 일동아파트,중소폐가전,수거함 설치,충청북도 제천시 의병대로182 ,공동주택(아파트 등),무상
2044,두산그린맨션,중소폐가전,수거함 설치,경상북도 구미시 선기로 1길 21 ,공동주택(아파트 등),무상
2045,두산아파트,중소폐가전,수거함 설치,경기도 이천시 영창로 90 ,공동주택(아파트 등),무상
2046,두정 한성필하우스2차 아파트,중소폐가전,수거함 설치,충청남도 천안시 서북구 두정고 8길 24 ,공동주택(아파트 등),무상
2047,두정동 경남아너스빌 아파트,중소폐가전,수거함 설치,충청남도 천안시 서북구 두정중 11길 17 ,공동주택(아파트 등),무상
2048,두정동 범양레우스알파 아파트,중소폐가전,수거함 설치,충청남도 천안시 서북구 두정공원2길 26 ,공동주택(아파트 등),무상
2049,둔곡우미린,중소폐가전,수거함 설치,대전광역시 유성구 과학성장로 80 ,공동주택(아파트 등),무상
2050,둔포면주민센터,중소폐가전,수거함 설치,충청남도 아산시 둔포면 둔포면로 33 ,"지자체(구청, 행정복지센터 등)",무상
2051,뒷마경로당,중소폐가전,수거함 설치,경상북도 의성군 다인면 덕미뒷길 33-2 ,"지자체(구청, 행정복지센터 등)",무상
2052,득명리 마을회관,중소폐가전,수거함 설치,경상북도 칠곡군 동명면 득명2길 82-1 ,"지자체(구청, 행정복지센터 등)",무상
2053,등촌11단지아파트,중소폐가전,수거함 설치,서울특별시 강서구 공항대로43길 39(등촌11단지) ,공동주택(아파트 등),무상
2054,등촌4단지아파트,중소폐가전,수거함 설치,서울특별시 강서구 공항대로 39길 59 ,공동주택(아파트 등),무상
2055,등촌6단지아파트,중소폐가전,수거함 설치,서울특별시 강서구 화곡로 63가길 18 ,공동주택(아파트 등),무상
2056,등촌7단지아파트,중소폐가전,수거함 설치,서울특별시 강서구 공항대로43길 104(등촌7단지) ,공동주택(아파트 등),무상
2057,등촌9단지아파트,중소폐가전,수거함 설치,서울특별시 강서구 화곡로 63가길 92 ,공동주택(아파트 등),무상
2058,라이프 타운,중소폐가전,수거함 설치,충청남도 천안시 서북구 쌍용11길 33 ,공동주택(아파트 등),무상
2059,레자미멀티홈,중소폐가전,수거함 설치,"대전광역시 유성구 온천북로 7, 2층(봉명동, 레자미 멀티홈) ",공동주택(아파트 등),무상
2060,로얄팰리스,중소폐가전,수거함 설치,경기도 성남시 분당구 성남대로 449 ,공동주택(아파트 등),무상
2061,로즈웰 모산힐아파트,중소폐가전,수거함 설치,충청북도 제천시 신죽하로 165 ,공동주택(아파트 등),무상
2062,롯데캐슬페라즈스카이,중소폐가전,수거함 설치,경기도 이천시 애련정로49번길 36 ,공동주택(아파트 등),무상
2063,마산삼계2주공아파트,중소폐가전,수거함 설치,경상남도 창원시 마산회원구 내서읍 삼계2길 24 ,공동주택(아파트 등),무상
2064,마산중리1아파트,중소폐가전,수거함 설치,경상남도 창원시 마산회원구 내서읍 상곡로49 ,공동주택(아파트 등),무상
2065,마월1리(진계리) 재활용동네마당,중소폐가전,수거함 설치,경상북도 성주군 용암면 마월리129 ,"지자체(구청, 행정복지센터 등)",무상
2066,마을공동 마당,중소폐가전,수거함 설치,경상북도 의성군 춘산면 춘산대사1길 139 ,"지자체(구청, 행정복지센터 등)",무상
2067,마장리젠시빌란트더웰아파트,중소폐가전,수거함 설치,경기도 이천시 마장면 중앙로 56 ,공동주택(아파트 등),무상
2068,만덕3주공아파트,중소폐가전,수거함 설치,부산광역시 북구 함박봉로 140번길 21 ,공동주택(아파트 등),무상
2069,매화마을4단지,중소폐가전,수거함 설치,경기도 성남시 분당구 장미로 193 ,공동주택(아파트 등),무상
2070,명도2리 마을회관,중소폐가전,수거함 설치,충청북도 제천시 봉양읍 명암로1길 93 ,"지자체(구청, 행정복지센터 등)",무상
2071,모라3주공아파트,중소폐가전,수거함 설치,부산광역시 사상구 모라로 192번길 20-21 ,공동주택(아파트 등),무상
2072,모아엘가 아파트,중소폐가전,수거함 설치,경상북도 예천군 호명면 양지로55 ,공동주택(아파트 등),무상
2073,모전현대아파트,중소폐가전,수거함 설치,경기도 이천시 백사면 청백리로53 ,공동주택(아파트 등),무상
2074,목동 행정복지센터,중소폐가전,수거함 설치,대전광역시 중구 목중로39번길 39 ,"지자체(구청, 행정복지센터 등)",무상
2075,목동더샵리슈빌,중소폐가전,수거함 설치,대전광역시 중구 선화서로 115 ,공동주택(아파트 등),무상
2076,무지개마을1단지대림,중소폐가전,수거함 설치,경기도 성남시 분당구 미금로 23 ,공동주택(아파트 등),무상
2077,무지골 마을회관,중소폐가전,수거함 설치,충청북도 제천시 무지동길 77 ,"지자체(구청, 행정복지센터 등)",무상
2078,무학2리 챙기재활용마당,중소폐가전,수거함 설치,경상북도 성주군 금수면 무학리1447-1 ,"지자체(구청, 행정복지센터 등)",무상
2079,문명1리(문산) 재활용동네마당,중소폐가전,수거함 설치,경상북도 성주군 용암면 문명리308-4 ,"지자체(구청, 행정복지센터 등)",무상
2080,문명2리(일번지) 재활용동네마당,중소폐가전,수거함 설치,경상북도 성주군 용암면 문명리668-8 ,"지자체(구청, 행정복지센터 등)",무상
2081,문창동 행정복지센터,중소폐가전,수거함 설치,대전광역시 중구 보문로20번길 38 ,"지자체(구청, 행정복지센터 등)",무상
2082,문화1동 행정복지센터,중소폐가전,수거함 설치,대전광역시 중구 문화로 195 ,"지자체(구청, 행정복지센터 등)",무상
2083,문화2동 행정복지센터,중소폐가전,수거함 설치,대전광역시 중구 당디로6번길 90 ,"지자체(구청, 행정복지센터 등)",무상
2084,문화주공2단지,중소폐가전,수거함 설치,대전광역시 중구 산성로 108-24 ,공동주택(아파트 등),무상
2085,미당한마음아파트,중소폐가전,수거함 설치,충청북도 제천시 봉양읍 용두대로36길 5-12 ,공동주택(아파트 등),무상
2086,미르마을아파트,중소폐가전,수거함 설치,대전광역시 중구 선화로22번길 25 ,공동주택(아파트 등),무상
2087,밀양가곡1주공아파트,중소폐가전,수거함 설치,경상남도 밀양시 중앙로 47 ,공동주택(아파트 등),무상
2088,밀양삼문휴먼시아아파트,중소폐가전,수거함 설치,경상남도 밀양시 미리벌중앙로 35 ,공동주택(아파트 등),무상
2089,박달재 전통시장 상인회,중소폐가전,수거함 설치,충청북도 제천시 백운면 평동로4-8 ,"지자체(구청, 행정복지센터 등)",무상
2090,반석 더 샵,중소폐가전,수거함 설치,대전광역시 유성구 반석로 80(반석동) ,공동주택(아파트 등),무상
2091,배천마을회관,중소폐가전,수거함 설치,경상북도 김천시 문당동 1151-1 ,공동주택(아파트 등),무상
2092,백석3차아이파크,중소폐가전,수거함 설치,충청남도 천안시 서북구 한들3로 36-17 ,공동주택(아파트 등),무상
2093,백석더샵 아파트,중소폐가전,수거함 설치,충청남도 천안시 서북구 한들3로 70 ,공동주택(아파트 등),무상
2094,백전1리 재활용동네마당,중소폐가전,수거함 설치,경상북도 성주군 성주읍 백전리 584-11 ,"지자체(구청, 행정복지센터 등)",무상
2095,백천월드메르디앙,중소폐가전,수거함 설치,경상북도 경산시 경청로 221길 12 ,공동주택(아파트 등),무상
2096,백현마을3단지,중소폐가전,수거함 설치,경기도 성남시 분당구 동판교로 92 ,공동주택(아파트 등),무상
2097,버드내2단지 동양아파트,중소폐가전,수거함 설치,대전광역시 중구 태평로 35 ,공동주택(아파트 등),무상
2098,번동3단지 아파트 ,중소폐가전,수거함 설치,서울특별시 강북구 오현로208 ,공동주택(아파트 등),무상
2099,법2동행정복지센터,중소폐가전,수거함 설치,대전광역시 대덕구 동춘당로 187 ,"지자체(구청, 행정복지센터 등)",무상
2100,법동주공2단지아파트,중소폐가전,수거함 설치,대전광역시 대덕구 계족로663번길29 ,공동주택(아파트 등),무상
2101,벽산블루밍아파트,중소폐가전,수거함 설치,경기도 이천시 영창로108 ,공동주택(아파트 등),무상
2102,병점역에듀포레아파트,중소폐가전,수거함 설치,경기도 화성시 병점2로 78 ,공동주택(아파트 등),무상
2103,보나마을까페,중소폐가전,수거함 설치,경상북도 의성군 다인면 상주다인로 941-54 ,공동주택(아파트 등),무상
2104,보미파란채아파트,중소폐가전,수거함 설치,충청북도 제천시 용두천로46길 12 ,공동주택(아파트 등),무상
2105,보성황실2차,중소폐가전,수거함 설치,경상북도 구미시 상사동로 28길 11 ,공동주택(아파트 등),무상
2106,보손2리 마을회관,중소폐가전,수거함 설치,경상북도 칠곡군 북삼읍 보손4길 35-34 ,"지자체(구청, 행정복지센터 등)",무상
2107,본리1리(귀평리) 재활용동네마당,중소폐가전,수거함 설치,경상북도 성주군 용암면 본리리 991-1 ,"지자체(구청, 행정복지센터 등)",무상
2108,본리3리(회목) 재활용동네마당,중소폐가전,수거함 설치,경상북도 성주군 용암면 본리리 36 ,"지자체(구청, 행정복지센터 등)",무상
2109,봇들마을2단지이지더원,중소폐가전,수거함 설치,경기도 성남시 분당구 판교로 393 ,공동주택(아파트 등),무상
2110,봇들마을3단지,중소폐가전,수거함 설치,경기도 성남시 분당구 동판교로 225 ,공동주택(아파트 등),무상
2111,봇들마을5단지,중소폐가전,수거함 설치,경기도 성남시 분당구 대왕판교로644번길 65 ,공동주택(아파트 등),무상
2112,봇들마을6단지,중소폐가전,수거함 설치,경기도 성남시 분당구 동판교로 212 ,공동주택(아파트 등),무상
2113,봇들마을7단지,중소폐가전,수거함 설치,경기도 성남시 분당구 동판교로 155 ,공동주택(아파트 등),무상
2114,봉계리 마을회관,중소폐가전,수거함 설치,경상북도 칠곡군 왜관읍 봉계1길 7 ,"지자체(구청, 행정복지센터 등)",무상
2115,봉곡 에버빌 ,중소폐가전,수거함 설치,경상북도 구미시 도봉로 10 ,공동주택(아파트 등),무상
2116,봉곡e편한세상,중소폐가전,수거함 설치,경상북도 구미시 봉곡로 24길 33-11 ,공동주택(아파트 등),무상
2117,봉곡코아루아파트,중소폐가전,수거함 설치,경상북도 구미시 봉곡북로 7길 25 ,공동주택(아파트 등),무상
2118,봉산3리 마을회관,중소폐가전,수거함 설치,경상북도 김천시 아포읍 덕계길 95 ,공동주택(아파트 등),무상
2119,봉산면행정복지센터,중소폐가전,수거함 설치,경상북도 김천시 봉산면 예지송정길 11 ,공동주택(아파트 등),무상
2120,부계리 폐비닐집하장,중소폐가전,수거함 설치,경상북도 영천시 화산면 부계리 484 ,공동주택(아파트 등),무상
2121,부발휴먼시아아파트,중소폐가전,수거함 설치,경기도 이천시 부발읍 무촌로 105 ,공동주택(아파트 등),무상
2122,부사동 행정복지센터,중소폐가전,수거함 설치,대전광역시 중구 보문로68번길 20 ,"지자체(구청, 행정복지센터 등)",무상
2123,부산금곡1주공아파트,중소폐가전,수거함 설치,부산광역시 북구 효열로 268 ,공동주택(아파트 등),무상
2124,부산금곡2주공아파트,중소폐가전,수거함 설치,부산광역시 북구 금곡대로 616번길 10-9 ,공동주택(아파트 등),무상
2125,부산금곡4주공아파트,중소폐가전,수거함 설치,부산광역시 북구 효열로 76 ,공동주택(아파트 등),무상
2126,부산금곡7주공아파트,중소폐가전,수거함 설치,부산광역시 북구 금곡대로550번길 23 ,공동주택(아파트 등),무상
2127,부산당감1주공아파트,중소폐가전,수거함 설치,부산광역시 부산진구 백양산로53번길 125 ,공동주택(아파트 등),무상
2128,부산동삼1주공 아파트,중소폐가전,수거함 설치,부산광역시 영도구 동삼북로2 ,공동주택(아파트 등),무상
2129,부산동삼2주공아파트,중소폐가전,수거함 설치,부산광역시 영도구 상리로 1 ,공동주택(아파트 등),무상
2130,부산모라1주공아파트,중소폐가전,수거함 설치,부산광역시 사상구 모라로 110번길 121(모라동) ,공동주택(아파트 등),무상
2131,부산반송주공아파트,중소폐가전,수거함 설치,부산광역시 해운대구 신반송로 200 ,공동주택(아파트 등),무상
2132,부산율리마을주공아파트,중소폐가전,수거함 설치,부산광역시 북구 화명신도시로255 ,공동주택(아파트 등),무상
2133,부산정관신도시 휴먼시아1 아파트,중소폐가전,수거함 설치,부산광역시 기장군 정관읍 정관4로 23 ,공동주택(아파트 등),무상
2134,부산정관신도시 휴먼시아2 아파트,중소폐가전,수거함 설치,부산광역시 기장군 정관읍 정관2로 24 ,공동주택(아파트 등),무상
2135,부산해운대1주공아파트,중소폐가전,수거함 설치,부산광역시 해운대구 대천로67번길 4 ,공동주택(아파트 등),무상
2136,부성1동행정복지센터,중소폐가전,수거함 설치,충청남도 천안시 서북구 부대중앙길 51 ,공동주택(아파트 등),무상
2137,부영 6단지 아파트,중소폐가전,수거함 설치,경상북도 구미시 인동 46길 6 ,공동주택(아파트 등),무상
2138,부천상동3관리소,중소폐가전,수거함 설치,경기도 부천시 조마루로 104 ,공동주택(아파트 등),무상
2139,북삼읍사무소,중소폐가전,수거함 설치,경상북도 칠곡군 북삼읍 인평1길 6 ,"지자체(구청, 행정복지센터 등)",무상
2140,분당동원로얄듀크아파트,중소폐가전,수거함 설치,경기도 성남시 분당구 돌마로 908 ,공동주택(아파트 등),무상
2141,분당두산위브트레지움,중소폐가전,수거함 설치,경기도 성남시 분당구 정자일로 55 ,공동주택(아파트 등),무상
2142,분당목련sk아파트,중소폐가전,수거함 설치,경기도 성남시 분당구 판교로743번길 7 ,공동주택(아파트 등),무상
2143,분당시범단지삼성한신,중소폐가전,수거함 설치,경기도 성남시 분당구 중앙공원로 53 ,공동주택(아파트 등),무상
2144,불당지웰푸르지오,중소폐가전,수거함 설치,충청남도 천안시 서북구 불당24로38 ,공동주택(아파트 등),무상
2145,불당트윈팰리스아파트,중소폐가전,수거함 설치,충청남도 천안시 서북구 불당4로 106 ,공동주택(아파트 등),무상
2146,비래 현대아파트,중소폐가전,수거함 설치,대전광역시 대덕구 우암로 394 ,공동주택(아파트 등),무상
2147,비래동행정복지센터,중소폐가전,수거함 설치,대전광역시 대덕구 비래동로 10 ,"지자체(구청, 행정복지센터 등)",무상
2148,비아호반,중소폐가전,수거함 설치,광주광역시 광산구 비아로 185 ,공동주택(아파트 등),무상
2149,빛가람동행정복지센터,중소폐가전,수거함 설치,전라남도 나주시 빛가람로 719(빛가람동) ,"지자체(구청, 행정복지센터 등)",무상
2150,사곡리(대성) 재활용동네마당,중소폐가전,수거함 설치,경상북도 성주군 용암면 사곡리555-8 ,"지자체(구청, 행정복지센터 등)",무상
2151,사동3차 부영아파트(원앙마을),중소폐가전,수거함 설치,경상북도 경산시 백자로 20길 9 ,공동주택(아파트 등),무상
2152,사동휴먼시아 2단지,중소폐가전,수거함 설치,경상북도 경산시 솔숲길 100 ,공동주택(아파트 등),무상
2153,산곡1통 느티정 마을회관,중소폐가전,수거함 설치,충청북도 제천시 청풍호로17길 10-4 ,"지자체(구청, 행정복지센터 등)",무상
2154,산곡2통 마을회관,중소폐가전,수거함 설치,충청북도 제천시 산곡길42 ,"지자체(구청, 행정복지센터 등)",무상
2155,산내동행정복지센터,중소폐가전,수거함 설치,대전광역시 동구 산내로1257번길 53 ,"지자체(구청, 행정복지센터 등)",무상
2156,산성동 행정복지센터,중소폐가전,수거함 설치,대전광역시 중구 대둔산로 403 ,"지자체(구청, 행정복지센터 등)",무상
2157,산성한밭가든,중소폐가전,수거함 설치,대전광역시 중구 보문산로 31 ,공동주택(아파트 등),무상
2158,산운13단지데시앙아파트,중소폐가전,수거함 설치,경기도 성남시 분당구 판교원로82번길 30 ,공동주택(아파트 등),무상
2159,산운6단지신동아파밀리에,중소폐가전,수거함 설치,경기도 성남시 분당구 산운로 121 ,공동주택(아파트 등),무상
2160,산운9단지노블랜드아파트,중소폐가전,수거함 설치,경기도 성남시 분당구 산운로 126 ,공동주택(아파트 등),무상
2161,산운마을부영사랑으로,중소폐가전,수거함 설치,충청남도 천안시 동남구 청수8로72 ,공동주택(아파트 등),무상
2162,삼도뷰엔빌W아파트,중소폐가전,수거함 설치,경상북도 구미시 왕산로 28-12 ,공동주택(아파트 등),무상
2163,삼부3단지아파트,중소폐가전,수거함 설치,대전광역시 중구 태평로 65 ,공동주택(아파트 등),무상
2164,삼부4단지아파트,중소폐가전,수거함 설치,대전광역시 중구 태평로 55 ,공동주택(아파트 등),무상
2165,삼부5단지아파트,중소폐가전,수거함 설치,대전광역시 중구 태평로 89 ,공동주택(아파트 등),무상
2166,삼분1리 경로당,중소폐가전,수거함 설치,경상북도 의성군 다인면 삼분1길 36 ,"지자체(구청, 행정복지센터 등)",무상
2167,삼산1리 마을회관,중소폐가전,수거함 설치,경상북도 성주군 성주읍 삼산리 642-1 ,"지자체(구청, 행정복지센터 등)",무상
2168,삼성,중소폐가전,수거함 설치,전라남도 나주시 죽림길 71 ,공동주택(아파트 등),무상
2169,삼성공업사,중소폐가전,수거함 설치,경기도 이천시 창전동 448-8 ,공동주택(아파트 등),무상
2170,삼성동행정복지센터,중소폐가전,수거함 설치,대전광역시 동구 태전로 138-12 ,"지자체(구청, 행정복지센터 등)",무상
2171,삼성아데나팰리스,중소폐가전,수거함 설치,경기도 성남시 분당구 성남대로 275 ,공동주택(아파트 등),무상
2172,삼성타운아파트(2단지),중소폐가전,수거함 설치,대전광역시 동구 우암로 133-1 ,공동주택(아파트 등),무상
2173,삼성푸른아파트,중소폐가전,수거함 설치,대전광역시 중구 보문산로161번길 55 ,공동주택(아파트 등),무상
2174,삼원엑스포,중소폐가전,수거함 설치,경기도 이천시 대월면 대월로848 ,공동주택(아파트 등),무상
2175,삼익둥지아파트,중소폐가전,수거함 설치,대전광역시 대덕구 신상로21 ,공동주택(아파트 등),무상
2176,삼익세라믹아파트,중소폐가전,수거함 설치,대전광역시 동구 대전로340번길 20 ,공동주택(아파트 등),무상
2177,삼익아파트,중소폐가전,수거함 설치,대전광역시 중구 서문로 119 ,공동주택(아파트 등),무상
2178,삼정그린코아포레스트2단지아파트,중소폐가전,수거함 설치,대전광역시 동구 새울로 19 ,공동주택(아파트 등),무상
2179,삼주2차 봉황타운,중소폐가전,수거함 설치,경상북도 경산시 진량읍 봉황길 36 ,공동주택(아파트 등),무상
2180,삼주아파트,중소폐가전,수거함 설치,경상북도 칠곡군 북삼읍 어로3길 9 ,공동주택(아파트 등),무상
2181,삼진동산아파트,중소폐가전,수거함 설치,경기도 이천시 장호원읍 서동대로 8830번길 6-18 ,공동주택(아파트 등),무상
2182,삼호아파트,중소폐가전,수거함 설치,대전광역시 대덕구 비래서로 42 ,공동주택(아파트 등),무상
2183,상광경로당,중소폐가전,수거함 설치,경상북도 의성군 다인면 덕미1길 15-5 ,"지자체(구청, 행정복지센터 등)",무상
2184,상대원 성지아파트,중소폐가전,수거함 설치,경기도 성남시 중원구 순환로 178 ,공동주택(아파트 등),무상
2185,상록마을 우성아파트,중소폐가전,수거함 설치,경기도 성남시 분당구 내정로 55 ,공동주택(아파트 등),무상
2186,상서동행복주택,중소폐가전,수거함 설치,대전광역시 대덕구 새말3길 41 ,공동주택(아파트 등),무상
2187,상서행복주택,중소폐가전,수거함 설치,대전광역시 대덕구 새말3길 41 ,공동주택(아파트 등),무상
2188,상신리(웃티) 재활용동네마당,중소폐가전,수거함 설치,경상북도 성주군 용암면 상신리162 ,"지자체(구청, 행정복지센터 등)",무상
2189,상언1리(구룡골) 재활용동네마당,중소폐가전,수거함 설치,경상북도 성주군 용암면 상언리 222-2 ,"지자체(구청, 행정복지센터 등)",무상
2190,상언2리(구룡골) 재활용동네마당,중소폐가전,수거함 설치,경상북도 성주군 용암면 상언리 602-6 ,"지자체(구청, 행정복지센터 등)",무상
2191,상원고등학교,중소폐가전,수거함 설치,경기도 부천시 상동로 10 ,공동주택(아파트 등),무상
2192,상천리 마을회관,중소폐가전,수거함 설치,충청북도 제천시 수산면 상천1길 18 ,"지자체(구청, 행정복지센터 등)",무상
2193,새들뫼휴먼시아1단지아파트,중소폐가전,수거함 설치,대전광역시 동구 계족로 137 ,공동주택(아파트 등),무상
2194,새피앙아파트,중소폐가전,수거함 설치,대전광역시 동구 홍도로46번길 20 ,공동주택(아파트 등),무상
2195,샛별공원,중소폐가전,수거함 설치,경기도 이천시 창전동 466 ,공동주택(아파트 등),무상
2196,샛별마을삼부아파트,중소폐가전,수거함 설치,경기도 성남시 분당구 수내로 201 ,공동주택(아파트 등),무상
2197,샛별맨션,중소폐가전,수거함 설치,경상북도 구미시 백산로 5길 19 ,공동주택(아파트 등),무상
2198,생송1리마을회관,중소폐가전,수거함 설치,경상북도 의성군 단밀면 생송1길 5 ,"지자체(구청, 행정복지센터 등)",무상
2199,생송2리마을회관,중소폐가전,수거함 설치,경상북도 의성군 단밀면 생송2길 105 ,"지자체(구청, 행정복지센터 등)",무상
2200,생송3리마을회관,중소폐가전,수거함 설치,경상북도 의성군 단밀면 생송3길 68 ,"지자체(구청, 행정복지센터 등)",무상
2201,서제1리마을회관,중소폐가전,수거함 설치,경상북도 의성군 단밀면 서제1길 38-2 ,"지자체(구청, 행정복지센터 등)",무상
2202,서제2리마을회관,중소폐가전,수거함 설치,경상북도 의성군 단밀면 서제2길 1 ,"지자체(구청, 행정복지센터 등)",무상
2203,서한이다음1단지,중소폐가전,수거함 설치,대전광역시 유성구 과학성장로 77 ,공동주택(아파트 등),무상
2204,서희스타힐스,중소폐가전,수거함 설치,충청남도 천안시 동남구 청당4로45 ,공동주택(아파트 등),무상
2205,서희스타힐스아파트,중소폐가전,수거함 설치,충청북도 제천시 원화산로 43 ,공동주택(아파트 등),무상
2206,석교동 행정복지센터,중소폐가전,수거함 설치,대전광역시 중구 대종로 228 ,"지자체(구청, 행정복지센터 등)",무상
2207,석적읍사무소,중소폐가전,수거함 설치,경상북도 칠곡군 석적읍 남율로7길 7 ,"지자체(구청, 행정복지센터 등)",무상
2208,석전3리 마을회관,중소폐가전,수거함 설치,경상북도 칠곡군 왜관읍 석전로 85 ,"지자체(구청, 행정복지센터 등)",무상
2209,석천들아파트,중소폐가전,수거함 설치,대전광역시 동구 산내로1257번길 40 ,공동주택(아파트 등),무상
2210,"선경1,2차아파트",중소폐가전,수거함 설치,경기도 이천시 이섭대천로1395 ,공동주택(아파트 등),무상
2211,선경상대원2차,중소폐가전,수거함 설치,경기도 성남시 중원구 금상로 134 ,공동주택(아파트 등),무상
2212,선산읍 내고1리 마을회관,중소폐가전,수거함 설치,경상북도 구미시 선산읍 내고5길 127 ,공동주택(아파트 등),무상
2213,선산읍 소재리 마을회관,중소폐가전,수거함 설치,경상북도 구미시 선산읍 소재길 15 ,공동주택(아파트 등),무상
2214,선산읍 습례1리 마을회관,중소폐가전,수거함 설치,경상북도 구미시 선산읍 김선로 573 ,공동주택(아파트 등),무상
2215,선산읍 신기리 마을회관,중소폐가전,수거함 설치,경상북도 구미시 선산읍 선상동로 247 ,공동주택(아파트 등),무상
2216,선산읍 원1리 마을회관,중소폐가전,수거함 설치,경상북도 구미시 선산읍 유학17길 3 ,공동주택(아파트 등),무상
2217,선송리(칠선) 재활용동네마당,중소폐가전,수거함 설치,경상북도 성주군 용암면 선송리 428-2 ,"지자체(구청, 행정복지센터 등)",무상
2218,선운다사로움,중소폐가전,수거함 설치,광주광역시 광산구 선운로 34 ,공동주택(아파트 등),무상
2219,선운휴먼시아,중소폐가전,수거함 설치,광주광역시 광산구 선운중앙로 68 ,공동주택(아파트 등),무상
2220,선장면주민센터,중소폐가전,수거함 설치,충청남도 아산시 선장면 선장로 137 ,"지자체(구청, 행정복지센터 등)",무상
2221,선화동 선호아파트,중소폐가전,수거함 설치,대전광역시 중구 대종로 583 ,공동주택(아파트 등),무상
2222,선화센트럴뷰,중소폐가전,수거함 설치,대전광역시 중구 중앙로 45 ,공동주택(아파트 등),무상
2223,선화청구타운 아파트,중소폐가전,수거함 설치,경상북도 경산시 진량읍 영청길 22 ,공동주택(아파트 등),무상
2224,설봉1차푸르지오,중소폐가전,수거함 설치,경기도 이천시 향교로 159 ,공동주택(아파트 등),무상
2225,설봉공원 해병대,중소폐가전,수거함 설치,경기도 이천시 관고동 250-16 ,공동주택(아파트 등),무상
2226,성남 고등마을 아파트,중소폐가전,수거함 설치,경기도 성남시 수정구 고등로 57 ,공동주택(아파트 등),무상
2227,성남동 어울림아파트,중소폐가전,수거함 설치,경기도 성남시 중원구 둔촌대로 171번길 6 ,공동주택(아파트 등),무상
2228,성남동 현대아파트,중소폐가전,수거함 설치,경기도 성남시 중원구 둔촌대로 193 ,공동주택(아파트 등),무상
2229,성남면 봉양1리 마을회관,중소폐가전,수거함 설치,충청남도 천안시 동남구 성남면 봉양1길 375 ,공동주택(아파트 등),무상
2230,성남판교경기행복주택,중소폐가전,수거함 설치,경기도 성남시 분당구 판교로319번길 14 ,공동주택(아파트 등),무상
2231,성북동행정복지센터,중소폐가전,수거함 설치,전라남도 나주시 성북2길 6 ,"지자체(구청, 행정복지센터 등)",무상
2232,성산1리 재활용동네마당,중소폐가전,수거함 설치,경상북도 성주군 성주읍 성산리 1813 ,"지자체(구청, 행정복지센터 등)",무상
2233,성산2리 마을회관,중소폐가전,수거함 설치,경상북도 성주군 성주읍 성산2길 94 ,"지자체(구청, 행정복지센터 등)",무상
2234,성산3리 마을회관,중소폐가전,수거함 설치,경상북도 성주군 성주읍 본성로 869 ,"지자체(구청, 행정복지센터 등)",무상
2235,성산5리 마을회관,중소폐가전,수거함 설치,경상북도 성주군 성주읍 성산7길 13-1 ,"지자체(구청, 행정복지센터 등)",무상
2236,성산6리 마을회관,중소폐가전,수거함 설치,경상북도 성주군 성주읍 성산9길 62-16 ,"지자체(구청, 행정복지센터 등)",무상
2237,성산마을우남스타원,중소폐가전,수거함 설치,대전광역시 중구 안영로 68 ,공동주택(아파트 등),무상
2238,성서주공3단지,중소폐가전,수거함 설치,"대구광역시 달서구 신당로 55, 성서주공3단지 ",공동주택(아파트 등),무상
2239,성암리 마을회관,중소폐가전,수거함 설치,충청북도 제천시 덕산면 약초로14 ,"지자체(구청, 행정복지센터 등)",무상
2240,성원초원아파트,중소폐가전,수거함 설치,경기도 성남시 중원구 원터로18번길 19 ,공동주택(아파트 등),무상
2241,성한아파트,중소폐가전,수거함 설치,충청북도 제천시 명륜로2길 12 ,공동주택(아파트 등),무상
2242,성환빌라,중소폐가전,수거함 설치,경기도 이천시 창전동 452-17 ,공동주택(아파트 등),무상
2243,성환읍 와룡3리 마을회관,중소폐가전,수거함 설치,충청남도 천안시 서북구 성환읍 북농촌길 31 ,공동주택(아파트 등),무상
2244,세경아파트,중소폐가전,수거함 설치,충청북도 제천시 의병대로30길 8 ,공동주택(아파트 등),무상
2245,세광예산엔리치타워1차아파트,중소폐가전,수거함 설치,충청남도 예산군 예산읍 아리랑로93-10 ,공동주택(아파트 등),무상
2246,세촌2리 마을회관,중소폐가전,수거함 설치,경상북도 의성군 단촌면 세촌리 142 ,"지자체(구청, 행정복지센터 등)",무상
2247,센트럴 스타클래스,중소폐가전,수거함 설치,대전광역시 중구 중앙로 28 ,공동주택(아파트 등),무상
2248,센트럴파크1단지,중소폐가전,수거함 설치,대전광역시 중구 서문로 95 ,공동주택(아파트 등),무상
2249,센트럴파크2단지,중소폐가전,수거함 설치,대전광역시 중구 서문로 96 ,공동주택(아파트 등),무상
2250,센트럴파크3단지 ,중소폐가전,수거함 설치,대전광역시 중구 계백로1716번길 87 ,공동주택(아파트 등),무상
2251,소라아파트,중소폐가전,수거함 설치,대전광역시 대덕구 동심1길 103 ,공동주택(아파트 등),무상
2252,소촌라인1차,중소폐가전,수거함 설치,광주광역시 광산구 소촌로152번길 38 ,공동주택(아파트 등),무상
2253,속암1리마을회관,중소폐가전,수거함 설치,경상북도 의성군 단밀면 주속길 86 ,"지자체(구청, 행정복지센터 등)",무상
2254,속암2리마을회관,중소폐가전,수거함 설치,경상북도 의성군 단밀면 속암길 7-8 ,"지자체(구청, 행정복지센터 등)",무상
2255,솔랑마을아파트,중소폐가전,수거함 설치,대전광역시 동구 대전로 968 ,공동주택(아파트 등),무상
2256,송강마을 1단지,중소폐가전,수거함 설치,대전광역시 유성구 봉산로 45(송강동) ,공동주택(아파트 등),무상
2257,송림마을 5단지,중소폐가전,수거함 설치,대전광역시 유성구 노은로 416(하기동) ,공동주택(아파트 등),무상
2258,송악면주민센터,중소폐가전,수거함 설치,충청남도 아산시 송악면 송악로 790 ,"지자체(구청, 행정복지센터 등)",무상
2259,송악이편한세상아파트,중소폐가전,수거함 설치,충청남도 당진시 송악읍 반촌로 103 ,공동주택(아파트 등),무상
2260,송우4단지 아파트,중소폐가전,수거함 설치,경기도 포천시 소흘읍 태봉로 124 ,공동주택(아파트 등),무상
2261,송월동행정복지센터,중소폐가전,수거함 설치,전라남도 나주시 송월4길7(송월동) ,"지자체(구청, 행정복지센터 등)",무상
2262,송정동 수림1차아파트,중소폐가전,수거함 설치,경기도 이천시 증신로291번길 105 ,공동주택(아파트 등),무상
2263,송정동양아파트,중소폐가전,수거함 설치,경기도 이천시 송정동 309 ,공동주택(아파트 등),무상
2264,송천1리 마을회관,중소폐가전,수거함 설치,경상북도 김천시 아포읍 숭산길 250 ,공동주택(아파트 등),무상
2265,송학면 무도2리 마을회관,중소폐가전,수거함 설치,충청북도 제천시 송학면 흑석무도로 14안길 3 ,"지자체(구청, 행정복지센터 등)",무상
2266,송호1리 경로당,중소폐가전,수거함 설치,경상북도 의성군 다인면 송호1길 169 ,"지자체(구청, 행정복지센터 등)",무상
2267,수리 수렛골 마을회관,중소폐가전,수거함 설치,충청북도 제천시 수산면 인삼로14길 36 ,"지자체(구청, 행정복지센터 등)",무상
2268,수리 수청거리 마을회관,중소폐가전,수거함 설치,충청북도 제천시 수산면 인삼로19길 11 ,"지자체(구청, 행정복지센터 등)",무상
2269,수산2리 마을회관,중소폐가전,수거함 설치,충청북도 제천시 수산면 월악로28길 5 ,"지자체(구청, 행정복지센터 등)",무상
2270,수완골드클래스1차,중소폐가전,수거함 설치,광주광역시 광산구 장덕로5번길 16 ,공동주택(아파트 등),무상
2271,수완대방6차,중소폐가전,수거함 설치,광주광역시 광산구 왕버들로132번길 35 ,공동주택(아파트 등),무상
2272,수완동행정복지센터,중소폐가전,수거함 설치,광주광역시 광산구 장덕로 158 ,"지자체(구청, 행정복지센터 등)",무상
2273,수완호반1차,중소폐가전,수거함 설치,광주광역시 광산구 수등로123번길 21 ,공동주택(아파트 등),무상
2274,수완휴먼시아2차,중소폐가전,수거함 설치,광주광역시 광산구 수등로123번길 22 ,공동주택(아파트 등),무상
2275,수완휴먼시아3차,중소폐가전,수거함 설치,광주광역시 광산구 하남대로 261번길 11 ,공동주택(아파트 등),무상
2276,수완휴먼시아7차,중소폐가전,수거함 설치,광주광역시 광산구 풍영로329번길 50 ,공동주택(아파트 등),무상
2277,수완휴먼시아8차,중소폐가전,수거함 설치,광주광역시 광산구 풍영로330번길 15 ,공동주택(아파트 등),무상
2278,수원매탄6,중소폐가전,수거함 설치,경기도 수원시 영통구 동탄원천로 881번길 19 ,공동주택(아파트 등),무상
2279,수정타운,중소폐가전,수거함 설치,충청북도 제천시 용두천로32길 13 ,공동주택(아파트 등),무상
2280,숭오시티타운,중소폐가전,수거함 설치,경상북도 칠곡군 북삼읍 인강8길 13 ,공동주택(아파트 등),무상
2281,스마트뷰아파트,중소폐가전,수거함 설치,대전광역시 동구 성남로 15 ,공동주택(아파트 등),무상
2282,스타광고 앞 생활쓰레기 배출거점,중소폐가전,수거함 설치,경상북도 영천시 포은로 85 ,공동주택(아파트 등),무상
2283,스타빌,중소폐가전,수거함 설치,경기도 이천시 창전동 50-17 ,공동주택(아파트 등),무상
2284,시현마을1단지,중소폐가전,수거함 설치,충청남도 예산군 삽교읍 충예로258 시현마을LH1단지 ,공동주택(아파트 등),무상
2285,시흥배곧이지더원2차에듀그린아파트,중소폐가전,수거함 설치,경기도 시흥시 서울대학로 100 ,공동주택(아파트 등),무상
2286,신가도시공사,중소폐가전,수거함 설치,광주광역시 광산구 수등로258번길 13 ,공동주택(아파트 등),무상
2287,신가주공,중소폐가전,수거함 설치,광주광역시 광산구 수등로 204 ,공동주택(아파트 등),무상
2288,신기마을회관,중소폐가전,수거함 설치,경상북도 김천시 신기길 121 ,공동주택(아파트 등),무상
2289,신기마을회관,중소폐가전,수거함 설치,경상북도 김천시 신기길 121 ,공동주택(아파트 등),무상
2290,신당동 조승아파트,중소폐가전,수거함 설치,충청남도 천안시 서북구 신당새터2길 29-12 ,공동주택(아파트 등),무상
2291,신당동 코아루아파트,중소폐가전,수거함 설치,충청남도 천안시 서북구 신당새터2길 55 ,공동주택(아파트 등),무상
2292,신대부적 2차 부영 사랑으로,중소폐가전,수거함 설치,경상북도 경산시 압량읍 압독2로 59 ,공동주택(아파트 등),무상
2293,신동아아파트,중소폐가전,수거함 설치,대전광역시 대덕구 한밭대로1033번길 15 ,공동주택(아파트 등),무상
2294,신림1단지,중소폐가전,수거함 설치,서울특별시 관악구 광신길 160 ,공동주택(아파트 등),무상
2295,신부경남아너스빌아파트,중소폐가전,수거함 설치,충청남도 천안시 동남구 충절로 42 ,공동주택(아파트 등),무상
2296,신부동 도솔노블시티 동문굿모닝힐,중소폐가전,수거함 설치,충청남도 천안시 동남구 신부8길 21 ,공동주택(아파트 등),무상
2297,신성미소지움금암2차,중소폐가전,수거함 설치,충청남도 계룡시 서금암5길 9 ,공동주택(아파트 등),무상
2298,신안동행정복지센터,중소폐가전,수거함 설치,충청남도 천안시 동남구 신부3길 16-6 ,공동주택(아파트 등),무상
2299,신원아침도시아파트,중소폐가전,수거함 설치,경기도 이천시 대월면 경충대로2003번길 102 ,공동주택(아파트 등),무상
2300,신인동행정복지센터,중소폐가전,수거함 설치,대전광역시 동구 충무로203번길 28-25 ,"지자체(구청, 행정복지센터 등)",무상
2301,신창도시공사,중소폐가전,수거함 설치,광주광역시 광산구 왕버들로252번길 46 ,공동주택(아파트 등),무상
2302,신창면주민센터,중소폐가전,수거함 설치,충청남도 아산시 신창면 서부북로 631 ,"지자체(구청, 행정복지센터 등)",무상
2303,신창부영2차,중소폐가전,수거함 설치,광주광역시 광산구 신창로71번길 33 ,공동주택(아파트 등),무상
2304,신통일아파트,중소폐가전,수거함 설치,강원도 원주시 치악로 1690 ,공동주택(아파트 등),무상
2305,신통일아파트,중소폐가전,수거함 설치,강원도 원주시 치악로 1690 ,공동주택(아파트 등),무상
2306,신평2동 행정복지센터,중소폐가전,수거함 설치,경상북도 구미시 신비로7길 9 ,공동주택(아파트 등),무상
2307,신한2차아파트,중소폐가전,수거함 설치,경기도 이천시 부발읍 경충대로 2216-33 ,공동주택(아파트 등),무상
2308,신한강변아파트,중소폐가전,수거함 설치,충청북도 충주시 풍동동막길 50 ,공동주택(아파트 등),무상
2309,신흥SK뷰아파트,중소폐가전,수거함 설치,대전광역시 동구 충무로 255 ,공동주택(아파트 등),무상
2310,신흥역하늘채랜더스원3단지,중소폐가전,수거함 설치,경기도 성남시 중원구 광명로 206 ,공동주택(아파트 등),무상
2311,쌍용동 계룡푸른마을@,중소폐가전,수거함 설치,충청남도 천안시 서북구 충무로 143-8 ,공동주택(아파트 등),무상
2312,쌍용동 세경개나리@,중소폐가전,수거함 설치,충청남도 천안시 서북구 쌍용18길 61 ,공동주택(아파트 등),무상
2313,쌍용동 시영2차@,중소폐가전,수거함 설치,충청남도 천안시 서북구 쌍용18길 69 ,공동주택(아파트 등),무상
2314,쌍용동 월봉대우@,중소폐가전,수거함 설치,충청남도 천안시 서북구 월봉4로 88-11 ,공동주택(아파트 등),무상
2315,쌍용동 월봉청솔2차@,중소폐가전,수거함 설치,충청남도 천안시 서북구 월봉7길 77 ,공동주택(아파트 등),무상
2316,쌍용동 일성3차(능수)@,중소폐가전,수거함 설치,충청남도 천안시 서북구 쌍용17길 25 ,공동주택(아파트 등),무상
2317,쌍용동 일성다래@,중소폐가전,수거함 설치,충청남도 천안시 서북구 쌍용16길 41 ,공동주택(아파트 등),무상
2318,쌍용동 코오롱하늘채@,중소폐가전,수거함 설치,충청남도 천안시 서북구 월봉로 15 ,공동주택(아파트 등),무상
2319,쌍용동 현대홈타운6차 1단지,중소폐가전,수거함 설치,충청남도 천안시 서북구 충무로 124-24 ,공동주택(아파트 등),무상
2320,쌍용동 현대홈타운6차 2단지,중소폐가전,수거함 설치,충청남도 천안시 서북구 충무로 124-25 ,공동주택(아파트 등),무상
2321,쌍용예가아파트,중소폐가전,수거함 설치,대전광역시 중구 평촌로 93 ,공동주택(아파트 등),무상
2322,쌍용주 공9단지 1차,중소폐가전,수거함 설치,충청남도 천안시 서북구 봉서산샛길 65 ,공동주택(아파트 등),무상
2323,아라LH아파트,중소폐가전,수거함 설치,"제주도 제주시 인다12길 1, 2 ",공동주택(아파트 등),무상
2324,아름드리 아파트,중소폐가전,수거함 설치,경상북도 영천시 고경면 단포리 407-91번지 ,공동주택(아파트 등),무상
2325,아름마을풍림아파트,중소폐가전,수거함 설치,경기도 성남시 분당구 탄천로 35 ,공동주택(아파트 등),무상
2326,아미현대3차아파트,중소폐가전,수거함 설치,경기도 이천시 부발읍 경충대로 2037 ,공동주택(아파트 등),무상
2327,아이노블청도,중소폐가전,수거함 설치,경상북도 청도군 청도읍 고수리 842-1 ,공동주택(아파트 등),무상
2328,아이조움아파트,중소폐가전,수거함 설치,대전광역시 대덕구 비래서로61번길 71 ,공동주택(아파트 등),무상
2329,아주아트빌,중소폐가전,수거함 설치,경상북도 김천시 공절길 43 ,공동주택(아파트 등),무상
2330,안동옥동2,중소폐가전,수거함 설치,경상북도 안동시 은행나무로 106-3 ,공동주택(아파트 등),무상
2331,안동옥동7 주공아파트,중소폐가전,수거함 설치,경상북도 안동시 옥서1길 25 ,공동주택(아파트 등),무상
2332,안심주공4단지아파트,중소폐가전,수거함 설치,대구광역시 동구 율하동로73 ,공동주택(아파트 등),무상
2333,안평면사무소,중소폐가전,수거함 설치,경상북도 의성군 안평면 안평의성로 36 ,"지자체(구청, 행정복지센터 등)",무상
2334,약목면사무소,중소폐가전,수거함 설치,경상북도 칠곡군 약목면 복성1길 15 ,"지자체(구청, 행정복지센터 등)",무상
2335,양덕e편한세상2차,중소폐가전,수거함 설치,경상북도 포항시 북구 천마로 90번길 11 ,공동주택(아파트 등),무상
2336,양우내안애리버시티1차,중소폐가전,수거함 설치,전라남도 나주시 남평읍 강변1길 21-31 ,공동주택(아파트 등),무상
2337,양지마을아파트,중소폐가전,수거함 설치,대전광역시 대덕구 대전로1185번길 30 ,공동주택(아파트 등),무상
2338,양지한양1단지,중소폐가전,수거함 설치,경기도 성남시 분당구 내정로165번길 35 ,공동주택(아파트 등),무상
2339,어로2리 마을회관,중소폐가전,수거함 설치,경상북도 칠곡군 북삼읍 어로리 520 ,"지자체(구청, 행정복지센터 등)",무상
2340,어룡동행정복지센터,중소폐가전,수거함 설치,광주광역시 광산구 선운중앙로67번길 6 ,"지자체(구청, 행정복지센터 등)",무상
2341,열매마을 10단지,중소폐가전,수거함 설치,대전광역시 유성구 노은동로 111(노은동) ,공동주택(아파트 등),무상
2342,염리종합사회복지관,중소폐가전,수거함 설치,서울특별시 마포구 대흥로24길 50 ,공동주택(아파트 등),무상
2343,염치읍주민센터,중소폐가전,수거함 설치,충청남도 아산시 염치읍 염치로 37 염치읍행정복지센터 ,"지자체(구청, 행정복지센터 등)",무상
2344,영강동행정복지센터,중소폐가전,수거함 설치,전라남도 나주시 삼영1길 8(삼영동) ,"지자체(구청, 행정복지센터 등)",무상
2345,영등포 문래롯데캐슬,중소폐가전,수거함 설치,서울특별시 영등포구 선유로9길 30 ,공동주택(아파트 등),무상
2346,영산동행정복지센터,중소폐가전,수거함 설치,전라남도 나주시 예향로 3872(영산동) ,"지자체(구청, 행정복지센터 등)",무상
2347,영인면주민센터,중소폐가전,수거함 설치,충청남도 아산시 영인면 영인로 78 ,"지자체(구청, 행정복지센터 등)",무상
2348,영주가흥1주공아파트,중소폐가전,수거함 설치,경상북도 영주시 대학로 130 ,공동주택(아파트 등),무상
2349,영천주공10차,중소폐가전,수거함 설치,광주광역시 광산구 사암로340번길 30 ,공동주택(아파트 등),무상
2350,영천주공9차,중소폐가전,수거함 설치,광주광역시 광산구 풍영로 63 ,공동주택(아파트 등),무상
2351,예다인아파트,중소폐가전,수거함 설치,경상북도 경산시 와촌면 금송로 325 ,공동주택(아파트 등),무상
2352,예산2리 재활용동네마당,중소폐가전,수거함 설치,경상북도 성주군 성주읍 예산리 133-3 ,"지자체(구청, 행정복지센터 등)",무상
2353,예산4리 수정1차 아파트,중소폐가전,수거함 설치,경상북도 성주군 성주읍 성주읍1길 39 ,공동주택(아파트 등),무상
2354,예산산성주공아파트,중소폐가전,수거함 설치,충청남도 예산군 예산읍 아리랑로77-6 ,공동주택(아파트 등),무상
2355,오광아파트,중소폐가전,수거함 설치,대전광역시 대덕구 생산5길 22 ,공동주택(아파트 등),무상
2356,오류동 행정복지센터,중소폐가전,수거함 설치,대전광역시 중구 오류로 56 ,"지자체(구청, 행정복지센터 등)",무상
2357,오티리 마을회관,중소폐가전,수거함 설치,충청북도 제천시 수산면 청풍호로64안길 6 ,"지자체(구청, 행정복지센터 등)",무상
2358,온양1동주민센터,중소폐가전,수거함 설치,충청남도 아산시 번영로 77 ,"지자체(구청, 행정복지센터 등)",무상
2359,온양2동주민센터,중소폐가전,수거함 설치,충청남도 아산시 중앙로 40 ,"지자체(구청, 행정복지센터 등)",무상
2360,온양3동주민센터,중소폐가전,수거함 설치,충청남도 아산시 삼동로 40번길 15 ,"지자체(구청, 행정복지센터 등)",무상
2361,온양4동주민센터,중소폐가전,수거함 설치,충청남도 아산시 실옥로 220 ,"지자체(구청, 행정복지센터 등)",무상
2362,온양5동주민센터,중소폐가전,수거함 설치,충청남도 아산시 시민로 288 ,"지자체(구청, 행정복지센터 등)",무상
2363,왕암 코아루드림 아파트,중소폐가전,수거함 설치,충청북도 제천시 바이오밸리로 171 ,공동주택(아파트 등),무상
2364,외산정 경로당,중소폐가전,수거함 설치,경상북도 의성군 다인면 외정길 104 ,"지자체(구청, 행정복지센터 등)",무상
2365,외송화 경로당,중소폐가전,수거함 설치,경상북도 의성군 다인면 송호1길 284 ,"지자체(구청, 행정복지센터 등)",무상
2366,용계리(밖배만) 재활용동네마당,중소폐가전,수거함 설치,경상북도 성주군 용암면 용계리 279-1 ,"지자체(구청, 행정복지센터 등)",무상
2367,용계리(안배만) 재활용동네마당,중소폐가전,수거함 설치,경상북도 성주군 용암면 용계리 산23 ,"지자체(구청, 행정복지센터 등)",무상
2368,용곡1리 경로당,중소폐가전,수거함 설치,경상북도 의성군 다인면 용곡1길 61 ,"지자체(구청, 행정복지센터 등)",무상
2369,용곡1리 영농폐비닐집하장,중소폐가전,수거함 설치,경상북도 의성군 다인면 용곡리 448-5 ,"지자체(구청, 행정복지센터 등)",무상
2370,용곡1리마을회관,중소폐가전,수거함 설치,경상북도 의성군 단밀면 도리비길 37 ,"지자체(구청, 행정복지센터 등)",무상
2371,용곡2리마을회관,중소폐가전,수거함 설치,경상북도 의성군 단밀면 누실길 112 ,"지자체(구청, 행정복지센터 등)",무상
2372,용곡3리 경로당,중소폐가전,수거함 설치,경상북도 의성군 다인면 용곡2길 68 ,"지자체(구청, 행정복지센터 등)",무상
2373,용두동 행정복지센터,중소폐가전,수거함 설치,대전광역시 중구 동서대로1322번길 111 ,"지자체(구청, 행정복지센터 등)",무상
2374,용문면 행정복지센터,중소폐가전,수거함 설치,경상북도 예천군 용문면 금당실길 54 ,"지자체(구청, 행정복지센터 등)",무상
2375,용산1리 마을회관,중소폐가전,수거함 설치,경상북도 성주군 성주읍 용산1길 27 ,"지자체(구청, 행정복지센터 등)",무상
2376,용산2리 재활용동네마당,중소폐가전,수거함 설치,경상북도 성주군 성주읍 용산리 산53-6 ,"지자체(구청, 행정복지센터 등)",무상
2377,용암동아벽산아파트,중소폐가전,수거함 설치,충청남도 천안시 서북구 월봉로 131 ,공동주택(아파트 등),무상
2378,용우아파트,중소폐가전,수거함 설치,경상북도 칠곡군 북삼읍 북삼로 188-5 ,공동주택(아파트 등),무상
2379,용운한화꿈에그린아파트,중소폐가전,수거함 설치,대전광역시 동구 대학로50번길 53 ,공동주택(아파트 등),무상
2380,용전동행정복지센터,중소폐가전,수거함 설치,대전광역시 동구 계족로 515 ,"지자체(구청, 행정복지센터 등)",무상
2381,용전한숲아파트,중소폐가전,수거함 설치,대전광역시 동구 계족로 489번길 73 ,공동주택(아파트 등),무상
2382,용정1리 재활용동네마당,중소폐가전,수거함 설치,경상북도 성주군 용암면 용정리 274-2 ,"지자체(구청, 행정복지센터 등)",무상
2383,용정2리(희봉) 재활용동네마당,중소폐가전,수거함 설치,경상북도 성주군 용암면 운용로 851 ,"지자체(구청, 행정복지센터 등)",무상
2384,용호리 복호마을,중소폐가전,수거함 설치,경상북도 김천시 구성면 복호2길 103-4 ,공동주택(아파트 등),무상
2385,우림필유,중소폐가전,수거함 설치,경상북도 경산시 진량읍 봉황길 53 ,공동주택(아파트 등),무상
2386,우미린 센트럴파크,중소폐가전,수거함 설치,경상북도 구미시 산동읍 신당3로 16 ,공동주택(아파트 등),무상
2387,우미린 풀하우스,중소폐가전,수거함 설치,경상북도 구미시 산동읍 신당인덕3로 1 ,공동주택(아파트 등),무상
2388,우방센트럴 아파트,중소폐가전,수거함 설치,경상북도 예천군 호명면 행복로 229 ,공동주택(아파트 등),무상
2389,우방신세계타운 2단지,중소폐가전,수거함 설치,경상북도 구미시 상사서로 17 ,공동주택(아파트 등),무상
2390,우방아이유쉘스카이팰리스,중소폐가전,수거함 설치,대전광역시 중구 오류로 31 ,공동주택(아파트 등),무상
2391,우산중흥리버티,중소폐가전,수거함 설치,광주광역시 광산구 풍영철길로 20-20 ,공동주택(아파트 등),무상
2392,운남주공2차,중소폐가전,수거함 설치,광주광역시 광산구 목련로273번길 76 ,공동주택(아파트 등),무상
2393,운남주공5차,중소폐가전,수거함 설치,광주광역시 광산구 하남대로 248-10 ,공동주택(아파트 등),무상
2394,운남주공7차,중소폐가전,수거함 설치,광주광역시 광산구 목련로153번길 56 ,공동주택(아파트 등),무상
2395,운남주공8차,중소폐가전,수거함 설치,광주광역시 광산구 목련로153번길 143 ,공동주택(아파트 등),무상
2396,운산리 재활용동네마당,중소폐가전,수거함 설치,경상북도 성주군 용암면 운산리152-1 ,"지자체(구청, 행정복지센터 등)",무상
2397,운암네오미아아파트,중소폐가전,수거함 설치,대전광역시 유성구 덕명로 26 (덕명동) ,공동주택(아파트 등),무상
2398,울산교동주공아파트,중소폐가전,수거함 설치,울산광역시 울주군 삼남읍 봉화마을길 9 ,공동주택(아파트 등),무상
2399,울산달동3 주공아파트,중소폐가전,수거함 설치,울산광역시 남구 번영로107번길 13 ,공동주택(아파트 등),무상
2400,울산명촌주공아파트,중소폐가전,수거함 설치,울산광역시 북구 명촌로94 ,공동주택(아파트 등),무상
2401,울산우진임대아파트,중소폐가전,수거함 설치,울산광역시 동구 문재3길34 ,공동주택(아파트 등),무상
2402,울산호계1단지 아파트,중소폐가전,수거함 설치,울산광역시 북구 동대12길 30 ,공동주택(아파트 등),무상
2403,울산호계2주공아파트,중소폐가전,수거함 설치,울산광역시 북구 동대11길 36 ,공동주택(아파트 등),무상
2404,울산화봉1주공아파트,중소폐가전,수거함 설치,울산광역시 북구 화산로 33 ,공동주택(아파트 등),무상
2405,울산화봉2아파트,중소폐가전,수거함 설치,울산광역시 북구 화산로 36 ,공동주택(아파트 등),무상
2406,울산화봉2주공아파트,중소폐가전,수거함 설치,울산광역시 북구 화산로 36 ,공동주택(아파트 등),무상
2407,울산화정주공아파트,중소폐가전,수거함 설치,울산광역시 동구 월봉10길 16 ,공동주택(아파트 등),무상
2408,원주명륜2,중소폐가전,수거함 설치,강원도 원주시 예술관길 31 ,공동주택(아파트 등),무상
2409,원주무실1,중소폐가전,수거함 설치,강원도 원주시 시청로 68 ,공동주택(아파트 등),무상
2410,원주무실5,중소폐가전,수거함 설치,강원도 원주시 만대로 96 ,공동주택(아파트 등),무상
2411,원주문막1,중소폐가전,수거함 설치,강원도 원주시 문막읍 원문로 1684 ,공동주택(아파트 등),무상
2412,원주태장4,중소폐가전,수거함 설치,강원도 원주시 흥양로 51번길 20 ,공동주택(아파트 등),무상
2413,월계주공1단지,중소폐가전,수거함 설치,서울특별시 노원구 초안산로 1길 15 ,공동주택(아파트 등),무상
2414,월곡1동행정복지센터,중소폐가전,수거함 설치,광주광역시 광산구 사암로 306 ,"지자체(구청, 행정복지센터 등)",무상
2415,월곡금호타운,중소폐가전,수거함 설치,광주광역시 광산구 월곡산정로 80 ,공동주택(아파트 등),무상
2416,월곡일신,중소폐가전,수거함 설치,광주광역시 광산구 사암로 271 ,공동주택(아파트 등),무상
2417,월롱리 마을회관,중소폐가전,수거함 설치,충청북도 제천시 덕산면 도전로6길 40 ,"지자체(구청, 행정복지센터 등)",무상
2418,웰그린아파트,중소폐가전,수거함 설치,경상북도 청도군 이서면 학산리 517 ,공동주택(아파트 등),무상
2419,위례31단지아파트,중소폐가전,수거함 설치,경기도 성남시 수정구 위례순환로 17 ,공동주택(아파트 등),무상
2420,위례36단지아파트,중소폐가전,수거함 설치,경기도 성남시 수정구 위례순환로 53 ,공동주택(아파트 등),무상
2421,위례더힐55아파트,중소폐가전,수거함 설치,경기도 성남시 수정구 위례순환로 220 ,공동주택(아파트 등),무상
2422,"위례역푸르지오(4,5,6단지)",중소폐가전,수거함 설치,경기도 성남시 수정구 위례광장로 12 ,공동주택(아파트 등),무상
2423,위례포레스트부영,중소폐가전,수거함 설치,경기도 성남시 수정구 헌릉로 1005 ,공동주택(아파트 등),무상
2424,위중1리마을회관,중소폐가전,수거함 설치,경상북도 의성군 단밀면 위중1길 17 ,"지자체(구청, 행정복지센터 등)",무상
2425,위중2리마을회관,중소폐가전,수거함 설치,경상북도 의성군 단밀면 위중2길 38 ,"지자체(구청, 행정복지센터 등)",무상
2426,위중3리마을회관,중소폐가전,수거함 설치,경상북도 의성군 단밀면 위중3길 184 ,"지자체(구청, 행정복지센터 등)",무상
2427,유등마을아파트,중소폐가전,수거함 설치,대전광역시 중구 수침로 138 ,공동주택(아파트 등),무상
2428,유등탑스빌,중소폐가전,수거함 설치,대전광역시 중구 유천로33번길 106 ,공동주택(아파트 등),무상
2429,유산양우내안애,중소폐가전,수거함 설치,경기도 이천시 호법면 중부대로909-28 ,공동주택(아파트 등),무상
2430,유성구청,중소폐가전,수거함 설치,대전광역시 유성구 대학로 211 ,"지자체(구청, 행정복지센터 등)",무상
2431,유천1동 행정복지센터,중소폐가전,수거함 설치,대전광역시 중구 계백로1566번길 57 ,"지자체(구청, 행정복지센터 등)",무상
2432,유천2동 행정복지센터,중소폐가전,수거함 설치,대전광역시 중구 문화로133번길 55 ,"지자체(구청, 행정복지센터 등)",무상
2433,유천현대2차아파트,중소폐가전,수거함 설치,대전광역시 중구 계백로1615번길 34 ,공동주택(아파트 등),무상
2434,윤성 3차 아파트,중소폐가전,수거함 설치,경상북도 경산시 압량읍 연지길 152 ,공동주택(아파트 등),무상
2435,율지리 마을회관,중소폐가전,수거함 설치,충청북도 제천시 수산면 오티로 178-62 ,"지자체(구청, 행정복지센터 등)",무상
2436,은어송마을2단지아파트,중소폐가전,수거함 설치,대전광역시 동구 동구청로 35 ,공동주택(아파트 등),무상
2437,은어송마을3단지아파트,중소폐가전,수거함 설치,대전광역시 동구 은어송로 117 ,공동주택(아파트 등),무상
2438,은어송마을5단지우미린아파트,중소폐가전,수거함 설치,대전광역시 동구 은어송로 100 ,공동주택(아파트 등),무상
2439,은어송마을6단지아파트,중소폐가전,수거함 설치,대전광역시 동구 신기로 100 ,공동주택(아파트 등),무상
2440,은어송코오롱하늘채2차,중소폐가전,수거함 설치,대전광역시 동구 동구청로 35 ,공동주택(아파트 등),무상
2441,은행선화동 행정복지센터,중소폐가전,수거함 설치,대전광역시 중구 보문로337번길 33 ,"지자체(구청, 행정복지센터 등)",무상
2442,은혜학교,중소폐가전,수거함 설치,광주광역시 북구 앰코로 127 ,공동주택(아파트 등),무상
2443,이구로얄1차,중소폐가전,수거함 설치,경상북도 구미시 형곡로 33길 39 ,공동주택(아파트 등),무상
2444,이매촌금강아파트,중소폐가전,수거함 설치,경기도 성남시 분당구 서현로 177 ,공동주택(아파트 등),무상
2445,이매촌동부코오롱,중소폐가전,수거함 설치,경기도 성남시 분당구 양현로 88 ,공동주택(아파트 등),무상
2446,이수흥공원(대성태권도앞),중소폐가전,수거함 설치,경기도 이천시 창전동 152-9 ,공동주택(아파트 등),무상
2447,이창동행정복지센터,중소폐가전,수거함 설치,전라남도 나주시 영산포로 182-7(이창동) ,"지자체(구청, 행정복지센터 등)",무상
2448,이천농협 하나로마트 본점 뒤,중소폐가전,수거함 설치,경기도 이천시 창전동 455-13 ,공동주택(아파트 등),무상
2449,이천롯데캐슬골드스카이아파트,중소폐가전,수거함 설치,경기도 이천시 구만리로 191 ,공동주택(아파트 등),무상
2450,이편한 경산신대 아파트,중소폐가전,수거함 설치,경상북도 경산시 압량읍 압독로 38-10 ,공동주택(아파트 등),무상
2451,이편한세상도화5단지아파트 ,중소폐가전,수거함 설치,인천광역시 미추홀구 숙골로 112번길 11 ,공동주택(아파트 등),무상
2452,이형아파트,중소폐가전,수거함 설치,충청북도 제천시 청전대로14길 30 ,공동주택(아파트 등),무상
2453,인3리 마을회관,중소폐가전,수거함 설치,경상북도 김천시 아포읍 인4길 84 ,공동주택(아파트 등),무상
2454,인덕원푸르지오엘센트로아파트,중소폐가전,수거함 설치,경기도 의왕시 안양판교로 100 ,공동주택(아파트 등),무상
2455,인주면주민센터,중소폐가전,수거함 설치,충청남도 아산시 인주면 현대로 1295 ,"지자체(구청, 행정복지센터 등)",무상
2456,일봉산해피트리아파트,중소폐가전,수거함 설치,충청남도 천안시 동남구 다가말2길 70 ,공동주택(아파트 등),무상
2457,임당호반베르디움,중소폐가전,수거함 설치,경상북도 경산시 남매공원로6 ,공동주택(아파트 등),무상
2458,자양동행정복지센터,중소폐가전,수거함 설치,대전광역시 동구 백룡로 16 ,"지자체(구청, 행정복지센터 등)",무상
2459,장락주공1단지아파트,중소폐가전,수거함 설치,충청북도 제천시 죽하로 30 ,공동주택(아파트 등),무상
2460,장미시영,중소폐가전,수거함 설치,대전광역시 중구 수침로 42 ,공동주택(아파트 등),무상
2461,장미아파트,중소폐가전,수거함 설치,충청북도 제천시 의병대로36길 28 ,공동주택(아파트 등),무상
2462,장호원현대아파트,중소폐가전,수거함 설치,경기도 이천시 장호원읍 서동대로 8844-15 ,공동주택(아파트 등),무상
2463,적림리노인회관,중소폐가전,수거함 설치,경상북도 구미시 산동읍 강동로 1032 ,공동주택(아파트 등),무상
2464,적림리노인회관,중소폐가전,수거함 설치,경상북도 구미시 산동읍 강동로 1032 ,공동주택(아파트 등),무상
2465,정든마을동아2단지,중소폐가전,수거함 설치,경기도 성남시 분당구 불정로 179 ,공동주택(아파트 등),무상
2466,정든마을신화5단지,중소폐가전,수거함 설치,경기도 성남시 분당구 정자로 112 ,공동주택(아파트 등),무상
2467,정든마을한진8단지아파트,중소폐가전,수거함 설치,경기도 성남시 분당구 불정로 119 ,공동주택(아파트 등),무상
2468,제주으뜸마을아파트,중소폐가전,수거함 설치,제주도 제주시 진군1길 3 ,공동주택(아파트 등),무상
2469,제주화북3,중소폐가전,수거함 설치,제주도 제주시 동화로1길 35 ,공동주택(아파트 등),무상
2470,제천코아루아파트,중소폐가전,수거함 설치,충청북도 제천시 원뜰로14 ,공동주택(아파트 등),무상
2471,제천하소3단지아파트,중소폐가전,수거함 설치,충청북도 제천시 하소로 95 ,공동주택(아파트 등),무상
2472,주선1리마을회관,중소폐가전,수거함 설치,경상북도 의성군 단밀면 주선1길 50 ,"지자체(구청, 행정복지센터 등)",무상
2473,주선2리마을회관,중소폐가전,수거함 설치,경상북도 의성군 단밀면 주선2길 24 ,"지자체(구청, 행정복지센터 등)",무상
2474,주선3리마을회관,중소폐가전,수거함 설치,경상북도 의성군 단밀면 주선3길 57-4 ,"지자체(구청, 행정복지센터 등)",무상
2475,주은다솜아파트,중소폐가전,수거함 설치,경기도 이천시 부발읍 경충대로1804번길 70 ,공동주택(아파트 등),무상
2476,죽동 금성백조예미지아파트,중소폐가전,수거함 설치,대전광역시 유성구 죽동로 321(죽동) ,공동주택(아파트 등),무상
2477,죽전리(곰지골) 재활용동네마당,중소폐가전,수거함 설치,경상북도 성주군 용암면 죽전리85-2 ,"지자체(구청, 행정복지센터 등)",무상
2478,죽전재활용마당,중소폐가전,수거함 설치,경상북도 성주군 금수면 광산리124-11 ,"지자체(구청, 행정복지센터 등)",무상
2479,중계9단지,중소폐가전,수거함 설치,서울특별시 노원구 노원로 16길 15 ,공동주택(아파트 등),무상
2480,중리동행정복지센터,중소폐가전,수거함 설치,대전광역시 대덕구 중리남로 47 ,"지자체(구청, 행정복지센터 등)",무상
2481,중앙아파트앞,중소폐가전,수거함 설치,경기도 이천시 창전동 412 ,공동주택(아파트 등),무상
2482,중우하나린,중소폐가전,수거함 설치,전라남도 나주시 남평읍 강변2길 20 ,공동주택(아파트 등),무상
2483,중존동 행정복지센터,중소폐가전,수거함 설치,대전광역시 중구 대종로 663-7 ,"지자체(구청, 행정복지센터 등)",무상
2484,중촌금호아파트,중소폐가전,수거함 설치,대전광역시 중구 대종로 713 ,공동주택(아파트 등),무상
2485,중촌시영아파트,중소폐가전,수거함 설치,대전광역시 중구 대종로 701 ,공동주택(아파트 등),무상
2486,중촌주공3단지아파트,중소폐가전,수거함 설치,대전광역시 중구 목중로 69 ,공동주택(아파트 등),무상
2487,중촌현대아파트,중소폐가전,수거함 설치,대전광역시 중구 목중로 26번길 29 ,공동주택(아파트 등),무상
2488,중흥S클래스 에코시티,중소폐가전,수거함 설치,경상북도 구미시 산동읍 신당인덕1로 135 ,공동주택(아파트 등),무상
2489,증일동 현대홈타운,중소폐가전,수거함 설치,경기도 이천시 구만리로 42 ,공동주택(아파트 등),무상
2490,증포대우3차,중소폐가전,수거함 설치,경기도 이천시 이섭대천로1407번길 35 ,공동주택(아파트 등),무상
2491,지곡리 마을회관,중소폐가전,수거함 설치,충청북도 제천시 수산면 지곡로 426 ,"지자체(구청, 행정복지센터 등)",무상
2492,지천면사무소,중소폐가전,수거함 설치,경상북도 칠곡군 지천면 신동로 171 ,"지자체(구청, 행정복지센터 등)",무상
2493,직산읍 행정복지센터,중소폐가전,수거함 설치,충청남도 천안시 서북구 직산읍 삼은4길 2 ,공동주택(아파트 등),무상
2494,진량휴먼시아,중소폐가전,수거함 설치,경상북도 경산시 진량읍 금호강변로 830-3 ,공동주택(아파트 등),무상
2495,진보면사무소,중소폐가전,수거함 설치,경상북도 청송군 진보면 진안동2길 4-10 ,"지자체(구청, 행정복지센터 등)",무상
2496,진주빌라맨숀,중소폐가전,수거함 설치,경기도 이천시 창전동 418 ,공동주택(아파트 등),무상
2497,진흥더블파크아파트,중소폐가전,수거함 설치,경기도 성남시 수정구 단대로23번길 10 ,공동주택(아파트 등),무상
2498,창신백조 1차,중소폐가전,수거함 설치,경상북도 경산시 원효로 36길 46 ,공동주택(아파트 등),무상
2499,창의고등학교,중소폐가전,수거함 설치,경기도 화성시 동탄신리천로 1길 66 ,공동주택(아파트 등),무상
2500,창전5통마을회관(청소년문화의집),중소폐가전,수거함 설치,경기도 이천시 창전동 415-5 ,"지자체(구청, 행정복지센터 등)",무상
2501,창전체육공원,중소폐가전,수거함 설치,경기도 이천시 창전동 432-10 ,공동주택(아파트 등),무상
2502,창포메트로시티1단지 아파트,중소폐가전,수거함 설치,경상북도 포항시 북구 우창로 164 ,공동주택(아파트 등),무상
2503,천안백석3,중소폐가전,수거함 설치,충청남도 천안시 서북구 백석3로 70 ,공동주택(아파트 등),무상
2504,천안불당지웰시티푸르지오1단지아파트,중소폐가전,수거함 설치,충청남도 천안시 서북구 불당26로 80 ,공동주택(아파트 등),무상
2505,"천안불당파크푸르지오2단지(아파트, 오피스텔)",중소폐가전,수거함 설치,충청남도 천안시 서북구 불당 26로 122 ,공동주택(아파트 등),무상
2506,천안시티자이아파트,중소폐가전,수거함 설치,충청남도 천안시 서북구 성성6로 21 ,공동주택(아파트 등),무상
2507,천일베리굿아파트,중소폐가전,수거함 설치,충청북도 제천시 내토로 65길 17 ,공동주택(아파트 등),무상
2508,첨단대우,중소폐가전,수거함 설치,광주광역시 광산구 첨단중앙로181번길 88-21 ,공동주택(아파트 등),무상
2509,첨단부영1차,중소폐가전,수거함 설치,광주광역시 광산구 월계로 170 ,공동주택(아파트 등),무상
2510,첨단부영6차,중소폐가전,수거함 설치,광주광역시 광산구 산월로 64 ,공동주택(아파트 등),무상
2511,첨단호반3-2차,중소폐가전,수거함 설치,광주광역시 광산구 첨단중앙로68번길 100 ,공동주택(아파트 등),무상
2512,첨단호반3-3차,중소폐가전,수거함 설치,광주광역시 광산구 첨단중앙로68번길 134 ,공동주택(아파트 등),무상
2513,첨단힐스테이트리버파크,중소폐가전,수거함 설치,광주광역시 광산구 첨단강변로 100 ,공동주택(아파트 등),무상
2514,청솔9단지,중소폐가전,수거함 설치,경기도 성남시 분당구 미금로 216 ,공동주택(아파트 등),무상
2515,청솔마을서광영남아파트,중소폐가전,수거함 설치,경기도 성남시 분당구 성남대로171번길 8 ,공동주택(아파트 등),무상
2516,청전현대아파트,중소폐가전,수거함 설치,충청북도 제천시 용두천로 235 ,공동주택(아파트 등),무상
2517,청주산남2-1아파트,중소폐가전,수거함 설치,충청북도 청주시 서원구 구룡산로 292 ,공동주택(아파트 등),무상
2518,청주용암주공2단지아파트,중소폐가전,수거함 설치,충청북도 청주시 상당구 원봉로 52-1 ,공동주택(아파트 등),무상
2519,청통면행정복지센터,중소폐가전,수거함 설치,경상북도 영천시 청통면 금송로 978 청통면대 ,"지자체(구청, 행정복지센터 등)",무상
2520,초원파크 아파트,중소폐가전,수거함 설치,경상북도 경산시 백양로 91 ,공동주택(아파트 등),무상
2521,춘천석사3,중소폐가전,수거함 설치,강원도 춘천시 후석로 228번길 47(후평동) ,공동주택(아파트 등),무상
2522,춘천효자8,중소폐가전,수거함 설치,강원도 춘천시 공지로 234-16 ,공동주택(아파트 등),무상
2523,충주연수2주공아파트,중소폐가전,수거함 설치,충청북도 충주시 주공길 7 ,공동주택(아파트 등),무상
2524,칠곡그린빌5단지,중소폐가전,수거함 설치,대구광역시 북구 학남로 100 ,공동주택(아파트 등),무상
2525,칠곡북삼,중소폐가전,수거함 설치,경상북도 칠곡군 북삼읍 북삼로 200 ,공동주택(아파트 등),무상
2526,칠곡왜관2단지아파트,중소폐가전,수거함 설치,경상북도 칠곡군 왜관읍 자조1길 10 ,공동주택(아파트 등),무상
2527,칠곡왜관3,중소폐가전,수거함 설치,경상북도 칠곡군 왜관읍 평장7길 11 ,공동주택(아파트 등),무상
2528,칠곡왜관4휴먼시아아파트,중소폐가전,수거함 설치,경상북도 칠곡군 왜관읍 관문로1길 24 ,공동주택(아파트 등),무상
2529,코아루 블루핀,중소폐가전,수거함 설치,경상북도 청도군 화양읍 범곡리 489 ,공동주택(아파트 등),무상
2530,코오롱더프라우,중소폐가전,수거함 설치,경기도 성남시 분당구 정자일로 27 ,공동주택(아파트 등),무상
2531,큰솔5차아파트,중소폐가전,수거함 설치,대전광역시 동구 동서대로1572번길165 ,공동주택(아파트 등),무상
2532,타운하우스-이지,중소폐가전,수거함 설치,충청남도 계룡시 서금암5길 24 ,공동주택(아파트 등),무상
2533,탑마을선경아파트,중소폐가전,수거함 설치,경기도 성남시 분당구 야탑로 20 ,공동주택(아파트 등),무상
2534,탕정면주민센터,중소폐가전,수거함 설치,충청남도 아산시 탕정면 탕정면로 36 ,"지자체(구청, 행정복지센터 등)",무상
2535,태봉빌라,중소폐가전,수거함 설치,강원도 원주시 치악로 1690 ,공동주택(아파트 등),무상
2536,태평1동 행정복지센터,중소폐가전,수거함 설치,대전광역시 중구 동서대로 1234 ,"지자체(구청, 행정복지센터 등)",무상
2537,태평아파트,중소폐가전,수거함 설치,대전광역시 중구 평촌로 111 ,공동주택(아파트 등),무상
2538,파라곤아파트,중소폐가전,수거함 설치,대전광역시 중구 유등천동로 428 ,공동주택(아파트 등),무상
2539,파밀리에아파트,중소폐가전,수거함 설치,대전광역시 동구 동산초교로 46 ,공동주택(아파트 등),무상
2540,파주운정별하람마을4단지,중소폐가전,수거함 설치,경기도 파주시 별하람로 53 ,공동주택(아파트 등),무상
2541,파크드림시티써밋,중소폐가전,수거함 설치,경상북도 김천시 혁신1로 75 ,공동주택(아파트 등),무상
2542,판교백현마을6단지,중소폐가전,수거함 설치,경기도 성남시 분당구 판교역로 100 ,공동주택(아파트 등),무상
2543,판교알파리움1단지 아파트,중소폐가전,수거함 설치,경기도 성남시 분당구 대왕판교로606번길 10(백현동) ,공동주택(아파트 등),무상
2544,판교원마을 5단지 아파트,중소폐가전,수거함 설치,경기도 성남시 분당구 판교원로 207 ,공동주택(아파트 등),무상
2545,판교원마을11단지 현대힐스테이트,중소폐가전,수거함 설치,경기도 성남시 분당구 서판교로 147 ,공동주택(아파트 등),무상
2546,판교원마을12단지,중소폐가전,수거함 설치,경기도 성남시 분당구 서판교로 165 ,공동주택(아파트 등),무상
2547,판교원마을13단지,중소폐가전,수거함 설치,경기도 성남시 분당구 서판교로 139 ,공동주택(아파트 등),무상
2548,판교원마을3단지 ,중소폐가전,수거함 설치,경기도 성남시 분당구 판교로 20 ,공동주택(아파트 등),무상
2549,판교원마을7단지,중소폐가전,수거함 설치,경기도 성남시 분당구 판교원로 237 ,공동주택(아파트 등),무상
2550,판교제2테크노밸리LH1단지,중소폐가전,수거함 설치,경기도 성남시 수정구 창업로40번길 6 ,공동주택(아파트 등),무상
2551,판교푸르지오그랑블,중소폐가전,수거함 설치,경기도 성남시 분당구 동판교로 123 ,공동주택(아파트 등),무상
2552,판교풍경채어바니티7단지,중소폐가전,수거함 설치,경기도 성남시 분당구 판교대장로 77 ,공동주택(아파트 등),무상
2553,판암1동행정복지센터,중소폐가전,수거함 설치,대전광역시 동구 동부로10번길 68 ,"지자체(구청, 행정복지센터 등)",무상
2554,"판암주공1, 2단지아파트",중소폐가전,수거함 설치,대전광역시 동구 옥천로180번길 47-2 ,공동주택(아파트 등),무상
2555,판암주공3단지아파트,중소폐가전,수거함 설치,대전광역시 동구 옥천로 152-9 ,공동주택(아파트 등),무상
2556,판암주공4단지아파트,중소폐가전,수거함 설치,대전광역시 동구 동부로 56-7 ,공동주택(아파트 등),무상
2557,팔등리마을회관,중소폐가전,수거함 설치,경상북도 의성군 단밀면 팔등길 13 ,"지자체(구청, 행정복지센터 등)",무상
2558,팔송마을회관,중소폐가전,수거함 설치,충청북도 제천시 봉양읍 팔송로1길 104 ,"지자체(구청, 행정복지센터 등)",무상
2559,포항창포1주공아파트,중소폐가전,수거함 설치,경상북도 포항시 북구 새천년대로 1075번길 10 ,공동주택(아파트 등),무상
2560,포항학산아파트,중소폐가전,수거함 설치,경상북도 포항시 북구 장미길 31 ,공동주택(아파트 등),무상
2561,푸른뫼아파트,중소폐가전,수거함 설치,대전광역시 중구 수침로 122 ,공동주택(아파트 등),무상
2562,풍기읍 코아루아파트,중소폐가전,수거함 설치,경상북도 영주시 풍기읍 기주로 7 ,공동주택(아파트 등),무상
2563,풍산아파트,중소폐가전,수거함 설치,경기도 이천시 증신로278 ,공동주택(아파트 등),무상
2564,하광노인회관,중소폐가전,수거함 설치,경상북도 의성군 다인면 덕지리 165 ,"지자체(구청, 행정복지센터 등)",무상
2565,하나맨션 1차,중소폐가전,수거함 설치,경상북도 경산시 하양읍 대경로 683-7 ,공동주택(아파트 등),무상
2566,하남모아엘가,중소폐가전,수거함 설치,광주광역시 광산구 단전둘레길 15 ,공동주택(아파트 등),무상
2567,하남부영3차,중소폐가전,수거함 설치,광주광역시 광산구 하남대로 30 ,공동주택(아파트 등),무상
2568,하남중흥,중소폐가전,수거함 설치,광주광역시 광산구 목련로21번길 20 ,공동주택(아파트 등),무상
2569,하늘채랜더스원1단지,중소폐가전,수거함 설치,경기도 성남시 중원구 광명로 176 ,공동주택(아파트 등),무상
2570,하늘채랜더스원2단지,중소폐가전,수거함 설치,경기도 성남시 중원구 광명로204 ,공동주택(아파트 등),무상
2571,하늘채랜더스원4단지,중소폐가전,수거함 설치,경기도 성남시 중원구 광명로 202 ,공동주택(아파트 등),무상
2572,하소주공 1단지아파트,중소폐가전,수거함 설치,충청북도 제천시 용두대로15길 11 ,공동주택(아파트 등),무상
2573,하소주공3단지,중소폐가전,수거함 설치,충청북도 제천시 하소로95 ,공동주택(아파트 등),무상
2574,하소힐스테이트,중소폐가전,수거함 설치,충청북도 제천시 용두대로7길 36 ,공동주택(아파트 등),무상
2575,하양 호반 써밋더퍼스트,중소폐가전,수거함 설치,경상북도 경산시 하양읍 서사도리로 80 ,공동주택(아파트 등),무상
2576,하양2차 코아루,중소폐가전,수거함 설치,경상북도 경산시 하양읍 하양로 37길 19 ,공동주택(아파트 등),무상
2577,하양롯데 아파트 1차,중소폐가전,수거함 설치,경상북도 경산시 하양읍 대학로 298길 20-9 ,공동주택(아파트 등),무상
2578,하양우방 2차,중소폐가전,수거함 설치,경상북도 경산시 하양읍 하양로29 ,공동주택(아파트 등),무상
2579,학하동 행정복지센터,중소폐가전,수거함 설치,대전광역시 유성구 학하동 716-7 ,"지자체(구청, 행정복지센터 등)",무상
2580,학하리슈빌 학의뜰,중소폐가전,수거함 설치,대전광역시 유성구 학하로 33(계산동) ,공동주택(아파트 등),무상
2581,학하리슈빌포레,중소폐가전,수거함 설치,대전광역시 유성구 학하남로90번길 76 ,공동주택(아파트 등),무상
2582,한국부동산원,중소폐가전,수거함 설치,대구광역시 동구 이노밸리로 291 ,공동주택(아파트 등),무상
2583,한국부동산원 기숙사,중소폐가전,수거함 설치,대구광역시 동구 과학로13길 54-8 ,공동주택(아파트 등),무상
2584,한국전력거래소,중소폐가전,수거함 설치,전라남도 나주시 빛가람로 625 ,공동주택(아파트 등),무상
2585,한라비발디더센트롤,중소폐가전,수거함 설치,충청남도 계룡시 두마면 대실남북3길 16 ,공동주택(아파트 등),무상
2586,한마음아파트,중소폐가전,수거함 설치,대전광역시 대덕구 계족로664번길 27 ,공동주택(아파트 등),무상
2587,한밭우성아파트,중소폐가전,수거함 설치,대전광역시 중구 서문로 32 ,공동주택(아파트 등),무상
2588,한빛타운,중소폐가전,수거함 설치,경상북도 구미시 송동로 105 ,공동주택(아파트 등),무상
2589,한성1차,중소폐가전,수거함 설치,광주광역시 광산구 월곡산정로 108 ,공동주택(아파트 등),무상
2590,한솔마을 4단지아파트,중소폐가전,수거함 설치,경기도 성남시 분당구 백현로 206 ,공동주택(아파트 등),무상
2591,한솔아파트,중소폐가전,수거함 설치,대전광역시 유성구 송강로 15(송강동) ,공동주택(아파트 등),무상
2592,한신라이프빌라,중소폐가전,수거함 설치,경기도 성남시 분당구 분당로263번길 68 ,공동주택(아파트 등),무상
2593,한양수자인3단지아파트,중소폐가전,수거함 설치,경기도 이천시 아리역로38번길33 ,공동주택(아파트 등),무상
2594,한양수자인성남마크뷰,중소폐가전,수거함 설치,경기도 성남시 중원구 광명로 411 ,공동주택(아파트 등),무상
2595,행복한마을아파트,중소폐가전,수거함 설치,대전광역시 대덕구 덕암로 200 ,공동주택(아파트 등),무상
2596,행정복지센터(면사무소),중소폐가전,수거함 설치,경상북도 의성군 안계면 안계길 114 ,"지자체(구청, 행정복지센터 등)",무상
2597,향교공원,중소폐가전,수거함 설치,경기도 이천시 창전동 408 ,공동주택(아파트 등),무상
2598,현대빌라A동,중소폐가전,수거함 설치,경기도 이천시 창전동 431 ,공동주택(아파트 등),무상
2599,"현대성우 3,4단지",중소폐가전,수거함 설치,경기도 이천시 부발읍 경충대로2050번길 43 ,공동주택(아파트 등),무상
2600,현대성우1단지,중소폐가전,수거함 설치,경기도 이천시 부발읍 경충대로2092번길 39-25 ,공동주택(아파트 등),무상
2601,현대성우2단지,중소폐가전,수거함 설치,경기도 이천시 부발읍 경충대로 2092번길 39-50 ,공동주택(아파트 등),무상
2602,현대아파트,중소폐가전,수거함 설치,대전광역시 대덕구 우암로 394 ,공동주택(아파트 등),무상
2603,현대전자아파트,중소폐가전,수거함 설치,경기도 이천시 대월면 경충대로2041번길 167 ,공동주택(아파트 등),무상
2604,협성휴포레경산대평,중소폐가전,수거함 설치,경상북도 경산시 대평길 8 ,공동주택(아파트 등),무상
2605,형곡4주공,중소폐가전,수거함 설치,경상북도 구미시 신시로 37 ,공동주택(아파트 등),무상
2606,형곡4주공,중소폐가전,수거함 설치,경상북도 구미시 신시로 37 ,공동주택(아파트 등),무상
2607,호반베르디움 센트로포레 아파트,중소폐가전,수거함 설치,충청남도 천안시 서북구 불당23로 10 ,공동주택(아파트 등),무상
2608,홍도동행정복지센터,중소폐가전,수거함 설치,대전광역시 동구 동산초교로34번길 56 ,"지자체(구청, 행정복지센터 등)",무상
2609,홍도아파트,중소폐가전,수거함 설치,대전광역시 동구 동서대로 1579 ,공동주택(아파트 등),무상
2610,화산2리 쓰레기분리수거장,중소폐가전,수거함 설치,경상북도 영천시 화산면 화산리 185-1 ,공동주택(아파트 등),무상
2611,화성1차아파트,중소폐가전,수거함 설치,충청북도 제천시 신백로14길 9 ,공동주택(아파트 등),무상
2612,화신로8길,중소폐가전,수거함 설치,경상북도 구미시 화신로 8길 13 ,공동주택(아파트 등),무상
2613,화이트빌,중소폐가전,수거함 설치,경기도 성남시 분당구 금곡로 39 ,공동주택(아파트 등),무상
2614,확장단지 골드클래스,중소폐가전,수거함 설치,경상북도 구미시 산동읍 신당3로 43 ,공동주택(아파트 등),무상
2615,효동행정복지센터,중소폐가전,수거함 설치,대전광역시 동구 계족로 24 ,"지자체(구청, 행정복지센터 등)",무상
2616,효성해링턴플레이스스마일시티,중소폐가전,수거함 설치,충청남도 천안시 서북구 스마일시티2로 1 ,공동주택(아파트 등),무상
2617,효자면 행정복지센터,중소폐가전,수거함 설치,경상북도 예천군 효자면 도효자로 1481 ,"지자체(구청, 행정복지센터 등)",무상
2618,효자촌그린타운아파트,중소폐가전,수거함 설치,경기도 성남시 분당구 분당로263번길 13 ,공동주택(아파트 등),무상
2619,효자촌삼환아파트,중소폐가전,수거함 설치,경기도 성남시 분당구 불정로 361 ,공동주택(아파트 등),무상
2620,휴먼빌,중소폐가전,수거함 설치,경기도 이천시 창전동 431-22 ,공동주택(아파트 등),무상
2621,휴먼시아 아파트,중소폐가전,수거함 설치,경상북도 청도군 화양읍 범곡리 422 ,공동주택(아파트 등),무상
2622,휴먼시아섬마을2단지,중소폐가전,수거함 설치,경기도 성남시 중원구 도촌남로 24 ,공동주택(아파트 등),무상
2623,흥해읍 행정복지센터,중소폐가전,수거함 설치,경상북도 포항시 북구 흥해읍 동해대로 1511 ,공동주택(아파트 등),무상
2624,힐스테이트2차아파트,중소폐가전,수거함 설치,경기도 성남시 중원구 시민로 66 ,공동주택(아파트 등),무상
2625,힐스테이트봉담,중소폐가전,수거함 설치,경기도 화성시 봉담읍 상리3길 90 ,공동주택(아파트 등),무상
2626,힐스테이트위례아파트,중소폐가전,수거함 설치,경기도 성남시 수정구 위례동로15 ,공동주택(아파트 등),무상
2627,힐스테이트죽전역더퍼스트,중소폐가전,수거함 설치,대구광역시 달서구 와룡로31길 26 ,공동주택(아파트 등),무상
2628,힐스테이트포항아파트,중소폐가전,수거함 설치,경상북도 포항시 남구 오천읍 중원로 16 ,공동주택(아파트 등),무상
2629,삼성스토어 아산현대자동차 모바일,폐휴대폰,수거함 설치,충남 아산시 인주면 현대로1029번길 200-47 ,민팃ATM,무상
2630,롯데하이마트 거제점,중소폐가전,수거함 설치,경남 거제시 거제대로 4583 ,롯데하이마트,무상
2631,롯데하이마트 칠곡점,폐휴대폰,수거함 설치,대구 북구 칠곡중앙대로 327 ,민팃ATM,무상
2632,롯데하이마트 사하점,중소폐가전,수거함 설치,부산 사하구 낙동대로 340 ,롯데하이마트,무상
2633,롯데하이마트 양산물금점,중소폐가전,수거함 설치,경남 양산시 물금읍 증산역로 154 ,롯데하이마트,무상
2634,삼양1동,중소폐가전,수거함 설치,제주 제주시 선사로8길 25 ,재활용도움센터(제주도),무상
2635,화북일동,중소폐가전,수거함 설치,제주 제주시 동화로 55 ,재활용도움센터(제주도),무상
2636,일도1동,중소폐가전,수거함 설치,제주 제주시 성지로 32 ,재활용도움센터(제주도),무상
2637,덕천리,중소폐가전,수거함 설치,제주 제주시 구좌읍 월덕로 514 ,재활용도움센터(제주도),무상
2638,송당리,중소폐가전,수거함 설치,제주 제주시 구좌읍 중산간동로 2202-14 ,재활용도움센터(제주도),무상
2639,김녕리,중소폐가전,수거함 설치,제주 제주시 구좌읍 김녕로8길 32-8 ,재활용도움센터(제주도),무상
2640,구엄리,중소폐가전,수거함 설치,제주 제주시 애월읍 구엄동1길 50 ,재활용도움센터(제주도),무상
2641,고성리,중소폐가전,수거함 설치,제주 제주시 애월읍 평화로 2584 ,재활용도움센터(제주도),무상
2642,옹포리,중소폐가전,수거함 설치,제주 제주시 한림읍 월계로 9 ,재활용도움센터(제주도),무상
2643,토산1리,중소폐가전,수거함 설치,제주 서귀포시 표선면 중산간동로5570번길 5-1 ,재활용도움센터(제주도),무상
2644,하천리,중소폐가전,수거함 설치,제주 서귀포시 표선면 일주동로5645번길 13-5 ,재활용도움센터(제주도),무상
2645,서광서리,중소폐가전,수거함 설치,제주 서귀포시 안덕면 중산간서로 2063 ,재활용도움센터(제주도),무상
2646,난산리,중소폐가전,수거함 설치,제주 서귀포시 성산읍 독자봉로60번길 179-10 ,재활용도움센터(제주도),무상
2647,위미2리,중소폐가전,수거함 설치,제주 서귀포시 남원읍 태위로 253-37 ,재활용도움센터(제주도),무상
2648,위미2리,중소폐가전,수거함 설치,제주 서귀포시 남원읍 태위로 253-37 0,재활용도움센터(제주도),무상
2649,신례1리,중소폐가전,수거함 설치,제주 서귀포시 남원읍 신례동로 53 ,재활용도움센터(제주도),무상
2650,무릉리,중소폐가전,수거함 설치,제주 서귀포시 대정읍 서삼중로 128-1 ,재활용도움센터(제주도),무상
2651,영락리,중소폐가전,수거함 설치,제주 서귀포시 대정읍 영락중동로 11-1 ,재활용도움센터(제주도),무상
2652, 봉양1리 마을회관 ,중소폐가전,수거함 설치,경상북도 봉화군 봉성면 운봉로 694 ,"지자체(구청, 행정복지센터 등)",무상
2653, 양촌읍 재활용동네마당,중소폐가전,수거함 설치,경기도 김포시 양촌읍 삼도공단로 115번길 13(학운 5리 마을회관) ,"지자체(구청, 행정복지센터 등)",무상
2654,2차그린맨션,중소폐가전,수거함 설치,대구광역시 달서구 구마로36길20 ,공동주택(아파트 등),무상
2655,LH 천년나무 3단지,중소폐가전,수거함 설치,경상북도 경산시 하양읍 서사도리4로 12 ,공동주택(아파트 등),무상
2656,LH 천년나무 4단지,중소폐가전,수거함 설치,경상북도 경산시 하양읍 서사도리4로 22 ,공동주택(아파트 등),무상
2657,LH송정마을,중소폐가전,수거함 설치,경기도 군포시 송부로96번길 29 ,공동주택(아파트 등),무상
2658,LH천년나무7단지,중소폐가전,수거함 설치,충청남도 천안시 서북구 불당26로 99 ,공동주택(아파트 등),무상
2659,LH청주탑동아파트,중소폐가전,수거함 설치,충청북도 청주시 상당구 산성로55 ,공동주택(아파트 등),무상
2660,SK뷰파크2차,중소폐가전,수거함 설치,경기도 화성시 동탄지성로 256 ,공동주택(아파트 등),무상
2661,e편한세상 서산예천,중소폐가전,수거함 설치,충청남도 서산시 동서1로 230 ,공동주택(아파트 등),무상
2662,e편한세상봉명아너리움아파트,중소폐가전,수거함 설치,충청남도 천안시 동남구 쌍용대로 160 ,공동주택(아파트 등),무상
2663,lh1단지아파트,중소폐가전,수거함 설치,전라남도 나주시 이창택지길 37-7 ,공동주택(아파트 등),무상
2664,가경신라아파트,중소폐가전,수거함 설치,충청북도 청주시 흥덕구 가로수로1308번길 42 ,공동주택(아파트 등),무상
2665,가경아이파크2단지 아파트,중소폐가전,수거함 설치,충청북도 청주시 흥덕구 서현로 68 ,공동주택(아파트 등),무상
2666,가경자이아파트,중소폐가전,수거함 설치,충청북도 청주시 흥덕구 서현로 30(가경자이아파트) ,공동주택(아파트 등),무상
2667,가곡2리 마을회관,중소폐가전,수거함 설치,충청남도 부여군 은산면 매화로 192 ,"지자체(구청, 행정복지센터 등)",무상
2668,가덕2리 마을회관,중소폐가전,수거함 설치,충청남도 부여군 옥산면 옥산동로 276-2 ,"지자체(구청, 행정복지센터 등)",무상
2669,가람마을1단지,중소폐가전,수거함 설치,대구광역시 달서구 한실로135 ,공동주택(아파트 등),무상
2670,가람마을휴먼시아2단지,중소폐가전,수거함 설치,경기도 파주시 미래로 602 ,공동주택(아파트 등),무상
2671,가로수마을휴먼시아아파트,중소폐가전,수거함 설치,충청북도 청주시 흥덕구 서현중로 32번길 23 ,공동주택(아파트 등),무상
2672,가마2리,중소폐가전,수거함 설치,충청북도 청주시 서원구 남이면 가마리 30-20 ,"지자체(구청, 행정복지센터 등)",무상
2673,가마힐데스하임아파트,중소폐가전,수거함 설치,충청북도 청주시 서원구 남이면 2순환로 1717 ,공동주택(아파트 등),무상
2674,가산3리 경로당,중소폐가전,수거함 설치,충청북도 청주시 상당구 남일면 가산1길 46 ,"지자체(구청, 행정복지센터 등)",무상
2675,가야주공5단지2차,중소폐가전,수거함 설치,경기도 군포시 번영로 353 ,공동주택(아파트 등),무상
2676,가정1리 마을회관,중소폐가전,수거함 설치,경기도 여주시 북내면 가정2길 4 ,"지자체(구청, 행정복지센터 등)",무상
2677,가정2리 마을회관,중소폐가전,수거함 설치,경기도 여주시 북내면 가정긴골길 149 ,"지자체(구청, 행정복지센터 등)",무상
2678,가탑2리 마을회관,중소폐가전,수거함 설치,충청남도 부여군 부여읍 가탑로 91 ,"지자체(구청, 행정복지센터 등)",무상
2679,가화2리 마을회관,중소폐가전,수거함 설치,충청남도 부여군 충화면 충신로523번길 3 ,"지자체(구청, 행정복지센터 등)",무상
2680,가회2리 마을회관,중소폐가전,수거함 설치,충청남도 부여군 세도면 부흥로987번길 96-3 ,"지자체(구청, 행정복지센터 등)",무상
2681,가회3리 마을회관,중소폐가전,수거함 설치,충청남도 부여군 세도면 가회로169번길 17 ,"지자체(구청, 행정복지센터 등)",무상
2682,간대1리 마을회관,중소폐가전,수거함 설치,충청남도 부여군 세도면 부흥로 545 ,"지자체(구청, 행정복지센터 등)",무상
2683,갈산주공2단지,중소폐가전,수거함 설치,인천광역시 부평구 주부토로 206 ,공동주택(아파트 등),무상
2684,감정동 재활용동네마당1,중소폐가전,수거함 설치,경기도 김포시 감정동 645 ,"지자체(구청, 행정복지센터 등)",무상
2685,감정동 재활용동네마당2,중소폐가전,수거함 설치,경기도 김포시 중봉로25번길 79 ,"지자체(구청, 행정복지센터 등)",무상
2686,감천면 행정복지센터,중소폐가전,수거함 설치,경상북도 예천군 감천면 충효로 1389 ,"지자체(구청, 행정복지센터 등)",무상
2687,강남마을주공8단지아파트,중소폐가전,수거함 설치,경기도 용인시 기흥구 강남동로 92 ,공동주택(아파트 등),무상
2688,강내두진하트리움아파트,중소폐가전,수거함 설치,충청북도 청주시 흥덕구 강내면 월곡길 23-13 ,공동주택(아파트 등),무상
2689,강산아파트,중소폐가전,수거함 설치,충청남도 부여군 규암면 흥수로 646 ,공동주택(아파트 등),무상
2690,강서청도 아파트,중소폐가전,수거함 설치,충청북도 청주시 흥덕구 가로수로1144번길 72-2 ,공동주택(아파트 등),무상
2691,강원시청자미디어센터,중소폐가전,수거함 설치,강원도 춘천시 서면 박사로 882 ,"지자체(구청, 행정복지센터 등)",무상
2692,개나리아파트,중소폐가전,수거함 설치,경기도 군포시 고산로677번길 34 ,공동주택(아파트 등),무상
2693,개신뜨란채2단지아파트,중소폐가전,수거함 설치,충청북도 청주시 서원구 경신로 68 ,공동주택(아파트 등),무상
2694,개신삼익1차아파트,중소폐가전,수거함 설치,충청북도 청주시 서원구 예체로 7번길 48 ,공동주택(아파트 등),무상
2695,개신재원아파트,중소폐가전,수거함 설치,충청북도 청주시 서원구 1순환로803번길 15(개신동) 개신재원아파트 ,공동주택(아파트 등),무상
2696,개포면 행정복지센터,중소폐가전,수거함 설치,경상북도 예천군 개포면 신음리 235-1 ,"지자체(구청, 행정복지센터 등)",무상
2697,건양1차,중소폐가전,수거함 설치,경기도 군포시 대야1로22번길 8-1 ,공동주택(아파트 등),무상
2698,건주 참조은아파트,중소폐가전,수거함 설치,충청남도 천안시 서북구 성환읍 성환4길 6 ,공동주택(아파트 등),무상
2699,경기시청자미디어센터,중소폐가전,수거함 설치,경기도 남양주시 다산중앙로82번안길 146 ,"지자체(구청, 행정복지센터 등)",무상
2700,경남무궁화아파트,중소폐가전,수거함 설치,충청남도 계룡시 엄사면 번영로 43 ,공동주택(아파트 등),무상
2701,경남아너스빌아파트,중소폐가전,수거함 설치,충청남도 천안시 동남구 청수로 15 ,공동주택(아파트 등),무상
2702,경남타운,중소폐가전,수거함 설치,대구광역시 수성구 범어로 13 ,공동주택(아파트 등),무상
2703,경동태원하이빌,중소폐가전,수거함 설치,울산광역시 울주군 범서읍 천상리 324-2 ,공동주택(아파트 등),무상
2704,경둔1리 마을회관,중소폐가전,수거함 설치,충청남도 부여군 은산면 경둔리 383-1 ,"지자체(구청, 행정복지센터 등)",무상
2705,경북도청 LH 행복주택,중소폐가전,수거함 설치,경상북도 예천군 호명면 행복로 111 ,공동주택(아파트 등),무상
2706,경북도청 아이파크,중소폐가전,수거함 설치,경상북도 예천군 호명면 새움3로7 ,공동주택(아파트 등),무상
2707,경북도청우방아이유쉘센텀,중소폐가전,수거함 설치,경상북도 예천군 호명면 검무로27 ,공동주택(아파트 등),무상
2708,경북도청우방아이유쉘센트럴,중소폐가전,수거함 설치,경상북도 예천군 호명면 행복로 229 ,공동주택(아파트 등),무상
2709,경산1차 삼주봉황타운,중소폐가전,수거함 설치,경상북도 경산시 진량읍 봉황길 31 ,공동주택(아파트 등),무상
2710,경산4차 삼주봉황타운,중소폐가전,수거함 설치,경상북도 경산시 진량읍 봉황길 72 ,공동주택(아파트 등),무상
2711,경산푸르지오,중소폐가전,수거함 설치,경상북도 경산시 압량읍 압독4로 12 ,공동주택(아파트 등),무상
2712,경희학성아파트,중소폐가전,수거함 설치,충청남도 아산시 신창면 순천향로 49 ,공동주택(아파트 등),무상
2713,계룡대림 e편한세상아파트,중소폐가전,수거함 설치,충청남도 계룡시 두마면 사계로 51 ,공동주택(아파트 등),무상
2714,계룡대실 리슈빌아파트,중소폐가전,수거함 설치,충청남도 계룡시 두마면 농소로 64 ,공동주택(아파트 등),무상
2715,계룡대아파트,중소폐가전,수거함 설치,충청남도 계룡시 신도안면 신도안1길 50 ,공동주택(아파트 등),무상
2716,계룡대품랑마을스타힐스아파트,중소폐가전,수거함 설치,충청남도 계룡시 신도안면 신도안2길 98 ,공동주택(아파트 등),무상
2717,계룡대해미르아파트,중소폐가전,수거함 설치,충청남도 계룡시 신도안면 신도안3길 55 ,공동주택(아파트 등),무상
2718,계룡더샵아파트,중소폐가전,수거함 설치,충청남도 계룡시 두마면 사계로 101 ,공동주택(아파트 등),무상
2719,계룡블루힐스아파트,중소폐가전,수거함 설치,충청남도 계룡시 엄사면 계백로 3051 ,공동주택(아파트 등),무상
2720,계산3리 마을회관,중소폐가전,수거함 설치,충청북도 청주시 상당구 가덕면 계산3길 10-7 ,"지자체(구청, 행정복지센터 등)",무상
2721,고려낙원아파트,중소폐가전,수거함 설치,대구광역시 달서구 월곡로45길49 ,공동주택(아파트 등),무상
2722,고산3동행정복지센터,중소폐가전,수거함 설치,대구광역시 수성구 고산로 152 ,공동주택(아파트 등),무상
2723,고산역화성파크드림,중소폐가전,수거함 설치,대구광역시 수성구 달구벌대로 3122(시지동600) ,공동주택(아파트 등),무상
2724,고운동 행정복지센터,중소폐가전,수거함 설치,세종특별자치시 마음로 284 ,"지자체(구청, 행정복지센터 등)",무상
2725,고촌 길훈2차 아파트,중소폐가전,수거함 설치,경기도 김포시 고촌읍 장차로 31 ,공동주택(아파트 등),무상
2726,고촌읍 재활용동네마당,중소폐가전,수거함 설치,경기도 김포시 고촌읍 전호로 26번길 4 ,"지자체(구청, 행정복지센터 등)",무상
2727,고향마을주공1단지,중소폐가전,수거함 설치,경기도 안산시 상록구 용하공원로 39 ,공동주택(아파트 등),무상
2728,골드아파트,중소폐가전,수거함 설치,충청남도 천안시 서북구 성환읍 성환1로 204 ,공동주택(아파트 등),무상
2729,관악주공아파트,중소폐가전,수거함 설치,경기도 안양시 동안구 달안로 39 ,공동주택(아파트 등),무상
2730,광명메이루즈,중소폐가전,수거함 설치,경기도 화성시 동탄숲속로 95 ,공동주택(아파트 등),무상
2731,광명하안 13단지,중소폐가전,수거함 설치,경기도 광명시 하안로 238 ,공동주택(아파트 등),무상
2732,광산농악전수교육관,중소폐가전,수거함 설치,광주광역시 광산구 하남지실길 255-94 ,"지자체(구청, 행정복지센터 등)",무상
2733,광시면행정복지센터,중소폐가전,수거함 설치,충청남도 예산군 광시면 광시소길16 ,"지자체(구청, 행정복지센터 등)",무상
2734,광주남구지역자활센터(3층),중소폐가전,수거함 설치,광주광역시 남구 봉선로 51번길 13-1 ,"지자체(구청, 행정복지센터 등)",무상
2735,광주도시철도공사,중소폐가전,수거함 설치,광주광역시 서구 상무대로 760 ,"지자체(구청, 행정복지센터 등)",무상
2736,광주사회복지회관,중소폐가전,수거함 설치,광주광역시 북구 천변우로 40 ,"지자체(구청, 행정복지센터 등)",무상
2737,광주새생명보건센터,중소폐가전,수거함 설치,광주광역시 동구 중흥로 197 ,"지자체(구청, 행정복지센터 등)",무상
2738,교동행정복지센터,중소폐가전,수거함 설치,충청북도 제천시 장락로 43 ,"지자체(구청, 행정복지센터 등)",무상
2739,교원1리 마을회관,중소폐가전,수거함 설치,충청남도 부여군 홍산면 교원리 91-1 ,"지자체(구청, 행정복지센터 등)",무상
2740,구교1리 마을회관,중소폐가전,수거함 설치,충청남도 부여군 임천면 성흥로179번길 20 ,"지자체(구청, 행정복지센터 등)",무상
2741,구교1리 복지회관,중소폐가전,수거함 설치,충청남도 부여군 부여읍 부여로 41 ,"지자체(구청, 행정복지센터 등)",무상
2742,구봉1리 마을회관,중소폐가전,수거함 설치,충청남도 부여군 구룡면 흥수로 461-13 ,"지자체(구청, 행정복지센터 등)",무상
2743,구봉2리 마을회관,중소폐가전,수거함 설치,경상북도 구미시 옥성면 구봉1길 217 ,"지자체(구청, 행정복지센터 등)",무상
2744,구봉3리 마을회관,중소폐가전,수거함 설치,충청남도 부여군 구룡면 흥수로345번길 33 ,"지자체(구청, 행정복지센터 등)",무상
2745,구성신성미소지움,중소폐가전,수거함 설치,충청남도 천안시 동남구 천안대로 483-8 ,공동주택(아파트 등),무상
2746,구성향목아파트,중소폐가전,수거함 설치,충청남도 천안시 동남구 충절로 303 ,공동주택(아파트 등),무상
2747,구성현대아이파크,중소폐가전,수거함 설치,충청남도 천안시 동남구 청수로 136-8 ,공동주택(아파트 등),무상
2748,구아4리 마을회관,중소폐가전,수거함 설치,충청남도 부여군 부여읍 구아리432 ,"지자체(구청, 행정복지센터 등)",무상
2749,구암경로회당,중소폐가전,수거함 설치,충청북도 청주시 서원구 남이면 구암길 62 ,"지자체(구청, 행정복지센터 등)",무상
2750,구영1차우미린아파트,중소폐가전,수거함 설치,울산광역시 울주군 범서읍 구영리 204-1 ,공동주택(아파트 등),무상
2751,구영2차푸르지오,중소폐가전,수거함 설치,울산광역시 울주군 범서읍 구영리 209-1 ,공동주택(아파트 등),무상
2752,구영지구푸르지오1단지,중소폐가전,수거함 설치,울산광역시 울주군 범서읍 구영리 370-1 ,공동주택(아파트 등),무상
2753,구영코아루아파트,중소폐가전,수거함 설치,울산광역시 울주군 범서읍 구영리 401-2 ,공동주택(아파트 등),무상
2754,구영현대아이파크,중소폐가전,수거함 설치,울산광역시 울주군 범서읍 구영리 798-1 ,공동주택(아파트 등),무상
2755,국전1리 마을회관,중소폐가전,수거함 설치,충청북도 청주시 상당구 가덕면 국전길 111 ,"지자체(구청, 행정복지센터 등)",무상
2756,국태그린빌아파트,중소폐가전,수거함 설치,울산광역시 울주군 범서읍 천상4길 4 ,공동주택(아파트 등),무상
2757,군자주공14단지,중소폐가전,수거함 설치,경기도 안산시 단원구 화정로 9 ,공동주택(아파트 등),무상
2758,군포1동행정복지센터,중소폐가전,수거함 설치,경기도 군포시 군포로 531 ,공동주택(아파트 등),무상
2759,군포부곡휴먼시아2단지아파트,중소폐가전,수거함 설치,경기도 군포시 송부로291번길 29 ,공동주택(아파트 등),무상
2760,군포시청,중소폐가전,수거함 설치,경기도 군포시 청백리길 6 ,공동주택(아파트 등),무상
2761,굴화강변월드메르디앙,중소폐가전,수거함 설치,울산광역시 울주군 범서읍 굴화리 353 ,공동주택(아파트 등),무상
2762,굴화주공강변그린빌3단지,중소폐가전,수거함 설치,울산광역시 울주군 범서읍 굴화리 6-1 ,공동주택(아파트 등),무상
2763,귀덕2리 마을회관,중소폐가전,수거함 설치,충청남도 부여군 세도면 망개로 77 ,"지자체(구청, 행정복지센터 등)",무상
2764,귀일정신요양원,중소폐가전,수거함 설치,광주광역시 남구 용대로 74번길 21 ,"지자체(구청, 행정복지센터 등)",무상
2765,규암LH천년나무아파트,중소폐가전,수거함 설치,충청남도 부여군 규암면 내동로26 ,공동주택(아파트 등),무상
2766,그린빌주공16단지,중소폐가전,수거함 설치,경기도 안산시 단원구 초지2로 42 ,공동주택(아파트 등),무상
2767,그린빌주공17단지,중소폐가전,수거함 설치,경기도 안산시 단원구 초지2로 11 ,공동주택(아파트 등),무상
2768,극동2차아파트,중소폐가전,수거함 설치,충청남도 천안시 동남구 청수로 71-7 ,공동주택(아파트 등),무상
2769,극동백두,중소폐가전,수거함 설치,경기도 군포시 고산로539번길 6 ,공동주택(아파트 등),무상
2770,극동아파트,중소폐가전,수거함 설치,충청남도 천안시 동남구 충절로 190 ,공동주택(아파트 등),무상
2771,금강2단지주상복합아파트,중소폐가전,수거함 설치,경기도 군포시 고산로 529 ,공동주택(아파트 등),무상
2772,금강펜테리움센트럴파크1차,중소폐가전,수거함 설치,경기도 군포시 송부로49번길 15 ,공동주택(아파트 등),무상
2773,금강펜테리움센트럴파크2차,중소폐가전,수거함 설치,경기도 군포시 송부로49번길 16 ,공동주택(아파트 등),무상
2774,금강펜테리움센트럴파크3차,중소폐가전,수거함 설치,경기도 군포시 송부로96번길 13 ,공동주택(아파트 등),무상
2775,금거1리 마을회관,중소폐가전,수거함 설치,충청북도 청주시 상당구 가덕면 금거1길 37 ,"지자체(구청, 행정복지센터 등)",무상
2776,금곡1통 마을회관,중소폐가전,수거함 설치,경기도 화성시 금곡로163번길 40 ,"지자체(구청, 행정복지센터 등)",무상
2777,금곡1통 마을회관,중소폐가전,수거함 설치,경기도 화성시 금곡로163번길 59-20 ,"지자체(구청, 행정복지센터 등)",무상
2778,금곡2통 마을회관,중소폐가전,수거함 설치,경기도 화성시 금곡로257번길 32-7 ,"지자체(구청, 행정복지센터 등)",무상
2779,금남2리 마을회관,중소폐가전,수거함 설치,경상북도 예천군 용궁면 황목근길 136 ,"지자체(구청, 행정복지센터 등)",무상
2780,금남면 행정복지센터,중소폐가전,수거함 설치,세종특별자치시 금남면 용포로 57 ,"지자체(구청, 행정복지센터 등)",무상
2781,금락 우방타운,중소폐가전,수거함 설치,경상북도 경산시 하양읍 대학로298길 19-3 ,공동주택(아파트 등),무상
2782,금사1리 마을회관,중소폐가전,수거함 설치,충청남도 부여군 구룡면 성충로1342번길 19-3 ,"지자체(구청, 행정복지센터 등)",무상
2783,금사2리 마을회관,중소폐가전,수거함 설치,충청남도 부여군 구룡면 금사북로40번길 11 ,"지자체(구청, 행정복지센터 등)",무상
2784,금성면행정복지센터,중소폐가전,수거함 설치,충청북도 제천시 금성면 청풍호로 1045 ,"지자체(구청, 행정복지센터 등)",무상
2785,금아드림팰리스(아파트),중소폐가전,수거함 설치,울산광역시 울주군 삼남읍 도호1길 39-12 ,공동주택(아파트 등),무상
2786,금아드림팰리스(오피스텔),중소폐가전,수거함 설치,울산광역시 울주군 삼남읍 도호1길 39-11 ,공동주택(아파트 등),무상
2787,금암동주민센터,중소폐가전,수거함 설치,충청남도 계룡시 장안1길 28 ,"지자체(구청, 행정복지센터 등)",무상
2788,금암주공아파트,중소폐가전,수거함 설치,충청남도 계룡시 서금암4길 6-9 ,공동주택(아파트 등),무상
2789,금오아파트,중소폐가전,수거함 설치,충청남도 천안시 동남구 북면 복구정3길 6-5 ,공동주택(아파트 등),무상
2790,금호어울림아이퍼스트,중소폐가전,수거함 설치,충청남도 아산시 온천대로1605번길 9-1 ,공동주택(아파트 등),무상
2791,금호타운아파트,중소폐가전,수거함 설치,충청북도 청주시 서원구 쌍샘로107번길 12 ,공동주택(아파트 등),무상
2792,기배동 행정복지센터,중소폐가전,수거함 설치,경기도 화성시 기안남로 62 ,"지자체(구청, 행정복지센터 등)",무상
2793,기산베스트빌,중소폐가전,수거함 설치,경기도 화성시 봉담읍 유리마을길 79 ,공동주택(아파트 등),무상
2794,기안2통 마을회관,중소폐가전,수거함 설치,경기도 화성시 기배로43번길 3 ,"지자체(구청, 행정복지센터 등)",무상
2795,기안2통 목원빌라 앞,중소폐가전,수거함 설치,경기도 화성시 효행로265번길 34-1 ,공동주택(아파트 등),무상
2796,기안9통 후레쉬빌,중소폐가전,수거함 설치,경기도 화성시 기안남로 27 ,공동주택(아파트 등),무상
2797,김량주공2단지아파트,중소폐가전,수거함 설치,경기도 용인시 처인구 중부대로1388번길 6-14 ,공동주택(아파트 등),무상
2798,나령1리 마을회관,중소폐가전,수거함 설치,충청남도 부여군 은산면 충절로나령1길 10 ,"지자체(구청, 행정복지센터 등)",무상
2799,나복3리 마을회관,중소폐가전,수거함 설치,충청남도 부여군 규암면 라복로50번길 33 ,"지자체(구청, 행정복지센터 등)",무상
2800,나주사랑가아파트,중소폐가전,수거함 설치,전라남도 나주시 예향로 3793 ,공동주택(아파트 등),무상
2801,낙원아파트,중소폐가전,수거함 설치,대구광역시 수성구 용학로36길 17 ,공동주택(아파트 등),무상
2802,남구장애인복지관,중소폐가전,수거함 설치,광주광역시 남구 월산로33 ,"지자체(구청, 행정복지센터 등)",무상
2803,남면회동2리 마을회관,중소폐가전,수거함 설치,충청남도 부여군 남면 회동로 80 ,"지자체(구청, 행정복지센터 등)",무상
2804,남산롯데캐슬센트럴스카이,중소폐가전,수거함 설치,대구광역시 중구 재마루길 77 ,공동주택(아파트 등),무상
2805,남양뉴타운LH10단지,중소폐가전,수거함 설치,경기도 화성시 남양읍 남양로786번길 15 ,공동주택(아파트 등),무상
2806,남양읍 행정복지센터,중소폐가전,수거함 설치,경기도 화성시 남양읍 남양성지로 192-5 ,"지자체(구청, 행정복지센터 등)",무상
2807,남혁신코아루푸르나임,중소폐가전,수거함 설치,경상북도 김천시 무실7길 45 ,공동주택(아파트 등),무상
2808,남현동행정복지센터,중소폐가전,수거함 설치,충청북도 제천시 의병대로 147 ,"지자체(구청, 행정복지센터 등)",무상
2809,내곡1리 마을회관,중소폐가전,수거함 설치,충청남도 부여군 남면 금천로394번길 1 ,"지자체(구청, 행정복지센터 등)",무상
2810,내동 정자,중소폐가전,수거함 설치,경상북도 예천군 지보면 수월리 288-4 ,"지자체(구청, 행정복지센터 등)",무상
2811,내룡리 마을회관,중소폐가전,수거함 설치,경기도 여주시 북내면 내룡길 53 ,"지자체(구청, 행정복지센터 등)",무상
2812,내성1리 마을회관,중소폐가전,수거함 설치,충청남도 부여군 양화면 내성로 4 ,"지자체(구청, 행정복지센터 등)",무상
2813,내성2리 마을회관,중소폐가전,수거함 설치,충청남도 부여군 양화면 양화동로278번길 1 ,"지자체(구청, 행정복지센터 등)",무상
2814,내수덕일한마음아파트,중소폐가전,수거함 설치,충청북도 청주시 청원구 내수읍 은곡묵방길29 ,공동주택(아파트 등),무상
2815,내수삼일아파트,중소폐가전,수거함 설치,충청북도 청주시 청원구 내수읍 내수로 639 ,공동주택(아파트 등),무상
2816,내수우창진주2차아파트,중소폐가전,수거함 설치,충청북도 청주시 청원구 내수읍 도원세교로63 ,공동주택(아파트 등),무상
2817,노변다숲아파트,중소폐가전,수거함 설치,대구광역시 수성구 노변공원로 34 ,공동주택(아파트 등),무상
2818,노트기경로당,중소폐가전,수거함 설치,경상북도 예천군 보문면 승본리 403 ,"지자체(구청, 행정복지센터 등)",무상
2819,노화1리 마을회관,중소폐가전,수거함 설치,충청남도 부여군 규암면 흥수로529번길 19-1 ,"지자체(구청, 행정복지센터 등)",무상
2820,논공우방연합타운,중소폐가전,수거함 설치,대구광역시 달성군 논공읍 논공중앙로 22길 36 ,공동주택(아파트 등),무상
2821,논티1리 마을회관,중소폐가전,수거함 설치,충청남도 부여군 구룡면 흥수로103번길 19 ,"지자체(구청, 행정복지센터 등)",무상
2822,논티2리 마을회관,중소폐가전,수거함 설치,충청남도 부여군 구룡면 구룡로 381번길 13-7 ,"지자체(구청, 행정복지센터 등)",무상
2823,논현휴먼시아2단지,중소폐가전,수거함 설치,인천광역시 남동구 은봉로166번길 27 ,공동주택(아파트 등),무상
2824,농성빛여울채아파트,중소폐가전,수거함 설치,광주광역시 서구 월산로 164-3 ,공동주택(아파트 등),무상
2825,늘푸른오스카빌,중소폐가전,수거함 설치,충청남도 서산시 지곡면 충의로 762-78 ,공동주택(아파트 등),무상
2826,능동마을주공7단지,중소폐가전,수거함 설치,경기도 화성시 동탄원천로 338-10 ,공동주택(아파트 등),무상
2827,다가서해그랑블아파트,중소폐가전,수거함 설치,충청남도 천안시 동남구 천안천공원3길 5-31 ,공동주택(아파트 등),무상
2828,다산주공3단지아파트,중소폐가전,수거함 설치,경기도 군포시 오금로 16 ,공동주택(아파트 등),무상
2829,다온마을쌍용스윗닷홈,중소폐가전,수거함 설치,경기도 화성시 봉담읍 와우로34번길 30 ,공동주택(아파트 등),무상
2830,다정동 행정복지센터,중소폐가전,수거함 설치,세종특별자치시 다정남3로 10 ,"지자체(구청, 행정복지센터 등)",무상
2831,달빛마을세움트리아파트,중소폐가전,수거함 설치,전라남도 나주시 송월14길 5 ,공동주택(아파트 등),무상
2832,달서유림노르웨이숲,중소폐가전,수거함 설치,대구광역시 달서구 와룡로67 ,공동주택(아파트 등),무상
2833,당동 동도센트리움,중소폐가전,수거함 설치,경기도 군포시 용호1로46번길 11 ,공동주택(아파트 등),무상
2834,당동 쌍용,중소폐가전,수거함 설치,경기도 군포시 용호2로 51 ,공동주택(아파트 등),무상
2835,당우리 대외빌라,중소폐가전,수거함 설치,경기도 여주시 북내면 여양2로 321 ,"지자체(구청, 행정복지센터 등)",무상
2836,당정대우푸르지오,중소폐가전,수거함 설치,경기도 군포시 당정역로 9 ,공동주택(아파트 등),무상
2837,당진공간목련임대아파트,중소폐가전,수거함 설치,충청남도 당진시 신평면 거산3거리길 88 ,공동주택(아파트 등),무상
2838,당진송악경남아너스빌,중소폐가전,수거함 설치,충청남도 당진시 송악읍 중흥1길 50 ,공동주택(아파트 등),무상
2839,대곡삼성래미안 2차,중소폐가전,수거함 설치,대구광역시 달서구 상화로86 ,공동주택(아파트 등),무상
2840,대곡역동화타운,중소폐가전,수거함 설치,대구광역시 달서구 상화로24 ,공동주택(아파트 등),무상
2841,대곡역화성타운,중소폐가전,수거함 설치,대구광역시 달서구 비슬로2731 ,공동주택(아파트 등),무상
2842,대곡한라하우젠트,중소폐가전,수거함 설치,대구광역시 달서구 비슬로2724 ,공동주택(아파트 등),무상
2843,대곶면 재활용동네마당,중소폐가전,수거함 설치,경기도 김포시 대곶면 신안리 18-7 ,"지자체(구청, 행정복지센터 등)",무상
2844,대광로제비앙아파트,중소폐가전,수거함 설치,전라남도 나주시 그린로 153 ,공동주택(아파트 등),무상
2845,대구국가산단 디에트르 더 센트럴,중소폐가전,수거함 설치,대구광역시 달성군 구지면 국가산단대로 70길 17 ,공동주택(아파트 등),무상
2846,대구금강아파트,중소폐가전,수거함 설치,대구광역시 달서구 비슬로540길38 ,공동주택(아파트 등),무상
2847,대구신서혁신LH천년나무13단지,중소폐가전,수거함 설치,대구광역시 동구 초례로66 ,공동주택(아파트 등),무상
2848,대구신서혁신LH천년나무14단지,중소폐가전,수거함 설치,대구광역시 동구 초례로16길 3 ,공동주택(아파트 등),무상
2849,대구연경 LH뉴웰시티,중소폐가전,수거함 설치,대구광역시 동구 동화천로77길 30 ,공동주택(아파트 등),무상
2850,대덕마을5단지,중소폐가전,수거함 설치,충청남도 당진시 대덕1로 120 ,공동주택(아파트 등),무상
2851,대동황토방아파트,중소폐가전,수거함 설치,충청남도 계룡시 엄사면 번영3길 91 ,공동주택(아파트 등),무상
2852,대동황토방아파트,중소폐가전,수거함 설치,충청남도 부여군 규암면 호수로 32 ,공동주택(아파트 등),무상
2853,대림아파트,중소폐가전,수거함 설치,충청남도 천안시 서북구 직산읍 2공단5로 169 ,공동주택(아파트 등),무상
2854,대방노블랜드(1차),중소폐가전,수거함 설치,전라남도 나주시 대호길 76-8 ,공동주택(아파트 등),무상
2855,대방노블랜드(2차),중소폐가전,수거함 설치,전라남도 나주시 대호길 59-9 ,공동주택(아파트 등),무상
2856,대방엘리움1차아파트,중소폐가전,수거함 설치,전라남도 나주시 중야1길 37 ,공동주택(아파트 등),무상
2857,대방엘리움2차아파트,중소폐가전,수거함 설치,전라남도 나주시 중야1길 15 ,공동주택(아파트 등),무상
2858,대선2리 마을회관,중소폐가전,수거함 설치,충청남도 부여군 남면 금천로 152 ,"지자체(구청, 행정복지센터 등)",무상
2859,대술면행정복지센터,중소폐가전,수거함 설치,충청남도 예산군 대술면 대술로 147 ,"지자체(구청, 행정복지센터 등)",무상
2860,대안현대아파트,중소폐가전,수거함 설치,울산광역시 울주군 온양읍 남창강변로 93 ,공동주택(아파트 등),무상
2861,대영한아름아파트,중소폐가전,수거함 설치,충청남도 천안시 서북구 성환읍 율금1길 309 ,공동주택(아파트 등),무상
2862,대우목화4단지아파트,중소폐가전,수거함 설치,충청남도 천안시 동남구 봉명1길 17 ,공동주택(아파트 등),무상
2863,대우트럼프월드수성아파트,중소폐가전,수거함 설치,대구광역시 수성구 동대구로 59 ,공동주택(아파트 등),무상
2864,대운산1공영주차장,중소폐가전,수거함 설치,울산광역시 울주군 온양읍 운화리 873 ,"지자체(구청, 행정복지센터 등)",무상
2865,대전시청자미디어센터,중소폐가전,수거함 설치,대전광역시 유성구 대덕대로512번길 20 ,"지자체(구청, 행정복지센터 등)",무상
2866,대평동 행정복지센터,중소폐가전,수거함 설치,세종특별자치시 대평1길 10 ,"지자체(구청, 행정복지센터 등)",무상
2867,대호지행정복지센터,중소폐가전,수거함 설치,충청남도 당진시 대호지면 조금리 183번지 ,"지자체(구청, 행정복지센터 등)",무상
2868,대흥면행정복지센터,중소폐가전,수거함 설치,충청남도 예산군 대흥면 의좋은형제길37 ,"지자체(구청, 행정복지센터 등)",무상
2869,대희지센트아파트,중소폐가전,수거함 설치,충청남도 당진시 신평면 덕평로 1406-14 ,공동주택(아파트 등),무상
2870,더샵달서센트럴,중소폐가전,수거함 설치,대구광역시 달서구 당산로17 ,공동주택(아파트 등),무상
2871,더샵레이크사이드 아파트,중소폐가전,수거함 설치,충청남도 아산시 음봉면 음봉로 567 ,공동주택(아파트 등),무상
2872,더샵레이크시티2차 아파트,중소폐가전,수거함 설치,충청남도 아산시 음봉면 음봉로 515-38 ,공동주택(아파트 등),무상
2873,더샵청주퍼스트파크,중소폐가전,수거함 설치,충청북도 청주시 서원구 수곡로 20 ,공동주택(아파트 등),무상
2874,더샵퍼스트타워,중소폐가전,수거함 설치,충청남도 아산시 권곡로 47 ,공동주택(아파트 등),무상
2875,덕곡 한마음아파트,중소폐가전,수거함 설치,경상북도 김천시 한마음길 8 ,공동주택(아파트 등),무상
2876,덕림아파트,중소폐가전,수거함 설치,경기도 양주시 화합로 1325번길 112 ,공동주택(아파트 등),무상
2877,덕산리 마을회관,중소폐가전,수거함 설치,경기도 여주시 북내면 덕산길 95 ,"지자체(구청, 행정복지센터 등)",무상
2878,덕산면행정복지센터,중소폐가전,수거함 설치,충청북도 제천시 덕산면 약초로 59 ,"지자체(구청, 행정복지센터 등)",무상
2879,덕산면행정복지센터,중소폐가전,수거함 설치,충청남도 예산군 덕산면 덕산온천로391 ,"지자체(구청, 행정복지센터 등)",무상
2880,덕성멘션,중소폐가전,수거함 설치,충청북도 청주시 청원구 공항로 105 ,공동주택(아파트 등),무상
2881,덕유마을,중소폐가전,수거함 설치,경기도 부천시 도약로 146 ,공동주택(아파트 등),무상
2882,도담동 행정복지센터,중소폐가전,수거함 설치,세종특별자치시 보람로 77 ,"지자체(구청, 행정복지센터 등)",무상
2883,도림주공그린빌1단지,중소폐가전,수거함 설치,인천광역시 남동구 논고개로334번길 17 ,공동주택(아파트 등),무상
2884,도장리 노인정,중소폐가전,수거함 설치,경상북도 예천군 지보면 지풍로 179 ,"지자체(구청, 행정복지센터 등)",무상
2885,도장리마을회관,중소폐가전,수거함 설치,경상북도 예천군 지보면 구촌길 14 ,"지자체(구청, 행정복지센터 등)",무상
2886,동곡1리새마을회관,중소폐가전,수거함 설치,경상북도 구미시 산동읍 동곡1길 24 ,"지자체(구청, 행정복지센터 등)",무상
2887,동곡2리새마을회관,중소폐가전,수거함 설치,경상북도 구미시 산동읍 동백로 113 ,"지자체(구청, 행정복지센터 등)",무상
2888,동남 시티프라디움2단지,중소폐가전,수거함 설치,충청북도 청주시 상당구 중고개로 142번길 17 ,공동주택(아파트 등),무상
2889,동남우미린에듀포레아파트,중소폐가전,수거함 설치,충청북도 청주시 상당구 중고개로 142번길 20 ,공동주택(아파트 등),무상
2890,동대구비스타동원,중소폐가전,수거함 설치,대구광역시 동구 화랑로 51 ,공동주택(아파트 등),무상
2891,동대구에일린의뜰,중소폐가전,수거함 설치,대구광역시 동구 아양로9길 35 ,공동주택(아파트 등),무상
2892,동대구우방아이유쉘,중소폐가전,수거함 설치,대구광역시 동구 송라로32길 32 ,공동주택(아파트 등),무상
2893,동문굿모닝힐,중소폐가전,수거함 설치,울산광역시 울주군 범서읍 구영리 205 ,공동주택(아파트 등),무상
2894,동문굿모닝힐아파트,중소폐가전,수거함 설치,경기도 화성시 봉담읍 상봉길 35-10 ,공동주택(아파트 등),무상
2895,동문한라비발디,중소폐가전,수거함 설치,충청남도 서산시 고운로 276 ,공동주택(아파트 등),무상
2896,동방2리 마을회관,중소폐가전,수거함 설치,충청남도 부여군 구룡면 방계로17번길 14 ,"지자체(구청, 행정복지센터 등)",무상
2897,동방현대타운,중소폐가전,수거함 설치,대구광역시 달서구 상인서로85 ,공동주택(아파트 등),무상
2898,동부아파트,중소폐가전,수거함 설치,인천광역시 동구 화수로 38 ,공동주택(아파트 등),무상
2899,동사1리 마을회관,중소폐가전,수거함 설치,충청남도 부여군 세도면 성흥로 499 ,"지자체(구청, 행정복지센터 등)",무상
2900,동사2리 마을회관,중소폐가전,수거함 설치,충청남도 부여군 세도면 동사로 65-8 ,"지자체(구청, 행정복지센터 등)",무상
2901,동산휴먼시아2단지,중소폐가전,수거함 설치,인천광역시 동구 새천년로 38번길 11 ,공동주택(아파트 등),무상
2902,동서제일아파트,중소폐가전,수거함 설치,대구광역시 서구 평리로42길26 ,공동주택(아파트 등),무상
2903,동성백두아파트,중소폐가전,수거함 설치,경기도 군포시 고산로539번길 24 ,공동주택(아파트 등),무상
2904,동신종합사회복지관,중소폐가전,수거함 설치,광주광역시 남구 월산로 123번길 10 ,"지자체(구청, 행정복지센터 등)",무상
2905,동원로얄듀크1차,중소폐가전,수거함 설치,경기도 화성시 동탄첨단산업2로 14 ,공동주택(아파트 등),무상
2906,동일스위트더파크,중소폐가전,수거함 설치,경상북도 예천군 호명면 행복로 177 ,공동주택(아파트 등),무상
2907,동일스위트더파크,중소폐가전,수거함 설치,경상북도 예천군 호명면 행복로 177 ,공동주택(아파트 등),무상
2908,동탄1동 행정복지센터,중소폐가전,수거함 설치,경기도 화성시 동탄반석로 195 ,"지자체(구청, 행정복지센터 등)",무상
2909,동탄2 LH1단지A6블록,중소폐가전,수거함 설치,경기도 화성시 동탄대로24가길 27 ,공동주택(아파트 등),무상
2910,동탄2 LH2단지 A4-1블럭 행복주택,중소폐가전,수거함 설치,경기도 화성시 동탄영천로 108-21 ,공동주택(아파트 등),무상
2911,동탄2LH4단지,중소폐가전,수거함 설치,경기도 화성시 동탄순환대로 24길 101 ,공동주택(아파트 등),무상
2912,동탄2동 행정복지센터,중소폐가전,수거함 설치,경기도 화성시 동탄반석로 87 1층 ,"지자체(구청, 행정복지센터 등)",무상
2913,동탄2롯데캐슬아파트뉴스테이,중소폐가전,수거함 설치,경기도 화성시 동탄대로2길 49 ,공동주택(아파트 등),무상
2914,동탄2르파비스,중소폐가전,수거함 설치,경기도 화성시 동탄순환대로20길 115 ,공동주택(아파트 등),무상
2915,동탄3동 행정복지센터,중소폐가전,수거함 설치,경기도 화성시 동탄지성로 151 ,"지자체(구청, 행정복지센터 등)",무상
2916,동탄4동 행정복지센터,중소폐가전,수거함 설치,경기도 화성시 동탄대로시범길 133 중앙어울림센터 1층 ,"지자체(구청, 행정복지센터 등)",무상
2917,동탄5동 행정복지센터,중소폐가전,수거함 설치,경기도 화성시 동탄영천로 84 ,"지자체(구청, 행정복지센터 등)",무상
2918,동탄6동 행정복지센터,중소폐가전,수거함 설치,경기도 화성시 동탄감배산로 54 ,"지자체(구청, 행정복지센터 등)",무상
2919,동탄8동 행정복지센터,중소폐가전,수거함 설치,경기도 화성시 동탄대로 87 ,"지자체(구청, 행정복지센터 등)",무상
2920,동탄나루마을 한화꿈에그린,중소폐가전,수거함 설치,경기도 화성시 동탄중앙로 51 ,공동주택(아파트 등),무상
2921,동탄레이크자연앤푸르지오,중소폐가전,수거함 설치,경기도 화성시 동탄대로3길 33 ,공동주택(아파트 등),무상
2922,동탄레이크자이더테라스,중소폐가전,수거함 설치,경기도 화성시 동탄순환대로1길 64 ,공동주택(아파트 등),무상
2923,동탄센트럴포레스트아파트,중소폐가전,수거함 설치,경기도 화성시 동탄중앙로 119-14 ,공동주택(아파트 등),무상
2924,동탄숲속마을 자연앤경남아너스빌3블럭,중소폐가전,수거함 설치,경기도 화성시 동탄숲속로 69 ,공동주택(아파트 등),무상
2925,동탄에듀벨리사랑으로부영,중소폐가전,수거함 설치,경기도 화성시 동탄대로24길 199 ,공동주택(아파트 등),무상
2926,동탄역 모아미래도,중소폐가전,수거함 설치,경기도 화성시 동탄청계로 303-33 ,공동주택(아파트 등),무상
2927,동탄역 반도유보라아이비파크7.0,중소폐가전,수거함 설치,경기도 화성시 동탄광역환승로 63 ,공동주택(아파트 등),무상
2928,동탄역 반도유보라아이비파크8차,중소폐가전,수거함 설치,경기도 화성시 동탄광역환승로 73 ,공동주택(아파트 등),무상
2929,동탄역 유보라 여울숲2.0,중소폐가전,수거함 설치,경기도 화성시 동탄나루로 55 ,공동주택(아파트 등),무상
2930,동탄역 호반써밋,중소폐가전,수거함 설치,경기도 화성시 동탄순환대로22길 45 ,공동주택(아파트 등),무상
2931,동탄역롯데캐슬알바트로스,중소폐가전,수거함 설치,경기도 화성시 동탄순환대로 21길 53 ,공동주택(아파트 등),무상
2932,동탄역센트럴푸르지오,중소폐가전,수거함 설치,경기도 화성시 동탄순환대로 21길 54 ,공동주택(아파트 등),무상
2933,동탄역시범대원칸타빌,중소폐가전,수거함 설치,경기도 화성시 동탄대로시범길 53 ,공동주택(아파트 등),무상
2934,동탄역시범더샵센트럴시티,중소폐가전,수거함 설치,경기도 화성시 동탄대로시범길 19 ,공동주택(아파트 등),무상
2935,동탄역파라곤,중소폐가전,수거함 설치,경기도 화성시 동탄기흥로 393-20 ,공동주택(아파트 등),무상
2936,동탄우림필유타운하우스,중소폐가전,수거함 설치,경기도 화성시 동탄공원로1길 6-60 ,공동주택(아파트 등),무상
2937,동탄위버폴리스 ,중소폐가전,수거함 설치,경기도 화성시 동탄지성로 17 ,공동주택(아파트 등),무상
2938,동탄파크 이지더원,중소폐가전,수거함 설치,경기도 화성시 동탄순환대로28길 17 ,공동주택(아파트 등),무상
2939,동탄파크자이,중소폐가전,수거함 설치,경기도 화성시 동탄대로24길 117 ,공동주택(아파트 등),무상
2940,동탄파크푸르지오,중소폐가전,수거함 설치,경기도 화성시 동탄대로24가길 7 ,공동주택(아파트 등),무상
2941,동탄푸른마을신일해피트리,중소폐가전,수거함 설치,경기도 화성시 동탄공원로 21-39 ,공동주택(아파트 등),무상
2942,동탄호수공원아이파크,중소폐가전,수거함 설치,경기도 화성시 동탄순환대로8길 14 ,공동주택(아파트 등),무상
2943,동화마을 5단지,중소폐가전,수거함 설치,경기도 화성시 봉담읍 동화역말길 22 ,공동주택(아파트 등),무상
2944,동화마을 신동아파밀리에,중소폐가전,수거함 설치,경기도 화성시 봉담읍 동화새터길 55-39 ,공동주택(아파트 등),무상
2945,두동면행정복지센터,중소폐가전,수거함 설치,울산광역시 울주군 두동면 대밀길 28 ,"지자체(구청, 행정복지센터 등)",무상
2946,두류파크KCC스위첸,중소폐가전,수거함 설치,대구광역시 달서구 파도고개로70 ,공동주택(아파트 등),무상
2947,두마면사무소,중소폐가전,수거함 설치,충청남도 계룡시 두마면 팥거리2길 14 ,"지자체(구청, 행정복지센터 등)",무상
2948,두산신성아파트,중소폐가전,수거함 설치,충청남도 계룡시 엄사면 엄사중앙로 65-9 ,공동주택(아파트 등),무상
2949,두산위브더파크아파트,중소폐가전,수거함 설치,충청남도 천안시 동남구 청당3길 147 ,공동주택(아파트 등),무상
2950,두산하이츠타운,중소폐가전,수거함 설치,충청북도 청주시 상당구 단재로95번길 40 ,공동주택(아파트 등),무상
2951,두산한솔1차,중소폐가전,수거함 설치,충청북도 청주시 서원구 모충로26번길 22 ,공동주택(아파트 등),무상
2952,두서면행정복지센터,중소폐가전,수거함 설치,울산광역시 울주군 두서면 반구대로 1817-11 ,"지자체(구청, 행정복지센터 등)",무상
2953,두정역효성해링턴플레이스아파트,중소폐가전,수거함 설치,충청남도 천안시 서북구 봉정로 324 ,공동주택(아파트 등),무상
2954,뜨란채아파트 10단지 2차,중소폐가전,수거함 설치,충청남도 천안시 서북구 봉서산샛길 64 ,공동주택(아파트 등),무상
2955,라온프라이빗,중소폐가전,수거함 설치,충청남도 서산시 석림1로 77 ,공동주택(아파트 등),무상
2956,럭키남창아파트,중소폐가전,수거함 설치,울산광역시 울주군 온양읍 온양로 86 ,공동주택(아파트 등),무상
2957,롯데묘향아파트,중소폐가전,수거함 설치,경기도 군포시 고산로539번길 7-12 ,공동주택(아파트 등),무상
2958,롯데캐슬레이크,중소폐가전,수거함 설치,대구광역시 달서구 상화로58길86 ,공동주택(아파트 등),무상
2959,롯데캐슬아파트,중소폐가전,수거함 설치,충청남도 당진시 송악읍 반촌로 108 ,공동주택(아파트 등),무상
2960,루멘하임아파트,중소폐가전,수거함 설치,전라남도 나주시 그린로 328 ,공동주택(아파트 등),무상
2961,마도면 행정복지센터,중소폐가전,수거함 설치,경기도 화성시 마도면 마도북로 389 ,"지자체(구청, 행정복지센터 등)",무상
2962,마산동 생활폐기물 배출시설,중소폐가전,수거함 설치,경기도 김포시 마산동 633-10 ,"지자체(구청, 행정복지센터 등)",무상
2963,마송LH3단지,중소폐가전,수거함 설치,경기도 김포시 통진읍 마송1로 9 ,공동주택(아파트 등),무상
2964,마을회관,중소폐가전,수거함 설치,경기도 여주시 북내면 운촌1길 74 ,"지자체(구청, 행정복지센터 등)",무상
2965,마전1리 경로당,중소폐가전,수거함 설치,경상북도 예천군 지보면 지보로 175-12 ,"지자체(구청, 행정복지센터 등)",무상
2966,마전주공아파트,중소폐가전,수거함 설치,인천광역시 서구 봉수대로1440번길 9 ,공동주택(아파트 등),무상
2967,마평주공아파트,중소폐가전,수거함 설치,경기도 용인시 처인구 고림로 22 ,공동주택(아파트 등),무상
2968,만석웰카운터,중소폐가전,수거함 설치,인천광역시 동구 화도진로 142 ,공동주택(아파트 등),무상
2969,"만수주공 7,8단지",중소폐가전,수거함 설치,인천광역시 남동구 담방로 105 ,공동주택(아파트 등),무상
2970,"만수주공 9,10단지",중소폐가전,수거함 설치,인천광역시 남동구 장승남로 34 ,공동주택(아파트 등),무상
2971,만지1리 마을회관,중소폐가전,수거함 설치,충청남도 부여군 충화면 만지서로182 ,"지자체(구청, 행정복지센터 등)",무상
2972,만지2리 마을회관,중소폐가전,수거함 설치,충청남도 부여군 충화면 만지서로101-28 ,"지자체(구청, 행정복지센터 등)",무상
2973,만지3리 마을회관,중소폐가전,수거함 설치,충청남도 부여군 충화면 만지동로161 ,"지자체(구청, 행정복지센터 등)",무상
2974,만지4리 마을회관,중소폐가전,수거함 설치,충청남도 부여군 충화면 만지동로 80-6 ,"지자체(구청, 행정복지센터 등)",무상
2975,만촌1동행정복지센터,중소폐가전,수거함 설치,대구광역시 수성구 국채보상로 1001 ,"지자체(구청, 행정복지센터 등)",무상
2976,만촌3동행정복지센터,중소폐가전,수거함 설치,대구광역시 수성구 교학로2길 45 ,공동주택(아파트 등),무상
2977,만촌역 서한포레스트,중소폐가전,수거함 설치,대구광역시 수성구 달구벌대로 2606 ,공동주택(아파트 등),무상
2978,만촌자이르네,중소폐가전,수거함 설치,대구광역시 수성구 교학로 19길 19 ,공동주택(아파트 등),무상
2979,만촌화성파크드림1차아파트,중소폐가전,수거함 설치,대구광역시 수성구 달구벌대로 2692 ,공동주택(아파트 등),무상
2980,매송면 행정복지센터,중소폐가전,수거함 설치,경기도 화성시 매송면 매송로 43 ,"지자체(구청, 행정복지센터 등)",무상
2981,매호효성백년가약,중소폐가전,수거함 설치,대구광역시 수성구 천을로 23길 31 ,공동주택(아파트 등),무상
2982,매화 2,중소폐가전,수거함 설치,경기도 군포시 곡란로 26 ,공동주택(아파트 등),무상
2983,매화1리 마을회관,중소폐가전,수거함 설치,경기도 화성시 서신면 매화1길 13-10 ,"지자체(구청, 행정복지센터 등)",무상
2984,매화아파트,중소폐가전,수거함 설치,경기도 군포시 곡란로 26 ,공동주택(아파트 등),무상
2985,메타역롯데캐슬아파트,중소폐가전,수거함 설치,경기도 화성시 메타폴리스로 22 ,공동주택(아파트 등),무상
2986,모던이앤알,중소폐가전,수거함 설치,충청남도 금산군 복수면 다복로 455-10 ,공동주택(아파트 등),무상
2987,모종푸르지오,중소폐가전,수거함 설치,충청남도 아산시 문화로 353 ,공동주택(아파트 등),무상
2988,목련마을,중소폐가전,수거함 설치,경기도 성남시 분당구 판교로 607 ,공동주택(아파트 등),무상
2989,무송금광포란재아파트,중소폐가전,수거함 설치,경기도 화성시 남양읍 무하로111번길 50 ,공동주택(아파트 등),무상
2990,무지개마을 대림아파트,중소폐가전,수거함 설치,경기도 군포시 금당로17번길 9 ,공동주택(아파트 등),무상
2991,무지개마을신산본마빌르아파트,중소폐가전,수거함 설치,경기도 군포시 당동로21번길 61 ,공동주택(아파트 등),무상
2992,무지개아파트,중소폐가전,수거함 설치,충청남도 부여군 규암면 흥수로 771-5 ,공동주택(아파트 등),무상
2993,무학마을데시앙아파트,중소폐가전,수거함 설치,경상북도 경산시 하양읍 무학로 64-12 ,공동주택(아파트 등),무상
2994,문산당동3단지휴먼시아,중소폐가전,수거함 설치,경기도 파주시 문산읍 방촌로 1720 ,공동주택(아파트 등),무상
2995,문산당동주공1단지,중소폐가전,수거함 설치,경기도 파주시 문산읍 방촌로 1660 ,공동주택(아파트 등),무상
2996,문산선유주공2단지,중소폐가전,수거함 설치,경기도 파주시 문산읍 사임당로65 ,공동주택(아파트 등),무상
2997,문수산 푸르지오,중소폐가전,수거함 설치,울산광역시 울주군 범서읍 장검길 48 ,공동주택(아파트 등),무상
2998,문촌마을9단지아파트,중소폐가전,수거함 설치,경기도 고양시 일산서구 주엽로 156 ,공동주택(아파트 등),무상
2999,미륭아파트,중소폐가전,수거함 설치,인천광역시 동구 화수로 44 ,공동주택(아파트 등),무상
3000,미진무지개아파트,중소폐가전,수거함 설치,충청남도 아산시 인주면 현대로 862 ,공동주택(아파트 등),무상
3001,반곡동 행정복지센터,중소폐가전,수거함 설치,세종특별자치시 반곡로 39 ,"지자체(구청, 행정복지센터 등)",무상
3002,반달마을두산위브2단지,중소폐가전,수거함 설치,경기도 화성시 영통로 50번길 14 ,공동주택(아파트 등),무상
3003,반월당SK허브스카이아파트,중소폐가전,수거함 설치,대구광역시 중구 중앙대로 323 ,공동주택(아파트 등),무상
3004,반월동 행정복지센터,중소폐가전,수거함 설치,경기도 화성시 영통로61번길 32 ,"지자체(구청, 행정복지센터 등)",무상
3005,반촌명지아파트,중소폐가전,수거함 설치,충청남도 당진시 송악읍 반촌로 288-5 ,공동주택(아파트 등),무상
3006,발안우림필유아파트,중소폐가전,수거함 설치,경기도 화성시 향남읍 발안남로 66 ,공동주택(아파트 등),무상
3007,방촌역 세영리첼더퍼스트,중소폐가전,수거함 설치,대구광역시 동구 동촌로 260 ,공동주택(아파트 등),무상
3008,방촌역 태왕아너스,중소폐가전,수거함 설치,대구광역시 동구 동촌로 255 ,공동주택(아파트 등),무상
3009,방축KD아람채,중소폐가전,수거함 설치,충청남도 아산시 온천대로1323-25 ,공동주택(아파트 등),무상
3010,방축현대,중소폐가전,수거함 설치,충청남도 아산시 방축로 8 ,공동주택(아파트 등),무상
3011,배방6차한성필하우스아파트,중소폐가전,수거함 설치,충청남도 아산시 배방읍 배방로 127 ,공동주택(아파트 등),무상
3012,배방메이루즈,중소폐가전,수거함 설치,충청남도 아산시 배방읍 북수로 25번길 33 ,공동주택(아파트 등),무상
3013,배방우방아이유쉘1단지 ,중소폐가전,수거함 설치,충청남도 아산시 배방읍 공수리 193-5 ,공동주택(아파트 등),무상
3014,배방한라비발디아파트,중소폐가전,수거함 설치,충청남도 아산시 배방읍 배방로 131 ,공동주택(아파트 등),무상
3015,배양2통 마을회관,중소폐가전,수거함 설치,경기도 화성시 융건로172번길 8-10 ,"지자체(구청, 행정복지센터 등)",무상
3016,배양3통 마을회관,중소폐가전,수거함 설치,경기도 화성시 배양남길 75-2 ,"지자체(구청, 행정복지센터 등)",무상
3017,백석2차아이파크,중소폐가전,수거함 설치,충청남도 천안시 서북구 한들3로 35-23 ,공동주택(아파트 등),무상
3018,백석동 행정복지센터,중소폐가전,수거함 설치,충청남도 천안시 서북구 번영로 208 ,공동주택(아파트 등),무상
3019,백석주공그린빌1차,중소폐가전,수거함 설치,충청남도 천안시 서북구 백석3로 69 ,공동주택(아파트 등),무상
3020,백석푸르지오아파트,중소폐가전,수거함 설치,충청남도 천안시 서북구 한들2로 88 ,공동주택(아파트 등),무상
3021,백설마을 주공아파트,중소폐가전,수거함 설치,경기도 수원시 장안구 대평로89번길 10 ,공동주택(아파트 등),무상
3022,백운면행정복지센터,중소폐가전,수거함 설치,충청북도 제천시 백운면 애련로 13 ,"지자체(구청, 행정복지센터 등)",무상
3023,백현1리 마을회관,중소폐가전,수거함 설치,경상북도 구미시 산동읍 백현2길 93-1 ,"지자체(구청, 행정복지센터 등)",무상
3024,백현2리 마을회관,중소폐가전,수거함 설치,경상북도 구미시 산동읍 송백로 712-3 ,"지자체(구청, 행정복지센터 등)",무상
3025,버들마을아파트,중소폐가전,수거함 설치,충청남도 천안시 동남구 청수14로 29 ,공동주택(아파트 등),무상
3026,범물두성타운아파트,중소폐가전,수거함 설치,대구광역시 수성구 지범로 300 ,공동주택(아파트 등),무상
3027,범서읍 행정복지센터,중소폐가전,수거함 설치,울산광역시 울주군 범서읍 천상리 442-2 ,"지자체(구청, 행정복지센터 등)",무상
3028,범서현대아파트,중소폐가전,수거함 설치,울산광역시 울주군 범서읍 구영리 799-5 ,공동주택(아파트 등),무상
3029,범양마더빌 1차 아파트,중소폐가전,수거함 설치,충청남도 천안시 서북구 충무로 170-5 ,공동주택(아파트 등),무상
3030,범어 롯데캐슬,중소폐가전,수거함 설치,대구광역시 수성구 동대구로 300 ,공동주택(아파트 등),무상
3031,범어1동행정복지센터,중소폐가전,수거함 설치,대구광역시 수성구 범어천로97 ,공동주택(아파트 등),무상
3032,범어4동행정복지센터,중소폐가전,수거함 설치,대구광역시 수성구 달구벌대로504길 26 ,공동주택(아파트 등),무상
3033,범어라온프라이빗,중소폐가전,수거함 설치,대구광역시 수성구 동대구로55길11 ,공동주택(아파트 등),무상
3034,범어센트레빌,중소폐가전,수거함 설치,대구광역시 수성구 청호로 401 ,공동주택(아파트 등),무상
3035,범어쌍용예가,중소폐가전,수거함 설치,대구광역시 수성구 명덕로 477 ,공동주택(아파트 등),무상
3036,범어에일린의뜰,중소폐가전,수거함 설치,대구광역시 수성구 청솔로14길15 ,공동주택(아파트 등),무상
3037,범어우방파크빌,중소폐가전,수거함 설치,대구광역시 수성구 달구벌대로496길 36 ,공동주택(아파트 등),무상
3038,범어청구하이츠,중소폐가전,수거함 설치,대구광역시 수성구 청호로84안길 2 ,공동주택(아파트 등),무상
3039,범어효성해링턴플레이스,중소폐가전,수거함 설치,대구광역시 수성구 청호로433 ,공동주택(아파트 등),무상
3040,벽산블루밍1차 아파트,중소폐가전,수거함 설치,충청남도 천안시 서북구 번영로 278-12 ,공동주택(아파트 등),무상
3041,벽산블루밍2차아파트,중소폐가전,수거함 설치,충청남도 천안시 서북구 번영로 278-11 ,공동주택(아파트 등),무상
3042,벽산블루밍아파트,중소폐가전,수거함 설치,충청남도 천안시 동남구 청당2길 118 ,공동주택(아파트 등),무상
3043,벽산아파트,중소폐가전,수거함 설치,울산광역시 울주군 범서읍 천상리 666-1 ,공동주택(아파트 등),무상
3044,벽산아파트,중소폐가전,수거함 설치,충청남도 당진시 계성2길 51 ,공동주택(아파트 등),무상
3045,벽용1리 마을회관,중소폐가전,수거함 설치,충청남도 부여군 양화면 양화북로2 ,"지자체(구청, 행정복지센터 등)",무상
3046,벽용2리 마을회관,중소폐가전,수거함 설치,충청남도 부여군 양화면 양화북로72번길 120-1 ,"지자체(구청, 행정복지센터 등)",무상
3047,벽용3리 마을회관,중소폐가전,수거함 설치,충청남도 부여군 양화면 양화북로62번길 96 ,"지자체(구청, 행정복지센터 등)",무상
3048,별메마을주공6단지아파트,중소폐가전,수거함 설치,대구광역시 달서구 도원로46 ,공동주택(아파트 등),무상
3049,병암1리 마을회관,중소폐가전,수거함 설치,충청북도 청주시 상당구 가덕면 병암리 118-13 ,"지자체(구청, 행정복지센터 등)",무상
3050,병점1동 행정복지센터,중소폐가전,수거함 설치,경기도 화성시 경기대로1010번길 11 ,"지자체(구청, 행정복지센터 등)",무상
3051,병점2동 행정복지센터,중소폐가전,수거함 설치,경기도 화성시 병점3로 99 ,"지자체(구청, 행정복지센터 등)",무상
3052,병점역양우내안애,중소폐가전,수거함 설치,경기도 화성시 병점중앙로21번길 32 ,공동주택(아파트 등),무상
3053,병점한신,중소폐가전,수거함 설치,경기도 화성시 병점1로 82 ,공동주택(아파트 등),무상
3054,병천면 행정복지센터,중소폐가전,수거함 설치,충청남도 천안시 동남구 병천면 병천2로 57 ,공동주택(아파트 등),무상
3055,보국웰리치시지,중소폐가전,수거함 설치,대구광역시 수성구 욱수천로 55 ,공동주택(아파트 등),무상
3056,보람동 행정복지센터,중소폐가전,수거함 설치,세종특별자치시 호려울로 42 ,"지자체(구청, 행정복지센터 등)",무상
3057,보문면 행정복지센터,중소폐가전,수거함 설치,경상북도 예천군 보문면 미호길 127 ,"지자체(구청, 행정복지센터 등)",무상
3058,보성은하타운,중소폐가전,수거함 설치,대구광역시 달서구 월곡로320 ,공동주택(아파트 등),무상
3059,복금3리 마을회관,중소폐가전,수거함 설치,충청남도 부여군 충화면 가림로320 ,"지자체(구청, 행정복지센터 등)",무상
3060,복대 대원아파트,중소폐가전,수거함 설치,충청북도 청주시 흥덕구 죽천로146번길 6 ,공동주택(아파트 등),무상
3061,복대두진하트리움2차아파트,중소폐가전,수거함 설치,충청북도 청주시 흥덕구 대신로 73번길 50 ,공동주택(아파트 등),무상
3062,본리2차롯데캐슬,중소폐가전,수거함 설치,대구광역시 달서구 대명천로119 ,공동주택(아파트 등),무상
3063,봉담신창비바패밀리2단지,중소폐가전,수거함 설치,경기도 화성시 봉담읍 수영로82번길 4 ,공동주택(아파트 등),무상
3064,봉담읍 행정복지센터,중소폐가전,수거함 설치,경기도 화성시 봉담읍 샘마을1길 7 ,"지자체(구청, 행정복지센터 등)",무상
3065,봉담한신아파트,중소폐가전,수거함 설치,경기도 화성시 봉담읍 샘마을길 24 ,공동주택(아파트 등),무상
3066,봉명동 행정복지센터,중소폐가전,수거함 설치,충청남도 천안시 동남구 봉정로 39 ,공동주택(아파트 등),무상
3067,봉명베리굿아파트,중소폐가전,수거함 설치,충청북도 청주시 흥덕구 1순환로 592 ,공동주택(아파트 등),무상
3068,봉명청솔아파트,중소폐가전,수거함 설치,충청남도 천안시 동남구 봉서8길 13 ,공동주택(아파트 등),무상
3069,봉산1리 마을회관,중소폐가전,수거함 설치,경상북도 구미시 산동읍 임봉길 19-11 ,"지자체(구청, 행정복지센터 등)",무상
3070,봉서산아이파크아파트,중소폐가전,수거함 설치,충청남도 천안시 동남구 봉명4길 29 ,공동주택(아파트 등),무상
3071,봉성2리 마을회관,중소폐가전,수거함 설치,경기도 김포시 하성면 봉성로159번길 80 ,"지자체(구청, 행정복지센터 등)",무상
3072,봉양읍행정복지센터,중소폐가전,수거함 설치,충청북도 제천시 봉양읍 주포로 83 봉양읍사무소 ,"지자체(구청, 행정복지센터 등)",무상
3073,봉학마을아파트,중소폐가전,수거함 설치,충청남도 당진시 신평면 섭실길 114-20 ,공동주택(아파트 등),무상
3074,봉화군생활폐기물종합위생처리장,중소폐가전,수거함 설치,경상북도 봉화군 봉화읍 파인토피아로 1131 ,"지자체(구청, 행정복지센터 등)",무상
3075,부강마을아파트,중소폐가전,수거함 설치,충청북도 청주시 청원구 공항로150번길 59 ,공동주택(아파트 등),무상
3076,부강면 행정복지센터,중소폐가전,수거함 설치,세종특별자치시 부강면 부강5길 38 ,"지자체(구청, 행정복지센터 등)",무상
3077,부개백영아파트,중소폐가전,수거함 설치,인천광역시 부평구 수변로 115 ,공동주택(아파트 등),무상
3078,"부개주공1,2단지",중소폐가전,수거함 설치,인천광역시 부평구 길주남로 143 ,공동주택(아파트 등),무상
3079,부개주공5단지,중소폐가전,수거함 설치,인천광역시 부평구 부개로 11 ,공동주택(아파트 등),무상
3080,부곡현대아파트,중소폐가전,수거함 설치,경상북도 김천시 문지왈길 38 ,공동주택(아파트 등),무상
3081,부산시청자미디어센터,중소폐가전,수거함 설치,부산광역시 해운대구 센텀중앙로 42 ,"지자체(구청, 행정복지센터 등)",무상
3082,부영1차아파트,중소폐가전,수거함 설치,경상북도 경산시 백자로20길 53 ,공동주택(아파트 등),무상
3083,부영2차아파트,중소폐가전,수거함 설치,경상북도 경산시 장산로 319 ,공동주택(아파트 등),무상
3084,부영사랑으로11단지,중소폐가전,수거함 설치,경기도 화성시 향남읍 하길로 9 ,공동주택(아파트 등),무상
3085,부영아파트,중소폐가전,수거함 설치,충청남도 서산시 부춘1로 19 ,공동주택(아파트 등),무상
3086,부영아파트,중소폐가전,수거함 설치,충청남도 천안시 서북구 직산읍 천안대로 1718 ,공동주택(아파트 등),무상
3087,부적주공아파트,중소폐가전,수거함 설치,경상북도 경산시 압량읍 조산로 26 ,공동주택(아파트 등),무상
3088,북고리 마을회관,중소폐가전,수거함 설치,충청남도 부여군 장암면 북고로 376 ,"지자체(구청, 행정복지센터 등)",무상
3089,북면사무소,중소폐가전,수거함 설치,충청남도 천안시 동남구 북면 위례성로 724 ,공동주택(아파트 등),무상
3090,분평주공4-1아파트,중소폐가전,수거함 설치,충청북도 청주시 서원구 1순환로 1137번길 80 ,공동주택(아파트 등),무상
3091,분평주공5단지아파트,중소폐가전,수거함 설치,충청북도 청주시 서원구 분평로 88-1 ,공동주택(아파트 등),무상
3092,분평주공6단지아파트,중소폐가전,수거함 설치,충청북도 청주시 서원구 1순환로 1137번길 19 ,공동주택(아파트 등),무상
3093,불당 리더힐스 아파트,중소폐가전,수거함 설치,충청남도 천안시 서북구 불당24로 10 ,공동주택(아파트 등),무상
3094,불당1동 행정복지센터,중소폐가전,수거함 설치,충청남도 천안시 서북구 봉서산로 64 ,공동주택(아파트 등),무상
3095,불당금호어울림아파트,중소폐가전,수거함 설치,충청남도 천안시 서북구 불당24로 37 ,공동주택(아파트 등),무상
3096,불당린스트라우스1단지,중소폐가전,수거함 설치,충청남도 천안시 서북구 불당19로 95 ,공동주택(아파트 등),무상
3097,불당린스트라우스2단지,중소폐가전,수거함 설치,충청남도 천안시 서북구 불당19로 111 ,공동주택(아파트 등),무상
3098,불당마을동일하이빌아파트,중소폐가전,수거함 설치,충청남도 천안시 서북구 시청로 73 ,공동주택(아파트 등),무상
3099,불당이안아파트,중소폐가전,수거함 설치,충청남도 천안시 서북구 불당23로 13 ,공동주택(아파트 등),무상
3100,불당지웰더샵아파트,중소폐가전,수거함 설치,충청남도 천안시 서북구 불당26로 77 ,공동주택(아파트 등),무상
3101,불당파크푸르지오1단지아파트,중소폐가전,수거함 설치,충청남도 천안시 서북구 불당26로 144 ,공동주택(아파트 등),무상
3102,불당풍림아이원아파트,중소폐가전,수거함 설치,충청남도 천안시 서북구 불당14로 11 ,공동주택(아파트 등),무상
3103,불당호반리젠시빌스위트아파트,중소폐가전,수거함 설치,충청남도 천안시 서북구 봉서산로 85 ,공동주택(아파트 등),무상
3104,불당호반써밋플레이스센터시티아파트,중소폐가전,수거함 설치,충청남도 천안시 서북구 불당25로 8 ,공동주택(아파트 등),무상
3105,불당호반써밋플레이스아파트,중소폐가전,수거함 설치,충청남도 천안시 서북구 불당 21로 40 ,공동주택(아파트 등),무상
3106,브라운스톤천안아파트,중소폐가전,수거함 설치,충청남도 천안시 서북구 번영로 306-15 ,공동주택(아파트 등),무상
3107,비룡1리,중소폐가전,수거함 설치,충청북도 청주시 서원구 남이면 비룡리 109 ,"지자체(구청, 행정복지센터 등)",무상
3108,비봉면 행정복지센터,중소폐가전,수거함 설치,경기도 화성시 비봉면 비봉로71번길 1 ,"지자체(구청, 행정복지센터 등)",무상
3109,비산우방맨션,중소폐가전,수거함 설치,대구광역시 서구 통학로24길 60 ,공동주택(아파트 등),무상
3110,빌리브범어120아파트,중소폐가전,수거함 설치,대구광역시 수성구 범어로 20길 120 ,공동주택(아파트 등),무상
3111,빛가람LH1단지아파트,중소폐가전,수거함 설치,전라남도 나주시 그린로 63 ,공동주택(아파트 등),무상
3112,빛가람LH2단지아파트,중소폐가전,수거함 설치,전라남도 나주시 중야1길 42 ,공동주택(아파트 등),무상
3113,빛가람LH3단지아파트,중소폐가전,수거함 설치,전라남도 나주시 그린로 154 ,공동주택(아파트 등),무상
3114,빛가람LH4단지아파트,중소폐가전,수거함 설치,전라남도 나주시 그린로 276 ,공동주택(아파트 등),무상
3115,빛가람LH5단지아파트,중소폐가전,수거함 설치,전라남도 나주시 월정3길 19 ,공동주택(아파트 등),무상
3116,빛가람LH6단지아파트,중소폐가전,수거함 설치,전라남도 나주시 월정3길 25 ,공동주택(아파트 등),무상
3117,빛가람사랑으로 부영2단지아파트,중소폐가전,수거함 설치,전라남도 나주시 그린로 125 ,공동주택(아파트 등),무상
3118,빛가람사랑으로 부영3단지아파트,중소폐가전,수거함 설치,전라남도 나주시 빛가람로 800 ,공동주택(아파트 등),무상
3119,빛가람우미린아파트,중소폐가전,수거함 설치,전라남도 나주시 한빛로 61 ,공동주택(아파트 등),무상
3120,빛가람중흥S-클래스리버티아파트,중소폐가전,수거함 설치,전라남도 나주시 한빛로 125 ,공동주택(아파트 등),무상
3121,빛가람중흥S-클래스센트럴(2차)아파트,중소폐가전,수거함 설치,전라남도 나주시 우정로 101 ,공동주택(아파트 등),무상
3122,빛고을국민체육센터,중소폐가전,수거함 설치,광주광역시 광산구 무진대로211번길 28 ,"지자체(구청, 행정복지센터 등)",무상
3123,빛고을종합사회복지관,중소폐가전,수거함 설치,광주광역시 동구 천변좌로 656 ,"지자체(구청, 행정복지센터 등)",무상
3124,사동 팰리스 부영1단지,중소폐가전,수거함 설치,경상북도 경산시 삼성현로 91길9 ,공동주택(아파트 등),무상
3125,사동 팰리스 부영2단지,중소폐가전,수거함 설치,경상북도 경산시 삼성현로 91길10 ,공동주택(아파트 등),무상
3126,사동 화성파크드림,중소폐가전,수거함 설치,경상북도 경산시 삼성현로 91길45 ,공동주택(아파트 등),무상
3127,사동1리노인정,중소폐가전,수거함 설치,충청북도 청주시 서원구 남이면 사동1길 20-16 ,"지자체(구청, 행정복지센터 등)",무상
3128,사동휴먼시아 1단지,중소폐가전,수거함 설치,경상북도 경산시 백자로 10길 57 ,공동주택(아파트 등),무상
3129,사산2리 마을회관,중소폐가전,수거함 설치,충청남도 부여군 세도면 의자로 185 ,"지자체(구청, 행정복지센터 등)",무상
3130,사월역파인누리1차,중소폐가전,수거함 설치,대구광역시 수성구 달구벌대로659길 22 ,공동주택(아파트 등),무상
3131,사월역파인누리2차,중소폐가전,수거함 설치,대구광역시 수성구 달구벌대로659길 2-23 ,공동주택(아파트 등),무상
3132,사월화성파크드림 1단지,중소폐가전,수거함 설치,대구광역시 수성구 달구벌대로 3304 ,공동주택(아파트 등),무상
3133,사월화성파크드림2단지,중소폐가전,수거함 설치,대구광역시 수성구 달구벌대로 3304-1 ,공동주택(아파트 등),무상
3134,사월화성파크드림3단지,중소폐가전,수거함 설치,대구광역시 수성구 달구벌대로 3304-2 ,공동주택(아파트 등),무상
3135,산본이편한세상,중소폐가전,수거함 설치,경기도 군포시 군포로 109 ,공동주택(아파트 등),무상
3136,산운마을아파트,중소폐가전,수거함 설치,충청남도 천안시 동남구 청수8로 71 ,공동주택(아파트 등),무상
3137,산직1리 마을회관(클린하우스 옆),중소폐가전,수거함 설치,충청남도 부여군 초촌면 산직리 350-2 ,"지자체(구청, 행정복지센터 등)",무상
3138,산직3리 마을회관,중소폐가전,수거함 설치,충청남도 부여군 초촌면 산직리 617 ,"지자체(구청, 행정복지센터 등)",무상
3139,삼남읍 행정복지센터,중소폐가전,수거함 설치,울산광역시 울주군 삼남읍 작괘들길 2 ,"지자체(구청, 행정복지센터 등)",무상
3140,삼동면 행정복지센터,중소폐가전,수거함 설치,울산광역시 울주군 삼동면 하잠리 966-1 ,"지자체(구청, 행정복지센터 등)",무상
3141,삼산리 마을회관,중소폐가전,수거함 설치,충청남도 부여군 외산면 삼산로64 ,"지자체(구청, 행정복지센터 등)",무상
3142,삼산주공1단지,중소폐가전,수거함 설치,인천광역시 부평구 평천로 447 ,공동주택(아파트 등),무상
3143,삼산타운주공4단지,중소폐가전,수거함 설치,인천광역시 부평구 체육관로 111 ,공동주택(아파트 등),무상
3144,삼성마을 센트럴파크,중소폐가전,수거함 설치,경기도 군포시 삼성로 31 ,공동주택(아파트 등),무상
3145,삼성마을 시티프라디움,중소폐가전,수거함 설치,경기도 군포시 삼성로59번길 16 ,공동주택(아파트 등),무상
3146,삼성마을1단지,중소폐가전,수거함 설치,경기도 군포시 삼성로 79 ,공동주택(아파트 등),무상
3147,삼성마을5단지,중소폐가전,수거함 설치,경기도 군포시 번영로200번길 31 ,공동주택(아파트 등),무상
3148,삼성마을6단지,중소폐가전,수거함 설치,경기도 군포시 삼성로 41 ,공동주택(아파트 등),무상
3149,삼성아파트,중소폐가전,수거함 설치,충청남도 서산시 서령로 137 ,공동주택(아파트 등),무상
3150,삼승월드타운,중소폐가전,수거함 설치,대구광역시 수성구 노변로 89 ,공동주택(아파트 등),무상
3151,삼영부영1차,중소폐가전,수거함 설치,전라남도 나주시 삼영1길 61 ,공동주택(아파트 등),무상
3152,삼용2리 마을회관,중소폐가전,수거함 설치,충청남도 부여군 남면 삼용로35번길 39 ,"지자체(구청, 행정복지센터 등)",무상
3153,삼익아파트,중소폐가전,수거함 설치,인천광역시 동구 송림로 50 ,공동주택(아파트 등),무상
3154,삼일파라뷰 더스테이,중소폐가전,수거함 설치,충청남도 아산시 실옥로 15 ,공동주택(아파트 등),무상
3155,삼정그린빌,중소폐가전,수거함 설치,대구광역시 달서구 야외음악당로39길54 ,공동주택(아파트 등),무상
3156,삼주봉황타운 3차,중소폐가전,수거함 설치,경상북도 경산시 진량읍 봉황길 21 ,공동주택(아파트 등),무상
3157,삽교읍행정복지센터,중소폐가전,수거함 설치,충청남도 예산군 삽교읍 두리3길33 ,"지자체(구청, 행정복지센터 등)",무상
3158,상교리 마을회관,중소폐가전,수거함 설치,경기도 여주시 북내면 상교1길 209 ,"지자체(구청, 행정복지센터 등)",무상
3159,상금1리 마을회관,중소폐가전,수거함 설치,충청남도 부여군 부여읍 상금리529-1 ,"지자체(구청, 행정복지센터 등)",무상
3160,상동주공3단지,중소폐가전,수거함 설치,경기도 부천시 조마루로 104 ,공동주택(아파트 등),무상
3161,상동행정복지센터,중소폐가전,수거함 설치,대구광역시 수성구 들안로9길 56 ,공동주택(아파트 등),무상
3162,상림리 마을회관,중소폐가전,수거함 설치,경상북도 구미시 장천면 송백로 9 ,"지자체(구청, 행정복지센터 등)",무상
3163,상북면행정복지센터,중소폐가전,수거함 설치,울산광역시 울주군 상북면 산전리 458 ,"지자체(구청, 행정복지센터 등)",무상
3164,상인동서타운,중소폐가전,수거함 설치,대구광역시 달서구 상인서로39 ,공동주택(아파트 등),무상
3165,상인보성맨션,중소폐가전,수거함 설치,대구광역시 달서구 상인서로75 ,공동주택(아파트 등),무상
3166,상인서한타운,중소폐가전,수거함 설치,대구광역시 달서구 상인서로46 ,공동주택(아파트 등),무상
3167,상인성지맨션,중소폐가전,수거함 설치,대구광역시 달서구 상화북로195 ,공동주택(아파트 등),무상
3168,상인영남화성타운,중소폐가전,수거함 설치,대구광역시 달서구 상인서로76 ,공동주택(아파트 등),무상
3169,상인장미맨션4단지아파트,중소폐가전,수거함 설치,대구광역시 달서구 상화로380 ,공동주택(아파트 등),무상
3170,상인평광맨션,중소폐가전,수거함 설치,대구광역시 달서구 상인서로3 ,공동주택(아파트 등),무상
3171,상인푸르지오,중소폐가전,수거함 설치,대구광역시 달서구 상화로235 ,공동주택(아파트 등),무상
3172,상인화성파크드림,중소폐가전,수거함 설치,대구광역시 달서구 송현로7길10 ,공동주택(아파트 등),무상
3173,상천2리 마을회관,중소폐가전,수거함 설치,충청남도 부여군 홍산면 상천리 291-15 ,"지자체(구청, 행정복지센터 등)",무상
3174,상촌1리 마을회관,중소폐가전,수거함 설치,충청남도 부여군 양화면 양화서로354번길 33 ,"지자체(구청, 행정복지센터 등)",무상
3175,상촌2리 마을회관,중소폐가전,수거함 설치,충청남도 부여군 양화면 상시로 49 ,"지자체(구청, 행정복지센터 등)",무상
3176,새롬동 행정복지센터,중소폐가전,수거함 설치,세종특별자치시 새롬중앙로 44 ,"지자체(구청, 행정복지센터 등)",무상
3177,새솔동 행정복지센터,중소폐가전,수거함 설치,경기도 화성시 수노을중앙로 178 ,"지자체(구청, 행정복지센터 등)",무상
3178,새솔마을중앙하이츠3차아파트,중소폐가전,수거함 설치,충청남도 아산시 배방읍 북수로 137 ,공동주택(아파트 등),무상
3179,새중동아파트,중소폐가전,수거함 설치,대구광역시 수성구 상화로7 ,공동주택(아파트 등),무상
3180,샘터마을2단지,중소폐가전,수거함 설치,경기도 고양시 덕양구 충장로 118-30 ,공동주택(아파트 등),무상
3181,샘터마을3단지,중소폐가전,수거함 설치,경기도 고양시 덕양구 충장로123번길 26 ,공동주택(아파트 등),무상
3182,서계양1리 마을회관,중소폐가전,수거함 설치,충청남도 예산군 신양면 서계양두련길71 ,"지자체(구청, 행정복지센터 등)",무상
3183,서계양1리백양동노인회관,중소폐가전,수거함 설치,충청남도 예산군 신양면 서계양배약길103-3 ,공동주택(아파트 등),무상
3184,서구희망복지지원단,중소폐가전,수거함 설치,광주광역시 서구 경열로 127 ,"지자체(구청, 행정복지센터 등)",무상
3185,서동탄역 우남퍼스트빌,중소폐가전,수거함 설치,경기도 화성시 10용사로 286 ,공동주택(아파트 등),무상
3186,서봉마을 사랑으로 부영3단지,중소폐가전,수거함 설치,경기도 화성시 향남읍 상신하길로328번길 21 ,공동주택(아파트 등),무상
3187,서산 금호어울림 에듀퍼스트,중소폐가전,수거함 설치,충청남도 서산시 성연면 성연5로 92-7 ,공동주택(아파트 등),무상
3188,서산 센텀파크뷰 서희,중소폐가전,수거함 설치,충청남도 서산시 고운로 17 ,공동주택(아파트 등),무상
3189,서산예천푸르지오,중소폐가전,수거함 설치,충청남도 서산시 호수공원11로 11 ,공동주택(아파트 등),무상
3190,서생면행정복지센터,중소폐가전,수거함 설치,울산광역시 울주군 서생면 해맞이로 894 ,"지자체(구청, 행정복지센터 등)",무상
3191,서신면 행정복지센터,중소폐가전,수거함 설치,경기도 화성시 서신면 궁평항로 1702 ,"지자체(구청, 행정복지센터 등)",무상
3192,서암8리 재활용센터,중소폐가전,수거함 설치,경기도 김포시 통진읍 조강로56번길 43 ,"지자체(구청, 행정복지센터 등)",무상
3193,서울시청자미디어센터,중소폐가전,수거함 설치,서울특별시 성북구 길음로7길 20 ,"지자체(구청, 행정복지센터 등)",무상
3194,서원1리 마을회관,중소폐가전,수거함 설치,경기도 여주시 북내면 여양3로 49-8 ,"지자체(구청, 행정복지센터 등)",무상
3195,서원2리 마을회관,중소폐가전,수거함 설치,경기도 여주시 북내면 서원2길 38 ,"지자체(구청, 행정복지센터 등)",무상
3196,서한이다음레이크뷰,중소폐가전,수거함 설치,대구광역시 달서구 상화로58길35 ,공동주택(아파트 등),무상
3197,석동3리 마을회관,중소폐가전,수거함 설치,충청남도 부여군 장암면 의자로돌모루2길 38 ,"지자체(구청, 행정복지센터 등)",무상
3198,석문LH천년나무 2단지,중소폐가전,수거함 설치,충청남도 당진시 석문면 해명1로 200 ,공동주택(아파트 등),무상
3199,석우1리 마을회관,중소폐가전,수거함 설치,경기도 여주시 북내면 선돌로 397 ,"지자체(구청, 행정복지센터 등)",무상
3200,석화1리 마을회관,중소폐가전,수거함 설치,충청북도 청주시 흥덕구 강내면 석화리 146-9 ,"지자체(구청, 행정복지센터 등)",무상
3201,선경아파트,중소폐가전,수거함 설치,충청남도 천안시 동남구 양지4길 25 ,공동주택(아파트 등),무상
3202,선동1리 경로당(마을회관),중소폐가전,수거함 설치,충청북도 청주시 서원구 현도면 선동1길 60 ,"지자체(구청, 행정복지센터 등)",무상
3203,선유리더스빌,중소폐가전,수거함 설치,경기도 파주시 문산읍 선유리444 ,공동주택(아파트 등),무상
3204,성당태왕아너스 메트로,중소폐가전,수거함 설치,대구광역시 달서구 대명천로33 ,공동주택(아파트 등),무상
3205,성림그린빌아파트,중소폐가전,수거함 설치,울산광역시 울주군 온양읍 솔밭3길 39 ,공동주택(아파트 등),무상
3206,성북주공아파트,중소폐가전,수거함 설치,전라남도 나주시 대호길 10 ,공동주택(아파트 등),무상
3207,성서2차영남우방타운,중소폐가전,수거함 설치,대구광역시 달서구 이곡공원로83 ,공동주택(아파트 등),무상
3208,성서8주공,중소폐가전,수거함 설치,대구광역시 달서구 성지로42 ,공동주택(아파트 등),무상
3209,성서동서서한타운,중소폐가전,수거함 설치,대구광역시 달서구 선원로100 ,공동주택(아파트 등),무상
3210,성서보람타운,중소폐가전,수거함 설치,대구광역시 달서구 새동네로34 ,공동주택(아파트 등),무상
3211,성서영남우방타운1차아파트,중소폐가전,수거함 설치,대구광역시 달서구 성지로11 ,공동주택(아파트 등),무상
3212,성서우방유쉘,중소폐가전,수거함 설치,대구광역시 달서구 달구벌대로995 ,공동주택(아파트 등),무상
3213,성서청구타운,중소폐가전,수거함 설치,대구광역시 달서구 성지로75 ,공동주택(아파트 등),무상
3214,성서청남타운,중소폐가전,수거함 설치,대구광역시 달서구 성서서로330 ,공동주택(아파트 등),무상
3215,성서타운아파트,중소폐가전,수거함 설치,대구광역시 달서구 성서동로355-27 ,공동주택(아파트 등),무상
3216,성서한마음타운,중소폐가전,수거함 설치,대구광역시 달서구 선원남로151 ,공동주택(아파트 등),무상
3217,성서한빛마을,중소폐가전,수거함 설치,대구광역시 달서구 선원남로99 ,공동주택(아파트 등),무상
3218,성서한샘타운,중소폐가전,수거함 설치,대구광역시 달서구 선원남로77 ,공동주택(아파트 등),무상
3219,성수1리 마을회관,중소폐가전,수거함 설치,경상북도 구미시 산동읍 성수1길 114 ,"지자체(구청, 행정복지센터 등)",무상
3220,성수2리 마을회관,중소폐가전,수거함 설치,경상북도 구미시 산동읍 성수2길 15 ,"지자체(구청, 행정복지센터 등)",무상
3221,성원아파트,중소폐가전,수거함 설치,충청남도 계룡시 엄사면 엄사중앙로 66 ,공동주택(아파트 등),무상
3222,성정2동행정복지센터,중소폐가전,수거함 설치,충청남도 천안시 서북구 서부8길 29 ,공동주택(아파트 등),무상
3223,성호아파트,중소폐가전,수거함 설치,경기도 화성시 10용사로 221 ,공동주택(아파트 등),무상
3224,성환 부영2차아파트,중소폐가전,수거함 설치,충청남도 천안시 서북구 성환읍 천안대로 1853 ,공동주택(아파트 등),무상
3225,성환 부영3차아파트,중소폐가전,수거함 설치,충청남도 천안시 서북구 성환읍 천안대로 1853 ,공동주택(아파트 등),무상
3226,성환올림픽맨션,중소폐가전,수거함 설치,충청남도 아산시 청운로 176번길 7 ,공동주택(아파트 등),무상
3227,세교1리 마을회관,중소폐가전,수거함 설치,충청북도 청주시 청원구 내수읍 세교1길 332-4 ,"지자체(구청, 행정복지센터 등)",무상
3228,세도면주민자치센터,중소폐가전,수거함 설치,충청남도 부여군 세도면 성흥로664번길 4 ,"지자체(구청, 행정복지센터 등)",무상
3229,세원아파트,중소폐가전,수거함 설치,충청북도 청주시 흥덕구 장구봉로101번길 45 ,공동주택(아파트 등),무상
3230,세원테마빌아파트,중소폐가전,수거함 설치,충청북도 청주시 흥덕구 짐대로 14 ,공동주택(아파트 등),무상
3231,세종시청자미디어센터,중소폐가전,수거함 설치,세종특별자치시 다솜1로 31 ,"지자체(구청, 행정복지센터 등)",무상
3232,세종주공6단지아파트,중소폐가전,수거함 설치,경기도 군포시 산본천로 34 ,공동주택(아파트 등),무상
3233,센스빌아파트,중소폐가전,수거함 설치,충청남도 서산시 동서1로 130 ,공동주택(아파트 등),무상
3234,센텀시티 한양수자인,중소폐가전,수거함 설치,충청남도 아산시 배방읍 북수로 33 ,공동주택(아파트 등),무상
3235,센트럴휴엔하임아파트,중소폐가전,수거함 설치,충청남도 부여군 규암면 흥수로878 ,공동주택(아파트 등),무상
3236,소담동 행정복지센터,중소폐가전,수거함 설치,세종특별자치시 한누리대로 2023 ,"지자체(구청, 행정복지센터 등)",무상
3237,소망마을주공아파트,중소폐가전,수거함 설치,경기도 김포시 통진읍 김포대로2270번길 40 ,공동주택(아파트 등),무상
3238,소정면사무소,중소폐가전,수거함 설치,세종특별자치시 소정면 소정구길 204 ,"지자체(구청, 행정복지센터 등)",무상
3239,솔빛마을경남아너스빌,중소폐가전,수거함 설치,경기도 화성시 동탄반석로 96 ,공동주택(아파트 등),무상
3240,솔빛쌍용예가,중소폐가전,수거함 설치,경기도 화성시 동탄반석로 71 ,공동주택(아파트 등),무상
3241,송간노인정,중소폐가전,수거함 설치,충청남도 부여군 부여읍 송간로 94 ,"지자체(구청, 행정복지센터 등)",무상
3242,송림풍림아이원,중소폐가전,수거함 설치,인천광역시 동구 송미로 6 ,공동주택(아파트 등),무상
3243,송림휴먼시아1단지,중소폐가전,수거함 설치,인천광역시 동구 송향로 31 ,공동주택(아파트 등),무상
3244,송부동 주민센터,중소폐가전,수거함 설치,경기도 군포시 송부로74번길 3-32 ,"지자체(구청, 행정복지센터 등)",무상
3245,송부센트럴시티,중소폐가전,수거함 설치,경기도 군포시 송부로221번길 3-13 ,공동주택(아파트 등),무상
3246,송산그린시티이지더원레이크뷰,중소폐가전,수거함 설치,경기도 화성시 수노을1로 191 ,공동주택(아파트 등),무상
3247,송산리 마을회관,중소폐가전,수거함 설치,경상북도 구미시 산동읍 송백로 937 ,"지자체(구청, 행정복지센터 등)",무상
3248,송산면 행정복지센터,중소폐가전,수거함 설치,경기도 화성시 송산면 매봉산길 12 ,"지자체(구청, 행정복지센터 등)",무상
3249,송산면행정복지센터,중소폐가전,수거함 설치,충청남도 당진시 송산면 상거중앙길 57 ,"지자체(구청, 행정복지센터 등)",무상
3250,송산세안아파트,중소폐가전,수거함 설치,충청남도 당진시 송산면 당산1로 563 ,공동주택(아파트 등),무상
3251,송암1리 경로당,중소폐가전,수거함 설치,충청북도 청주시 상당구 남일면 효촌송암1길 214 ,"지자체(구청, 행정복지센터 등)",무상
3252,송암1리 마을회관,중소폐가전,수거함 설치,충청남도 부여군 남면 송암로 18 ,"지자체(구청, 행정복지센터 등)",무상
3253,송월주공아파트,중소폐가전,수거함 설치,전라남도 나주시 남고문로 36-14 ,공동주택(아파트 등),무상
3254,송정1리 마을회관,중소폐가전,수거함 설치,충청남도 부여군 양화면 양화북로233번길 2 ,"지자체(구청, 행정복지센터 등)",무상
3255,송정1리 마을회관,중소폐가전,수거함 설치,충청남도 부여군 초촌면 송정리 275-5 ,"지자체(구청, 행정복지센터 등)",무상
3256,송정2리 마을회관,중소폐가전,수거함 설치,충청남도 부여군 양화면 양화북로167번길 124 ,"지자체(구청, 행정복지센터 등)",무상
3257,송학2리 마을회관,중소폐가전,수거함 설치,충청남도 부여군 남면 송수로 152-1 ,"지자체(구청, 행정복지센터 등)",무상
3258,송학면행정복지센터,중소폐가전,수거함 설치,충청북도 제천시 송학면 시곡포전로1길 14-2 ,"지자체(구청, 행정복지센터 등)",무상
3259,송학삼익아파트(개신동),중소폐가전,수거함 설치,충청북도 청주시 서원구 모충로 12번길 4 ,공동주택(아파트 등),무상
3260,송현2차아파트,중소폐가전,수거함 설치,인천광역시 동구 인중로 635 ,공동주택(아파트 등),무상
3261,송현월성아파트,중소폐가전,수거함 설치,대구광역시 달서구 송현로16길43 ,공동주택(아파트 등),무상
3262,송현주공아파트,중소폐가전,수거함 설치,인천광역시 동구 인중로 653 ,공동주택(아파트 등),무상
3263,수고1리 마을회관,중소폐가전,수거함 설치,충청남도 부여군 세도면 사동로 116 ,"지자체(구청, 행정복지센터 등)",무상
3264,수림미소가아파트,중소폐가전,수거함 설치,충청남도 서산시 음암면 음암로 499 ,공동주택(아파트 등),무상
3265,수목원 삼성래미안,중소폐가전,수거함 설치,대구광역시 달서구 상화로8길23 ,공동주택(아파트 등),무상
3266,수목원 서한이다음,중소폐가전,수거함 설치,대구광역시 달서구 한실로6길123 ,공동주택(아파트 등),무상
3267,수산면행정복지센터,중소폐가전,수거함 설치,충청북도 제천시 수산면 월악로26길 39 ,"지자체(구청, 행정복지센터 등)",무상
3268,수성SK리더스뷰,중소폐가전,수거함 설치,대구광역시 수성구 동대구로 95 ,공동주택(아파트 등),무상
3269,수성골드클래스더센텀,중소폐가전,수거함 설치,대구광역시 수성구 수성로 185 ,공동주택(아파트 등),무상
3270,수성데시앙리버뷰,중소폐가전,수거함 설치,대구광역시 수성구 희망로20길 10 ,공동주택(아파트 등),무상
3271,수성동일하이빌 레이크시티,중소폐가전,수거함 설치,대구광역시 수성구 수성로 71 ,공동주택(아파트 등),무상
3272,수성뷰웰리버파크,중소폐가전,수거함 설치,대구광역시 수성구 수성로 41길 41 ,공동주택(아파트 등),무상
3273,수성알파시티 청아람,중소폐가전,수거함 설치,대구광역시 수성구 알파시티2로 96 ,공동주택(아파트 등),무상
3274,수성알파시티동화아이위시,중소폐가전,수거함 설치,대구광역시 수성구 알파시티2로 48 ,공동주택(아파트 등),무상
3275,수성우방팔레스,중소폐가전,수거함 설치,대구광역시 수성구 수성로 400 ,공동주택(아파트 등),무상
3276,수신면 행정복지센터,중소폐가전,수거함 설치,충청남도 천안시 동남구 수신면 수신로 431 ,공동주택(아파트 등),무상
3277,수완문화체육센터,중소폐가전,수거함 설치,광주광역시 광산구 왕버들로132번길 11 ,"지자체(구청, 행정복지센터 등)",무상
3278,수원1리 마을회관,중소폐가전,수거함 설치,충청남도 부여군 양화면 양화서로 747 ,"지자체(구청, 행정복지센터 등)",무상
3279,수원2리 마을회관,중소폐가전,수거함 설치,충청남도 부여군 양화면 양화서로 606 ,"지자체(구청, 행정복지센터 등)",무상
3280,수향2리 마을,중소폐가전,수거함 설치,충청남도 천안시 서북구 성환읍 무내1길 27 ,공동주택(아파트 등),무상
3281,순성면행정복지센터,중소폐가전,수거함 설치,충청남도 당진시 순성면 순성로 535 ,"지자체(구청, 행정복지센터 등)",무상
3282,숫말 사랑방,중소폐가전,수거함 설치,경기도 여주시 북내면 운촌2길 25 ,"지자체(구청, 행정복지센터 등)",무상
3283,숲속마을 모아미래도 2단지,중소폐가전,수거함 설치,경기도 화성시 동탄숲속로 36 ,공동주택(아파트 등),무상
3284,숲속마을에버나인,중소폐가전,수거함 설치,경기도 고양시 일산동구 숲속마을2로 25 ,공동주택(아파트 등),무상
3285,숲속반디채,중소폐가전,수거함 설치,경기도 군포시 송부로96번길 30 ,공동주택(아파트 등),무상
3286,쉐리움,중소폐가전,수거함 설치,충청남도 계룡시 서금암 3길 5 ,공동주택(아파트 등),무상
3287,스마트허브3차(607호),중소폐가전,수거함 설치,세종특별자치시 호려울로 19 ,"지자체(구청, 행정복지센터 등)",무상
3288,승본리마을회관,중소폐가전,수거함 설치,경상북도 예천군 보문면 승본리 433 ,"지자체(구청, 행정복지센터 등)",무상
3289,시범다은마을우남퍼스트빌,중소폐가전,수거함 설치,경기도 화성시 동탄중앙로 171 ,공동주택(아파트 등),무상
3290,시범반도유보라아이비파크4차,중소폐가전,수거함 설치,경기도 화성시 동탄대로시범길 134 ,공동주택(아파트 등),무상
3291,시음1리 마을회관,중소폐가전,수거함 설치,충청남도 부여군 양화면 양화서로 276 ,"지자체(구청, 행정복지센터 등)",무상
3292,시음2리 마을회관,중소폐가전,수거함 설치,충청남도 부여군 양화면 양화서로 122 ,"지자체(구청, 행정복지센터 등)",무상
3293,시음3리 마을회관,중소폐가전,수거함 설치,충청남도 부여군 양화면 수시로 135번길 6 ,"지자체(구청, 행정복지센터 등)",무상
3294,시지3차서한이다음,중소폐가전,수거함 설치,대구광역시 수성구 달구벌대로 669길 20-20 ,공동주택(아파트 등),무상
3295,시지동서타운,중소폐가전,수거함 설치,대구광역시 수성구 신매로 41 ,공동주택(아파트 등),무상
3296,시지반도유보라,중소폐가전,수거함 설치,대구광역시 수성구 욱수천로 87 ,공동주택(아파트 등),무상
3297,시지보성서한아파트,중소폐가전,수거함 설치,대구광역시 수성구 신매로 21 ,공동주택(아파트 등),무상
3298,시지천마타운,중소폐가전,수거함 설치,대구광역시 수성구 신매로 71 ,공동주택(아파트 등),무상
3299,시지하나타운,중소폐가전,수거함 설치,대구광역시 수성구 고산로 123 ,공동주택(아파트 등),무상
3300,시흥능곡 휴먼시아 13단지,중소폐가전,수거함 설치,경기도 시흥시 시흥대로268번길 53 ,공동주택(아파트 등),무상
3301,시흥능곡 휴먼시아 2단지,중소폐가전,수거함 설치,경기도 시흥시 승지로89 ,공동주택(아파트 등),무상
3302,시흥능곡 휴먼시아 5단지,중소폐가전,수거함 설치,경기도 시흥시 능곡중앙로 77 ,공동주택(아파트 등),무상
3303,시흥능곡 휴먼시아 6단지,중소폐가전,수거함 설치,경기도 시흥시 승지로 33 ,공동주택(아파트 등),무상
3304,시흥능곡 휴먼시아 7단지,중소폐가전,수거함 설치,경기도 시흥시 승지로 34 ,공동주택(아파트 등),무상
3305,시흥능곡 휴먼시아 9단지,중소폐가전,수거함 설치,경기도 시흥시 능곡중앙로 34 ,공동주택(아파트 등),무상
3306,신당진이안아파트,중소폐가전,수거함 설치,충청남도 당진시 운곡로 197-8 ,공동주택(아파트 등),무상
3307,신당한화꿈에그린,중소폐가전,수거함 설치,대구광역시 달서구 달서대로719 ,공동주택(아파트 등),무상
3308,신대1리 마을회관,중소폐가전,수거함 설치,충청북도 청주시 청원구 북이면 신대길 22-10 ,"지자체(구청, 행정복지센터 등)",무상
3309,신도브레뉴아파트,중소폐가전,수거함 설치,충청남도 천안시 동남구 풍세로 770 ,공동주택(아파트 등),무상
3310,신도안면사무소,중소폐가전,수거함 설치,충청남도 계룡시 신도안면 신도안2길 59 ,"지자체(구청, 행정복지센터 등)",무상
3311,신동탄롯데캐슬,중소폐가전,수거함 설치,경기도 화성시 효행로 1338-44 ,공동주택(아파트 등),무상
3312,신매우방타운,중소폐가전,수거함 설치,대구광역시 수성구 달구벌대로651길 33 ,공동주택(아파트 등),무상
3313,신명스카이뷰 아파트,중소폐가전,수거함 설치,경기도 화성시 향남읍 행정서로 48 ,공동주택(아파트 등),무상
3314,신백동행정복지센터,중소폐가전,수거함 설치,충청북도 제천시 의병대로34길 50 ,"지자체(구청, 행정복지센터 등)",무상
3315,신성미소지움금암2차아파트,중소폐가전,수거함 설치,충청남도 계룡시 서금암5길 9 ,공동주택(아파트 등),무상
3316,신세대아파트,중소폐가전,수거함 설치,충청남도 당진시 신평면 거산3거리길 66 ,공동주택(아파트 등),무상
3317,신송1리 경로당,중소폐가전,수거함 설치,충청북도 청주시 상당구 남일면 신송1길 9-8 ,"지자체(구청, 행정복지센터 등)",무상
3318,신송3리 경로당,중소폐가전,수거함 설치,충청북도 청주시 상당구 남일면 가좌신송로 286 ,"지자체(구청, 행정복지센터 등)",무상
3319,신암면행정복지센터,중소폐가전,수거함 설치,충청남도 예산군 신암면 종경길70 ,"지자체(구청, 행정복지센터 등)",무상
3320,신영지웰홈스 아파트,중소폐가전,수거함 설치,충청북도 청주시 흥덕구 진재로 103번길 37 ,공동주택(아파트 등),무상
3321,신접2리 마을회관,중소폐가전,수거함 설치,경기도 여주시 북내면 신접2길 73-3 ,"지자체(구청, 행정복지센터 등)",무상
3322,신천역 더뷰파크,중소폐가전,수거함 설치,대구광역시 동구 동부로 20 ,공동주택(아파트 등),무상
3323,신천지하이츠,중소폐가전,수거함 설치,대구광역시 수성구 청호로 229 ,공동주택(아파트 등),무상
3324,신평풍림아이원,중소폐가전,수거함 설치,충청남도 당진시 신평면 솔안말길 21 ,공동주택(아파트 등),무상
3325,신한아파트,중소폐가전,수거함 설치,충청남도 아산시 배방읍 온천대로 2332 ,공동주택(아파트 등),무상
3326,신홍1리 마을회관,중소폐가전,수거함 설치,충청남도 부여군 남면 금천로292번길 19-1 ,"지자체(구청, 행정복지센터 등)",무상
3327,신홍2리 마을회관,중소폐가전,수거함 설치,충청남도 부여군 남면 금천로 220-6 ,"지자체(구청, 행정복지센터 등)",무상
3328,실리안 아파트,중소폐가전,수거함 설치,대구광역시 수성구 파동로 209 ,공동주택(아파트 등),무상
3329,쌍북6리 마을회관,중소폐가전,수거함 설치,충청남도 부여군 부여읍 쌍북리734 ,"지자체(구청, 행정복지센터 등)",무상
3330,쌍북주공아파트,중소폐가전,수거함 설치,충청남도 부여군 부여읍 쌍북리 113 ,"지자체(구청, 행정복지센터 등)",무상
3331,쌍북주공아파트,중소폐가전,수거함 설치,충청남도 부여군 부여읍 성왕로 328번길15 ,공동주택(아파트 등),무상
3332,쌍용2동행정복지센터,중소폐가전,수거함 설치,충청남도 천안시 서북구 쌍용14길 70 ,공동주택(아파트 등),무상
3333,쌍용신성2단지,중소폐가전,수거함 설치,충청남도 천안시 동남구 순천향1길 16 ,공동주택(아파트 등),무상
3334,쌍용아파트,중소폐가전,수거함 설치,충청남도 천안시 동남구 충절로 295-14 ,공동주택(아파트 등),무상
3335,쌍용자이아파트,중소폐가전,수거함 설치,충청남도 천안시 서북구 월봉1길 15 ,공동주택(아파트 등),무상
3336,쌍용주공7단지 1차아파트,중소폐가전,수거함 설치,충청남도 천안시 서북구 쌍용11길 57 ,공동주택(아파트 등),무상
3337,쌍용주공7단지 2차아파트,중소폐가전,수거함 설치,충청남도 천안시 서북구 쌍용11길 55 ,공동주택(아파트 등),무상
3338,아담프라임빌,중소폐가전,수거함 설치,울산광역시 울주군 범서읍 굴화리 132-1 ,공동주택(아파트 등),무상
3339,아름동 행정복지센터,중소폐가전,수거함 설치,세종특별자치시 보듬3로 114 ,"지자체(구청, 행정복지센터 등)",무상
3340,아산남산현대아파트,중소폐가전,수거함 설치,충청남도 아산시 문화로 26-4 ,공동주택(아파트 등),무상
3341,아산동아나래1차아파트,중소폐가전,수거함 설치,충청남도 아산시 온천대로 1333번길 7 ,공동주택(아파트 등),무상
3342,아산배방삼정그린코아아파트,중소폐가전,수거함 설치,충청남도 아산시 배방읍 모산로 126번길 17-7 ,공동주택(아파트 등),무상
3343,아산배방엘에이치4단지,중소폐가전,수거함 설치,충청남도 아산시 배방읍 공원로69 ,공동주택(아파트 등),무상
3344,아산배방오르젠중앙하이츠1단지아파트,중소폐가전,수거함 설치,충청남도 아산시 배방읍 배방로 58-10 ,공동주택(아파트 등),무상
3345,아산샘마을아파트,중소폐가전,수거함 설치,충청남도 아산시 신창면 남성길 85 ,공동주택(아파트 등),무상
3346,아산세진아파트,중소폐가전,수거함 설치,충청남도 아산시 외암로 1566-12 ,공동주택(아파트 등),무상
3347,아산아이파크,중소폐가전,수거함 설치,충청남도 아산시 남부로 321-8 ,공동주택(아파트 등),무상
3348,아산엘크루아파트,중소폐가전,수거함 설치,충청남도 아산시 순천향로 602 ,공동주택(아파트 등),무상
3349,아산이지더원2차4단지아파트,중소폐가전,수거함 설치,충청남도 아산시 둔포면 아산밸리중앙로 67 ,공동주택(아파트 등),무상
3350,아산이지더원3차5단지아파트,중소폐가전,수거함 설치,충청남도 아산시 둔포면 아산밸리북로 48 ,공동주택(아파트 등),무상
3351,아산이지더원3차6단지아파트,중소폐가전,수거함 설치,충청남도 아산시 둔포면 아산밸리북로 68 ,공동주택(아파트 등),무상
3352,아산친오애아파트,중소폐가전,수거함 설치,충청남도 아산시 신창면 행목로 217 ,공동주택(아파트 등),무상
3353,아산현대자동차사원아파트,중소폐가전,수거함 설치,충청남도 아산시 인주면 현대로 1029번길 200-17 ,공동주택(아파트 등),무상
3354,아주 아트빌,중소폐가전,수거함 설치,경상북도 김천시 문지왈3길 14 ,공동주택(아파트 등),무상
3355,아포리 예미원아파트,중소폐가전,수거함 설치,충청남도 천안시 서북구 성환읍 성환6길 8 ,공동주택(아파트 등),무상
3356,안동 구시장,중소폐가전,수거함 설치,경상북도 안동시 번영1길 55 ,"지자체(구청, 행정복지센터 등)",무상
3357,안동 신시장1,중소폐가전,수거함 설치,경상북도 안동시 중앙시장길 5 ,"지자체(구청, 행정복지센터 등)",무상
3358,안동 신시장2,중소폐가전,수거함 설치,경상북도 안동시 경동로 602 ,"지자체(구청, 행정복지센터 등)",무상
3359,안서e편한세상2차아파트,중소폐가전,수거함 설치,충청남도 천안시 동남구 성불사길 17 ,공동주택(아파트 등),무상
3360,안심주공1단지,중소폐가전,수거함 설치,대구광역시 동구 안심로 22길 3 ,공동주택(아파트 등),무상
3361,안심주공4단지,중소폐가전,수거함 설치,대구광역시 동구 율하동로 73 ,공동주택(아파트 등),무상
3362,안화동마을 주공5단지,중소폐가전,수거함 설치,경기도 화성시 병점2로 103 ,공동주택(아파트 등),무상
3363,암수1리 마을회관,중소폐가전,수거함 설치,충청남도 부여군 양화면 충절로310번길 33 ,"지자체(구청, 행정복지센터 등)",무상
3364,암수2리 마을회관,중소폐가전,수거함 설치,충청남도 부여군 양화면 양화동로372번길 83 ,"지자체(구청, 행정복지센터 등)",무상
3365,앞산봉덕영무예다음,중소폐가전,수거함 설치,대구광역시 남구 대봉로 12 ,공동주택(아파트 등),무상
3366,앞산비스타동원,중소폐가전,수거함 설치,대구광역시 남구 신촌길 57 ,공동주택(아파트 등),무상
3367,앞산청구제네스,중소폐가전,수거함 설치,대구광역시 달서구 월배로340 ,공동주택(아파트 등),무상
3368,앞산태왕아너스,중소폐가전,수거함 설치,대구광역시 남구 효서길 53 ,공동주택(아파트 등),무상
3369,양감면 행정복지센터,중소폐가전,수거함 설치,경기도 화성시 양감면 초록로 7 ,"지자체(구청, 행정복지센터 등)",무상
3370,양곡휴먼시아고다니마을,중소폐가전,수거함 설치,경기도 김포시 양촌읍 김포한강5로 386 ,공동주택(아파트 등),무상
3371,양우내안내센텀시티아파트,중소폐가전,수거함 설치,전라남도 나주시 송월18길 10 ,공동주택(아파트 등),무상
3372,양지마을 쌍용예가,중소폐가전,수거함 설치,경기도 화성시 봉담읍 매송고색로422번길 57 ,공동주택(아파트 등),무상
3373,양지마을주공아파트,중소폐가전,수거함 설치,경기도 김포시 양촌읍 양곡1로 77 ,공동주택(아파트 등),무상
3374,양촌1리경로당,중소폐가전,수거함 설치,충청북도 청주시 서원구 남이면 양촌리 121 ,"지자체(구청, 행정복지센터 등)",무상
3375,양촌리 주차장,중소폐가전,수거함 설치,충청북도 청주시 서원구 남이면 양촌리 344-1 ,"지자체(구청, 행정복지센터 등)",무상
3376,양촌읍 재활용동네마당,중소폐가전,수거함 설치,경기도 김포시 양촌읍 서현로 40-105 ,"지자체(구청, 행정복지센터 등)",무상
3377,엄사동아아파트,중소폐가전,수거함 설치,충청남도 계룡시 엄사면 엄사중앙로 65-10 ,공동주택(아파트 등),무상
3378,엄사면행정복지센터,중소폐가전,수거함 설치,충청남도 계룡시 엄사면 번영로 47 ,"지자체(구청, 행정복지센터 등)",무상
3379,엄사비사벌아파트,중소폐가전,수거함 설치,충청남도 계룡시 엄사면 번영3길 43 ,공동주택(아파트 등),무상
3380,엄사삼진아파트,중소폐가전,수거함 설치,충청남도 계룡시 엄사면 번영3길 73-12 ,공동주택(아파트 등),무상
3381,에스디아이프라임,중소폐가전,수거함 설치,대구광역시 동구 아양로24길13 ,공동주택(아파트 등),무상
3382,여울목아파트,중소폐가전,수거함 설치,울산광역시 울주군 온양읍 솔밭3길 19-10 ,공동주택(아파트 등),무상
3383,연경아이파크,중소폐가전,수거함 설치,대구광역시 동구 동화천로 369 ,공동주택(아파트 등),무상
3384,연기면사무소,중소폐가전,수거함 설치,세종특별자치시 당산로 81 ,"지자체(구청, 행정복지센터 등)",무상
3385,연동면복합커뮤니티센터,중소폐가전,수거함 설치,세종특별자치시 연동면 장욱진로 7 ,"지자체(구청, 행정복지센터 등)",무상
3386,연서면 행정복지센터,중소폐가전,수거함 설치,세종특별자치시 연서면 대첩로 238 ,"지자체(구청, 행정복지센터 등)",무상
3387,연화리 마을회관,중소폐가전,수거함 설치,충청남도 부여군 초촌면 연화리 213-9 ,"지자체(구청, 행정복지센터 등)",무상
3388,연화리 마을회관,중소폐가전,수거함 설치,충청남도 부여군 초촌면 연화리 87-6 ,"지자체(구청, 행정복지센터 등)",무상
3389,염창1리 마을회관,중소폐가전,수거함 설치,충청남도 부여군 부여읍 염창리490-1 ,"지자체(구청, 행정복지센터 등)",무상
3390,영남네오빌비스타,중소폐가전,수거함 설치,대구광역시 달서구 대명천로250 ,공동주택(아파트 등),무상
3391,영무예다음아파트,중소폐가전,수거함 설치,전라남도 나주시 월정1길 20 ,공동주택(아파트 등),무상
3392,영서동행정복지센터,중소폐가전,수거함 설치,충청북도 제천시 동명로 11 ,"지자체(구청, 행정복지센터 등)",무상
3393,영운삼일아파트,중소폐가전,수거함 설치,충청북도 청주시 상당구 수영로 136 ,공동주택(아파트 등),무상
3394,영풍아파트,중소폐가전,수거함 설치,인천광역시 동구 화도진로 132 ,공동주택(아파트 등),무상
3395,예산읍행정복지센터,중소폐가전,수거함 설치,충청남도 예산군 예산읍 예산로176번길 15 ,"지자체(구청, 행정복지센터 등)",무상
3396,예천대심주공아파트,중소폐가전,수거함 설치,경상북도 예천군 예천읍 대심리 430 ,공동주택(아파트 등),무상
3397,예천동한성필하우스,중소폐가전,수거함 설치,충청남도 서산시 동서1로 182 ,공동주택(아파트 등),무상
3398,예천읍 행정복지센터,중소폐가전,수거함 설치,경상북도 예천군 예천읍 군청앞길 2 ,"지자체(구청, 행정복지센터 등)",무상
3399,예천이테크코아루,중소폐가전,수거함 설치,경상북도 예천군 예천읍 남본리 319 ,공동주택(아파트 등),무상
3400,예천천지원아파트,중소폐가전,수거함 설치,경상북도 예천군 예천읍 남본리 209 ,공동주택(아파트 등),무상
3401,오가면행정복지센터,중소폐가전,수거함 설치,충청남도 예산군 오가면 오가중앙로86-12 ,"지자체(구청, 행정복지센터 등)",무상
3402,오량1리 마을회관,중소폐가전,수거함 설치,충청남도 부여군 양화면 오초로 104 ,"지자체(구청, 행정복지센터 등)",무상
3403,오량2리 마을회관,중소폐가전,수거함 설치,충청남도 부여군 양화면 충절로397번길 27 ,"지자체(구청, 행정복지센터 등)",무상
3404,오산운암6단지주공아파트,중소폐가전,수거함 설치,경기도 오산시 운천로 16-22 ,공동주택(아파트 등),무상
3405,오송대원칸타빌,중소폐가전,수거함 설치,충청북도 청주시 흥덕구 오송읍 연제만수길 17 ,공동주택(아파트 등),무상
3406,오송모아미래도아파트,중소폐가전,수거함 설치,충청북도 청주시 흥덕구 오송읍 오송생명3로 87 ,공동주택(아파트 등),무상
3407,오송상록롯데캐슬아파트,중소폐가전,수거함 설치,충청북도 청주시 흥덕구 오송읍 오송생명5로 202 ,공동주택(아파트 등),무상
3408,오창5단지부영아파트,중소폐가전,수거함 설치,충청북도 청주시 청원구 오창읍 2산단4로 20 ,공동주택(아파트 등),무상
3409,오창대성베르힐아파트,중소폐가전,수거함 설치,충청북도 청주시 청원구 오창읍 2산단로 160 ,공동주택(아파트 등),무상
3410,오창중앙하이츠빌아파트,중소폐가전,수거함 설치,충청북도 청주시 청원구 오창읍 오창중앙로 28 ,공동주택(아파트 등),무상
3411,오창코아루아파트,중소폐가전,수거함 설치,충청북도 청주시 청원구 오창읍 오창중앙로 27 ,공동주택(아파트 등),무상
3412,오창한신더휴센트럴파크아파트,중소폐가전,수거함 설치,충청북도 청주시 청원구 오창읍 오창공원로96 ,공동주택(아파트 등),무상
3413,온산읍행정복지센터,중소폐가전,수거함 설치,울산광역시 울주군 온산읍 서영남1길 21 ,"지자체(구청, 행정복지센터 등)",무상
3414,온양서희스타힐스아파트,중소폐가전,수거함 설치,울산광역시 울주군 온양읍 보곡3길 40 ,공동주택(아파트 등),무상
3415,온양읍행정복지센터,중소폐가전,수거함 설치,울산광역시 울주군 온양읍 남창1길 20 ,"지자체(구청, 행정복지센터 등)",무상
3416,온정아파트,중소폐가전,수거함 설치,충청남도 아산시 어의정로 31번길 20 ,공동주택(아파트 등),무상
3417,옹정1리 마을회관,중소폐가전,수거함 설치,경기도 김포시 통진읍 김포대로 2435번길 199 ,"지자체(구청, 행정복지센터 등)",무상
3418,왕궁아파트,중소폐가전,수거함 설치,충청남도 부여군 부여읍 성왕로 352번길 11 ,공동주택(아파트 등),무상
3419,외천3리 경로당,중소폐가전,수거함 설치,충청북도 청주시 서원구 남이면 청남로 1159-11 ,"지자체(구청, 행정복지센터 등)",무상
3420,용계1리 마을회관,중소폐가전,수거함 설치,충청북도 청주시 청원구 북이면 용계1길 53 ,"지자체(구청, 행정복지센터 등)",무상
3421,용곡동일하이빌하이시티 4단지아파트,중소폐가전,수거함 설치,충청남도 천안시 동남구 용곡5길 34 ,공동주택(아파트 등),무상
3422,용궁면 행정복지센터,중소폐가전,수거함 설치,경상북도 예천군 용궁면 읍부1길 45 ,"지자체(구청, 행정복지센터 등)",무상
3423,용당1리 마을회관,중소폐가전,수거함 설치,충청남도 부여군 구룡면 용당로 32-25 ,"지자체(구청, 행정복지센터 등)",무상
3424,용당2리 마을회관,중소폐가전,수거함 설치,충청남도 부여군 구룡면 용당로2번길 37-8 ,"지자체(구청, 행정복지센터 등)",무상
3425,용당3리 마을회관,중소폐가전,수거함 설치,충청남도 부여군 구룡면 용당로80번길 28-8 ,"지자체(구청, 행정복지센터 등)",무상
3426,용당4리 마을회관,중소폐가전,수거함 설치,충청남도 부여군 구룡면 부두로277번길 20 ,"지자체(구청, 행정복지센터 등)",무상
3427,용두동행정복지센터,중소폐가전,수거함 설치,충청북도 제천시 용두대로17길 8 ,"지자체(구청, 행정복지센터 등)",무상
3428,용문면 행정복지센터,중소폐가전,수거함 설치,경상북도 예천군 용문면 상금곡리 437 ,"지자체(구청, 행정복지센터 등)",무상
3429,용방소3리마을회관,중소폐가전,수거함 설치,울산광역시 울주군 온산읍 용방소5길 12 ,공동주택(아파트 등),무상
3430,용산2차우방타운,중소폐가전,수거함 설치,대구광역시 달서구 용산서로38 ,공동주택(아파트 등),무상
3431,용산보성타운,중소폐가전,수거함 설치,대구광역시 달서구 용산서로37 ,공동주택(아파트 등),무상
3432,용산주공1단지아파트,중소폐가전,수거함 설치,전라남도 나주시 가마태길 38 ,공동주택(아파트 등),무상
3433,용산주공2단지아파트,중소폐가전,수거함 설치,전라남도 나주시 영나로 2421 ,공동주택(아파트 등),무상
3434,용산지역아동센터,중소폐가전,수거함 설치,광주광역시 동구 화산로 328-6 ,"지자체(구청, 행정복지센터 등)",무상
3435,용암임광아파트,중소폐가전,수거함 설치,충청북도 청주시 상당구 용암로 35 ,공동주택(아파트 등),무상
3436,용암현대홈타운아파트,중소폐가전,수거함 설치,충청북도 청주시 상당구 용암로 23 ,공동주택(아파트 등),무상
3437,용암효성아파트,중소폐가전,수거함 설치,충청북도 청주시 상당구 월평로 221 ,공동주택(아파트 등),무상
3438,용화동엘크루,중소폐가전,수거함 설치,충청남도 아산시 어의정로92-7 ,공동주택(아파트 등),무상
3439,우강온누리아파트,중소폐가전,수거함 설치,충청남도 당진시 우강면 합우로 324 ,공동주택(아파트 등),무상
3440,우남아파트 1단지,중소폐가전,수거함 설치,충청남도 천안시 서북구 두정역서 5길 11 ,공동주택(아파트 등),무상
3441,우남아파트 2단지,중소폐가전,수거함 설치,충청남도 천안시 서북구 두정역서 1길 22 ,공동주택(아파트 등),무상
3442,우림그린빌리지,중소폐가전,수거함 설치,경기도 화성시 효행로265번길 17 ,공동주택(아파트 등),무상
3443,우만주공3단지,중소폐가전,수거함 설치,경기도 수원시 팔달구 창룡대로 210번길 13 ,공동주택(아파트 등),무상
3444,우미린 더센트럴,중소폐가전,수거함 설치,경상북도 경산시 하양읍 서사도리로 70 ,공동주택(아파트 등),무상
3445,우미린아파트,중소폐가전,수거함 설치,충청남도 천안시 동남구 청수14로 16 ,공동주택(아파트 등),무상
3446,우미린에듀파크1단지아파트,중소폐가전,수거함 설치,충청북도 청주시 상당구 수영로 360 ,공동주택(아파트 등),무상
3447,우미린에듀파크2단지아파트,중소폐가전,수거함 설치,충청북도 청주시 상당구 수영로 359 ,공동주택(아파트 등),무상
3448,우방범어타운,중소폐가전,수거함 설치,대구광역시 수성구 동대구로 226 ,공동주택(아파트 등),무상
3449,우방아이유쉘1단지,중소폐가전,수거함 설치,경기도 화성시 봉담읍 수영로 60-10 ,공동주택(아파트 등),무상
3450,우방아이유쉘1차,중소폐가전,수거함 설치,경상북도 예천군 호명면 검무로17 ,공동주택(아파트 등),무상
3451,우방아이유쉘2단지,중소폐가전,수거함 설치,충청남도 아산시 배방읍 배방로 58-44 ,공동주택(아파트 등),무상
3452,우방아이유쉘2차,중소폐가전,수거함 설치,경상북도 예천군 호명면 행복로230 ,공동주택(아파트 등),무상
3453,우성8차아파트,중소폐가전,수거함 설치,충청남도 천안시 서북구 직산읍 자은가리1길68 ,공동주택(아파트 등),무상
3454,우성스마트시티뷰,중소폐가전,수거함 설치,울산광역시 울주군 삼남읍 울산역로 300 ,공동주택(아파트 등),무상
3455,우영아파트,중소폐가전,수거함 설치,충청남도 천안시 동남구 우영1길 10 ,공동주택(아파트 등),무상
3456,우정읍 행정복지센터,중소폐가전,수거함 설치,경기도 화성시 우정읍 쌍봉로 109-14 ,"지자체(구청, 행정복지센터 등)",무상
3457,우정한가람아파트,중소폐가전,수거함 설치,충청북도 청주시 서원구 예체로1번길 29 ,공동주택(아파트 등),무상
3458,운교2리 마을회관,중소폐가전,수거함 설치,충청북도 청주시 상당구 미원면 운교길 70 ,"지자체(구청, 행정복지센터 등)",무상
3459,울산구영1단지주공아파트,중소폐가전,수거함 설치,울산광역시 울주군 범서읍 구영리 212 ,공동주택(아파트 등),무상
3460,울산센트레빌더테라스,중소폐가전,수거함 설치,울산광역시 울주군 삼남읍 진장길 144 ,공동주택(아파트 등),무상
3461,울산시청자미디어센터,중소폐가전,수거함 설치,울산광역시 북구 명촌10길 78 ,"지자체(구청, 행정복지센터 등)",무상
3462,울산역신도시동문굿모닝힐아파트,중소폐가전,수거함 설치,울산광역시 울주군 삼남읍 울산역로 275 ,공동주택(아파트 등),무상
3463,울산역신도시동문굿모닝힐아파트,중소폐가전,수거함 설치,울산광역시 울주군 삼남읍 울산역로 274 ,공동주택(아파트 등),무상
3464,울산온양대우아파트,중소폐가전,수거함 설치,울산광역시 울주군 온양읍 솔밭1길 12 ,공동주택(아파트 등),무상
3465,웃말 사랑방,중소폐가전,수거함 설치,경기도 여주시 북내면 운촌1길 138-2 ,"지자체(구청, 행정복지센터 등)",무상
3466,웅촌면행정복지센터,중소폐가전,수거함 설치,울산광역시 울주군 웅촌면 새초천길 12 ,"지자체(구청, 행정복지센터 등)",무상
3467,원당1리 마을회관,중소폐가전,수거함 설치,충청남도 부여군 양화면 양화동로 389-2 ,"지자체(구청, 행정복지센터 등)",무상
3468,원당2리 마을회관,중소폐가전,수거함 설치,충청남도 부여군 양화면 양화동로 431 ,"지자체(구청, 행정복지센터 등)",무상
3469,원당3리 마을회관,중소폐가전,수거함 설치,충청남도 부여군 양화면 양화동로 457 ,"지자체(구청, 행정복지센터 등)",무상
3470,원당마을아파트,중소폐가전,수거함 설치,충청남도 당진시 밤절로 103 ,공동주택(아파트 등),무상
3471,월배2차귀빈타운,중소폐가전,수거함 설치,대구광역시 달서구 월배로32안길66 ,공동주택(아파트 등),무상
3472,월배삼정그린코아포레스트,중소폐가전,수거함 설치,대구광역시 달서구 조암남로32길40 ,공동주택(아파트 등),무상
3473,월배역더샵아파트,중소폐가전,수거함 설치,대구광역시 달서구 월서로 51 ,공동주택(아파트 등),무상
3474,월배역라온프라이빗,중소폐가전,수거함 설치,대구광역시 달서구 월배로33길53 ,공동주택(아파트 등),무상
3475,월배현대1차,중소폐가전,수거함 설치,대구광역시 달서구 상화북로5길39 ,공동주택(아파트 등),무상
3476,월봉일성아파트,중소폐가전,수거함 설치,충청남도 천안시 서북구 월봉4로 120-16 ,공동주택(아파트 등),무상
3477,월봉청솔1차아파트,중소폐가전,수거함 설치,충청남도 천안시 서북구 월봉4로 140-9 ,공동주택(아파트 등),무상
3478,월산5동행정복지센터,중소폐가전,수거함 설치,광주광역시 남구 군분로82번길 14 ,"지자체(구청, 행정복지센터 등)",무상
3479,월성e-편한세상,중소폐가전,수거함 설치,대구광역시 달서구 조암남로10 ,공동주택(아파트 등),무상
3480,월성동서타운,중소폐가전,수거함 설치,대구광역시 달서구 학산로7길5 ,공동주택(아파트 등),무상
3481,월성보성타운1단지아파트,중소폐가전,수거함 설치,대구광역시 달서구 학산로 30 ,공동주택(아파트 등),무상
3482,월성우방타운,중소폐가전,수거함 설치,대구광역시 달서구 학산로2길 10 ,공동주택(아파트 등),무상
3483,월성월드메르디앙,중소폐가전,수거함 설치,대구광역시 달서구 조암로6길19 ,공동주택(아파트 등),무상
3484,월성청구타운,중소폐가전,수거함 설치,대구광역시 달서구 학산로2길24 ,공동주택(아파트 등),무상
3485,월탄1리 마을회관,중소폐가전,수거함 설치,충청북도 청주시 흥덕구 강내면 월탄리 281 ,"지자체(구청, 행정복지센터 등)",무상
3486,웰스빌아파트,중소폐가전,수거함 설치,충청남도 천안시 동남구 천안천공원2길 28 ,공동주택(아파트 등),무상
3487,유성푸르나임르노블,중소폐가전,수거함 설치,대구광역시 수성구 달구벌대로3308 ,공동주택(아파트 등),무상
3488,유천면 행정복지센터,중소폐가전,수거함 설치,경상북도 예천군 유천면 예성로 699-8 ,"지자체(구청, 행정복지센터 등)",무상
3489,윤진테크,중소폐가전,수거함 설치,경상북도 김천시 감문면 대양3길 80 ,공동주택(아파트 등),무상
3490,율량 제일풍경채 아파트,중소폐가전,수거함 설치,충청북도 청주시 청원구 율중로 7번길 100 ,공동주택(아파트 등),무상
3491,율량2LH1단지아파트,중소폐가전,수거함 설치,충청북도 청주시 청원구 율량로 17 ,공동주택(아파트 등),무상
3492,율량5단지선광로즈웰2차아파트,중소폐가전,수거함 설치,충청북도 청주시 청원구 율량로119 ,공동주택(아파트 등),무상
3493,율량7선광로즈웰1차아파트,중소폐가전,수거함 설치,충청북도 청주시 청원구 율량로 157 ,공동주택(아파트 등),무상
3494,율량대원칸타빌3차아파트,중소폐가전,수거함 설치,충청북도 청주시 청원구 율량로 135 ,공동주택(아파트 등),무상
3495,율량두진백로그린타운아파트,중소폐가전,수거함 설치,충청북도 청주시 청원구 율봉로201번길 34 ,공동주택(아파트 등),무상
3496,율량목화아파트,중소폐가전,수거함 설치,충청북도 청주시 청원구 율봉로167번길37 ,공동주택(아파트 등),무상
3497,율량삼성아파트,중소폐가전,수거함 설치,충청북도 청주시 청원구 주성로118번길 12 ,공동주택(아파트 등),무상
3498,율하시티프라디움,중소폐가전,수거함 설치,대구광역시 동구 반야월로 35 ,공동주택(아파트 등),무상
3499,율하역엘크루아파트,중소폐가전,수거함 설치,대구광역시 동구 안심로 7길 7 ,공동주택(아파트 등),무상
3500,은곡3리 마을회관,중소폐가전,수거함 설치,충청북도 청주시 청원구 내수읍 은곡3길 11 ,"지자체(구청, 행정복지센터 등)",무상
3501,은지리 폐기물수거장,중소폐가전,수거함 설치,충청남도 천안시 동남구 북면 은지리 591 ,공동주택(아파트 등),무상
3502,은풍면 행정복지센터,중소폐가전,수거함 설치,경상북도 예천군 은풍면 은풍로 88 ,"지자체(구청, 행정복지센터 등)",무상
3503,을지아파트,중소폐가전,수거함 설치,경기도 군포시 산본천로 12 ,공동주택(아파트 등),무상
3504,읍내주공아파트,중소폐가전,수거함 설치,충청남도 아산시 외암로 1420 ,공동주택(아파트 등),무상
3505,응평3리 마을회관,중소폐가전,수거함 설치,충청남도 부여군 초촌면 응평리 285 ,"지자체(구청, 행정복지센터 등)",무상
3506,의림지동행정복지센터,중소폐가전,수거함 설치,충청북도 제천시 의림대로42길 34 ,"지자체(구청, 행정복지센터 등)",무상
3507,의왕역 센트럴시티,중소폐가전,수거함 설치,경기도 군포시 송부로273번길 27 ,공동주택(아파트 등),무상
3508,의왕역 센트럴파크,중소폐가전,수거함 설치,경기도 군포시 송부로 222 ,공동주택(아파트 등),무상
3509,이노시티애시앙1단지아파트,중소폐가전,수거함 설치,전라남도 나주시 한빛로 91 ,공동주택(아파트 등),무상
3510,이마트 제천점,중소폐가전,수거함 설치,충청북도 제천시 장평천로 11 ,공동주택(아파트 등),무상
3511,이안 경산진량,중소폐가전,수거함 설치,경상북도 경산시 진량읍 일연로 747 ,공동주택(아파트 등),무상
3512,이안센트럴D,중소폐가전,수거함 설치,대구광역시 동구 동대구로 577 ,공동주택(아파트 등),무상
3513,이안월배,중소폐가전,수거함 설치,대구광역시 달서구 조암남로116 ,공동주택(아파트 등),무상
3514,이원동본아파트,중소폐가전,수거함 설치,경상북도 예천군 예천읍 동본리 468 ,공동주택(아파트 등),무상
3515,이지더원,중소폐가전,수거함 설치,전라남도 나주시 호수로 10 ,공동주택(아파트 등),무상
3516,이편한세상 신봉담,중소폐가전,수거함 설치,경기도 화성시 봉담읍 상리1길 127 ,공동주택(아파트 등),무상
3517,이편한세상울산온양,중소폐가전,수거함 설치,울산광역시 울주군 온양읍 망양길 50 ,공동주택(아파트 등),무상
3518,인덕1리 마을회관,중소폐가전,수거함 설치,경상북도 구미시 산동읍 인덕2길 15 ,"지자체(구청, 행정복지센터 등)",무상
3519,인천시청자미디어센터,중소폐가전,수거함 설치,인천광역시 연수구 인천타워대로54번길 19 ,"지자체(구청, 행정복지센터 등)",무상
3520,일봉동주민자치센터,중소폐가전,수거함 설치,충청남도 천안시 동남구 차돌고개4길 18 ,공동주택(아파트 등),무상
3521,일봉동행정복지센터,중소폐가전,수거함 설치,충청남도 천안시 동남구 신용로48 ,공동주택(아파트 등),무상
3522,일산문촌7단지,중소폐가전,수거함 설치,경기도 고양시 일산서구 킨텍스로 340 ,공동주택(아파트 등),무상
3523,임천리 마을회관,중소폐가전,수거함 설치,경상북도 구미시 산동읍 임봉길 86 ,"지자체(구청, 행정복지센터 등)",무상
3524,입장연합초원,중소폐가전,수거함 설치,충청남도 천안시 서북구 입장면 입장로 121 ,공동주택(아파트 등),무상
3525,입포1리 마을회관,중소폐가전,수거함 설치,충청남도 부여군 양화면 입포로 53번길 28 ,"지자체(구청, 행정복지센터 등)",무상
3526,입포2리 마을회관,중소폐가전,수거함 설치,충청남도 부여군 양화면 입포로 9번길 3-2 ,"지자체(구청, 행정복지센터 등)",무상
3527,작곡리읍실경로당,중소폐가전,수거함 설치,경상북도 예천군 보문면 작곡리 236-2 ,"지자체(구청, 행정복지센터 등)",무상
3528,작곡리회관,중소폐가전,수거함 설치,경상북도 예천군 보문면 작곡리 392-4 ,"지자체(구청, 행정복지센터 등)",무상
3529,장검한라아트빌,중소폐가전,수거함 설치,울산광역시 울주군 범서읍 굴화리 245 ,공동주택(아파트 등),무상
3530,장군면사무소,중소폐가전,수거함 설치,세종특별자치시 장군면 장척로 400-1 ,"지자체(구청, 행정복지센터 등)",무상
3531,장기누림타운,중소폐가전,수거함 설치,대구광역시 달서구 한들로31 ,공동주택(아파트 등),무상
3532,장기동 생활폐기물 배출시설,중소폐가전,수거함 설치,경기도 김포시 장기동 1999 ,"지자체(구청, 행정복지센터 등)",무상
3533,장기동 재활용동네마당,중소폐가전,수거함 설치,경기도 김포시 옹주물로 22 ,"지자체(구청, 행정복지센터 등)",무상
3534,장기초록나라,중소폐가전,수거함 설치,대구광역시 달서구 한들로55 ,공동주택(아파트 등),무상
3535,장미아파트,중소폐가전,수거함 설치,충청남도 당진시 우강면 면천로 1748-12 ,공동주택(아파트 등),무상
3536,장안면 행정복지센터,중소폐가전,수거함 설치,경기도 화성시 장안면 포승장안로 1460-7 ,"지자체(구청, 행정복지센터 등)",무상
3537,장암1리 마을회관,중소폐가전,수거함 설치,경기도 여주시 북내면 장암1길 55 ,"지자체(구청, 행정복지센터 등)",무상
3538,장암2리 마을회관,중소폐가전,수거함 설치,경기도 여주시 북내면 좌암1길 110-3 ,"지자체(구청, 행정복지센터 등)",무상
3539,장자마을현대아파트,중소폐가전,수거함 설치,충청북도 청주시 상당구 수영로 328 ,공동주택(아파트 등),무상
3540,장존청솔아파트,중소폐가전,수거함 설치,충청남도 아산시 외암로 1247 ,공동주택(아파트 등),무상
3541,장하2리 마을회관,중소폐가전,수거함 설치,충청남도 부여군 장암면 의자로599번길 42 ,"지자체(구청, 행정복지센터 등)",무상
3542,재궁동 주민센터,중소폐가전,수거함 설치,경기도 군포시 번영로550번길 25 ,"지자체(구청, 행정복지센터 등)",무상
3543,저곡리 마을회관,중소폐가전,수거함 설치,충청북도 청주시 청원구 내수읍 저곡길 33-4 ,"지자체(구청, 행정복지센터 등)",무상
3544,전동면사무소,중소폐가전,수거함 설치,세종특별자치시 전동면 운주산로 714 ,"지자체(구청, 행정복지센터 등)",무상
3545,전의면 행정복지센터,중소폐가전,수거함 설치,세종특별자치시 전의면 운주산로 1270 ,"지자체(구청, 행정복지센터 등)",무상
3546,정남면 행정복지센터,중소폐가전,수거함 설치,경기도 화성시 정남면 서봉로 998 ,"지자체(구청, 행정복지센터 등)",무상
3547,정동1리 마을회관,중소폐가전,수거함 설치,충청남도 부여군 부여읍 정동리295-3 ,"지자체(구청, 행정복지센터 등)",무상
3548,정동2리 마을회관,중소폐가전,수거함 설치,충청남도 부여군 홍산면 홍산정동로38번길 26 ,"지자체(구청, 행정복지센터 등)",무상
3549,정미면행정복지센터,중소폐가전,수거함 설치,충청남도 당진시 정미면 정미로 679 ,"지자체(구청, 행정복지센터 등)",무상
3550,제림아파트,중소폐가전,수거함 설치,대구광역시 달서구 상화로21길55 ,공동주택(아파트 등),무상
3551,제부리 마을회관,중소폐가전,수거함 설치,경기도 화성시 서신면 제부말길 96 ,"지자체(구청, 행정복지센터 등)",무상
3552,제일 풍경채,중소폐가전,수거함 설치,울산광역시 울주군 범서읍 구영리 208 ,공동주택(아파트 등),무상
3553,제일오투그란데,중소폐가전,수거함 설치,경기도 화성시 향남읍 행정중앙2로 64 ,공동주택(아파트 등),무상
3554,제천시청,중소폐가전,수거함 설치,충청북도 제천시 내토로 295 ,"지자체(구청, 행정복지센터 등)",무상
3555,조양아파트,중소폐가전,수거함 설치,충청남도 천안시 서북구 성환읍 성환10길 3-4 ,공동주택(아파트 등),무상
3556,조치원읍 행정복지센터,중소폐가전,수거함 설치,세종특별자치시 조치원읍 새내16길 17 ,"지자체(구청, 행정복지센터 등)",무상
3557,족교1리 마을회관,중소폐가전,수거함 설치,충청남도 부여군 양화면 충절로239번길 37 ,"지자체(구청, 행정복지센터 등)",무상
3558,족교2리 마을회관,중소폐가전,수거함 설치,충청남도 부여군 양화면 족교로 54 ,"지자체(구청, 행정복지센터 등)",무상
3559,종촌동 행정복지센터,중소폐가전,수거함 설치,세종특별자치시 도움3로 125 ,"지자체(구청, 행정복지센터 등)",무상
3560,좌홍1리 마을회관,중소폐가전,수거함 설치,충청남도 부여군 홍산면 좌홍리 1062-6 ,"지자체(구청, 행정복지센터 등)",무상
3561,주공그린빌,중소폐가전,수거함 설치,경기도 수원시 영통구 동탄원천로881번길 19 ,공동주택(아파트 등),무상
3562,주공아파트(2단지),중소폐가전,수거함 설치,충청남도 서산시 석림4로 83 ,공동주택(아파트 등),무상
3563,주몽대림아파트,중소폐가전,수거함 설치,경기도 군포시 고산로 596-15 ,공동주택(아파트 등),무상
3564,주몽아파트,중소폐가전,수거함 설치,경기도 군포시 광정로 122 ,공동주택(아파트 등),무상
3565,주암1리 마을회관,중소폐가전,수거함 설치,경기도 여주시 북내면 여양2로 1104-1 ,"지자체(구청, 행정복지센터 등)",무상
3566,주암2리 마을회관,중소폐가전,수거함 설치,경기도 여주시 북내면 여양2로 1263 ,"지자체(구청, 행정복지센터 등)",무상
3567,주은아파트,중소폐가전,수거함 설치,충청남도 아산시 어의정로 183번길 14 ,공동주택(아파트 등),무상
3568,주정2리 마을회관,중소폐가전,수거함 설치,충청남도 부여군 구룡면 주정로 57 ,"지자체(구청, 행정복지센터 등)",무상
3569,죽교1리 마을회관,중소폐가전,수거함 설치,충청남도 부여군 구룡면 구룡로287번길 18 ,"지자체(구청, 행정복지센터 등)",무상
3570,죽교2리 마을회관,중소폐가전,수거함 설치,충청남도 부여군 구룡면 구룡로234번길 10 ,"지자체(구청, 행정복지센터 등)",무상
3571,죽성동삼성아파트,중소폐가전,수거함 설치,충청남도 서산시 남부순환로 767 ,공동주택(아파트 등),무상
3572,죽절리 마을회관,중소폐가전,수거함 설치,충청남도 부여군 구룡면 망해로54번길 62-6 ,"지자체(구청, 행정복지센터 등)",무상
3573,중암1리 마을회관,중소폐가전,수거함 설치,경기도 여주시 북내면 당전로 338 ,"지자체(구청, 행정복지센터 등)",무상
3574,중암2리 마을회관,중소폐가전,수거함 설치,경기도 여주시 북내면 당전로 507-9 ,"지자체(구청, 행정복지센터 등)",무상
3575,중앙동행정복지센터,중소폐가전,수거함 설치,충청북도 제천시 독순로 61 ,"지자체(구청, 행정복지센터 등)",무상
3576,중앙아파트,중소폐가전,수거함 설치,충청남도 천안시 동남구 북면 충절로 1456 ,공동주택(아파트 등),무상
3577,중정2리 마을회관,중소폐가전,수거함 설치,충청남도 부여군 부여읍 중정리490-2 ,"지자체(구청, 행정복지센터 등)",무상
3578,중흥 S-클래스,중소폐가전,수거함 설치,충청남도 서산시 예천5로 32 ,공동주택(아파트 등),무상
3579,중흥마을6단지 부영5차 아파트,중소폐가전,수거함 설치,충청북도 청주시 상당구 중흥로 146 ,공동주택(아파트 등),무상
3580,중흥에스클레스아파트,중소폐가전,수거함 설치,충청남도 천안시 동남구 청수14로 117 ,공동주택(아파트 등),무상
3581,중흥프라디움레이크,중소폐가전,수거함 설치,충청남도 천안시 서북구 공원로 120 ,공동주택(아파트 등),무상
3582,증산5리 마을회관,중소폐가전,수거함 설치,충청남도 부여군 석성면 증산로39번길 15-3 ,"지자체(구청, 행정복지센터 등)",무상
3583,지내리 마을회관,중소폐가전,수거함 설치,경기도 여주시 북내면 지내길 25 ,"지자체(구청, 행정복지센터 등)",무상
3584,지보1리 노인회관,중소폐가전,수거함 설치,경상북도 예천군 지보면 지보리길 193 ,"지자체(구청, 행정복지센터 등)",무상
3585,지보면 행정복지센터,중소폐가전,수거함 설치,경상북도 예천군 지보면 지보로 126-5 ,"지자체(구청, 행정복지센터 등)",무상
3586,지산2동행정복지센터,중소폐가전,수거함 설치,대구광역시 수성구 용학로33길9 ,공동주택(아파트 등),무상
3587,지산대우로얄하이츠,중소폐가전,수거함 설치,대구광역시 수성구 용학로36길 20 ,공동주택(아파트 등),무상
3588,지산협화맨션,중소폐가전,수거함 설치,대구광역시 수성구 지범로22길 23 ,공동주택(아파트 등),무상
3589,지웰시티센트럴푸르지오1단지,중소폐가전,수거함 설치,충청남도 아산시 탕정면 한들물빛도시로 69 ,공동주택(아파트 등),무상
3590,직산근로자아파트,중소폐가전,수거함 설치,충청남도 천안시 서북구 성환읍 무내2길 8 ,공동주택(아파트 등),무상
3591,직산한양수자인2차아파트,중소폐가전,수거함 설치,충청남도 천안시 서북구 직산읍 천안밸리로 22-22 ,공동주택(아파트 등),무상
3592,진변리 마을회관,중소폐가전,수거함 설치,충청남도 부여군 규암면 진변로 138 ,"지자체(구청, 행정복지센터 등)",무상
3593,진안동 행정복지센터,중소폐가전,수거함 설치,경기도 화성시 병점4로 34 ,"지자체(구청, 행정복지센터 등)",무상
3594,진천역현대2차,중소폐가전,수거함 설치,대구광역시 달서구 월배로14길43 ,공동주택(아파트 등),무상
3595,진천우방맨션,중소폐가전,수거함 설치,대구광역시 달서구 진천로4길39 ,공동주택(아파트 등),무상
3596,진천월성위너파크,중소폐가전,수거함 설치,대구광역시 달서구 진천로16길85 ,공동주택(아파트 등),무상
3597,진천청구타운,중소폐가전,수거함 설치,대구광역시 달서구 진천로41 ,공동주택(아파트 등),무상
3598,진천태왕아너스 1단지,중소폐가전,수거함 설치,대구광역시 달서구 상화로5길23 ,공동주택(아파트 등),무상
3599,진흥1차아파트,중소폐가전,수거함 설치,충청북도 청주시 청원구 내수읍 마산길 72 ,공동주택(아파트 등),무상
3600,창신무학타운,중소폐가전,수거함 설치,경상북도 경산시 진량읍 금호강변로 820 ,공동주택(아파트 등),무상
3601,창신백조2차아파트,중소폐가전,수거함 설치,경상북도 경산시 원효로 32길 57 ,공동주택(아파트 등),무상
3602,창원한신휴플러스오션파크아파트,중소폐가전,수거함 설치,경상남도 창원시 진해구 행암로5 ,공동주택(아파트 등),무상
3603,천당1리 마을회관,중소폐가전,수거함 설치,충청남도 부여군 충화면 천당로33번길52 ,"지자체(구청, 행정복지센터 등)",무상
3604,천상그린코아아파트,중소폐가전,수거함 설치,울산광역시 울주군 범서읍 천상6길 6 ,공동주택(아파트 등),무상
3605,천상신한다솜,중소폐가전,수거함 설치,울산광역시 울주군 범서읍 천상2길 16 ,공동주택(아파트 등),무상
3606,천상필그린아파트,중소폐가전,수거함 설치,울산광역시 울주군 범서읍 천상길 9 ,공동주택(아파트 등),무상
3607,천안백석lh 천년나무1단지,중소폐가전,수거함 설치,충청남도 천안시 서북구 한들1로 88 ,공동주택(아파트 등),무상
3608,천안백석리슈빌아파트,중소폐가전,수거함 설치,충청남도 천안시 서북구 한들3로 107 ,공동주택(아파트 등),무상
3609,천안불당LH1단지,중소폐가전,수거함 설치,충청남도 천안시 서북구 불당24로 9 ,공동주택(아파트 등),무상
3610,천안불당린스트라우스1단지,중소폐가전,수거함 설치,충청남도 천안시 서북구 불당19로 95 ,공동주택(아파트 등),무상
3611,천안불당린스트라우스2단지,중소폐가전,수거함 설치,충청남도 천안시 서북구 불당19로 111 ,공동주택(아파트 등),무상
3612,천안불당시티프라디움4차,중소폐가전,수거함 설치,충청남도 천안시 서북구 공원로 177 ,공동주택(아파트 등),무상
3613,천안시 서북구청,중소폐가전,수거함 설치,충청남도 천안시 서북구 성거읍 봉주로 75 ,공동주택(아파트 등),무상
3614,천안신부힐스테이트아파트,중소폐가전,수거함 설치,충청남도 천안시 동남구 북일로 70 ,공동주택(아파트 등),무상
3615,천안아산역리슈빌아파트,중소폐가전,수거함 설치,충청남도 아산시 배방읍 장재로 27 ,공동주택(아파트 등),무상
3616,천안역 우방아이유쉘아파트,중소폐가전,수거함 설치,충청남도 천안시 서북구 천안천6길 33 ,공동주택(아파트 등),무상
3617,천안역필하우스에듀시티1단지,중소폐가전,수거함 설치,충청남도 천안시 동남구 성황로 40 ,공동주택(아파트 등),무상
3618,천안역필하우스에듀시티2단지,중소폐가전,수거함 설치,충청남도 천안시 동남구 성황로 66 ,공동주택(아파트 등),무상
3619,천안차암한화꿈에그린스마일시티아파트,중소폐가전,수거함 설치,충청남도 천안시 서북구 스마일시티1로 1 ,공동주택(아파트 등),무상
3620,첨단다목적체육센터,중소폐가전,수거함 설치,광주광역시 광산구 첨단강변로76 ,"지자체(구청, 행정복지센터 등)",무상
3621,첨단원광실버홈,중소폐가전,수거함 설치,광주광역시 광산구 첨단과기로 45-30 ,"지자체(구청, 행정복지센터 등)",무상
3622,청광플러스원,중소폐가전,수거함 설치,경기도 화성시 안녕남로 16-20 ,공동주택(아파트 등),무상
3623,청구그린타운,중소폐가전,수거함 설치,울산광역시 울주군 범서읍 천상리 578 ,공동주택(아파트 등),무상
3624,청남1리 마을회관,중소폐가전,수거함 설치,충청남도 부여군 충화면 충신로 266번길 24-10 ,"지자체(구청, 행정복지센터 등)",무상
3625,청라서해그랑블아파트,중소폐가전,수거함 설치,인천광역시 서구 청라에메랄드로 65 ,공동주택(아파트 등),무상
3626,청량읍행정복지센터,중소폐가전,수거함 설치,울산광역시 울주군 청량읍 신덕하3길 5 ,"지자체(구청, 행정복지센터 등)",무상
3627,청산아파트,중소폐가전,수거함 설치,충청남도 당진시 우강면 솔뫼로 166 ,공동주택(아파트 등),무상
3628,청솔마을주공6단지아파트,중소폐가전,수거함 설치,경기도 성남시 분당구 미금로 246 ,공동주택(아파트 등),무상
3629,청솔아파트,중소폐가전,수거함 설치,충청남도 천안시 서북구 직산읍 부송로 355 ,공동주택(아파트 등),무상
3630,청원내수주공아파트,중소폐가전,수거함 설치,충청북도 청주시 청원구 내수읍 청암로35 ,공동주택(아파트 등),무상
3631,청원맨션,중소폐가전,수거함 설치,대구광역시 수성구 청수로35길 150 ,공동주택(아파트 등),무상
3632,청원쌍용예가아파트1단지,중소폐가전,수거함 설치,충청북도 청주시 흥덕구 강내면 탑연월곡길 62-13 ,공동주택(아파트 등),무상
3633,청원쌍용예가아파트2단지,중소폐가전,수거함 설치,충청북도 청주시 흥덕구 강내면 탑연월곡길 62-20 ,공동주택(아파트 등),무상
3634,청전동행정복지센터,중소폐가전,수거함 설치,충청북도 제천시 의림대로 241 ,"지자체(구청, 행정복지센터 등)",무상
3635,청주 가경동 주공아파트 6단지,중소폐가전,수거함 설치,충청북도 청주시 흥덕구 2순환로 1375번길 23 ,공동주택(아파트 등),무상
3636,청주 리버파크자이 아파트,중소폐가전,수거함 설치,충청북도 청주시 흥덕구 옥산면 오송가락로 1056 ,공동주택(아파트 등),무상
3637,청주가경아이파크 4단지,중소폐가전,수거함 설치,충청북도 청주시 흥덕구 홍골로 82 ,공동주택(아파트 등),무상
3638,청주동남1단지아파트,중소폐가전,수거함 설치,충청북도 청주시 상당구 호미로 137 ,공동주택(아파트 등),무상
3639,청주동남LH행복주택,중소폐가전,수거함 설치,충청북도 청주시 상당구 월운로 146 ,공동주택(아파트 등),무상
3640,청주동남파라곤아파트,중소폐가전,수거함 설치,"충청북도 청주시 상당구 중고개로 56(용암동, 동남파라곤) ",공동주택(아파트 등),무상
3641,청주모충LH트릴로채,중소폐가전,수거함 설치,충청북도 청주시 서원구 모충동335-202 ,공동주택(아파트 등),무상
3642,청주사천푸르지오아파트,중소폐가전,수거함 설치,충청북도 청주시 청원구 사뜸로 106 ,공동주택(아파트 등),무상
3643,청주센트럴힐데스하임아파트,중소폐가전,수거함 설치,충청북도 청주시 상당구 용담로 50 ,공동주택(아파트 등),무상
3644,청주오송동아라이크텐아파트,중소폐가전,수거함 설치,충청북도 청주시 흥덕구 오송읍 오송생명14로 215 ,공동주택(아파트 등),무상
3645,청주용암부영아파트,중소폐가전,수거함 설치,충청북도 청주시 상당구 월평로 243 ,공동주택(아파트 등),무상
3646,청주행정타운코아루휴티스아파트,중소폐가전,수거함 설치,충청북도 청주시 상당구 중앙로 80 ,공동주택(아파트 등),무상
3647,청주현진에버빌아파트,중소폐가전,수거함 설치,충청북도 청주시 서원구 탑골로 6 ,공동주택(아파트 등),무상
3648,청포2리 마을회관,중소폐가전,수거함 설치,충청남도 부여군 세도면 부흥로750번길 9 ,"지자체(구청, 행정복지센터 등)",무상
3649,청포4리 마을회관,중소폐가전,수거함 설치,충청남도 부여군 세도면 망개남로29번길 6 ,"지자체(구청, 행정복지센터 등)",무상
3650,청풍면행정복지센터,중소폐가전,수거함 설치,충청북도 제천시 청풍면 청풍호로 2115 ,"지자체(구청, 행정복지센터 등)",무상
3651,"청호5차,7차아파트",중소폐가전,수거함 설치,충청남도 천안시 서북구 직산읍 군수1길 78-23 ,공동주택(아파트 등),무상
3652,초당마을주공아파트,중소폐가전,수거함 설치,경기도 김포시 김포한강2로 144 ,공동주택(아파트 등),무상
3653,초록마을 효성아파트,중소폐가전,수거함 설치,경기도 김포시 봉화로181번길 31-15 ,공동주택(아파트 등),무상
3654,초왕1리 마을회관,중소폐가전,수거함 설치,충청남도 부여군 양화면 오초로 172번길 4 ,"지자체(구청, 행정복지센터 등)",무상
3655,초왕2리 마을회관,중소폐가전,수거함 설치,충청남도 부여군 양화면 오초로 281번길 9 ,"지자체(구청, 행정복지센터 등)",무상
3656,초원설화타운1단지,중소폐가전,수거함 설치,충청남도 아산시 고불로 667 ,공동주택(아파트 등),무상
3657,초원장미타운,중소폐가전,수거함 설치,경상북도 경산시 진량읍 초원길 53-4 ,공동주택(아파트 등),무상
3658,초평1리 마을회관,중소폐가전,수거함 설치,충청남도 부여군 초촌면 초평리 82 ,"지자체(구청, 행정복지센터 등)",무상
3659,초평2리 마을회관,중소폐가전,수거함 설치,충청남도 부여군 초촌면 초평리 459-7 ,"지자체(구청, 행정복지센터 등)",무상
3660,초평3리 마을회관,중소폐가전,수거함 설치,충청남도 부여군 초촌면 초평리 210-1 ,"지자체(구청, 행정복지센터 등)",무상
3661,추학1리 마을회관,중소폐가전,수거함 설치,충청북도 청주시 청원구 북이면 추학길 71 ,"지자체(구청, 행정복지센터 등)",무상
3662,춘의주공아파트,중소폐가전,수거함 설치,경기도 부천시 원미로 202 ,공동주택(아파트 등),무상
3663,충무주공2단지1차아파트,중소폐가전,수거함 설치,경기도 군포시 산본로 299 ,공동주택(아파트 등),무상
3664,충북시청자미디어센터,중소폐가전,수거함 설치,충청북도 청주시 청원구 상당로 314 ,"지자체(구청, 행정복지센터 등)",무상
3665,충북오창사랑으로부영7단지,중소폐가전,수거함 설치,충청북도 청주시 청원구 오창읍 2산단4로 60 ,공동주택(아파트 등),무상
3666,침산메트로아파트,중소폐가전,수거함 설치,대구광역시 북구 침산남로 90 ,공동주택(아파트 등),무상
3667,캐슬골드파크 1단지,중소폐가전,수거함 설치,대구광역시 수성구 청수로 213 ,공동주택(아파트 등),무상
3668,캐슬골드파크 2단지,중소폐가전,수거함 설치,대구광역시 수성구 청수로 235 ,공동주택(아파트 등),무상
3669,캐슬골드파크 3단지,중소폐가전,수거함 설치,대구광역시 수성구 청수로 257 ,공동주택(아파트 등),무상
3670,캐슬골드파크 4단지,중소폐가전,수거함 설치,대구광역시 수성구 청수로 261 ,공동주택(아파트 등),무상
3671,캐슬골드파크 5단지,중소폐가전,수거함 설치,대구광역시 수성구 청수로 214 ,공동주택(아파트 등),무상
3672,코아루더퍼스트아파트,중소폐가전,수거함 설치,충청남도 부여군 규암면 수북로14-16 ,공동주택(아파트 등),무상
3673,코아루아파트,중소폐가전,수거함 설치,충청남도 서산시 고운로 275-14 ,공동주택(아파트 등),무상
3674,코아시스아파트,중소폐가전,수거함 설치,대구광역시 수성구 동대구로149 ,공동주택(아파트 등),무상
3675,코오롱맨션아파트,중소폐가전,수거함 설치,대구광역시 서구 당산로260 ,공동주택(아파트 등),무상
3676,코오롱하늘채,중소폐가전,수거함 설치,충청북도 청주시 흥덕구 옥산면 가락길 60 ,공동주택(아파트 등),무상
3677,코오롱하늘채,중소폐가전,수거함 설치,전라남도 나주시 금천면 천석길 35 ,공동주택(아파트 등),무상
3678,코오롱하늘채,중소폐가전,수거함 설치,충청남도 천안시 동남구 광풍로 1800 ,공동주택(아파트 등),무상
3679,타운하우스-이지,중소폐가전,수거함 설치,충청남도 계룡시 서금암5길 24 ,공동주택(아파트 등),무상
3680,탑동현대아파트,중소폐가전,수거함 설치,충청북도 청주시 상당구 탑동로 78 ,공동주택(아파트 등),무상
3681,태안주공10단지,중소폐가전,수거함 설치,경기도 화성시 병점4로 102 ,공동주택(아파트 등),무상
3682,태양1리 마을회관,중소폐가전,수거함 설치,충청남도 부여군 구룡면 흥수로183번길 13 ,"지자체(구청, 행정복지센터 등)",무상
3683,태양2리 마을회관,중소폐가전,수거함 설치,충청남도 부여군 구룡면 흥수로223번길 78 ,"지자체(구청, 행정복지센터 등)",무상
3684,태왕아너스아파트,중소폐가전,수거함 설치,대구광역시 수성구 청호로 345 ,공동주택(아파트 등),무상
3685,태왕아너스퍼스티안오피스텔,중소폐가전,수거함 설치,울산광역시 울주군 삼남읍 도호 1길 9-15 ,공동주택(아파트 등),무상
3686,태전동삼성아파트,중소폐가전,수거함 설치,대구광역시 북구 칠곡중앙대로52길 19 ,공동주택(아파트 등),무상
3687,태헌장미아파트,중소폐가전,수거함 설치,충청남도 아산시 음봉면 음봉로 803-10 ,공동주택(아파트 등),무상
3688,테크노밸리이지더원1차1단지아파트,중소폐가전,수거함 설치,충청남도 아산시 둔포면 아산밸리중앙로 50 ,공동주택(아파트 등),무상
3689,테크노밸리이지더원2차3단지아파트,중소폐가전,수거함 설치,충청남도 아산시 둔포면 아산밸리중앙로 47 ,공동주택(아파트 등),무상
3690,테크노밸리이지더원8단지아파트,중소폐가전,수거함 설치,충청남도 아산시 둔포면 아산밸리남로 81 ,공동주택(아파트 등),무상
3691,테크노폴리스 우방아이유쉘 2단지,중소폐가전,수거함 설치,충청북도 청주시 흥덕구 송화로108번길 111 ,공동주택(아파트 등),무상
3692,토정1리 마을회관,중소폐가전,수거함 설치,충청남도 부여군 홍산면 토정리 427 ,"지자체(구청, 행정복지센터 등)",무상
3693,토정2리 마을회관,중소폐가전,수거함 설치,충청남도 부여군 홍산면 토정리 70 ,"지자체(구청, 행정복지센터 등)",무상
3694,통진읍 생활폐기물 배출시설,중소폐가전,수거함 설치,경기도 김포시 통진읍 고정리 103-1 ,"지자체(구청, 행정복지센터 등)",무상
3695,퇴계주공아파트,중소폐가전,수거함 설치,경기도 군포시 광정로 25-20 ,공동주택(아파트 등),무상
3696,파주운정휴먼시아11단지,중소폐가전,수거함 설치,경기도 파주시 미래로 601 ,공동주택(아파트 등),무상
3697,파크맨션,중소폐가전,수거함 설치,대구광역시 남구 대명복개로 230 ,공동주택(아파트 등),무상
3698,파크밸리동일하이빌아파트,중소폐가전,수거함 설치,충청남도 천안시 서북구 봉서산1길 35 ,공동주택(아파트 등),무상
3699,팔마코이스아파트,중소폐가전,수거함 설치,전라남도 나주시 남평읍 세남로 1546-13 ,공동주택(아파트 등),무상
3700,팔충1리 마을회관,중소폐가전,수거함 설치,충청남도 부여군 충화면 덕림남로22번길21 ,"지자체(구청, 행정복지센터 등)",무상
3701,팔탄면 행정복지센터,중소폐가전,수거함 설치,경기도 화성시 팔탄면 구장길 14 ,"지자체(구청, 행정복지센터 등)",무상
3702,펜타포트1블럭 아파트,중소폐가전,수거함 설치,충청남도 천안시 서북구 공원로 195 ,공동주택(아파트 등),무상
3703,평택송화주공아파트,중소폐가전,수거함 설치,경기도 평택시 팽성읍 팽성송화로163 ,공동주택(아파트 등),무상
3704,평택안중주공2단지아파트,중소폐가전,수거함 설치,경기도 평택시 안중읍 안현로 서7길 46 ,공동주택(아파트 등),무상
3705,푸르지오1차아파트,중소폐가전,수거함 설치,충청남도 당진시 북문로 15 ,공동주택(아파트 등),무상
3706,푸른마을8단지,중소폐가전,수거함 설치,경기도 고양시 덕양구 푸른마을로 33-18 ,공동주택(아파트 등),무상
3707,풍림아파트,중소폐가전,수거함 설치,충청남도 서산시 대산읍 충의로 1839-7 ,공동주택(아파트 등),무상
3708,풍무 꿈에그린더포레듀4단지 아파트,중소폐가전,수거함 설치,경기도 김포시 유현로33번길 73 ,공동주택(아파트 등),무상
3709,풍양면 행정복지센터,중소폐가전,수거함 설치,경상북도 예천군 풍양면 낙상2길 50 ,"지자체(구청, 행정복지센터 등)",무상
3710,하남주공아파트,중소폐가전,수거함 설치,광주광역시 광산구 월곡산정로 12 ,"지자체(구청, 행정복지센터 등)",무상
3711,하늘숲 파크뷰 오피스텔,중소폐가전,수거함 설치,충청남도 천안시 서북구 성환읍 송골3길 34-10 ,공동주택(아파트 등),무상
3712,하늘채아파트,중소폐가전,수거함 설치,충청남도 당진시 무수동 7길 124 ,공동주택(아파트 등),무상
3713,하복대 벽산아파트,중소폐가전,수거함 설치,충청북도 청주시 흥덕구 짐대로 6 ,공동주택(아파트 등),무상
3714,하복대두진하트리움아파트,중소폐가전,수거함 설치,충청북도 청주시 흥덕구 증안로 33 ,공동주택(아파트 등),무상
3715,하얀마을주공6단지아파트,중소폐가전,수거함 설치,경기도 성남시 분당구 미금일로 57 ,공동주택(아파트 등),무상
3716,하양1차청구타운,중소폐가전,수거함 설치,경상북도 경산시 하양읍 하양로 33길 6 ,공동주택(아파트 등),무상
3717,하양3차우방타운,중소폐가전,수거함 설치,경상북도 경산시 하양읍 문화로 3 ,공동주택(아파트 등),무상
3718,하양코아루 3차,중소폐가전,수거함 설치,경상북도 경산시 하양읍 하양로 37길 33 ,공동주택(아파트 등),무상
3719,하양평광아파트,중소폐가전,수거함 설치,경상북도 경산시 하양읍 대학로295길 42 ,공동주택(아파트 등),무상
3720,학운1리 마을회관,중소폐가전,수거함 설치,경기도 김포시 양촌읍 고음달로 192번길 47-18 ,"지자체(구청, 행정복지센터 등)",무상
3721,학운4리 마을회관,중소폐가전,수거함 설치,경기도 김포시 양촌읍 삼도로 302 ,"지자체(구청, 행정복지센터 등)",무상
3722,학운6리 마을회관,중소폐가전,수거함 설치,경기도 김포시 양촌읍 고음달로 88-4 ,"지자체(구청, 행정복지센터 등)",무상
3723,한강롯데캐슬22단지,중소폐가전,수거함 설치,경기도 김포시 김포한강11로 107 ,공동주택(아파트 등),무상
3724,한국마사회 본사,중소폐가전,수거함 설치,경기도 과천시 경마공원대로 107 ,"지자체(구청, 행정복지센터 등)",무상
3725,한국마사회 제주지사,중소폐가전,수거함 설치,제주도 제주시 애월읍 평화로 2144 ,"지자체(구청, 행정복지센터 등)",무상
3726,한국방송통신전파진흥원,중소폐가전,수거함 설치,전라남도 나주시 빛가람로 760(빛가람동) ,"지자체(구청, 행정복지센터 등)",무상
3727,한국인터넷진흥원,중소폐가전,수거함 설치,전라남도 나주시 진흥길9 ,"지자체(구청, 행정복지센터 등)",무상
3728,한국콘텐츠진흥원,중소폐가전,수거함 설치,전라남도 나주시 교육길 35 ,"지자체(구청, 행정복지센터 등)",무상
3729,한국환경공단 대구경북환경본부,중소폐가전,수거함 설치,대구광역시 수성구 무학로 209 ,공동주택(아파트 등),무상
3730,한들물빛도시시티프라디움,중소폐가전,수거함 설치,충청남도 아산시 탕정면 매곡리 357 ,공동주택(아파트 등),무상
3731,한라4단지주공아파트,중소폐가전,수거함 설치,경기도 군포시 번영로 328 ,공동주택(아파트 등),무상
3732,한라그린피스,중소폐가전,수거함 설치,울산광역시 울주군 범서읍 천상3길 20 ,공동주택(아파트 등),무상
3733,한라뜨란채2단지,중소폐가전,수거함 설치,경기도 부천시 계남로 123 ,공동주택(아파트 등),무상
3734,한라주공4단지,중소폐가전,수거함 설치,경기도 군포시 번영로 380 ,공동주택(아파트 등),무상
3735,한미래아파트,중소폐가전,수거함 설치,충청남도 천안시 서북구 성환읍 안궁1길 2 ,공동주택(아파트 등),무상
3736,한보아파트,중소폐가전,수거함 설치,경상북도 김천시 백옥길 5 ,공동주택(아파트 등),무상
3737,한성스위트빌,중소폐가전,수거함 설치,충청남도 서산시 음암면 서령로 325-23 ,공동주택(아파트 등),무상
3738,한성아파트,중소폐가전,수거함 설치,충청남도 당진시 백암로 219-29 ,공동주택(아파트 등),무상
3739,한성필하우스아파트,중소폐가전,수거함 설치,충청남도 당진시 남부로 200 ,공동주택(아파트 등),무상
3740,한솔동 행정복지센터,중소폐가전,수거함 설치,세종특별자치시 노을3로 85 ,"지자체(구청, 행정복지센터 등)",무상
3741,한솔마을,중소폐가전,수거함 설치,경기도 성남시 분당구 내정로 94 ,공동주택(아파트 등),무상
3742,한수면행정복지센터,중소폐가전,수거함 설치,충청북도 제천시 한수면 미륵송계로8길 26 ,"지자체(구청, 행정복지센터 등)",무상
3743,한신아파트,중소폐가전,수거함 설치,울산광역시 울주군 범서읍 구영리  796-2 ,공동주택(아파트 등),무상
3744,한신아파트,중소폐가전,수거함 설치,경상북도 김천시 김천로 248 ,공동주택(아파트 등),무상
3745,한양목련아파트,중소폐가전,수거함 설치,경기도 군포시 산본로432번길 25 ,공동주택(아파트 등),무상
3746,한양수자인1차아파트,중소폐가전,수거함 설치,충청남도 천안시 서북구 직산읍 천안밸리로 22-11 ,공동주택(아파트 등),무상
3747,한양수자인블루시티,중소폐가전,수거함 설치,충청남도 천안시 동남구 청당4로 60 ,공동주택(아파트 등),무상
3748,한양수자인아파트,중소폐가전,수거함 설치,충청남도 천안시 동남구 청수4로 11 ,공동주택(아파트 등),무상
3749,한양은하아파트,중소폐가전,수거함 설치,대구광역시 달서구 상화북로137 ,공동주택(아파트 등),무상
3750,한일베라체아파트,중소폐가전,수거함 설치,경기도 화성시 향남읍 행정중앙1로 95 ,공동주택(아파트 등),무상
3751,한전KDN 본사,중소폐가전,수거함 설치,전라남도 나주시 빛가람로 661 ,"지자체(구청, 행정복지센터 등)",무상
3752,한중아파트,중소폐가전,수거함 설치,충청남도 당진시 서부로 271 ,공동주택(아파트 등),무상
3753,함양리 마을회관,중소폐가전,수거함 설치,충청남도 부여군 규암면 함양로 107-2 ,"지자체(구청, 행정복지센터 등)",무상
3754,합덕성당,중소폐가전,수거함 설치,충청남도 당진시 합덕읍 합덕성당2길 22 ,공동주택(아파트 등),무상
3755,합덕읍 행정복지센터,중소폐가전,수거함 설치,충청남도 당진시 합덕읍 예덕로 403 ,"지자체(구청, 행정복지센터 등)",무상
3756,합정주공3단지아파트,중소폐가전,수거함 설치,경기도 평택시 평택로 22 ,공동주택(아파트 등),무상
3757,항도아파트,중소폐가전,수거함 설치,경상북도 김천시 충효길 88 ,공동주택(아파트 등),무상
3758,해링턴플레이스만촌,중소폐가전,수거함 설치,대구광역시 수성구 청호로 490 ,공동주택(아파트 등),무상
3759,해밀동 행정복지센터,중소폐가전,수거함 설치,세종특별자치시 해밀1로 45 ,"지자체(구청, 행정복지센터 등)",무상
3760,행림마을삼성래미안1차,중소폐가전,수거함 설치,경기도 화성시 동탄지성로 333 ,공동주택(아파트 등),무상
3761,행림마을삼성래미안2차,중소폐가전,수거함 설치,경기도 화성시 동탄지성로 334 ,공동주택(아파트 등),무상
3762,행복나루노인복지관,중소폐가전,수거함 설치,광주광역시 광산구 송정로52번길 20 ,"지자체(구청, 행정복지센터 등)",무상
3763,행복드림종합사회복지관,중소폐가전,수거함 설치,광주광역시 광산구 용아로379번길 25-2 ,"지자체(구청, 행정복지센터 등)",무상
3764,행복마을 참누리에듀파크 1단지,중소폐가전,수거함 설치,경기도 화성시 동탄지성로 295 ,공동주택(아파트 등),무상
3765,행복마을 참누리에듀파크 2단지,중소폐가전,수거함 설치,경기도 화성시 동탄지성로 294 ,공동주택(아파트 등),무상
3766,행정복지센타,중소폐가전,수거함 설치,충청남도 천안시 서북구 성환읍 성환13길 7 ,공동주택(아파트 등),무상
3767,향남부영6단지아파트,중소폐가전,수거함 설치,경기도 화성시 향남읍 상신하길로 295 ,공동주택(아파트 등),무상
3768,향남에일린의뜰,중소폐가전,수거함 설치,경기도 화성시 향남읍 행정중앙1로 39 ,공동주택(아파트 등),무상
3769,향남읍 행정복지센터,중소폐가전,수거함 설치,경기도 화성시 향남읍 발안로 89 ,"지자체(구청, 행정복지센터 등)",무상
3770,향남지웰 2차,중소폐가전,수거함 설치,경기도 화성시 향남읍 행정중앙2로 38 ,공동주택(아파트 등),무상
3771,향남풍림아이원,중소폐가전,수거함 설치,경기도 화성시 향남읍 행정동로 64 ,공동주택(아파트 등),무상
3772,현대아파트,중소폐가전,수거함 설치,전라남도 나주시 북망문길 40 ,공동주택(아파트 등),무상
3773,현대자동차 기숙사본동,중소폐가전,수거함 설치,경기도 화성시 남양읍 남양로621번길 46 ,공동주택(아파트 등),무상
3774,현대자동차 사원아파트1단지,중소폐가전,수거함 설치,경기도 화성시 남양읍 남양로621번길 36 ,공동주택(아파트 등),무상
3775,현대제철독신자숙소,중소폐가전,수거함 설치,충청남도 당진시 송산면 송산로 765-18 ,공동주택(아파트 등),무상
3776,현대한솔아파트,중소폐가전,수거함 설치,충청남도 천안시 서북구 성환읍 성월2길 16 ,공동주택(아파트 등),무상
3777,현북2리 마을회관,중소폐가전,수거함 설치,충청남도 부여군 부여읍 현북리488-5 ,"지자체(구청, 행정복지센터 등)",무상
3778,현암1리 마을회관,중소폐가전,수거함 설치,충청남도 부여군 구룡면 망해로295번길 25-2 ,"지자체(구청, 행정복지센터 등)",무상
3779,현암2리 마을회관,중소폐가전,수거함 설치,충청남도 부여군 구룡면 망해로155번길 15 ,"지자체(구청, 행정복지센터 등)",무상
3780,협성휴포레 월성,중소폐가전,수거함 설치,대구광역시 달서구 조암로10길11 ,공동주택(아파트 등),무상
3781,형동2구 경로당회,중소폐가전,수거함 설치,충청북도 청주시 청원구 내수읍 형동2길 90 ,"지자체(구청, 행정복지센터 등)",무상
3782,호명면 행정복지센터,중소폐가전,수거함 설치,경상북도 예천군 호명면 오천길 2 ,"지자체(구청, 행정복지센터 등)",무상
3783,호반리젠시빌,중소폐가전,수거함 설치,전라남도 나주시 대호길 45-17 ,공동주택(아파트 등),무상
3784,호반베르디움,중소폐가전,수거함 설치,울산광역시 울주군 범서읍 구영리 211-1 ,공동주택(아파트 등),무상
3785,호반베르디움 1차,중소폐가전,수거함 설치,경상북도 예천군 호명면 행복로 215 ,공동주택(아파트 등),무상
3786,호반베르디움 2차 ,중소폐가전,수거함 설치,경상북도 예천군 호명면 양지로 14 ,공동주택(아파트 등),무상
3787,호반베르디움센트럴포레,중소폐가전,수거함 설치,경기도 화성시 동탄신리천로 1길 74 ,공동주택(아파트 등),무상
3788,호반써밋 더포레스트,중소폐가전,수거함 설치,경상북도 경산시 진량읍 선항6길 30 ,공동주택(아파트 등),무상
3789,호수마을(17전비 관사),중소폐가전,수거함 설치,충청북도 청주시 청원구 내수읍 내수로 385 ,공동주택(아파트 등),무상
3790,홍산시장,중소폐가전,수거함 설치,충청남도 부여군 홍산면 홍산시장로 43-3 ,"지자체(구청, 행정복지센터 등)",무상
3791,홍선금동아파트,중소폐가전,수거함 설치,충청남도 부여군 부여읍 성왕로328번길 18-7 ,공동주택(아파트 등),무상
3792,홍인아이리스,중소폐가전,수거함 설치,충청남도 당진시 합덕읍 운산로 116 ,공동주택(아파트 등),무상
3793,화도진그린빌주공,중소폐가전,수거함 설치,인천광역시 동구 화도진로 113 ,공동주택(아파트 등),무상
3794,화산동 행정복지센터,중소폐가전,수거함 설치,경기도 화성시 화산중앙로 16 ,"지자체(구청, 행정복지센터 등)",무상
3795,화산동행정복지센터,중소폐가전,수거함 설치,충청북도 제천시 내토로 521 ,"지자체(구청, 행정복지센터 등)",무상
3796,화성고려파크뷰,중소폐가전,수거함 설치,대구광역시 수성구 청수로40길 29 ,공동주택(아파트 등),무상
3797,화성남양뉴타운LH4단지,중소폐가전,수거함 설치,경기도 화성시 남양읍 시청로45번길 96 ,공동주택(아파트 등),무상
3798,화성동탄 상록예가,중소폐가전,수거함 설치,경기도 화성시 동탄원천로 315-18 ,공동주택(아파트 등),무상
3799,화성동탄2 C26단지 행복주택,중소폐가전,수거함 설치,경기도 화성시 동탄기흥로277번길 12 ,공동주택(아파트 등),무상
3800,화성동탄2 엘크루28단지,중소폐가전,수거함 설치,경기도 화성시 동탄대로1길 96 ,공동주택(아파트 등),무상
3801,화성발안LH11단지,중소폐가전,수거함 설치,경기도 화성시 향남읍 발안공단로 92-12 ,공동주택(아파트 등),무상
3802,화성태안6단지,중소폐가전,수거함 설치,경기도 화성시 병점2로 141 ,공동주택(아파트 등),무상
3803,화성태안8단지,중소폐가전,수거함 설치,경기도 화성시 병점3로 157 ,공동주택(아파트 등),무상
3804,화성태안주공12단지,중소폐가전,수거함 설치,경기도 화성시 병점4로 103 ,공동주택(아파트 등),무상
3805,화성파크드림,중소폐가전,수거함 설치,경기도 화성시 향남읍 행정동로 22 ,공동주택(아파트 등),무상
3806,화홍밸러뷰,중소폐가전,수거함 설치,충청남도 천안시 서북구 직산읍 직산로 252-10 ,공동주택(아파트 등),무상
3807,황계안길,중소폐가전,수거함 설치,충청남도 예산군 신양면 황계리 273-2 ,공동주택(아파트 등),무상
3808,황금1동 행정복지센터,중소폐가전,수거함 설치,대구광역시 수성구 청호로57길 10 ,공동주택(아파트 등),무상
3809,황금2동행정복지센터,중소폐가전,수거함 설치,대구광역시 수성구 청솔로2길 64 ,공동주택(아파트 등),무상
3810,황금힐스테이트,중소폐가전,수거함 설치,대구광역시 수성구 청수로 274 ,공동주택(아파트 등),무상
3811,효성해링턴아파트,중소폐가전,수거함 설치,충청남도 아산시 배방읍 모산로 67 ,공동주택(아파트 등),무상
3812,효자면 행정복지센터,중소폐가전,수거함 설치,경상북도 예천군 효자면 도효자로 1481 ,"지자체(구청, 행정복지센터 등)",무상
3813,휴대리한성아파트,중소폐가전,수거함 설치,충청남도 아산시 배방읍 휴대길 212 ,공동주택(아파트 등),무상
3814,휴먼시아 복사꽃마을 7단지,중소폐가전,수거함 설치,경기도 화성시 향남읍 행정동로 101 ,공동주택(아파트 등),무상
3815,휴먼시아아파트,중소폐가전,수거함 설치,충청남도 천안시 동남구 대흥로 35 ,공동주택(아파트 등),무상
3816,흰돌마을4단지,중소폐가전,수거함 설치,경기도 고양시 일산동구 장백로 61 ,공동주택(아파트 등),무상
3817,힐데스하임아파트,중소폐가전,수거함 설치,전라남도 나주시 송월18길 17 ,공동주택(아파트 등),무상
3818,힐스테이트 금정역,중소폐가전,수거함 설치,경기도 군포시 엘에스로 143 ,공동주택(아파트 등),무상
3819,힐스테이트 동탄,중소폐가전,수거함 설치,경기도 화성시 동탄순환대로19길 59 ,공동주택(아파트 등),무상
3820,힐스테이트 동탄역,중소폐가전,수거함 설치,경기도 화성시 동탄기흥로 585 ,공동주택(아파트 등),무상
3821,힐스테이트 아파트,중소폐가전,수거함 설치,충청남도 서산시 성연면 성연3로 76 ,공동주택(아파트 등),무상
3822,힐스테이트 천안,중소폐가전,수거함 설치,충청남도 천안시 동남구 옛시청길 29 ,공동주택(아파트 등),무상
3823,힐스테이트범어,중소폐가전,수거함 설치,대구광역시 수성구 범어로18길 22 ,공동주택(아파트 등),무상
3824,힐스테이트황금엘포레,중소폐가전,수거함 설치,대구광역시 수성구 청솔로16 ,공동주택(아파트 등),무상
3825,롯데하이마트 용두점,중소폐가전,수거함 설치,서울 동대문구 고산자로 414 ,롯데하이마트,무상
3826,홈플러스 가양점,폐휴대폰,수거함 설치,서울 강서구 양천로 431 ,민팃ATM,무상
3827,홈플러스 가좌점,폐휴대폰,수거함 설치,인천 서구 가정로 151번길 11 ,민팃ATM,무상
3828,홈플러스 간석점,폐휴대폰,수거함 설치,인천 남동구 경원대로 971 ,민팃ATM,무상
3829,홈플러스 강동점,폐휴대폰,수거함 설치,서울 강동구 양재대로 1571 ,민팃ATM,무상
3830,홈플러스 강서점,폐휴대폰,수거함 설치,서울 강서구 화곡로 398 ,민팃ATM,무상
3831,홈플러스 고양터미널점,폐휴대폰,수거함 설치,경기 고양시 일산동구 중앙로 1036 ,민팃ATM,무상
3832,홈플러스 금천점,폐휴대폰,수거함 설치,서울 금천구 시흥대로 391 ,민팃ATM,무상
3833,홈플러스 김포점,폐휴대폰,수거함 설치,경기 김포시 중봉로 14 ,민팃ATM,무상
3834,홈플러스 동대문점,폐휴대폰,수거함 설치,서울 동대문구 천호대로 133 ,민팃ATM,무상
3835,홈플러스 면목점,폐휴대폰,수거함 설치,서울 중랑구 사가정로 332 ,민팃ATM,무상
3836,홈플러스 목동점,폐휴대폰,수거함 설치,서울 양천구 목동서로 170 ,민팃ATM,무상
3837,홈플러스 부천상동점,폐휴대폰,수거함 설치,경기 부천시 길주로 118 ,민팃ATM,무상
3838,홈플러스 부천소사점,폐휴대폰,수거함 설치,경기 부천시 경인로 532 ,민팃ATM,무상
3839,홈플러스 서울남현점,폐휴대폰,수거함 설치,서울 관악구 과천대로 909 ,민팃ATM,무상
3840,홈플러스 시흥점,폐휴대폰,수거함 설치,서울 금천구 시흥대로 201 ,민팃ATM,무상
3841,홈플러스 영등포점,폐휴대폰,수거함 설치,서울 영등포구 당산로 42 ,민팃ATM,무상
3842,홈플러스 원주점,폐휴대폰,수거함 설치,강원 원주시 치악로 1489 ,민팃ATM,무상
3843,홈플러스 월곡점,폐휴대폰,수거함 설치,서울 성북구 화랑로 76 ,민팃ATM,무상
3844,홈플러스 월드컵점,폐휴대폰,수거함 설치,서울 마포구 월드컵로 240 ,민팃ATM,무상
3845,홈플러스 의정부점,폐휴대폰,수거함 설치,경기 의정부시 청사로 38 ,민팃ATM,무상
3846,홈플러스 인천논현점,폐휴대폰,수거함 설치,인천 남동구 청능대로 596 ,민팃ATM,무상
3847,홈플러스 인천송도점,폐휴대폰,수거함 설치,인천 연수구 송도국제대로 165 ,민팃ATM,무상
3848,홈플러스 인천연수점,폐휴대폰,수거함 설치,인천 연수구 청능대로 210 ,민팃ATM,무상
3849,홈플러스 인천청라점,폐휴대폰,수거함 설치,인천 서구 중봉대로 587 ,민팃ATM,무상
3850,홈플러스 인하점,폐휴대폰,수거함 설치,인천 미추홀구 학익동 720 ,민팃ATM,무상
3851,홈플러스 작전점,폐휴대폰,수거함 설치,인천 계양구 계양대로 27 ,민팃ATM,무상
3852,홈플러스 잠실점,폐휴대폰,수거함 설치,서울 송파구 올림픽로35가길 16 ,민팃ATM,무상
3853,홈플러스 중계점,폐휴대폰,수거함 설치,서울 노원구 동일로 204가길 12 ,민팃ATM,무상
3854,홈플러스 진접점,폐휴대폰,수거함 설치,경기 남양주시 진접읍 금강로 1447 ,민팃ATM,무상
3855,홈플러스 춘천점,폐휴대폰,수거함 설치,강원 춘천시 김유정로 1840 ,민팃ATM,무상
3856,홈플러스 킨텍스점,폐휴대폰,수거함 설치,경기 고양시 일산서구 호수로 817 ,민팃ATM,무상
3857,홈플러스 파주운정점,폐휴대폰,수거함 설치,경기 파주시 청암로 17번길 17 ,민팃ATM,무상
3858,홈플러스 평촌점,폐휴대폰,수거함 설치,경기 안양시 동안구 동안로 162 ,민팃ATM,무상
3859,홈플러스 풍무점,폐휴대폰,수거함 설치,경기 김포시 풍무로 167 ,민팃ATM,무상
3860,홈플러스 합정점,폐휴대폰,수거함 설치,서울 마포구 양화로 45 ,민팃ATM,무상
3861,홈플러스 강릉점,폐휴대폰,수거함 설치,강원 강릉시 경강로 2120 ,민팃ATM,무상
3862,홈플러스 거제점,폐휴대폰,수거함 설치,경남 거제시 장평로 12 ,민팃ATM,무상
3863,홈플러스 경기하남점,폐휴대폰,수거함 설치,경기 하남시 하남대로 747 ,민팃ATM,무상
3864,홈플러스 경남진주점,폐휴대폰,수거함 설치,경남 진주시 대신로 304 ,민팃ATM,무상
3865,홈플러스 경산점,폐휴대폰,수거함 설치,경북 경산시 경안로 288 ,민팃ATM,무상
3866,홈플러스 경주점,폐휴대폰,수거함 설치,경북 경주시 공단로 97 ,민팃ATM,무상
3867,홈플러스 계룡점,폐휴대폰,수거함 설치,충남 계룡시 계룡대로 304 ,민팃ATM,무상
3868,홈플러스 계산점,폐휴대폰,수거함 설치,인천 계양구 오조산 공원로 14 ,민팃ATM,무상
3869,홈플러스 광양점,폐휴대폰,수거함 설치,전남 광양시 항만11로 70 ,민팃ATM,무상
3870,홈플러스 광주계림점,폐휴대폰,수거함 설치,광주 동구 무등로 314 ,민팃ATM,무상
3871,홈플러스 광주하남점,폐휴대폰,수거함 설치,광주 광산구 용아로 390 ,민팃ATM,무상
3872,홈플러스 구미점,폐휴대폰,수거함 설치,경북 구미시 구미대로 174 ,민팃ATM,무상
3873,홈플러스 구월점,폐휴대폰,수거함 설치,인천 남동구 예술로 198 ,민팃ATM,무상
3874,홈플러스 김해점,폐휴대폰,수거함 설치,경남 김해시 김해대로 2078 ,민팃ATM,무상
3875,홈플러스 남대구점,폐휴대폰,수거함 설치,대구 남구 대명로 116 ,민팃ATM,무상
3876,홈플러스 내당점,폐휴대폰,수거함 설치,대구 서구 달구벌대로 1821 ,민팃ATM,무상
3877,홈플러스 논산점,폐휴대폰,수거함 설치,충남 논산시 시민로 187 ,민팃ATM,무상
3878,홈플러스 대구수성점,폐휴대폰,수거함 설치,대구 수성구 동대구로 95 ,민팃ATM,무상
3879,홈플러스 대전가오점,폐휴대폰,수거함 설치,대전 동구 은어송로 72 ,민팃ATM,무상
3880,홈플러스 동광주점,폐휴대폰,수거함 설치,광주 북구 동문대로 200 ,민팃ATM,무상
3881,홈플러스 동대전점,폐휴대폰,수거함 설치,대전 동구 한밭대로 1282 ,민팃ATM,무상
3882,홈플러스 동래점,폐휴대폰,수거함 설치,부산 동래구 중앙대로 1523 ,민팃ATM,무상
3883,홈플러스 동수원점,폐휴대폰,수거함 설치,경기 수원시 팔달구 효원로 257 ,민팃ATM,무상
3884,홈플러스 동청주점,폐휴대폰,수거함 설치,충북 청주시 청원구 충청대로 114 ,민팃ATM,무상
3885,홈플러스 동촌점,폐휴대폰,수거함 설치,대구 동구 동촌로 127 ,민팃ATM,무상
3886,홈플러스 마산점,폐휴대폰,수거함 설치,경남 창원시 마산회원구 삼호로 56 ,민팃ATM,무상
3887,홈플러스 목포점,폐휴대폰,수거함 설치,전남 목포시 영산로 313 ,민팃ATM,무상
3888,홈플러스 문경점,폐휴대폰,수거함 설치,경북 문경시 모전로 65 ,민팃ATM,무상
3889,홈플러스 문화점,폐휴대폰,수거함 설치,대전 중구 계백로 1690 ,민팃ATM,무상
3890,홈플러스 밀양점,폐휴대폰,수거함 설치,경남 밀양시 점필재로 45 ,민팃ATM,무상
3891,홈플러스 병점점,폐휴대폰,수거함 설치,경기 화성시 경기대로 985 ,민팃ATM,무상
3892,홈플러스 보령점,폐휴대폰,수거함 설치,충남 보령시 명암1길 17 ,민팃ATM,무상
3893,홈플러스 부산감만점,폐휴대폰,수거함 설치,부산 남구 우암로 124 ,민팃ATM,무상
3894,홈플러스 부산반여점,폐휴대폰,수거함 설치,부산 해운대구 선수촌로21번길 37 ,민팃ATM,무상
3895,홈플러스 부산연산점,폐휴대폰,수거함 설치,부산 연제구 반송로 88 ,민팃ATM,무상
3896,홈플러스 부산정관점,폐휴대폰,수거함 설치,부산 기장군 정관읍 정관5로 50 ,민팃ATM,무상
3897,홈플러스 부천여월점,폐휴대폰,수거함 설치,경기 부천시 소사로 663 ,민팃ATM,무상
3898,홈플러스 북수원점,폐휴대폰,수거함 설치,경기 수원시 장안구 경수대로 930 ,민팃ATM,무상
3899,홈플러스 분당오리점,폐휴대폰,수거함 설치,경기 성남시 분당구 탄천상로151번길 20 ,민팃ATM,무상
3900,홈플러스 삼척점,폐휴대폰,수거함 설치,강원 삼척시 중앙로 258 ,민팃ATM,무상
3901,홈플러스 삼천포점,폐휴대폰,수거함 설치,경남 사천시 중앙로 165 ,민팃ATM,무상
3902,홈플러스 상봉점,폐휴대폰,수거함 설치,서울 중랑구 망우로 353 ,민팃ATM,무상
3903,홈플러스 상인점,폐휴대폰,수거함 설치,대구 달서구 월배로 183 ,민팃ATM,무상
3904,홈플러스 서대전점,폐휴대폰,수거함 설치,대전 유성구 대정로 23 ,민팃ATM,무상
3905,홈플러스 서면점,폐휴대폰,수거함 설치,부산 부산진구 동천로 4 ,민팃ATM,무상
3906,홈플러스 서부산점,폐휴대폰,수거함 설치,부산 사상구 광장로 7 ,민팃ATM,무상
3907,홈플러스 서수원점,폐휴대폰,수거함 설치,경기 수원시 권선구 금곡로 236 ,민팃ATM,무상
3908,홈플러스 성서점,폐휴대폰,수거함 설치,대구 달서구 달구벌대로 1467 ,민팃ATM,무상
3909,홈플러스 센텀시티점,폐휴대폰,수거함 설치,부산 해운대구 센텀동로 6 ,민팃ATM,무상
3910,홈플러스 송탄점,폐휴대폰,수거함 설치,경기 평택시 경기대로 1103 ,민팃ATM,무상
3911,홈플러스 순천점,폐휴대폰,수거함 설치,전남 순천시 신월큰길 10 ,민팃ATM,무상
3912,홈플러스 순천풍덕점,폐휴대폰,수거함 설치,전남 순천시 팔마로 222 ,민팃ATM,무상
3913,홈플러스 시화점,폐휴대폰,수거함 설치,경기 시흥시 희망공원로 269 ,민팃ATM,무상
3914,홈플러스 신내점,폐휴대폰,수거함 설치,서울 중랑구 신내로 201 ,민팃ATM,무상
3915,홈플러스 신도림점,폐휴대폰,수거함 설치,서울 구로구 경인로 661 ,민팃ATM,무상
3916,홈플러스 아시아드점,폐휴대폰,수거함 설치,부산 연제구 종합운동장로 7 ,민팃ATM,무상
3917,홈플러스 안동점,폐휴대폰,수거함 설치,경북 안동시 경동로 656 ,민팃ATM,무상
3918,홈플러스 안산고잔점,폐휴대폰,수거함 설치,경기 안산시 단원구 광덕대로 175 ,민팃ATM,무상
3919,홈플러스 안산선부점,폐휴대폰,수거함 설치,경기 안산시 단원구 삼일로 316 ,민팃ATM,무상
3920,홈플러스 안양점,폐휴대폰,수거함 설치,경기 안양시 동안구 엘에스로 92 ,민팃ATM,무상
3921,홈플러스 야탑점,폐휴대폰,수거함 설치,경기 성남시 분당구 성남대로925번길 16 ,민팃ATM,무상
3922,홈플러스 영도점,폐휴대폰,수거함 설치,부산 영도구 대교로14번길 57 ,민팃ATM,무상
3923,홈플러스 영통점,폐휴대폰,수거함 설치,경기 수원시 영통구 봉영로 1576 ,민팃ATM,무상
3924,홈플러스 오산점,폐휴대폰,수거함 설치,경기 오산시 청학로 238 ,민팃ATM,무상
3925,홈플러스 울산남구점,폐휴대폰,수거함 설치,울산 남구 수암로 148 ,민팃ATM,무상
3926,홈플러스 울산동구점,폐휴대폰,수거함 설치,울산 동구 방어진순환도로 637 ,민팃ATM,무상
3927,홈플러스 울산북구점,폐휴대폰,수거함 설치,울산 북구 신답로 26 ,민팃ATM,무상
3928,홈플러스 울산점,폐휴대폰,수거함 설치,울산 중구 번영로 475 ,민팃ATM,무상
3929,홈플러스 원천점,폐휴대폰,수거함 설치,경기 수원시 영통구 중부대로 437 ,민팃ATM,무상
3930,홈플러스 유성점,폐휴대폰,수거함 설치,대전 유성구 한밭대로 502 ,민팃ATM,무상
3931,홈플러스 일산점,폐휴대폰,수거함 설치,경기 고양시 일산동구 중앙로1275번길 64 ,민팃ATM,무상
3932,홈플러스 창원점,폐휴대폰,수거함 설치,경남 창원시 의창구 창원대로 415 ,민팃ATM,무상
3933,홈플러스 천안신방점,폐휴대폰,수거함 설치,충남 천안시 동남구 신촌1길 23 ,민팃ATM,무상
3934,홈플러스 청주점,폐휴대폰,수거함 설치,충북 청주시 흥덕구 서부로 1291 ,민팃ATM,무상
3935,홈플러스 칠곡점,폐휴대폰,수거함 설치,대구 북구 동암로12길 8 ,민팃ATM,무상
3936,홈플러스 화성동탄점,폐휴대폰,수거함 설치,경기 화성시 동탄중앙로 200 ,민팃ATM,무상
3937,홈플러스 화성향남점,폐휴대폰,수거함 설치,경기 화성시 향남읍 향남로 402 ,민팃ATM,무상
3938,전자랜드 NC강서점,폐휴대폰,수거함 설치,서울 강서구 강서로56길 17 ,민팃ATM,무상
3939,전자랜드 광주하남점,폐휴대폰,수거함 설치,광주 광산구 용아로 401 ,민팃ATM,무상
3940,전자랜드 나주점,폐휴대폰,수거함 설치,전남 나주시 영산로 5411 ,민팃ATM,무상
3941,전자랜드 내동점,폐휴대폰,수거함 설치,경남 김해시 구지로 28 ,민팃ATM,무상
3942,전자랜드 대연점,폐휴대폰,수거함 설치,부산 남구 수영로 278 ,민팃ATM,무상
3943,전자랜드 도동점,폐휴대폰,수거함 설치,경남 진주시 대신로 290 ,민팃ATM,무상
3944,전자랜드 상남점,폐휴대폰,수거함 설치,경남 창원시 성산구 마디미서로 42 ,민팃ATM,무상
3945,전자랜드 상무점,폐휴대폰,수거함 설치,광주 서구 상무대로 784 ,민팃ATM,무상
3946,전자랜드 수성점,폐휴대폰,수거함 설치,대구 수성구 동대구로 175 ,민팃ATM,무상
3947,전자랜드 스페이스A1호점,폐휴대폰,수거함 설치,경기 남양주시 다산순환로 50 ,민팃ATM,무상
3948,전자랜드 쌍문점,폐휴대폰,수거함 설치,서울 도봉구 노해로 259 ,민팃ATM,무상
3949,전자랜드 오광장점,폐휴대폰,수거함 설치,경북 포항시 북구 포스코대로 287 ,민팃ATM,무상
3950,전자랜드 용봉점,폐휴대폰,수거함 설치,광주 북구 설죽로 257 ,민팃ATM,무상
3951,전자랜드 용산본점,폐휴대폰,수거함 설치,서울 용산구 한강로3가 16-9 ,민팃ATM,무상
3952,전자랜드 운정점,폐휴대폰,수거함 설치,경기 파주시 미래로 309 ,민팃ATM,무상
3953,전자랜드 울산삼산점,폐휴대폰,수거함 설치,울산 남구 삼산로 376 ,민팃ATM,무상
3954,전자랜드 의정부점,폐휴대폰,수거함 설치,경기 의정부시 평화로 412 ,민팃ATM,무상
3955,전자랜드 익산점,폐휴대폰,수거함 설치,전북 익산시 무왕로 1119 ,민팃ATM,무상
3956,전자랜드 인후점,폐휴대폰,수거함 설치,전북 전주시 덕진구 건산로 192 ,민팃ATM,무상
3957,전자랜드 일산점,폐휴대폰,수거함 설치,경기 고양시 일산서구 중앙로 1548 ,민팃ATM,무상
3958,전자랜드 장유점,폐휴대폰,수거함 설치,경남 김해시 번화2로 41 ,민팃ATM,무상
3959,전자랜드 주안점,폐휴대폰,수거함 설치,인천 미추홀구 경원대로 767 ,민팃ATM,무상
3960,전자랜드 죽전점,폐휴대폰,수거함 설치,대구 달서구 와룡로 185 ,민팃ATM,무상
3961,전자랜드 중동점,폐휴대폰,수거함 설치,경기 부천시 길주로 245 ,민팃ATM,무상
3962,전자랜드 진주성점,폐휴대폰,수거함 설치,경남 진주시 진양호로 483 ,민팃ATM,무상
3963,전자랜드 현대송도점,폐휴대폰,수거함 설치,인천 연수구 송도국제대로 123 ,민팃ATM,무상
3964,홈플러스 영주점,폐휴대폰,수거함 설치,경북 영주시 대학로 29 ,민팃ATM,무상
3965,홈플러스 오창점,폐휴대폰,수거함 설치,충북 청주시 청원구 오창읍 중심상업1로 8-11 ,민팃ATM,무상
3966,홈플러스 인천숭의점,폐휴대폰,수거함 설치,인천 미추홀구 석정로 51 ,민팃ATM,무상
3967,홈플러스 장림점,폐휴대폰,수거함 설치,부산 사하구 다대로 225 ,민팃ATM,무상
3968,홈플러스 죽도점,폐휴대폰,수거함 설치,경북 포항시 북구 중흥로 328 ,민팃ATM,무상
3969,홈플러스 진해점,폐휴대폰,수거함 설치,경남 창원시 진해구 충장로 356 ,민팃ATM,무상
3970,홈플러스 천안점,폐휴대폰,수거함 설치,충남 천안시 동남구 구성동 50-4 ,민팃ATM,무상
3971,홈플러스 청주성안점,폐휴대폰,수거함 설치,충북 청주시 상당구 사직대로 346 ,민팃ATM,무상
3972,홈플러스 파주문산점,폐휴대폰,수거함 설치,경기 파주시 문산읍 방촌로 1759 ,민팃ATM,무상
3973,홈플러스 평택안중점,폐휴대폰,수거함 설치,경기 평택시 안중읍 서동대로 1489 ,민팃ATM,무상
3974,홈플러스 포천송우점,폐휴대폰,수거함 설치,경기 포천시 소홀읍 솔모루로 9 ,민팃ATM,무상
3975,홈플러스 포항점,폐휴대폰,수거함 설치,경북 포항시 남구 중흥로 77 ,민팃ATM,무상
3976,홈플러스 해운대점,폐휴대폰,수거함 설치,부산 해운대구 해운대해변로 140 ,민팃ATM,무상
3977,전자랜드 경기광주점,폐휴대폰,수거함 설치,경기 광주시 이배재로 24 ,민팃ATM,무상
3978,전자랜드 경주점,폐휴대폰,수거함 설치,경북 경주시 산업로 4364 ,민팃ATM,무상
3979,전자랜드 논산점,폐휴대폰,수거함 설치,충남 논산시 중앙로403번길 10 ,민팃ATM,무상
3980,전자랜드 대전본점,폐휴대폰,수거함 설치,대전 서구 대덕대로 234 ,민팃ATM,무상
3981,전자랜드 반포점,폐휴대폰,수거함 설치,서울 서초구 잠원로 94 ,민팃ATM,무상
3982,전자랜드 쌍용점,폐휴대폰,수거함 설치,충남 천안시 동남구 쌍용대로 197 ,민팃ATM,무상
3983,전자랜드 양주점,폐휴대폰,수거함 설치,경기 양주시 평화로 1563 ,민팃ATM,무상
3984,전자랜드 영주점,폐휴대폰,수거함 설치,경북 영주시 영주로 100 ,민팃ATM,무상
3985,전자랜드 옥포점,폐휴대폰,수거함 설치,경남 거제시 옥포대첩로 4 ,민팃ATM,무상
3986,전자랜드 율량점,폐휴대폰,수거함 설치,충북 청주시 청원구 공항로 155 ,민팃ATM,무상
3987,전자랜드 중리점,폐휴대폰,수거함 설치,대전 동구 한밭대로 1211 ,민팃ATM,무상
3988,전자랜드 진접점,폐휴대폰,수거함 설치,경기 남양주시 진접읍 양진로 1016 ,민팃ATM,무상
3989,전자랜드 천안메가마트점,폐휴대폰,수거함 설치,충남 천안시 서북구 천안대로 1348 ,민팃ATM,무상
3990,전자랜드 타이푼점,폐휴대폰,수거함 설치,서울 용산구 한강로3가 16-9 ,민팃ATM,무상
3991,전자랜드 현대 김포점,폐휴대폰,수거함 설치,경기 김포시 고촌읍 아라육로152번길 97 ,민팃ATM,무상
3992,전자랜드 화명점,폐휴대폰,수거함 설치,부산 북구 금곡대로 300 ,민팃ATM,무상
3993,전자랜드 홍성점,폐휴대폰,수거함 설치,충남 홍성군 홍성읍 옥암리 1033번지 ,민팃ATM,무상
3994,이마트 계양점,폐휴대폰,수거함 설치,인천 계양구 봉오대로 785 ,민팃ATM,무상
3995,이마트 김포한강점,폐휴대폰,수거함 설치,경기 김포시 김포한강7로 71 ,민팃ATM,무상
3996,이마트 명일점,폐휴대폰,수거함 설치,서울 강동구 고덕로 276 ,민팃ATM,무상
3997,이마트 목동점,폐휴대폰,수거함 설치,서울 양천구 오목로 299 ,민팃ATM,무상
3998,이마트 분당점,폐휴대폰,수거함 설치,경기 성남시 분당구 불정로 134 ,민팃ATM,무상
3999,이마트 수지점,폐휴대폰,수거함 설치,경기 용인시 수지구 수지로 203 ,민팃ATM,무상
4000,이마트 신도림점,폐휴대폰,수거함 설치,서울 구로구 새말로 97 ,민팃ATM,무상
4001,이마트 신월점,폐휴대폰,수거함 설치,서울 양천구 화곡로 59 ,민팃ATM,무상
4002,이마트 일산점,폐휴대폰,수거함 설치,경기 고양시 일산동구 중앙로 1124 ,민팃ATM,무상
4003,이마트 천호점,폐휴대폰,수거함 설치,서울 강동구 천호대로 1017 ,민팃ATM,무상
4004,이마트 청계천점,폐휴대폰,수거함 설치,서울 중구 청계천로 400 ,민팃ATM,무상
4005,이마트 킨텍스점,폐휴대폰,수거함 설치,경기 고양시 일산서구 킨텍스로 171 ,민팃ATM,무상
4006,이마트 파주운정점,폐휴대폰,수거함 설치,경기 파주시 동패동 1763 ,민팃ATM,무상
4007,이마트 화정점,폐휴대폰,수거함 설치,경기 고양시 덕양구 백양로 79 ,민팃ATM,무상
4008,전자랜드 강릉점,폐휴대폰,수거함 설치,강원 강릉시 경강로 2399 ,민팃ATM,무상
4009,전자랜드 남악점,폐휴대폰,수거함 설치,전남 목포시 남악로 22-10 ,민팃ATM,무상
4010,전자랜드 도계점,폐휴대폰,수거함 설치,경남 창원시 의창구 도계로 2 ,민팃ATM,무상
4011,전자랜드 분당본점,폐휴대폰,수거함 설치,경기 성남시 분당구 서현로321번길 1 ,민팃ATM,무상
4012,전자랜드 비산점,폐휴대폰,수거함 설치,경기 수원시 장안구 경수대로 921 ,민팃ATM,무상
4013,전자랜드 신천점,폐휴대폰,수거함 설치,경기 시흥시 복지로 11 ,민팃ATM,무상
4014,전자랜드 여천점,폐휴대폰,수거함 설치,전남 여수시 시청로 16 ,민팃ATM,무상
4015,전자랜드 우현점,폐휴대폰,수거함 설치,경북 포항시 북구 중앙로 442 ,민팃ATM,무상
4016,전자랜드 제주점,폐휴대폰,수거함 설치,제주 제주시 서사로 32 ,민팃ATM,무상
4017,전자랜드 합포점,폐휴대폰,수거함 설치,경남 창원시 마산합포구 해안대로 255 ,민팃ATM,무상
4018,이마트 가든파이브점,폐휴대폰,수거함 설치,서울 송파구 충민로 10 ,민팃ATM,무상
4019,이마트 검단점,폐휴대폰,수거함 설치,인천 서구 서곶로 754 ,민팃ATM,무상
4020,이마트 경기광주점,폐휴대폰,수거함 설치,경기 광주시 광주대로 30 ,민팃ATM,무상
4021,이마트 고잔점,폐휴대폰,수거함 설치,경기 안산시 단원구 원포공원1로 46 ,민팃ATM,무상
4022,이마트 과천점,폐휴대폰,수거함 설치,경기 과천시 별양상가3로 11 ,민팃ATM,무상
4023,이마트 광교점,폐휴대폰,수거함 설치,경기 수원시 영통구 광교로 191 ,민팃ATM,무상
4024,이마트 광명소하점,폐휴대폰,수거함 설치,경기 광명시 소하로 97 ,민팃ATM,무상
4025,이마트 광명점,폐휴대폰,수거함 설치,경기 광명시 오리로 970 ,민팃ATM,무상
4026,이마트 광산점,폐휴대폰,수거함 설치,광주 광산구 사암로 172 ,민팃ATM,무상
4027,이마트 구로점,폐휴대폰,수거함 설치,서울 구로구 디지털로32길 43 ,민팃ATM,무상
4028,이마트 구미점,폐휴대폰,수거함 설치,경북 구미시 구미대로 256 ,민팃ATM,무상
4029,이마트 금정점,폐휴대폰,수거함 설치,부산 금정구 중앙대로1841번길 24 ,민팃ATM,무상
4030,이마트 김해점,폐휴대폰,수거함 설치,경남 김해시 김해대로 2232 ,민팃ATM,무상
4031,이마트 남양주점,폐휴대폰,수거함 설치,경기 남양주시 늘을2로 27 ,민팃ATM,무상
4032,이마트 동백점,폐휴대폰,수거함 설치,경기 용인시 기흥구 동백죽전대로 444 ,민팃ATM,무상
4033,이마트 동인천점,폐휴대폰,수거함 설치,인천 중구 인중로 134 ,민팃ATM,무상
4034,이마트 동탄점,폐휴대폰,수거함 설치,경기 화성시 동탄중앙로 376 ,민팃ATM,무상
4035,이마트 마산점,폐휴대폰,수거함 설치,경남 창원시 마산합포구 서성로 3 ,민팃ATM,무상
4036,이마트 마포점,폐휴대폰,수거함 설치,서울 마포구 백범로 212 ,민팃ATM,무상
4037,이마트 만촌점,폐휴대폰,수거함 설치,대구 수성구 동원로 136 ,민팃ATM,무상
4038,이마트 묵동점,폐휴대폰,수거함 설치,서울 중랑구 동일로 932 ,민팃ATM,무상
4039,이마트 미아점,폐휴대폰,수거함 설치,서울 성북구 도봉로 17 ,민팃ATM,무상
4040,이마트 별내점,폐휴대폰,수거함 설치,경기 남양주시 순화궁로 167 ,민팃ATM,무상
4041,이마트 보라점,폐휴대폰,수거함 설치,경기 용인시 기흥구 한보라1로 92 ,민팃ATM,무상
4042,이마트 보령점,폐휴대폰,수거함 설치,충남 보령시 해안로 25 ,민팃ATM,무상
4043,이마트 봉선점,폐휴대폰,수거함 설치,광주 남구 봉선로 198 ,민팃ATM,무상
4044,이마트 사상점,폐휴대폰,수거함 설치,부산 사상구 광장로 17 ,민팃ATM,무상
4045,이마트 산본점,폐휴대폰,수거함 설치,경기 군포시 산본로 347 ,민팃ATM,무상
4046,이마트 상봉점,폐휴대폰,수거함 설치,서울 중랑구 상봉로 118 ,민팃ATM,무상
4047,이마트 상주점,폐휴대폰,수거함 설치,경북 상주시 경상대로 3141 ,민팃ATM,무상
4048,이마트 서귀포점,폐휴대폰,수거함 설치,제주 서귀포시 일주동로 9209 ,민팃ATM,무상
4049,이마트 서산점,폐휴대폰,수거함 설치,충남 서산시 서해로 3685 ,민팃ATM,무상
4050,이마트 서수원점,폐휴대폰,수거함 설치,경기 수원시 권선구 수인로 291 ,민팃ATM,무상
4051,이마트 성남점,폐휴대폰,수거함 설치,경기 성남시 수정구 수정로 201 ,민팃ATM,무상
4052,이마트 성서점,폐휴대폰,수거함 설치,대구 달서구 이곡동로 24 ,민팃ATM,무상
4053,이마트 속초점,폐휴대폰,수거함 설치,강원 속초시 설악금강대교로 12 ,민팃ATM,무상
4054,이마트 수색점,폐휴대폰,수거함 설치,서울 은평구 수색로 217 ,민팃ATM,무상
4055,이마트 수서점,폐휴대폰,수거함 설치,서울 강남구 광평로 280 ,민팃ATM,무상
4056,이마트 수원점,폐휴대폰,수거함 설치,경기 수원시 권선구 경수대로 270 ,민팃ATM,무상
4057,이마트 순천점,폐휴대폰,수거함 설치,전남 순천시 팔마로 191 ,민팃ATM,무상
4058,이마트 안동점,폐휴대폰,수거함 설치,경북 안동시 옥동1길 2 ,민팃ATM,무상
4059,이마트 안성점,폐휴대폰,수거함 설치,경기 안성시 중앙로 246 ,민팃ATM,무상
4060,이마트 양산점,폐휴대폰,수거함 설치,경남 양산시 양산역6길 12 ,민팃ATM,무상
4061,이마트 양재점,폐휴대폰,수거함 설치,서울 서초구 매헌로16 ,민팃ATM,무상
4062,이마트 양주점,폐휴대폰,수거함 설치,경기 양주시 평화로 1713 ,민팃ATM,무상
4063,이마트 여의도점,폐휴대폰,수거함 설치,서울 영등포구 여의동로3길 10 ,민팃ATM,무상
4064,이마트 여주점,폐휴대폰,수거함 설치,경기 여주시 세종로 151 ,민팃ATM,무상
4065,이마트 영등포점,폐휴대폰,수거함 설치,서울 영등포구 영중로 15 ,민팃ATM,무상
4066,이마트 영천점,폐휴대폰,수거함 설치,경북 영천시 최무선로 83 ,민팃ATM,무상
4067,이마트 오산점,폐휴대폰,수거함 설치,경기 오산시 경기대로 181 ,민팃ATM,무상
4068,이마트 왕십리점,폐휴대폰,수거함 설치,서울 성동구 왕십리광장로 17 ,민팃ATM,무상
4069,이마트 용산점,폐휴대폰,수거함 설치,서울 용산구 한강대로23길 55 ,민팃ATM,무상
4070,이마트 용인점,폐휴대폰,수거함 설치,경기 용인시 처인구 명지로 53 ,민팃ATM,무상
4071,이마트 울산점,폐휴대폰,수거함 설치,울산 남구 남중로 48 ,민팃ATM,무상
4072,이마트 원주점,폐휴대폰,수거함 설치,강원 원주시 북원로 1928 ,민팃ATM,무상
4073,이마트 월계점,폐휴대폰,수거함 설치,서울 노원구 마들로3길 15 ,민팃ATM,무상
4074,이마트 은평점,폐휴대폰,수거함 설치,서울 은평구 은평로 111 ,민팃ATM,무상
4075,이마트 의왕점,폐휴대폰,수거함 설치,경기 의왕시 경수대로262 ,민팃ATM,무상
4076,이마트 의정부점,폐휴대폰,수거함 설치,경기 의정부시 민락로 210 ,민팃ATM,무상
4077,이마트 이수점,폐휴대폰,수거함 설치,서울 동작구 사당로 300 ,민팃ATM,무상
4078,이마트 이천점,폐휴대폰,수거함 설치,경기 이천시 이섭대천로 1440-50 ,민팃ATM,무상
4079,이마트 자양점,폐휴대폰,수거함 설치,서울 광진구 아차산로 272 ,민팃ATM,무상
4080,이마트 죽전점,폐휴대폰,수거함 설치,경기 용인시 수지구 포은대로 552 ,민팃ATM,무상
4081,이마트 중동점,폐휴대폰,수거함 설치,경기 부천시 석천로 188 ,민팃ATM,무상
4082,이마트 진접점,폐휴대폰,수거함 설치,경기 남양주시 진접읍 금강로유연들1길 154 ,민팃ATM,무상
4083,이마트 창동점,폐휴대폰,수거함 설치,서울 도봉구 노해로65길 4 ,민팃ATM,무상
4084,이마트 창원점,폐휴대폰,수거함 설치,경남 창원시 성산구 원이대로 608 ,민팃ATM,무상
4085,이마트 천안서북점,폐휴대폰,수거함 설치,충남 천안시 서북구 삼성대로 20 ,민팃ATM,무상
4086,이마트 천안점,폐휴대폰,수거함 설치,충남 천안시 서북구 충무로 187 ,민팃ATM,무상
4087,이마트 천안터미널점,폐휴대폰,수거함 설치,충남 천안시 동남구 만남로 43 ,민팃ATM,무상
4088,이마트 춘천점,폐휴대폰,수거함 설치,강원 춘천시 경춘로 2353 ,민팃ATM,무상
4089,이마트 충주점,폐휴대폰,수거함 설치,충북 충주시 중원대로 3420 ,민팃ATM,무상
4090,이마트 칠성점,폐휴대폰,수거함 설치,대구 북구 침산로 93 ,민팃ATM,무상
4091,이마트 태백점,폐휴대폰,수거함 설치,강원 태백시 굴거랑길 4 ,민팃ATM,무상
4092,이마트 통영점,폐휴대폰,수거함 설치,경남 통영시 광도면 죽림4로 9 ,민팃ATM,무상
4093,이마트 파주점,폐휴대폰,수거함 설치,경기 파주시 당하길 10 ,민팃ATM,무상
4094,이마트 펜타포트점,폐휴대폰,수거함 설치,충남 천안시 서북구 공원로 196 ,민팃ATM,무상
4095,이마트 평촌점,폐휴대폰,수거함 설치,경기 안양시 동안구 시민대로 300 ,민팃ATM,무상
4096,이마트 평택점,폐휴대폰,수거함 설치,경기 평택시 영신로 29 ,민팃ATM,무상
4097,이마트 포천점,폐휴대폰,수거함 설치,경기 포천시 호국로 915 ,민팃ATM,무상
4098,이마트 포항점,폐휴대폰,수거함 설치,경북 포항시 남구 냉천로 10 ,민팃ATM,무상
4099,이마트 하남점,폐휴대폰,수거함 설치,경기 하남시 덕풍서로 70 ,민팃ATM,무상
4100,이마트 하월곡점,폐휴대폰,수거함 설치,서울 성북구 종암로 167 ,민팃ATM,무상
4101,이마트 화성봉담점,폐휴대폰,수거함 설치,경기 화성시 봉담읍 효행로 278 ,민팃ATM,무상
4102,이마트 흥덕점,폐휴대폰,수거함 설치,경기 용인시 기흥구 흥덕중앙로 60 ,민팃ATM,무상
4103,경기광주우체국,폐휴대폰,수거함 설치,경기 광주시 행정타운로 49-10 ,민팃ATM,무상
4104,고양덕양우체국,폐휴대폰,수거함 설치,경기 고양시 덕양구 백양로 132 ,민팃ATM,무상
4105,광명우체국,폐휴대폰,수거함 설치,경기 광명시 범안로 1017 ,민팃ATM,무상
4106,구리우체국,폐휴대폰,수거함 설치,경기 구리시 건원대로 34번길 34 ,민팃ATM,무상
4107,군포우체국,폐휴대폰,수거함 설치,경기 군포시 산본로 328 ,민팃ATM,무상
4108,김포우체국,폐휴대폰,수거함 설치,경기 김포시 김포한강11로 157 ,민팃ATM,무상
4109,남부산우체국,폐휴대폰,수거함 설치,부산 수영구 수영로 448 ,민팃ATM,무상
4110,남양주우체국,폐휴대폰,수거함 설치,경기 남양주시 경춘로 1288 ,민팃ATM,무상
4111,대구달서우체국,폐휴대폰,수거함 설치,대구 달서구 학산로 65 ,민팃ATM,무상
4112,대전우체국,폐휴대폰,수거함 설치,대전 동구 대전로 757 ,민팃ATM,무상
4113,동대구우체국,폐휴대폰,수거함 설치,대구 동구 동촌로 1 ,민팃ATM,무상
4114,동부산우체국,폐휴대폰,수거함 설치,부산 동구 조방로 15 ,민팃ATM,무상
4115,동수원우체국,폐휴대폰,수거함 설치,경기 수원시 팔달구 인계로 143 ,민팃ATM,무상
4116,부산사상우체국,폐휴대폰,수거함 설치,부산 사상구 사상로 165 ,민팃ATM,무상
4117,부산사하우체국,폐휴대폰,수거함 설치,부산 사하구 다대로 166 ,민팃ATM,무상
4118,부천우체국,폐휴대폰,수거함 설치,경기 부천시 소향로 103 ,민팃ATM,무상
4119,북대구우체국,폐휴대폰,수거함 설치,대구 북구 구암로 65길 38 ,민팃ATM,무상
4120,삼척우체국,폐휴대폰,수거함 설치,강원 삼척시 진주로 36 ,민팃ATM,무상
4121,서대전우체국,폐휴대폰,수거함 설치,대전 중구 계룡로 914 ,민팃ATM,무상
4122,서수원우체국,폐휴대폰,수거함 설치,경기 수원시 권선구 호매실로 22-55 ,민팃ATM,무상
4123,서울강동우체국,폐휴대폰,수거함 설치,서울 강동구 양재대로 112길 57 ,민팃ATM,무상
4124,서울강서우체국,폐휴대폰,수거함 설치,서울 강서구 강서로 448 ,민팃ATM,무상
4125,서울관악우체국,폐휴대폰,수거함 설치,서울 관악구 남부순환로 1643 ,민팃ATM,무상
4126,성남우체국,폐휴대폰,수거함 설치,경기 성남시 수정구 산성대로 305 ,민팃ATM,무상
4127,수원우체국,폐휴대폰,수거함 설치,경기 수원시 장안구 천천로 94 ,민팃ATM,무상
4128,시흥우체국,폐휴대폰,수거함 설치,경기 시흥시 공단 1대로 241 ,민팃ATM,무상
4129,안산우체국,폐휴대폰,수거함 설치,경기 안산시 단원구 중앙대로 815 ,민팃ATM,무상
4130,안성우체국,폐휴대폰,수거함 설치,경기 안성시 아양로 12 ,민팃ATM,무상
4131,용인수지우체국,폐휴대폰,수거함 설치,경기 용인시 수지구 문정로 3 ,민팃ATM,무상
4132,용인우체국,폐휴대폰,수거함 설치,경기 용인시 처인구 중부대로1161번길 73 ,민팃ATM,무상
4133,이마트 강릉점,폐휴대폰,수거함 설치,강원 강릉시 경강로 2398-10 ,민팃ATM,무상
4134,이마트 경산점,폐휴대폰,수거함 설치,경북 경산시 옥산로 227 ,민팃ATM,무상
4135,이마트 광주점,폐휴대폰,수거함 설치,광주 서구 죽봉대로 61 ,민팃ATM,무상
4136,이마트 군산점,폐휴대폰,수거함 설치,전북 군산시 구암3.1로 137 ,민팃ATM,무상
4137,이마트 김천점,폐휴대폰,수거함 설치,경북 김천시 시청로 75 ,민팃ATM,무상
4138,이마트 남원점,폐휴대폰,수거함 설치,전북 남원시 남문로 385-16 ,민팃ATM,무상
4139,이마트 다산점,폐휴대폰,수거함 설치,경기 남양주시 도농로 24 ,민팃ATM,무상
4140,이마트 대전터미널점,폐휴대폰,수거함 설치,대전 동구 동서대로 1689 ,민팃ATM,무상
4141,이마트 동구미점,폐휴대폰,수거함 설치,경북 구미시 이계북로 23 ,민팃ATM,무상
4142,이마트 동해점,폐휴대폰,수거함 설치,강원 동해시 천곡로 100 ,민팃ATM,무상
4143,이마트 둔산점,폐휴대폰,수거함 설치,대전 서구 둔산북로 41 ,민팃ATM,무상
4144,이마트 목포점,폐휴대폰,수거함 설치,전남 목포시 옥암로 138 ,민팃ATM,무상
4145,이마트 문현점,폐휴대폰,수거함 설치,부산 남구 전포대로91번길 47 ,민팃ATM,무상
4146,이마트 반야월점,폐휴대폰,수거함 설치,대구 동구 안심로 389-2 ,민팃ATM,무상
4147,이마트 부천점,폐휴대폰,수거함 설치,경기 부천시 부천로 지하 1-1 ,민팃ATM,무상
4148,이마트 사천점,폐휴대폰,수거함 설치,경남 사천시 삼천포대교로 591 ,민팃ATM,무상
4149,이마트 성수점,폐휴대폰,수거함 설치,서울 성동구 뚝섬로 379 ,민팃ATM,무상
4150,이마트 세종점,폐휴대폰,수거함 설치,세종특별자치시 금송로 687 ,민팃ATM,무상
4151,이마트 신제주점,폐휴대폰,수거함 설치,제주특별자치도 제주시 1100로 3348 ,민팃ATM,무상
4152,이마트 신촌점,폐휴대폰,수거함 설치,서울 마포구 신촌로 94 ,민팃ATM,무상
4153,이마트 아산점,폐휴대폰,수거함 설치,충남 아산시 온천대로 1678 ,민팃ATM,무상
4154,이마트 에코시티점,폐휴대폰,수거함 설치,전북 전주시 덕진구 세병서로 9 ,민팃ATM,무상
4155,이마트 여수점,폐휴대폰,수거함 설치,전남 여수시 좌수영로 277 ,민팃ATM,무상
4156,이마트 역삼점,폐휴대폰,수거함 설치,서울 강남구 역삼로 310 ,민팃ATM,무상
4157,이마트 연수점,폐휴대폰,수거함 설치,인천 연수구 경원대로 184 ,민팃ATM,무상
4158,이마트 연제점,폐휴대폰,수거함 설치,부산 연제구 연수로 89 ,민팃ATM,무상
4159,이마트 월배점,폐휴대폰,수거함 설치,대구 달서구 진천로 92 ,민팃ATM,무상
4160,이마트 제천점,폐휴대폰,수거함 설치,충북 제천시 장평천로 11 ,민팃ATM,무상
4161,이마트 진주점,폐휴대폰,수거함 설치,경남 진주시 진양호로 477 ,민팃ATM,무상
4162,이마트 청주점,폐휴대폰,수거함 설치,충북 청주시 서원구 청남로 1853 ,민팃ATM,무상
4163,이마트 포항이동점,폐휴대폰,수거함 설치,경북 포항시 북구 대이로 188 ,민팃ATM,무상
4164,이마트 풍산점,폐휴대폰,수거함 설치,경기 고양시 일산동구 무궁화로 237 ,민팃ATM,무상
4165,이마트 해운대점,폐휴대폰,수거함 설치,부산 해운대구 좌동순환로 511 ,민팃ATM,무상
4166,이천우체국,폐휴대폰,수거함 설치,경기 이천시 경충대로 2610 ,민팃ATM,무상
4167,진주우체국,폐휴대폰,수거함 설치,경남 진주시 비봉로24번길 15 ,민팃ATM,무상
4168,통영우체국,폐휴대폰,수거함 설치,경남 통영시 중앙로 325 ,민팃ATM,무상
4169,파주우체국,폐휴대폰,수거함 설치,경기 파주시 새꽃로 1 ,민팃ATM,무상
4170,평택우체국,폐휴대폰,수거함 설치,경기 평택시 중앙로 63 ,민팃ATM,무상
4171,포천우체국,폐휴대폰,수거함 설치,경기 포천시 중앙로 159 ,민팃ATM,무상
4172,해운대우체국,폐휴대폰,수거함 설치,부산 해운대구 반송로 523 ,민팃ATM,무상
4173,화성우체국,폐휴대폰,수거함 설치,경기 화성시 향남읍 행정서로3길 53 ,민팃ATM,무상
4174,강원강릉우체국,폐휴대폰,수거함 설치,강원 강릉시 강릉대로 326 ,민팃ATM,무상
4175,강원원주우체국,폐휴대폰,수거함 설치,강원 원주시 서원대로 412 ,민팃ATM,무상
4176,경기안양우체국,폐휴대폰,수거함 설치,경기 안양시 동안구 평촌대로253번길 25 ,민팃ATM,무상
4177,경북구미우체국,폐휴대폰,수거함 설치,경북 구미시 송원서로 6 ,민팃ATM,무상
4178,경북대구우체국,폐휴대폰,수거함 설치,대구 중구 경상감영길 80 ,민팃ATM,무상
4179,경북포항우체국,폐휴대폰,수거함 설치,경북 포항시 남구 중흥로 66 ,민팃ATM,무상
4180,고양일산우체국,폐휴대폰,수거함 설치,경기 고양시 일산동구 중앙로 1293 ,민팃ATM,무상
4181,공주우체국,폐휴대폰,수거함 설치,충남 공주시 우체국길 15 ,민팃ATM,무상
4182,광양우체국,폐휴대폰,수거함 설치,전남 광양시 시청로 47 ,민팃ATM,무상
4183,광주광산우체국,폐휴대폰,수거함 설치,광주 광산구 사암로171번길 32 ,민팃ATM,무상
4184,군산우체국,폐휴대폰,수거함 설치,전북 군산시 우체통거리1길 20 ,민팃ATM,무상
4185,나주우체국,폐휴대폰,수거함 설치,전남 나주시 시청길 18 ,민팃ATM,무상
4186,남울산우체국,폐휴대폰,수거함 설치,울산 남구 왕생로 142 ,민팃ATM,무상
4187,남인천우체국,폐휴대폰,수거함 설치,인천 남동구 경인로 514 ,민팃ATM,무상
4188,대전둔산우체국,폐휴대폰,수거함 설치,대전 서구 둔산로 111 ,민팃ATM,무상
4189,대전유성우체국,폐휴대폰,수거함 설치,대전 유성구 온천로 51 ,민팃ATM,무상
4190,동전주우체국,폐휴대폰,수거함 설치,전북 전주시 덕진구 백제대로 714 ,민팃ATM,무상
4191,동천안우체국,폐휴대폰,수거함 설치,충남 천안시 동남구 청수5로 10 ,민팃ATM,무상
4192,부산김해우체국,폐휴대폰,수거함 설치,경남 김해시 전하로176번길 83 ,민팃ATM,무상
4193,부산연제우체국,폐휴대폰,수거함 설치,부산 연제구 법원북로 33 ,민팃ATM,무상
4194,부산창원우체국,폐휴대폰,수거함 설치,경남 창원시 성산구 상남로 57 ,민팃ATM,무상
4195,부평우체국,폐휴대폰,수거함 설치,인천 부평구 길주로 415 ,민팃ATM,무상
4196,북부산우체국,폐휴대폰,수거함 설치,부산 북구 화명신도시로 89 ,민팃ATM,무상
4197,서대문우체국,폐휴대폰,수거함 설치,서울 서대문구 성산로20길 9 ,민팃ATM,무상
4198,서산우체국,폐휴대폰,수거함 설치,충남 서산시 율지16로 48 ,민팃ATM,무상
4199,서울강남우체국,폐휴대폰,수거함 설치,서울 강남구 개포로 619 ,민팃ATM,무상
4200,서울광진우체국,폐휴대폰,수거함 설치,서울 광진구 강변역로 2 ,민팃ATM,무상
4201,서울광화문우체국,폐휴대폰,수거함 설치,서울 종로구 종로6 ,민팃ATM,무상
4202,서울구로우체국,폐휴대폰,수거함 설치,서울 구로구 금오로 931 ,민팃ATM,무상
4203,서울노원우체국,폐휴대폰,수거함 설치,서울 노원구 중계로 123 ,민팃ATM,무상
4204,서울도봉우체국,폐휴대폰,수거함 설치,서울 도봉구 노해로 150 ,민팃ATM,무상
4205,서울동대문우체국,폐휴대폰,수거함 설치,서울 동대문구 천호대로 4 ,민팃ATM,무상
4206,서울동작우체국,폐휴대폰,수거함 설치,서울 동작구 여의대방로 22길 77 ,민팃ATM,무상
4207,서울마포우체국,폐휴대폰,수거함 설치,서울 마포구 마포대로 89 ,민팃ATM,무상
4208,서울서초우체국,폐휴대폰,수거함 설치,서울 서초구 동산로 19 ,민팃ATM,무상
4209,서울성북우체국,폐휴대폰,수거함 설치,서울 성북구 동소문로 310 ,민팃ATM,무상
4210,서울송파우체국,폐휴대폰,수거함 설치,서울 송파구 오금로 323 ,민팃ATM,무상
4211,서울양천우체국,폐휴대폰,수거함 설치,서울 양천구 목동서로 117 ,민팃ATM,무상
4212,서울용산우체국,폐휴대폰,수거함 설치,서울 용산구 한강대로 118 ,민팃ATM,무상
4213,서울은평우체국,폐휴대폰,수거함 설치,서울 은평구 진관2로 29-8 ,민팃ATM,무상
4214,서울중랑우체국,폐휴대폰,수거함 설치,서울 중랑구 망우로 271 ,민팃ATM,무상
4215,서울중앙우체국,폐휴대폰,수거함 설치,서울 중구 소공로 70 ,민팃ATM,무상
4216,서인천우체국,폐휴대폰,수거함 설치,인천 서구 서곶로 318 ,민팃ATM,무상
4217,서청주우체국,폐휴대폰,수거함 설치,충북 청주시 흥덕구 죽천로 109 ,민팃ATM,무상
4218,성남분당우체국,폐휴대폰,수거함 설치,경기 성남시 분당구 황새울로 347 ,민팃ATM,무상
4219,순천우체국,폐휴대폰,수거함 설치,전남 순천시 하대석길 9 ,민팃ATM,무상
4220,아산우체국,폐휴대폰,수거함 설치,충남 아산시 시민로 455 ,민팃ATM,무상
4221,여의도우체국,폐휴대폰,수거함 설치,서울 영등포구 여의나루로 60 ,민팃ATM,무상
4222,울산우체국,폐휴대폰,수거함 설치,울산 중구 구교로 77 ,민팃ATM,무상
4223,의정부우체국,폐휴대폰,수거함 설치,경기 의정부시 추동로 88 ,민팃ATM,무상
4224,인천계양우체국,폐휴대폰,수거함 설치,인천 계양구 계산새로 76 ,민팃ATM,무상
4225,인천남동우체국,폐휴대폰,수거함 설치,인천 남동구 논현로 46번길 7 ,민팃ATM,무상
4226,인천우체국,폐휴대폰,수거함 설치,인천 연수구 함박뫼로 226 ,민팃ATM,무상
4227,전남목포우체국,폐휴대폰,수거함 설치,전남 목포시 영산로 288 ,민팃ATM,무상
4228,정읍우체국,폐휴대폰,수거함 설치,전북 정읍시 조곡천1길 27 ,민팃ATM,무상
4229,제주우체국,폐휴대폰,수거함 설치,제주특별자치도 제주시 관덕로 33 ,민팃ATM,무상
4230,충주우체국,폐휴대폰,수거함 설치,충북 충주시 국원대로 20 ,민팃ATM,무상
4231,디지털프라자 홍대점,폐휴대폰,수거함 설치,서울 마포구 양화로 171 ,민팃ATM,무상
4232,삼성디지털프라자 강남본점,폐휴대폰,수거함 설치,서울 강남구 도산대로 336 ,민팃ATM,무상
4233,삼성디지털프라자 강서본점,폐휴대폰,수거함 설치,서울 강서구 공항대로 571 ,민팃ATM,무상
4234,삼성디지털프라자 광명소하본점,폐휴대폰,수거함 설치,경기 광명시 금하로 454 ,민팃ATM,무상
4235,삼성디지털프라자 대전본점,폐휴대폰,수거함 설치,대전 서구 둔산동 1372 ,민팃ATM,무상
4236,삼성디지털프라자 덕영본점,폐휴대폰,수거함 설치,경기 고양시 덕양구 중앙로 472 ,민팃ATM,무상
4237,삼성디지털프라자 분당점,폐휴대폰,수거함 설치,경기 성남시 분당구 백현로101번길 30 ,민팃ATM,무상
4238,삼성디지털프라자 안양본점,폐휴대폰,수거함 설치,경기 안양시 동안구 시민대로 203 ,민팃ATM,무상
4239,삼성디지털프라자 영통본점,폐휴대폰,수거함 설치,경기 수원시 영통구 덕영대로 1477 ,민팃ATM,무상
4240,삼성디지털프라자 전주본점,폐휴대폰,수거함 설치,전북 전주시 덕진구 견훤로 266 ,민팃ATM,무상
4241,삼성디지털프라자 제천점,폐휴대폰,수거함 설치,충북 제천시 의림대로 258 ,민팃ATM,무상
4242,삼성디지털프라자 청주본점,폐휴대폰,수거함 설치,충북 청주시 서원구 1순환로 1066 ,민팃ATM,무상
4243,삼성스토어 강동,폐휴대폰,수거함 설치,서울 강동구 천호대로 1117 ,민팃ATM,무상
4244,삼성스토어 강릉,폐휴대폰,수거함 설치,강원 강릉시 경강로 2380 ,민팃ATM,무상
4245,삼성스토어 강북,폐휴대폰,수거함 설치,서울 성북구 월계로 28-5 ,민팃ATM,무상
4246,삼성스토어 계양,폐휴대폰,수거함 설치,인천 계양구 계양대로 58 ,민팃ATM,무상
4247,삼성스토어 공주신관,폐휴대폰,수거함 설치,충남 공주시 신관동 24-52 ,민팃ATM,무상
4248,삼성스토어 관악봉천,폐휴대폰,수거함 설치,서울 관악구 남부순환로 1719 ,민팃ATM,무상
4249,삼성스토어 광주,폐휴대폰,수거함 설치,경기 광주시 이배재로 5 ,민팃ATM,무상
4250,삼성스토어 광진,폐휴대폰,수거함 설치,서울 광진구 능동로 252 ,민팃ATM,무상
4251,삼성스토어 구리역,폐휴대폰,수거함 설치,경기 구리시 경춘로 270 ,민팃ATM,무상
4252,삼성스토어 군산,폐휴대폰,수거함 설치,전북 군산시 조촌로 186 ,민팃ATM,무상
4253,삼성스토어 권선,폐휴대폰,수거함 설치,경기 수원시 권선구 경수대로 283 ,민팃ATM,무상
4254,삼성스토어 금오,폐휴대폰,수거함 설치,경기 의정부시 호국로 1588 ,민팃ATM,무상
4255,삼성스토어 금천,폐휴대폰,수거함 설치,서울 금천구 시흥대로 357 ,민팃ATM,무상
4256,삼성스토어 김포풍무,폐휴대폰,수거함 설치,경기 김포시 풍무로 237 ,민팃ATM,무상
4257,삼성스토어 나주,폐휴대폰,수거함 설치,전남 나주시 영산로 5390 ,민팃ATM,무상
4258,삼성스토어 남동,폐휴대폰,수거함 설치,인천 남동구 인주대로 621 ,민팃ATM,무상
4259,삼성스토어 남원,폐휴대폰,수거함 설치,전북 남원시 충정로 108 ,민팃ATM,무상
4260,삼성스토어 남인천,폐휴대폰,수거함 설치,인천 남동구 인주대로 875 ,민팃ATM,무상
4261,삼성스토어 노원상계,폐휴대폰,수거함 설치,서울 노원구 동일로 1637 ,민팃ATM,무상
4262,삼성스토어 도곡,폐휴대폰,수거함 설치,서울 강남구 언주로 201 ,민팃ATM,무상
4263,삼성스토어 마포,폐휴대폰,수거함 설치,서울 마포구 토정로 229 ,민팃ATM,무상
4264,삼성스토어 목포하당,폐휴대폰,수거함 설치,전남 목포시 백년대로 284 ,민팃ATM,무상
4265,삼성스토어 미추홀,폐휴대폰,수거함 설치,인천 미추홀구 경인로 262 ,민팃ATM,무상
4266,삼성스토어 방배,폐휴대폰,수거함 설치,서울 서초구 방배로 120 ,민팃ATM,무상
4267,삼성스토어 부천중동,폐휴대폰,수거함 설치,경기 부천시 길주로 254 ,민팃ATM,무상
4268,삼성스토어 부평,폐휴대폰,수거함 설치,인천 부평구 길주로 504 ,민팃ATM,무상
4269,삼성스토어 삼성대치,폐휴대폰,수거함 설치,서울 강남구 영동대로 237 ,민팃ATM,무상
4270,삼성스토어 서귀포,폐휴대폰,수거함 설치,제주특별자치도 서귀포시 일주서로 17 ,민팃ATM,무상
4271,삼성스토어 서산,폐휴대폰,수거함 설치,충남 서산시 고운로 6-6 ,민팃ATM,무상
4272,삼성스토어 서일산,폐휴대폰,수거함 설치,경기 고양시 일산서구 중앙로 1582 ,민팃ATM,무상
4273,삼성스토어 서전주,폐휴대폰,수거함 설치,전북 전주시 완산구 천잠로 361 ,민팃ATM,무상
4274,삼성스토어 서청주,폐휴대폰,수거함 설치,충북 청주시 흥덕구 2순환로 1124번지 ,민팃ATM,무상
4275,삼성스토어 서초,폐휴대폰,수거함 설치,서울 서초구 서초대로52길 12 ,민팃ATM,무상
4276,삼성스토어 세종,폐휴대폰,수거함 설치,세종특별자치시 갈매로 58 ,민팃ATM,무상
4277,삼성스토어 속초,폐휴대폰,수거함 설치,강원 속초시 동해대로 4141 ,민팃ATM,무상
4278,삼성스토어 송파,폐휴대폰,수거함 설치,서울 송파구 오금로 218 ,민팃ATM,무상
4279,삼성스토어 수색,폐휴대폰,수거함 설치,서울 은평구 수색로 245 ,민팃ATM,무상
4280,삼성스토어 수원,폐휴대폰,수거함 설치,경기 용인시 기흥구 영덕동 788-4 ,민팃ATM,무상
4281,삼성스토어 수지,폐휴대폰,수거함 설치,경기 용인시 수지구 문정로 9 ,민팃ATM,무상
4282,삼성스토어 순천,폐휴대폰,수거함 설치,전남 순천시 봉화로 279 ,민팃ATM,무상
4283,삼성스토어 시화,폐휴대폰,수거함 설치,경기 시흥시 평안상가4길 17 ,민팃ATM,무상
4284,삼성스토어 신림,폐휴대폰,수거함 설치,서울 관악구 신림로 386 ,민팃ATM,무상
4285,삼성스토어 신정,폐휴대폰,수거함 설치,서울 양천구 신월로 308 ,민팃ATM,무상
4286,삼성스토어 쌍문,폐휴대폰,수거함 설치,서울 도봉구 도봉로 565 ,민팃ATM,무상
4287,삼성스토어 아산,폐휴대폰,수거함 설치,충남 아산시 모종로 9-17 ,민팃ATM,무상
4288,삼성스토어 안성,폐휴대폰,수거함 설치,경기 안성시 중앙로 270 ,민팃ATM,무상
4289,삼성스토어 왕십리,폐휴대폰,수거함 설치,서울 성동구 고산자로 217 ,민팃ATM,무상
4290,삼성스토어 용산,폐휴대폰,수거함 설치,서울 용산구 한강대로 314 ,민팃ATM,무상
4291,삼성스토어 용인구성,폐휴대폰,수거함 설치,경기 용인시 기흥구 용구대로 2458 ,민팃ATM,무상
4292,삼성스토어 운정,폐휴대폰,수거함 설치,경기 파주시 미래로 304 ,민팃ATM,무상
4293,삼성스토어 원주,폐휴대폰,수거함 설치,강원 원주시 무실동 634-1 ,민팃ATM,무상
4294,삼성스토어 유성,폐휴대폰,수거함 설치,대전 유성구 계룡로 111 ,민팃ATM,무상
4295,삼성스토어 율량,폐휴대폰,수거함 설치,충북 청주시 청원구 공항로 229 ,민팃ATM,무상
4296,삼성스토어 은평불광,폐휴대폰,수거함 설치,서울 은평구 통일로 760 ,민팃ATM,무상
4297,삼성스토어 의정부,폐휴대폰,수거함 설치,경기 의정부시 평화로 456 ,민팃ATM,무상
4298,삼성스토어 일산,폐휴대폰,수거함 설치,경기 고양시 일산동구 중앙로 1219 ,민팃ATM,무상
4299,삼성스토어 장안,폐휴대폰,수거함 설치,경기 수원시 장안구 장안로 73 ,민팃ATM,무상
4300,삼성스토어 중대전,폐휴대폰,수거함 설치,대전 중구 계백로 1679 ,민팃ATM,무상
4301,삼성스토어 증포,폐휴대폰,수거함 설치,경기 이천시 증신로 130 ,민팃ATM,무상
4302,삼성스토어 진접,폐휴대폰,수거함 설치,경기 남양주시 오남읍 진건오남로 952 ,민팃ATM,무상
4303,삼성스토어 천안,폐휴대폰,수거함 설치,충남 천안시 서북구 서부대로 354 ,민팃ATM,무상
4304,삼성스토어 춘천,폐휴대폰,수거함 설치,강원 춘천시 경춘로 2333 ,민팃ATM,무상
4305,삼성스토어 충주,폐휴대폰,수거함 설치,충북 충주시 금봉대로 182 ,민팃ATM,무상
4306,삼성스토어 평촌,폐휴대폰,수거함 설치,경기 안양시 동안구 흥안대로 398 ,민팃ATM,무상
4307,삼성스토어 평택,폐휴대폰,수거함 설치,경기 안성시 공도읍 서동대로 3864 ,민팃ATM,무상
4308,삼성스토어 평택세교,폐휴대폰,수거함 설치,경기 평택시 평택로 305 ,민팃ATM,무상
4309,전남여수우체국,폐휴대폰,수거함 설치,전남 여수시 흥국로 24 ,민팃ATM,무상
4310,전북익산우체국,폐휴대폰,수거함 설치,전북 익산시 배산로 171 ,민팃ATM,무상
4311,전북전주우체국,폐휴대폰,수거함 설치,전북 전주시 완산구 서원로 99 ,민팃ATM,무상
4312,충청청주우체국,폐휴대폰,수거함 설치,충북 청주시 청원구 1순환로 70 ,민팃ATM,무상
4313,화성동탄우체국,폐휴대폰,수거함 설치,경기 화성시 노작로 240 ,민팃ATM,무상
4314,삼성디지털프라자 구미본점,폐휴대폰,수거함 설치,경북 구미시 구미대로 244 ,민팃ATM,무상
4315,삼성디지털프라자 동천점,폐휴대폰,수거함 설치,대구 북구 동천로23길 30-23 ,민팃ATM,무상
4316,삼성디지털프라자 분당이매점,폐휴대폰,수거함 설치,경기 성남시 분당구 양현로 240 ,민팃ATM,무상
4317,삼성디지털프라자 양산본점,폐휴대폰,수거함 설치,경남 양산시 물금읍 범구1길 29 ,민팃ATM,무상
4318,삼성디지털프라자 영도점,폐휴대폰,수거함 설치,부산 영도구 대교로 16 ,민팃ATM,무상
4319,삼성스토어 간석,폐휴대폰,수거함 설치,인천 부평구 경원대로 1005 ,민팃ATM,무상
4320,삼성스토어 개봉,폐휴대폰,수거함 설치,서울 구로구 경인로 368 ,민팃ATM,무상
4321,삼성스토어 거제,폐휴대폰,수거함 설치,경남 거제시 수양로 474 ,민팃ATM,무상
4322,삼성스토어 고잔,폐휴대폰,수거함 설치,경기 안산시 상록구 광덕1로 342 ,민팃ATM,무상
4323,삼성스토어 공릉,폐휴대폰,수거함 설치,서울 노원구 동일로 1092 ,민팃ATM,무상
4324,삼성스토어 관저,폐휴대폰,수거함 설치,대전 유성구 계백로 953 ,민팃ATM,무상
4325,삼성스토어 광산,폐휴대폰,수거함 설치,광주 광산구 사암로 327 ,민팃ATM,무상
4326,삼성스토어 광안,폐휴대폰,수거함 설치,부산 수영구 수영로 469 ,민팃ATM,무상
4327,삼성스토어 구로,폐휴대폰,수거함 설치,서울 구로구 가마산로 267 ,민팃ATM,무상
4328,삼성스토어 구포,폐휴대폰,수거함 설치,부산 북구 낙동대로 1783 ,민팃ATM,무상
4329,삼성스토어 금정,폐휴대폰,수거함 설치,부산 금정구 중앙대로 1715 ,민팃ATM,무상
4330,삼성스토어 김제,폐휴대폰,수거함 설치,전북 김제시 중앙로 148 ,민팃ATM,무상
4331,삼성스토어 김해,폐휴대폰,수거함 설치,경남 김해시 김해대로 2312 ,민팃ATM,무상
4332,삼성스토어 남광주,폐휴대폰,수거함 설치,광주 남구 대남대로 161 ,민팃ATM,무상
4333,삼성스토어 남대구,폐휴대폰,수거함 설치,대구 달서구 구마로 259 ,민팃ATM,무상
4334,삼성스토어 남순천,폐휴대폰,수거함 설치,전남 순천시 팔마로 207 ,민팃ATM,무상
4335,삼성스토어 남포,폐휴대폰,수거함 설치,부산 중구 구덕로 33 ,민팃ATM,무상
4336,삼성스토어 노변,폐휴대폰,수거함 설치,대구 수성구 달구벌대로 3156 ,민팃ATM,무상
4337,삼성스토어 노서,폐휴대폰,수거함 설치,경북 경주시 금성로 249 ,민팃ATM,무상
4338,삼성스토어 논현,폐휴대폰,수거함 설치,인천 남동구 논고개로 101 ,민팃ATM,무상
4339,삼성스토어 단계,폐휴대폰,수거함 설치,강원 원주시 북원로 2384 ,민팃ATM,무상
4340,삼성스토어 단구,폐휴대폰,수거함 설치,강원 원주시 서원대로 446 ,민팃ATM,무상
4341,삼성스토어 대연,폐휴대폰,수거함 설치,부산 남구 수영로 186 ,민팃ATM,무상
4342,삼성스토어 대전테크노,폐휴대폰,수거함 설치,대전 유성구 테크노중앙로 39 ,민팃ATM,무상
4343,삼성스토어 도계,폐휴대폰,수거함 설치,경남 창원시 의창구 우곡로 2 ,민팃ATM,무상
4344,삼성스토어 동광주,폐휴대폰,수거함 설치,광주 북구 동문대로 176 ,민팃ATM,무상
4345,삼성스토어 동대구,폐휴대폰,수거함 설치,대구 수성구 동대구로 110 ,민팃ATM,무상
4346,삼성스토어 동울산,폐휴대폰,수거함 설치,울산 동구 방어진순환도로 665 ,민팃ATM,무상
4347,삼성스토어 마곡,폐휴대폰,수거함 설치,서울 강서구 공항대로 73 ,민팃ATM,무상
4348,삼성스토어 마산,폐휴대폰,수거함 설치,경남 창원시 마산회원구 3·15대로 673 ,민팃ATM,무상
4349,삼성스토어 만수,폐휴대폰,수거함 설치,인천 남동구 백범로 187 ,민팃ATM,무상
4350,삼성스토어 문정,폐휴대폰,수거함 설치,서울 송파구 송파대로 155 ,민팃ATM,무상
4351,삼성스토어 미아,폐휴대폰,수거함 설치,서울 강북구 도봉로 120 ,민팃ATM,무상
4352,삼성스토어 밀양,폐휴대폰,수거함 설치,경남 밀양시 백민로 68 ,민팃ATM,무상
4353,삼성스토어 별내,폐휴대폰,수거함 설치,경기 남양주시 불암로 105 ,민팃ATM,무상
4354,삼성스토어 부산진,폐휴대폰,수거함 설치,부산 부산진구 가야대로 582 ,민팃ATM,무상
4355,삼성스토어 북포항,폐휴대폰,수거함 설치,경북 포항시 북구 소티재로 56 ,민팃ATM,무상
4356,삼성스토어 사상,폐휴대폰,수거함 설치,부산 사상구 광장로 35 ,민팃ATM,무상
4357,삼성스토어 사천벌리,폐휴대폰,수거함 설치,경남 사천시 중앙로 151 ,민팃ATM,무상
4358,삼성스토어 사하,폐휴대폰,수거함 설치,부산 사하구 낙동대로 439 ,민팃ATM,무상
4359,삼성스토어 삼선교,폐휴대폰,수거함 설치,서울 성북구 동소문로 47 ,민팃ATM,무상
4360,삼성스토어 삼송,폐휴대폰,수거함 설치,경기 고양시 고양대로 1984 ,민팃ATM,무상
4361,삼성스토어 삼천,폐휴대폰,수거함 설치,전북 전주시 완산구 백제대로 58 ,민팃ATM,무상
4362,삼성스토어 상도,폐휴대폰,수거함 설치,서울 동작구 상도로 241 ,민팃ATM,무상
4363,삼성스토어 상무,폐휴대폰,수거함 설치,광주 서구 상무대로 732 ,민팃ATM,무상
4364,삼성스토어 상인역,폐휴대폰,수거함 설치,대구 달서구 월배로 227 ,민팃ATM,무상
4365,삼성스토어 상주,폐휴대폰,수거함 설치,경북 상주시 상서문2길 110 ,민팃ATM,무상
4366,삼성스토어 서대구,폐휴대폰,수거함 설치,대구 달서구 달구벌대로 1652 ,민팃ATM,무상
4367,삼성스토어 석사,폐휴대폰,수거함 설치,강원 춘천시 후석로 17 ,민팃ATM,무상
4368,삼성스토어 성서,폐휴대폰,수거함 설치,대구 달서구 달구벌대로 1351 ,민팃ATM,무상
4369,삼성스토어 센텀,폐휴대폰,수거함 설치,부산 해운대구 해운대로 201 ,민팃ATM,무상
4370,삼성스토어 송탄,폐휴대폰,수거함 설치,경기 평택시 경기대로 1228 ,민팃ATM,무상
4371,삼성스토어 수송,폐휴대폰,수거함 설치,전북 군산시 월명로 194 ,민팃ATM,무상
4372,삼성스토어 신수완,폐휴대폰,수거함 설치,광주 광산구 장신로 158 ,민팃ATM,무상
4373,삼성스토어 안동,폐휴대폰,수거함 설치,경북 안동시 경북대로 531 ,민팃ATM,무상
4374,삼성스토어 여수,폐휴대폰,수거함 설치,전남 여수시 좌수영로 348 ,민팃ATM,무상
4375,삼성스토어 여천,폐휴대폰,수거함 설치,전남 여수시 시청로 57 ,민팃ATM,무상
4376,삼성스토어 연수송도본점,폐휴대폰,수거함 설치,인천 연수구 경원대로 294 ,민팃ATM,무상
4377,삼성스토어 연제,폐휴대폰,수거함 설치,부산 연제구 중앙대로 1024 ,민팃ATM,무상
4378,삼성스토어 영주,폐휴대폰,수거함 설치,경북 영주시 가흥로 315 ,민팃ATM,무상
4379,삼성스토어 영천,폐휴대폰,수거함 설치,경북 영천시 완산로 69 ,민팃ATM,무상
4380,삼성스토어 오산,폐휴대폰,수거함 설치,경기 오산시 원동로 34 ,민팃ATM,무상
4381,삼성스토어 옥천,폐휴대폰,수거함 설치,강원 강릉시 율곡로 2849 ,민팃ATM,무상
4382,삼성스토어 용두,폐휴대폰,수거함 설치,서울 동대문구 왕산로 168 ,민팃ATM,무상
4383,삼성스토어 의왕,폐휴대폰,수거함 설치,경기 의왕시 경수대로 377 ,민팃ATM,무상
4384,삼성스토어 인화,폐휴대폰,수거함 설치,제주특별자치도 제주시 연삼로 633 ,민팃ATM,무상
4385,삼성스토어 장유,폐휴대폰,수거함 설치,경남 김해시 삼문로 16 ,민팃ATM,무상
4386,삼성스토어 정관점,폐휴대폰,수거함 설치,부산 기장군 정관읍 정관중앙로 62 ,민팃ATM,무상
4387,삼성스토어 중곡,폐휴대폰,수거함 설치,서울 광진구 천호대로 633 ,민팃ATM,무상
4388,삼성스토어 진해,폐휴대폰,수거함 설치,경남 창원시 진해구 진해대로 915 ,민팃ATM,무상
4389,삼성스토어 창원,폐휴대폰,수거함 설치,경남 창원시 성산구 용지로 112 ,민팃ATM,무상
4390,삼성스토어 첨단,폐휴대폰,수거함 설치,광주 광산구 임방울대로 828 ,민팃ATM,무상
4391,삼성스토어 칠성,폐휴대폰,수거함 설치,대구 북구 침산로 119 ,민팃ATM,무상
4392,삼성스토어 통영,폐휴대폰,수거함 설치,경남 통영시 무전대로 55 ,민팃ATM,무상
4393,삼성스토어 판암,폐휴대폰,수거함 설치,대전 동구 옥천로 93 ,민팃ATM,무상
4394,삼성스토어 포항,폐휴대폰,수거함 설치,경북 포항시 남구 포스코대로 439 ,민팃ATM,무상
4395,삼성스토어 하남미사,폐휴대폰,수거함 설치,경기 하남시 미사대로 442 ,민팃ATM,무상
4396,삼성스토어 해운대,폐휴대폰,수거함 설치,부산 해운대구 좌동로53번길 41 ,민팃ATM,무상
4397,삼성스토어 효목,폐휴대폰,수거함 설치,대구 동구 화랑로 171 ,민팃ATM,무상
4398,디지털프라자 더현대서울점,폐휴대폰,수거함 설치,서울 영등포구 여의대로 108 ,민팃ATM,무상
4399,디지털프라자 동대전점,폐휴대폰,수거함 설치,대전 동구 동서대로 1684 ,민팃ATM,무상
4400,디지털프라자 동탄점,폐휴대폰,수거함 설치,경기 화성시 동탄대로 537 ,민팃ATM,무상
4401,디지털프라자 화성캠퍼스2호점1,폐휴대폰,수거함 설치,경기 화성시 삼성전자로 1 ,민팃ATM,무상
4402,롯데하이마트 VIC마켓영등포점,폐휴대폰,수거함 설치,서울 영등포구 영중로 125 ,민팃ATM,무상
4403,롯데하이마트 개봉점,폐휴대폰,수거함 설치,서울 구로구 경인로 334 ,민팃ATM,무상
4404,롯데하이마트 고양롯데마트점,폐휴대폰,수거함 설치,경기 고양시 덕양구 충장로 150 ,민팃ATM,무상
4405,롯데하이마트 광명롯데아울렛점,폐휴대폰,수거함 설치,경기 광명시 일직로 17 ,민팃ATM,무상
4406,롯데하이마트 교대역점,폐휴대폰,수거함 설치,서울 서초구 서초대로 289 ,민팃ATM,무상
4407,롯데하이마트 구로점,폐휴대폰,수거함 설치,서울 구로구 가마산로 277 ,민팃ATM,무상
4408,롯데하이마트 대치점,폐휴대폰,수거함 설치,서울 강남구 삼성로 156 ,민팃ATM,무상
4409,롯데하이마트 문산점,폐휴대폰,수거함 설치,경기 파주시 문산읍 방촌로 1713 ,민팃ATM,무상
4410,롯데하이마트 분당서현점,폐휴대폰,수거함 설치,경기 성남시 분당구 서현로 323 ,민팃ATM,무상
4411,롯데하이마트 상암월드컵점,폐휴대폰,수거함 설치,서울 마포구 월드컵북로 295 ,민팃ATM,무상
4412,롯데하이마트 서울역롯데마트점,폐휴대폰,수거함 설치,서울 중구 한강대로 405 ,민팃ATM,무상
4413,롯데하이마트 양평점,폐휴대폰,수거함 설치,경기 양평군 양평읍 남북로 67 ,민팃ATM,무상
4414,롯데하이마트 여주점,폐휴대폰,수거함 설치,경기 여주시 세종로 107 ,민팃ATM,무상
4415,롯데하이마트 용산아이파크몰점,폐휴대폰,수거함 설치,서울 용산구 한강대로23길 55 ,민팃ATM,무상
4416,롯데하이마트 정자점,폐휴대폰,수거함 설치,경기 성남시 분당구 불정로 162 ,민팃ATM,무상
4417,롯데하이마트 철산역점,폐휴대폰,수거함 설치,경기 광명시 철산로 22 ,민팃ATM,무상
4418,롯데하이마트 춘천점,폐휴대폰,수거함 설치,강원 춘천시 후석로 6 ,민팃ATM,무상
4419,롯데하이마트 충주롯데마트점,폐휴대폰,수거함 설치,충북 충주시 봉계1길 49 ,민팃ATM,무상
4420,롯데하이마트 파주운정점,폐휴대폰,수거함 설치,경기 파주시 미래로 311 ,민팃ATM,무상
4421,롯데하이마트 행신역점,폐휴대폰,수거함 설치,경기 고양시 덕양구 소원로 97 ,민팃ATM,무상
4422,롯데하이마트 화곡점,폐휴대폰,수거함 설치,서울 양천구 화곡로 99 ,민팃ATM,무상
4423,메가스토어 발산점,폐휴대폰,수거함 설치,서울 강서구 공항대로 297 ,민팃ATM,무상
4424,삼성디지털프라자 당진본점,폐휴대폰,수거함 설치,충남 당진시 동부로 200 ,민팃ATM,무상
4425,삼성디지털프라자 롯데노원점,폐휴대폰,수거함 설치,서울 노원구 동일로 1414 ,민팃ATM,무상
4426,삼성디지털프라자 평택캠퍼스점,폐휴대폰,수거함 설치,경기 평택시 삼성로 114 ,민팃ATM,무상
4427,삼성디지털프라자 하나로마트 거제점,폐휴대폰,수거함 설치,경남 거제시 거제중앙로 1726 ,민팃ATM,무상
4428,삼성스토어 갤러리아백화점광교점,폐휴대폰,수거함 설치,경기 수원시 영통구 광교중앙로 124 ,민팃ATM,무상
4429,삼성스토어 갤러리아센터시티점,폐휴대폰,수거함 설치,충남 천안시 서북구 공원로 227 ,민팃ATM,무상
4430,삼성스토어 갤러리아진주점,폐휴대폰,수거함 설치,경남 진주시 진주대로 1095 ,민팃ATM,무상
4431,삼성스토어 갤러리아타임월드,폐휴대폰,수거함 설치,대전 서구 대덕대로 211 ,민팃ATM,무상
4432,삼성스토어 광천모바일,폐휴대폰,수거함 설치,광주 서구 죽봉대로22번길 6 ,민팃ATM,무상
4433,삼성스토어 기흥캠퍼스,폐휴대폰,수거함 설치,경기 용인시 기흥구 삼성로 1 ,민팃ATM,무상
4434,삼성스토어 남양,폐휴대폰,수거함 설치,경기 화성시 남양읍 남양성지로 208 ,민팃ATM,무상
4435,삼성스토어 대백프라자,폐휴대폰,수거함 설치,대구 중구 명덕로 333 ,민팃ATM,무상
4436,삼성스토어 딜라이트,폐휴대폰,수거함 설치,서울 서초구 서초대로74길 11 ,민팃ATM,무상
4437,삼성스토어 롯데광주,폐휴대폰,수거함 설치,광주 동구 독립로 268 ,민팃ATM,무상
4438,삼성스토어 롯데마산,폐휴대폰,수거함 설치,경남 창원시 마산합포구 동서동로 18 ,민팃ATM,무상
4439,삼성스토어 롯데백화점 광복,폐휴대폰,수거함 설치,부산 중구 중앙대로 2 ,민팃ATM,무상
4440,삼성스토어 롯데백화점 동탄,폐휴대폰,수거함 설치,경기 화성시 동탄역로 160 ,민팃ATM,무상
4441,삼성스토어 롯데백화점 울산,폐휴대폰,수거함 설치,울산 남구 삼산로 288 ,민팃ATM,무상
4442,삼성스토어 롯데백화점 잠실,폐휴대폰,수거함 설치,서울 송파구 올림픽로 240 ,민팃ATM,무상
4443,삼성스토어 롯데부산,폐휴대폰,수거함 설치,부산 부산진구 가야대로 772 ,민팃ATM,무상
4444,삼성스토어 목동홈플러스,폐휴대폰,수거함 설치,서울 양천구 목동서로 170 ,민팃ATM,무상
4445,삼성스토어 북울산,폐휴대폰,수거함 설치,울산 북구 진장유통로 65 ,민팃ATM,무상
4446,삼성스토어 삼성미래기술캠퍼스,폐휴대폰,수거함 설치,경기 수원시 영통구 삼성로 130 ,민팃ATM,무상
4447,삼성스토어 삼성서울병원 모바일,폐휴대폰,수거함 설치,서울 강남구 일원로 81 ,민팃ATM,무상
4448,삼성스토어 상일삼성엔지니어링,폐휴대폰,수거함 설치,서울 강동구 상일로6길 26 ,민팃ATM,무상
4449,삼성스토어 서울산,폐휴대폰,수거함 설치,울산 남구 울밀로 2884 ,민팃ATM,무상
4450,삼성스토어 신세계대구,폐휴대폰,수거함 설치,대구 동구 동부로 149 ,민팃ATM,무상
4451,삼성스토어 신세계센텀시티,폐휴대폰,수거함 설치,부산 해운대구 센텀남대로 35 ,민팃ATM,무상
4452,삼성스토어 신세계천안아산,폐휴대폰,수거함 설치,충남 천안시 동남구 만남로 43 ,민팃ATM,무상
4453,삼성스토어 안양 모바일,폐휴대폰,수거함 설치,경기 안양시 만안구 안양로 234 ,민팃ATM,무상
4454,삼성스토어 여의도 모바일,폐휴대폰,수거함 설치,서울 영등포구 국제금융로2길 36 ,민팃ATM,무상
4455,삼성스토어 온양캠퍼스,폐휴대폰,수거함 설치,충남 아산시 배방로 158 ,민팃ATM,무상
4456,삼성스토어 용인기흥,폐휴대폰,수거함 설치,경기 용인시 기흥구 신고매로59 ,민팃ATM,무상
4457,삼성스토어 용인시청,폐휴대폰,수거함 설치,경기 용인시 처인구 중부대로 1293 ,민팃ATM,무상
4458,삼성스토어 울산,폐휴대폰,수거함 설치,울산 남구 삼산로 86 ,민팃ATM,무상
4459,삼성스토어 천안캠퍼스,폐휴대폰,수거함 설치,충남 천안시 서북구 번영로 465 ,민팃ATM,무상
4460,삼성스토어 타임스퀘어영등포,폐휴대폰,수거함 설치,서울 영등포구 영중로 9 ,민팃ATM,무상
4461,삼성스토어 타임스트림신림,폐휴대폰,수거함 설치,서울 관악구 신림로 330 ,민팃ATM,무상
4462,삼성스토어 태릉 모바일,폐휴대폰,수거함 설치,서울 중랑구 동일로 877 ,민팃ATM,무상
4463,삼성스토어 항동지식산업센터,폐휴대폰,수거함 설치,서울 구로구 부광로 96-5 ,민팃ATM,무상
4464,삼성스토어 현대대구,폐휴대폰,수거함 설치,대구 중구 달구벌대로 2077 ,민팃ATM,무상
4465,삼성스토어 현대디큐브시티,폐휴대폰,수거함 설치,서울 구로구 경인로 662 ,민팃ATM,무상
4466,삼성스토어 현대울산,폐휴대폰,수거함 설치,울산 남구 삼산로 261 ,민팃ATM,무상
4467,삼성스토어 현대중동,폐휴대폰,수거함 설치,경기 부천시 길주로 180 ,민팃ATM,무상
4468,삼성스토어 현대충청,폐휴대폰,수거함 설치,충북 청주시 흥덕구 직지대로 308 ,민팃ATM,무상
4469,삼성스토어 현대텍스,폐휴대폰,수거함 설치,경기 고양시 일산서구 호수로 817 ,민팃ATM,무상
4470,삼성스토어 현대판교,폐휴대폰,수거함 설치,경기 성남시 분당구 판교역로146번길 20 ,민팃ATM,무상
4471,삼성스토어 홍대 Event1,폐휴대폰,수거함 설치,서울 마포구 양화로 171 ,민팃ATM,무상
4472,삼성스토어 홍대 Event2,폐휴대폰,수거함 설치,서울 마포구 양화로 171 ,민팃ATM,무상
4473,삼성스토어 홍대 Event3,폐휴대폰,수거함 설치,서울 마포구 양화로 171 ,민팃ATM,무상
4474,삼성스토어 홍대 Event4,폐휴대폰,수거함 설치,서울 마포구 양화로 171 ,민팃ATM,무상
4475,삼성스토어 홍성,폐휴대폰,수거함 설치,충남 홍성군 홍성읍 소향리 72-1 ,민팃ATM,무상
4476,삼성스토어 화성DSR,폐휴대폰,수거함 설치,경기 화성시 삼성전자로 1-1 ,민팃ATM,무상
4477,서초삼성전자빌딩,폐휴대폰,수거함 설치,서울 서초구 서초대로74길 11 ,민팃ATM,무상
4478,전자랜드 경산본점,폐휴대폰,수거함 설치,경북 경산시 대학로 80 ,민팃ATM,무상
4479,롯데롯데하이마트 김포공항롯데마트점,폐휴대폰,수거함 설치,서울 강서구 하늘길 38 ,민팃ATM,무상
4480,롯데하이마트 가야점,폐휴대폰,수거함 설치,부산 부산진구 가야대로557번길 9 ,민팃ATM,무상
4481,롯데하이마트 건대입구점,폐휴대폰,수거함 설치,서울 광진구 아차산로 300 ,민팃ATM,무상
4482,롯데하이마트 계산점,폐휴대폰,수거함 설치,인천 계양구 장제로 791 ,민팃ATM,무상
4483,롯데하이마트 공릉점,폐휴대폰,수거함 설치,서울 노원구 동일로 1091 ,민팃ATM,무상
4484,롯데하이마트 공주점,폐휴대폰,수거함 설치,충남 공주시 번영1로 51 ,민팃ATM,무상
4485,롯데하이마트 관저점,폐휴대폰,수거함 설치,대전 유성구 계백로 947 ,민팃ATM,무상
4486,롯데하이마트 광평점,폐휴대폰,수거함 설치,경북 구미시 구미대로 246 ,민팃ATM,무상
4487,롯데하이마트 구월점,폐휴대폰,수거함 설치,인천 남동구 인주대로 627 ,민팃ATM,무상
4488,롯데하이마트 길동점,폐휴대폰,수거함 설치,서울 강동구 양재대로 1540 ,민팃ATM,무상
4489,롯데하이마트 논현신도시점,폐휴대폰,수거함 설치,인천 남동구 청능대로 480 ,민팃ATM,무상
4490,롯데하이마트 당진점,폐휴대폰,수거함 설치,충남 당진시 계성3길 60 ,민팃ATM,무상
4491,롯데하이마트 대전터미널점,폐휴대폰,수거함 설치,대전 동구 동서대로 1701 ,민팃ATM,무상
4492,롯데하이마트 동구일산점,폐휴대폰,수거함 설치,울산 동구 방어진순환도로 642 ,민팃ATM,무상
4493,롯데하이마트 동김해점,폐휴대폰,수거함 설치,경남 김해시 김해대로 2545 ,민팃ATM,무상
4494,롯데하이마트 두정점,폐휴대폰,수거함 설치,충남 천안시 서북구 동서대로 97 ,민팃ATM,무상
4495,롯데하이마트 범어네거리점,폐휴대폰,수거함 설치,대구 수성구 동대구로 297 ,민팃ATM,무상
4496,롯데하이마트 보령점,폐휴대폰,수거함 설치,충남 보령시 보령북로 16 ,민팃ATM,무상
4497,롯데하이마트 봉천점,폐휴대폰,수거함 설치,서울 관악구 남부순환로 1780 ,민팃ATM,무상
4498,롯데하이마트 부곡점,폐휴대폰,수거함 설치,부산 금정구 중앙대로 1756 ,민팃ATM,무상
4499,롯데하이마트 부여점,폐휴대폰,수거함 설치,충남 부여군 부여읍 성왕로 132 ,민팃ATM,무상
4500,롯데하이마트 부평역롯데마트점,폐휴대폰,수거함 설치,인천 부평구 광장로 16 ,민팃ATM,무상
4501,롯데하이마트 불광점,폐휴대폰,수거함 설치,서울 은평구 통일로 766 ,민팃ATM,무상
4502,롯데하이마트 비산점,폐휴대폰,수거함 설치,경기 안양시 동안구 관악대로 275 ,민팃ATM,무상
4503,롯데하이마트 사당점,폐휴대폰,수거함 설치,서울 동작구 동작대로 77 ,민팃ATM,무상
4504,롯데하이마트 사상점,폐휴대폰,수거함 설치,부산 사상구 광장로 25 ,민팃ATM,무상
4505,롯데하이마트 사천점,폐휴대폰,수거함 설치,경남 사천시 사천읍 옥산로 5 ,민팃ATM,무상
4506,롯데하이마트 삼천포점,폐휴대폰,수거함 설치,경남 사천시 중앙로 111 ,민팃ATM,무상
4507,롯데하이마트 상남점,폐휴대폰,수거함 설치,경남 창원시 성산구 마디미로22번길 17 ,민팃ATM,무상
4508,롯데하이마트 상도점,폐휴대폰,수거함 설치,서울 동작구 상도로 237 ,민팃ATM,무상
4509,롯데하이마트 상무점,폐휴대폰,수거함 설치,광주 서구 상무대로 820 ,민팃ATM,무상
4510,롯데하이마트 상봉점,폐휴대폰,수거함 설치,서울 중랑구 망우로 399 ,민팃ATM,무상
4511,롯데하이마트 서귀포점,폐휴대폰,수거함 설치,제주특별자치도 서귀포시 일주동로 8631 ,민팃ATM,무상
4512,롯데하이마트 서대전롯데마트점,폐휴대폰,수거함 설치,대전 유성구 유성대로 26-37 ,민팃ATM,무상
4513,롯데하이마트 서산롯데마트점,폐휴대폰,수거함 설치,충남 서산시 충의로 27 ,민팃ATM,무상
4514,롯데하이마트 서산점,폐휴대폰,수거함 설치,충남 서산시 서해로 3374 ,민팃ATM,무상
4515,롯데하이마트 성서점,폐휴대폰,수거함 설치,대구 달서구 달구벌대로 1300 ,민팃ATM,무상
4516,롯데하이마트 세종시청점,폐휴대폰,수거함 설치,세종특별자치시 한누리대로 2165 ,민팃ATM,무상
4517,롯데하이마트 세종점,폐휴대폰,수거함 설치,세종특별자치시 갈매로 363 ,민팃ATM,무상
4518,롯데하이마트 소하점,폐휴대폰,수거함 설치,경기 광명시 오리로 506 ,민팃ATM,무상
4519,롯데하이마트 속초점,폐휴대폰,수거함 설치,강원 속초시 동해대로 4133 ,민팃ATM,무상
4520,롯데하이마트 송정점,폐휴대폰,수거함 설치,강원 강릉시 경강로 2385 ,민팃ATM,무상
4521,롯데하이마트 송탄점,폐휴대폰,수거함 설치,경기 평택시 서정역로36번길 107 ,민팃ATM,무상
4522,롯데하이마트 송현점,폐휴대폰,수거함 설치,대구 달서구 구마로 244 ,민팃ATM,무상
4523,롯데하이마트 신도시고잔점,폐휴대폰,수거함 설치,경기 안산시 단원구 광덕대로 198 ,민팃ATM,무상
4524,롯데하이마트 신천점,폐휴대폰,수거함 설치,경기 시흥시 수인로 3299 ,민팃ATM,무상
4525,롯데하이마트 쌍문점,폐휴대폰,수거함 설치,서울 도봉구 도봉로 539 ,민팃ATM,무상
4526,롯데하이마트 쌍용점,폐휴대폰,수거함 설치,충남 천안시 서북구 불당대로 280 ,민팃ATM,무상
4527,롯데하이마트 아산점,폐휴대폰,수거함 설치,충남 아산시 온천대로 1684 ,민팃ATM,무상
4528,롯데하이마트 아차산역점,폐휴대폰,수거함 설치,서울 광진구 천호대로 670 ,민팃ATM,무상
4529,롯데하이마트 안산롯데백화점점,폐휴대폰,수거함 설치,경기 안산시 단원구 중앙대로 873 ,민팃ATM,무상
4530,롯데하이마트 안성점,폐휴대폰,수거함 설치,경기 안성시 중앙로 264 ,민팃ATM,무상
4531,롯데하이마트 안양점,폐휴대폰,수거함 설치,경기 안양시 만안구 안양로 244 ,민팃ATM,무상
4532,롯데하이마트 여수점,폐휴대폰,수거함 설치,전남 여수시 좌수영로 432 ,민팃ATM,무상
4533,롯데하이마트 연수점,폐휴대폰,수거함 설치,인천 연수구 청능대로 64 ,민팃ATM,무상
4534,롯데하이마트 연향점,폐휴대폰,수거함 설치,전남 순천시 충효로 55 ,민팃ATM,무상
4535,롯데하이마트 영종점,폐휴대폰,수거함 설치,인천 중구 자연대로 145 ,민팃ATM,무상
4536,롯데하이마트 오광장점,폐휴대폰,수거함 설치,경북 포항시 북구 포스코대로 284 ,민팃ATM,무상
4537,롯데하이마트 오목교점,폐휴대폰,수거함 설치,서울 양천구 신목로 106 ,민팃ATM,무상
4538,롯데하이마트 오정점,폐휴대폰,수거함 설치,경기 부천시 소사로 672 ,민팃ATM,무상
4539,롯데하이마트 용두점,폐휴대폰,수거함 설치,서울 동대문구 고산자로 414 ,민팃ATM,무상
4540,롯데하이마트 용인점,폐휴대폰,수거함 설치,경기 용인시 처인구 중부대로 1287 ,민팃ATM,무상
4541,롯데하이마트 용전점,폐휴대폰,수거함 설치,대전 동구 한밭대로 1262 ,민팃ATM,무상
4542,롯데하이마트 울산대점,폐휴대폰,수거함 설치,울산 남구 대학로 153 ,민팃ATM,무상
4543,롯데하이마트 울산점,폐휴대폰,수거함 설치,울산 남구 삼산로 238 ,민팃ATM,무상
4544,롯데하이마트 월드타워점,폐휴대폰,수거함 설치,서울 송파구 올림픽로 300 ,민팃ATM,무상
4545,롯데하이마트 유성온천점,폐휴대폰,수거함 설치,대전 유성구 도안대로 569 ,민팃ATM,무상
4546,롯데하이마트 유성점,폐휴대폰,수거함 설치,대전 유성구 유성대로 808 ,민팃ATM,무상
4547,롯데하이마트 유천점,폐휴대폰,수거함 설치,대전 중구 계백로 1538 ,민팃ATM,무상
4548,롯데하이마트 율량점,폐휴대폰,수거함 설치,충북 청주시 청원구 주성로 158 ,민팃ATM,무상
4549,롯데하이마트 익산롯데마트점,폐휴대폰,수거함 설치,전북 익산시 무왕로 1053 ,민팃ATM,무상
4550,롯데하이마트 일도점,폐휴대폰,수거함 설치,제주특별자치도 제주시 연삼로 423 ,민팃ATM,무상
4551,롯데하이마트 정림점,폐휴대폰,수거함 설치,대전 서구 계백로 1338 ,민팃ATM,무상
4552,롯데하이마트 정읍점,폐휴대폰,수거함 설치,전북 정읍시 서부산업도로 351 ,민팃ATM,무상
4553,롯데하이마트 죽전점,폐휴대폰,수거함 설치,대구 달서구 달구벌대로 1567 ,민팃ATM,무상
4554,롯데하이마트 증포점,폐휴대폰,수거함 설치,경기 이천시 이섭대천로 1434 ,민팃ATM,무상
4555,롯데하이마트 청구점,폐휴대폰,수거함 설치,서울 중구 다산로 210 ,민팃ATM,무상
4556,롯데하이마트 청주터미널점,폐휴대폰,수거함 설치,충북 청주시 흥덕구 강서로 126 ,민팃ATM,무상
4557,롯데하이마트 춘천롯데마트점,폐휴대폰,수거함 설치,강원 춘천시 방송길 84 ,민팃ATM,무상
4558,롯데하이마트 탄금점,폐휴대폰,수거함 설치,충북 충주시 탄금대로 149 ,민팃ATM,무상
4559,롯데하이마트 탄현점,폐휴대폰,수거함 설치,경기 고양시 일산서구 경의로 858 ,민팃ATM,무상
4560,롯데하이마트 통영점,폐휴대폰,수거함 설치,경남 통영시 무전대로 61 ,민팃ATM,무상
4561,롯데하이마트 평택세교점,폐휴대폰,수거함 설치,경기 평택시 경기대로 669 ,민팃ATM,무상
4562,롯데하이마트 풍무점,폐휴대폰,수거함 설치,경기 김포시 김포대로 735 ,민팃ATM,무상
4563,롯데하이마트 합포점,폐휴대폰,수거함 설치,경남 창원시 마산합포구 해안대로 242 ,민팃ATM,무상
4564,롯데하이마트 해운대점,폐휴대폰,수거함 설치,부산 해운대구 해운대로767번길 8 ,민팃ATM,무상
4565,롯데하이마트 홍천점,폐휴대폰,수거함 설치,강원 홍천군 홍천읍 홍천로 318 ,민팃ATM,무상
4566,롯데하이마트 효문점,폐휴대폰,수거함 설치,울산 북구 명촌23길 1 ,민팃ATM,무상
4567,롯데하이마트 효자점,폐휴대폰,수거함 설치,전북 전주시 완산구 백제대로 106 ,민팃ATM,무상
4568,롯데하이마트 경북대점,폐휴대폰,수거함 설치,대구 북구 대학로 151 ,민팃ATM,무상
4569,롯데하이마트 광복롯데몰점,폐휴대폰,수거함 설치,부산 중구 중앙대로 2 ,민팃ATM,무상
4570,롯데하이마트 광천점,폐휴대폰,수거함 설치,광주 서구 죽봉대로 122 ,민팃ATM,무상
4571,롯데하이마트 구미롯데마트점,폐휴대폰,수거함 설치,경북 구미시 구미대로22길 11 ,민팃ATM,무상
4572,롯데하이마트 김천롯데마트점,폐휴대폰,수거함 설치,경북 김천시 시청로 80 ,민팃ATM,무상
4573,롯데하이마트 김천점,폐휴대폰,수거함 설치,경북 김천시 자산로 198 ,민팃ATM,무상
4574,롯데하이마트 내당점,폐휴대폰,수거함 설치,대구 서구 달구벌대로 1849 ,민팃ATM,무상
4575,롯데하이마트 노서점,폐휴대폰,수거함 설치,경북 경주시 금성로 262 ,민팃ATM,무상
4576,롯데하이마트 논산점,폐휴대폰,수거함 설치,충남 논산시 중앙로 395 ,민팃ATM,무상
4577,롯데하이마트 단구점,폐휴대폰,수거함 설치,강원 원주시 서원대로 455 ,민팃ATM,무상
4578,롯데하이마트 대구율하점,폐휴대폰,수거함 설치,대구 동구 안심로 58 ,민팃ATM,무상
4579,롯데하이마트 대잠점,폐휴대폰,수거함 설치,경북 포항시 남구 새천년대로 424 ,민팃ATM,무상
4580,롯데하이마트 덕천점,폐휴대폰,수거함 설치,부산 북구 만덕대로 45 ,민팃ATM,무상
4581,롯데하이마트 동해점,폐휴대폰,수거함 설치,강원 동해시 중앙로 197 ,민팃ATM,무상
4582,롯데하이마트 동해점,폐휴대폰,수거함 설치,강원 삼척시 사대안길 66 ,민팃ATM,무상
4583,롯데하이마트 만촌점,폐휴대폰,수거함 설치,대구 수성구 화랑로 114 ,민팃ATM,무상
4584,롯데하이마트 목포점,폐휴대폰,수거함 설치,전남 목포시 하당로 272 ,민팃ATM,무상
4585,롯데하이마트 문경점,폐휴대폰,수거함 설치,경북 문경시 당교로 260 ,민팃ATM,무상
4586,롯데하이마트 복산점,폐휴대폰,수거함 설치,울산 중구 서원1길 2 ,민팃ATM,무상
4587,롯데하이마트 부산교대역점,폐휴대폰,수거함 설치,부산 연제구 중앙대로 1178 ,민팃ATM,무상
4588,롯데하이마트 사상롯데마트점,폐휴대폰,수거함 설치,부산 사상구 낙동대로 733 ,민팃ATM,무상
4589,롯데하이마트 산곡점,폐휴대폰,수거함 설치,인천 부평구 마장로 345 ,민팃ATM,무상
4590,롯데하이마트 상주점,폐휴대폰,수거함 설치,경북 상주시 경상대로 3085 ,민팃ATM,무상
4591,롯데하이마트 서수원점,폐휴대폰,수거함 설치,경기 수원시 권선구 서부로 1864 ,민팃ATM,무상
4592,롯데하이마트 세이점,폐휴대폰,수거함 설치,대전 중구 계백로 1700 ,민팃ATM,무상
4593,롯데하이마트 수원롯데몰점,폐휴대폰,수거함 설치,경기 수원시 권선구 세화로 134 ,민팃ATM,무상
4594,롯데하이마트 수원점,폐휴대폰,수거함 설치,경기 수원시 권선구 경수대로 386 ,민팃ATM,무상
4595,롯데하이마트 신월성점,폐휴대폰,수거함 설치,대구 달서구 조암로 23 ,민팃ATM,무상
4596,롯데하이마트 신제주점,폐휴대폰,수거함 설치,제주특별자치도 제주시 도령로 16 ,민팃ATM,무상
4597,롯데하이마트 안동옥동점,폐휴대폰,수거함 설치,경북 안동시 경북대로 360 ,민팃ATM,무상
4598,롯데하이마트 안양대교점,폐휴대폰,수거함 설치,경기 안양시 만안구 안양로 385 ,민팃ATM,무상
4599,롯데하이마트 압구정점,폐휴대폰,수거함 설치,서울 강남구 도산대로 173 ,민팃ATM,무상
4600,롯데하이마트 영대병원네거리점,폐휴대폰,수거함 설치,대구 남구 봉덕로 23 ,민팃ATM,무상
4601,롯데하이마트 영주점,폐휴대폰,수거함 설치,경북 영주시 영주로 77 ,민팃ATM,무상
4602,롯데하이마트 영천점,폐휴대폰,수거함 설치,경북 영천시 완산로 62 ,민팃ATM,무상
4603,롯데하이마트 오천점,폐휴대폰,수거함 설치,경북 포항시 남구 오천읍 하원로 57 ,민팃ATM,무상
4604,롯데하이마트 왜관점,폐휴대폰,수거함 설치,경북 칠곡군 왜관읍 중앙로 76 ,민팃ATM,무상
4605,롯데하이마트 용봉점,폐휴대폰,수거함 설치,광주 북구 설죽로 241 ,민팃ATM,무상
4606,롯데하이마트 우현점,폐휴대폰,수거함 설치,경북 포항시 북구 새천년대로 906 ,민팃ATM,무상
4607,롯데하이마트 울산롯데마트점,폐휴대폰,수거함 설치,울산 남구 삼산로 74 ,민팃ATM,무상
4608,롯데하이마트 월배점,폐휴대폰,수거함 설치,대구 달서구 월배로 59 ,민팃ATM,무상
4609,롯데하이마트 이천점,폐휴대폰,수거함 설치,경기 이천시 경충대로 2537 ,민팃ATM,무상
4610,롯데하이마트 인동점,폐휴대폰,수거함 설치,경북 구미시 인동북길 59 ,민팃ATM,무상
4611,롯데하이마트 장량점,폐휴대폰,수거함 설치,경북 포항시 북구 천마로 23 ,민팃ATM,무상
4612,롯데하이마트 제천점,폐휴대폰,수거함 설치,충북 제천시 의림대로 261 ,민팃ATM,무상
4613,롯데하이마트 중화산점,폐휴대폰,수거함 설치,전북 전주시 완산구 백제대로 346 ,민팃ATM,무상
4614,롯데하이마트 지산점,폐휴대폰,수거함 설치,경북 구미시 야은로 668 ,민팃ATM,무상
4615,롯데하이마트 칠곡점,폐휴대폰,수거함 설치,대구 북구 동천로23길 68 ,민팃ATM,무상
4616,롯데하이마트 침산점,폐휴대폰,수거함 설치,대구 북구 중앙대로 598 ,민팃ATM,무상
4617,롯데하이마트 판암점,폐휴대폰,수거함 설치,대전 동구 옥천로 87 ,민팃ATM,무상
4618,롯데하이마트 평리점,폐휴대폰,수거함 설치,대구 서구 국채보상로 228 ,민팃ATM,무상
4619,롯데하이마트 하양점,폐휴대폰,수거함 설치,경북 경산시 하양읍 하양역길 7 ,민팃ATM,무상
4620,롯데하이마트 현풍점,폐휴대폰,수거함 설치,대구 달성군 현풍읍 테크노대로 15 ,민팃ATM,무상
4621,롯데하이마트 홍성점,폐휴대폰,수거함 설치,충남 홍성군 홍성읍 내포로 153 ,민팃ATM,무상
4622,롯데하이마트 황금점,폐휴대폰,수거함 설치,대구 수성구 동대구로 124 ,민팃ATM,무상
4623,롯데하이마트 황성점,폐휴대폰,수거함 설치,경북 경주시 원지길 46 ,민팃ATM,무상
4624,롯데하이마트 대구율하점,폐휴대폰,수거함 설치,대구 동구 안심로 80 ,민팃ATM,무상
4625,롯데하이마트 분평점,폐휴대폰,수거함 설치,충북 청주시 서원구 1순환로 1120 ,민팃ATM,무상
4626,롯데하이마트 안산선부점,폐휴대폰,수거함 설치,경기 안산시 단원구 선부광장로 41 ,민팃ATM,무상
4627,롯데하이마트 경산점,폐휴대폰,수거함 설치,경북 경산시 대학로 74 ,민팃ATM,무상
4628,롯데하이마트 둔산점,폐휴대폰,수거함 설치,대전 서구 대덕대로 255 ,민팃ATM,무상
4629,롯데하이마트 메가스토어마산역점,폐휴대폰,수거함 설치,경남 창원시 마산회원구 3.15대로 624 ,민팃ATM,무상
4630,롯데하이마트 부천중동점,폐휴대폰,수거함 설치,경기 부천시 길주로 255 ,민팃ATM,무상
4631,롯데하이마트 주안점,폐휴대폰,수거함 설치,인천 미추홀구 경원대로 757 ,민팃ATM,무상
4632,메가스토어 주엽점,폐휴대폰,수거함 설치,경기 고양시 일산서구 중앙로 1388 ,민팃ATM,무상
4633,동두천 롯데마트점,폐휴대폰,수거함 설치,경기 동두천시 평화로2169번길 21 ,민팃ATM,무상
4634,롯데하이마트 가락점,폐휴대폰,수거함 설치,서울 송파구 중대로 222 ,민팃ATM,무상
4635,롯데하이마트 검단점,폐휴대폰,수거함 설치,인천 서구 서곶로 778 ,민팃ATM,무상
4636,롯데하이마트 경기광주역점,폐휴대폰,수거함 설치,경기 광주시 포은대로 792 ,민팃ATM,무상
4637,롯데하이마트 경기광주점,폐휴대폰,수거함 설치,경기 광주시 이배재로 8 ,민팃ATM,무상
4638,롯데하이마트 고현점,폐휴대폰,수거함 설치,경남 거제시 고현로 134 ,민팃ATM,무상
4639,롯데하이마트 교동점,폐휴대폰,수거함 설치,강원 강릉시 교동 1742 ,민팃ATM,무상
4640,롯데하이마트 구성점,폐휴대폰,수거함 설치,경기 용인시 기흥구 용구대로 2444 ,민팃ATM,무상
4641,롯데하이마트 금오점,폐휴대폰,수거함 설치,경기 의정부시 금오로 12-23 ,민팃ATM,무상
4642,롯데하이마트 금촌점,폐휴대폰,수거함 설치,경기 파주시 중앙로 202 ,민팃ATM,무상
4643,롯데하이마트 김해내동점,폐휴대폰,수거함 설치,경남 김해시 구지로 36 ,민팃ATM,무상
4644,롯데하이마트 난곡점,폐휴대폰,수거함 설치,서울 금천구 남부순환로 1406 ,민팃ATM,무상
4645,롯데하이마트 남양점,폐휴대폰,수거함 설치,경기 화성시 남양읍 남양성지로 69 ,민팃ATM,무상
4646,롯데하이마트 남원점,폐휴대폰,수거함 설치,전북 남원시 의총로 91 ,민팃ATM,무상
4647,롯데하이마트 남천점,폐휴대폰,수거함 설치,부산 수영구 광남로 2 ,민팃ATM,무상
4648,롯데하이마트 내서점,폐휴대폰,수거함 설치,경남 창원시 마산회원구 내서읍 함마대로 2788 ,민팃ATM,무상
4649,롯데하이마트 단계점,폐휴대폰,수거함 설치,강원 원주시 북원로 2374 ,민팃ATM,무상
4650,롯데하이마트 당동점,폐휴대폰,수거함 설치,경기 군포시 군포로 547 ,민팃ATM,무상
4651,롯데하이마트 대연점,폐휴대폰,수거함 설치,부산 남구 수영로 182 ,민팃ATM,무상
4652,롯데하이마트 대전시청점,폐휴대폰,수거함 설치,대전 서구 둔산동 1421 ,민팃ATM,무상
4653,롯데하이마트 도계점,폐휴대폰,수거함 설치,경남 창원시 의창구 원이대로103번길 1 ,민팃ATM,무상
4654,롯데하이마트 도동점,폐휴대폰,수거함 설치,경남 진주시 대신로 284 ,민팃ATM,무상
4655,롯데하이마트 동광양점,폐휴대폰,수거함 설치,전남 광양시 중마중앙로 36 ,민팃ATM,무상
4656,롯데하이마트 동두천점,폐휴대폰,수거함 설치,경기 동두천시 평화로 2333 ,민팃ATM,무상
4657,롯데하이마트 명지점,폐휴대폰,수거함 설치,부산 강서구 명지국제9로 42 ,민팃ATM,무상
4658,롯데하이마트 모란점,폐휴대폰,수거함 설치,경기 성남시 중원구 둔촌대로 99 ,민팃ATM,무상
4659,롯데하이마트 목동점,폐휴대폰,수거함 설치,서울 양천구 등촌로 10 ,민팃ATM,무상
4660,롯데하이마트 미아사거리점,폐휴대폰,수거함 설치,서울 강북구 도봉로 10 ,민팃ATM,무상
4661,롯데하이마트 미아점,폐휴대폰,수거함 설치,서울 강북구 도봉로 147 ,민팃ATM,무상
4662,롯데하이마트 민락점,폐휴대폰,수거함 설치,경기 의정부시 천보로 73 ,민팃ATM,무상
4663,롯데하이마트 밀양점,폐휴대폰,수거함 설치,경남 밀양시 중앙로 442 ,민팃ATM,무상
4664,롯데하이마트 발안점,폐휴대폰,수거함 설치,경기 화성시 향남읍 장짐리 268-1 ,민팃ATM,무상
4665,롯데하이마트 병점점,폐휴대폰,수거함 설치,경기 화성시 효행로 991 ,민팃ATM,무상
4666,롯데하이마트 봉담점,폐휴대폰,수거함 설치,경기 화성시 봉담읍 효행로 306 ,민팃ATM,무상
4667,롯데하이마트 봉선점,폐휴대폰,수거함 설치,광주 남구 봉선로 56 ,민팃ATM,무상
4668,롯데하이마트 부산역점,폐휴대폰,수거함 설치,부산 중구 중앙대로 157 ,민팃ATM,무상
4669,롯데하이마트 부송점점,폐휴대폰,수거함 설치,전북 익산시 무왕로 1163 ,민팃ATM,무상
4670,롯데하이마트 부안점,폐휴대폰,수거함 설치,전북 부안군 석정로 247 ,민팃ATM,무상
4671,롯데하이마트 북변점,폐휴대폰,수거함 설치,김포시 김포대로 1121 ,민팃ATM,무상
4672,롯데하이마트 비산사거리점,폐휴대폰,수거함 설치,경기 안양시 동안구 경수대로 909 ,민팃ATM,무상
4673,롯데하이마트 삼선교점,폐휴대폰,수거함 설치,서울 성북구 동소문동3가 76 ,민팃ATM,무상
4674,롯데하이마트 상록수점,폐휴대폰,수거함 설치,경기 안산시 상록구 용신로 359 ,민팃ATM,무상
4675,롯데하이마트 상일IC점,폐휴대폰,수거함 설치,경기 안양시 동안구 경수대로 909 ,민팃ATM,무상
4676,롯데하이마트 석관점,폐휴대폰,수거함 설치,서울 성북구 한천로 573 ,민팃ATM,무상
4677,롯데하이마트 성남시청점,폐휴대폰,수거함 설치,경기 성남시 중원구 성남대로 981 ,민팃ATM,무상
4678,롯데하이마트 소사점,폐휴대폰,수거함 설치,경기 부천시 소사로 245 ,민팃ATM,무상
4679,롯데하이마트 송우점,폐휴대폰,수거함 설치,경기 포천시 소흘읍 솔모루로 26 ,민팃ATM,무상
4680,롯데하이마트 수완점,폐휴대폰,수거함 설치,광주 광산구 장신로 91 ,민팃ATM,무상
4681,롯데하이마트 수지점,폐휴대폰,수거함 설치,경기 용인시 수지구 포은대로 317 ,민팃ATM,무상
4682,롯데하이마트 수진점,폐휴대폰,수거함 설치,경기 성남시 수정구 산성대로 229 ,민팃ATM,무상
4683,롯데하이마트 신림점,폐휴대폰,수거함 설치,서울 관악구 봉천로 224 ,민팃ATM,무상
4684,롯데하이마트 안산터미널점,폐휴대폰,수거함 설치,경기 안산시 상록구 충장로 427 ,민팃ATM,무상
4685,롯데하이마트 양산점,폐휴대폰,수거함 설치,경남 양산시 서일동1길 16 ,민팃ATM,무상
4686,롯데하이마트 언양점,폐휴대폰,수거함 설치,울산 울주군 삼남읍 교동리 1597-10 ,민팃ATM,무상
4687,롯데하이마트 역곡점,폐휴대폰,수거함 설치,경기 부천시 경인로 535 ,민팃ATM,무상
4688,롯데하이마트 오리점,폐휴대폰,수거함 설치,경기 성남시 분당구 구미로 5 ,민팃ATM,무상
4689,롯데하이마트 오산세교점,폐휴대폰,수거함 설치,경기 오산시 경기대로 617 ,민팃ATM,무상
4690,롯데하이마트 옥정점,폐휴대폰,수거함 설치,경기 양주시 고덕로 357 ,민팃ATM,무상
4691,롯데하이마트 옥포점,폐휴대폰,수거함 설치,경남 거제시 거제대로 3710 ,민팃ATM,무상
4692,롯데하이마트 원성점,폐휴대폰,수거함 설치,충남 천안시 동남구 충절로 223 ,민팃ATM,무상
4693,롯데하이마트 의왕롯데마트점,폐휴대폰,수거함 설치,경기 의왕시 계원대학로 7 ,민팃ATM,무상
4694,롯데하이마트 의왕점,폐휴대폰,수거함 설치,경기 수원시 권선구 경수대로 365 ,민팃ATM,무상
4695,롯데하이마트 의정부점,폐휴대폰,수거함 설치,경기 의정부시 시민로 54 ,민팃ATM,무상
4696,롯데하이마트 잠실점,폐휴대폰,수거함 설치,서울 송파구 올림픽로 240 ,민팃ATM,무상
4697,롯데하이마트 정자사거리점,폐휴대폰,수거함 설치,경기 수원시 장안구 수성로 286 ,민팃ATM,무상
4698,롯데하이마트 제주점,폐휴대폰,수거함 설치,제주특별자치도 제주시 서사로 15 ,민팃ATM,무상
4699,롯데하이마트 종암점,폐휴대폰,수거함 설치,서울 성북구 종암로 114 ,민팃ATM,무상
4700,롯데하이마트 주월점,폐휴대폰,수거함 설치,광주 남구 금화로 403 ,민팃ATM,무상
4701,롯데하이마트 진접점,폐휴대폰,수거함 설치,경기 남양주시 진접읍 연평리 113-1 ,민팃ATM,무상
4702,롯데하이마트 진주성점,폐휴대폰,수거함 설치,경남 진주시 진양호로 518 ,민팃ATM,무상
4703,롯데하이마트 진해점,폐휴대폰,수거함 설치,경남 창원시 진해구 충장로 382 ,민팃ATM,무상
4704,롯데하이마트 창동점,폐휴대폰,수거함 설치,서울 도봉구 노해로 397 ,민팃ATM,무상
4705,롯데하이마트 천호역점,폐휴대폰,수거함 설치,서울 송파구 올림픽로 619 ,민팃ATM,무상
4706,롯데하이마트 청량리점,폐휴대폰,수거함 설치,서울 동대문구 왕산로 214 ,민팃ATM,무상
4707,롯데하이마트 충주연수점,폐휴대폰,수거함 설치,충북 충주시 계명대로 214 ,민팃ATM,무상
4708,롯데하이마트 평촌점,폐휴대폰,수거함 설치,경기 안양시 동안구 흥안대로 435 ,민팃ATM,무상
4709,롯데하이마트 평택점,폐휴대폰,수거함 설치,경기 평택시 서동대로 3887 ,민팃ATM,무상
4710,롯데하이마트 포천점,폐휴대폰,수거함 설치,경기 포천시 호국로 1411 ,민팃ATM,무상
4711,롯데하이마트 하당점,폐휴대폰,수거함 설치,전남 목포시 통일대로 32 ,민팃ATM,무상
4712,롯데하이마트 한강신도시점,폐휴대폰,수거함 설치,경기 김포시 김포한강1로 75 ,민팃ATM,무상
4713,롯데하이마트 화순점,폐휴대폰,수거함 설치,전남 화순군 화순읍 쌍충로66 ,민팃ATM,무상
4714,롯데하이마트 회룡역점,폐휴대폰,수거함 설치,경기 의정부시 평화로 394 ,민팃ATM,무상
4715,삼성스토어 센텀,폐휴대폰,수거함 설치,부산 해운대구 해운대로 207 ,민팃ATM,무상
4716,연수 롯데마트점,폐휴대폰,수거함 설치,인천 연수구 청능대로 87 ,민팃ATM,무상
4717,진장 롯데마트점,폐휴대폰,수거함 설치,울산 북구 진장유통로 64 ,민팃ATM,무상
4718,하미마트 판교롯데마트점,폐휴대폰,수거함 설치,경기 성남시 분당구 대왕판교로606번길 58 ,민팃ATM,무상
4719,롯데마트 검단점,폐휴대폰,수거함 설치,인천 서구 원당대로 581 ,민팃ATM,무상
4720,롯데마트 경기양평점,폐휴대폰,수거함 설치,경기 양평군 양평읍 남북로 76 ,민팃ATM,무상
4721,롯데마트 계양점,폐휴대폰,수거함 설치,인천 계양구 장제로 822 ,민팃ATM,무상
4722,롯데마트 고양점,폐휴대폰,수거함 설치,경기 고양시 덕양구 충장로 150 ,민팃ATM,무상
4723,롯데마트 광교점,폐휴대폰,수거함 설치,경기 수원시 영통구 이의동 1332 ,민팃ATM,무상
4724,롯데마트 군산점,폐휴대폰,수거함 설치,전북 군산시 수송로 185 ,민팃ATM,무상
4725,롯데마트 권선점,폐휴대폰,수거함 설치,경기 수원시 권선구 동수원로 232 ,민팃ATM,무상
4726,롯데마트 금천점,폐휴대폰,수거함 설치,서울 금천구 시흥대로 291 ,민팃ATM,무상
4727,롯데마트 김포공항점,폐휴대폰,수거함 설치,서울 강서구 하늘길 38 ,민팃ATM,무상
4728,롯데마트 김포한강점,폐휴대폰,수거함 설치,경기 김포시 김포한강2로 41 ,민팃ATM,무상
4729,롯데마트 나주점,폐휴대폰,수거함 설치,전남 나주시 내동길 15 ,민팃ATM,무상
4730,롯데마트 남악점,폐휴대폰,수거함 설치,전남 무안군 삼향읍 남악로162번길 80 ,민팃ATM,무상
4731,롯데마트 남원점,폐휴대폰,수거함 설치,전북 남원시 춘향로 96 ,민팃ATM,무상
4732,롯데마트 노은점,폐휴대폰,수거함 설치,대전 유성구 북유성대로 206 ,민팃ATM,무상
4733,롯데마트 당진점,폐휴대폰,수거함 설치,충남 당진시 정안로 20 ,민팃ATM,무상
4734,롯데마트 대덕점,폐휴대폰,수거함 설치,대전 유성구 테크노중앙로 14 ,민팃ATM,무상
4735,롯데마트 덕소점,폐휴대폰,수거함 설치,경기 남양주시 와부읍 덕소로97번길 33 ,민팃ATM,무상
4736,롯데마트 동두천점,폐휴대폰,수거함 설치,경기 동두천시 평화로2169번길 21 ,민팃ATM,무상
4737,롯데마트 롯데몰수지점,폐휴대폰,수거함 설치,경기 용인시 수지구 성복2로 38 ,민팃ATM,무상
4738,롯데마트 마석점,폐휴대폰,수거함 설치,경기 남양주시 화도읍 경춘로 1992 ,민팃ATM,무상
4739,롯데마트 부평역점,폐휴대폰,수거함 설치,인천 부평구 광장로 16 ,민팃ATM,무상
4740,롯데마트 부평점,폐휴대폰,수거함 설치,인천 부평구 마장로 296 ,민팃ATM,무상
4741,롯데마트 삼산점,폐휴대폰,수거함 설치,인천 부평구 길주로 623 ,민팃ATM,무상
4742,롯데마트 삼양점,폐휴대폰,수거함 설치,서울 강북구 삼양로 247 ,민팃ATM,무상
4743,롯데마트 상당점,폐휴대폰,수거함 설치,충북 청주시 상당구 용암북로160번길 60 ,민팃ATM,무상
4744,롯데마트 상록점,폐휴대폰,수거함 설치,경기 안산시 상록구 반석로 8 ,민팃ATM,무상
4745,롯데마트 서초점,폐휴대폰,수거함 설치,서울 서초구 서초대로38길 12 ,민팃ATM,무상
4746,롯데마트 석사점,폐휴대폰,수거함 설치,강원 춘천시 세실로 108 ,민팃ATM,무상
4747,롯데마트 선부점,폐휴대폰,수거함 설치,경기 안산시 단원구 달미로 64 ,민팃ATM,무상
4748,롯데마트 송도점,폐휴대폰,수거함 설치,인천 연수구 송도동 6-11 ,민팃ATM,무상
4749,롯데마트 송파점,폐휴대폰,수거함 설치,서울 송파구 중대로 80 ,민팃ATM,무상
4750,롯데마트 수원점,폐휴대폰,수거함 설치,경기 수원시 권선구 세화로 134 ,민팃ATM,무상
4751,롯데마트 시화점,폐휴대폰,수거함 설치,경기 시흥시 마유로 238번길 26 ,민팃ATM,무상
4752,롯데마트 시흥배곧점,폐휴대폰,수거함 설치,경기 시흥시 서울대학로 278번길 67 ,민팃ATM,무상
4753,롯데마트 시흥점,폐휴대폰,수거함 설치,경기 시흥시 비둘기공원로 28 ,민팃ATM,무상
4754,롯데마트 신갈점,폐휴대폰,수거함 설치,경기 용인시 기흥구 신갈동 62 ,민팃ATM,무상
4755,롯데마트 안산점,폐휴대폰,수거함 설치,경기 안산시 상록구 충장로 427 ,민팃ATM,무상
4756,롯데마트 안성점,폐휴대폰,수거함 설치,경기 안성시 공도읍 서동대로 4478 ,민팃ATM,무상
4757,롯데마트 양평점,폐휴대폰,수거함 설치,서울 영등포구 선유로 138 ,민팃ATM,무상
4758,롯데마트 연수점,폐휴대폰,수거함 설치,인천 연수구 청능대로 87 ,민팃ATM,무상
4759,롯데마트 영종도점,폐휴대폰,수거함 설치,인천 중구 흰바위로 51 ,민팃ATM,무상
4760,롯데마트 영통점,폐휴대폰,수거함 설치,경기 수원시 영통구 봉영로 1579 ,민팃ATM,무상
4761,롯데마트 오산점,폐휴대폰,수거함 설치,경기 오산시 경기대로 271 ,민팃ATM,무상
4762,롯데마트 원주점,폐휴대폰,수거함 설치,강원 원주시 봉화로 1 ,민팃ATM,무상
4763,롯데마트 월드타워점,폐휴대폰,수거함 설치,서울 송파구 올림픽로 300 ,민팃ATM,무상
4764,롯데마트 은평점,폐휴대폰,수거함 설치,서울 은평구 통일로 1050 ,민팃ATM,무상
4765,롯데마트 의왕점,폐휴대폰,수거함 설치,경기 의왕시 계원대학로 7 ,민팃ATM,무상
4766,롯데마트 이천점,폐휴대폰,수거함 설치,경기 이천시 안흥동 474 ,민팃ATM,무상
4767,롯데마트 인천터미널점,폐휴대폰,수거함 설치,인천 미추홀구 연남로 35 ,민팃ATM,무상
4768,롯데마트 잠실점,폐휴대폰,수거함 설치,서울 송파구 올림픽로 240 ,민팃ATM,무상
4769,롯데마트 장암점,폐휴대폰,수거함 설치,경기 의정부시 장곡로 224 ,민팃ATM,무상
4770,롯데마트 주엽점,폐휴대폰,수거함 설치,경기 고양시 일산서구 중앙로 1496 ,민팃ATM,무상
4771,롯데마트 중계점,폐휴대폰,수거함 설치,서울 노원구 노원로 330 ,민팃ATM,무상
4772,롯데마트 청라점,폐휴대폰,수거함 설치,인천 서구 청라커낼로 252 ,민팃ATM,무상
4773,롯데마트 춘천점,폐휴대폰,수거함 설치,강원 춘천시 방송길 84 ,민팃ATM,무상
4774,롯데마트 평촌점,폐휴대폰,수거함 설치,경기 안양시 동안구 시민대로160번길 20 ,민팃ATM,무상
4775,롯데마트 평택점,폐휴대폰,수거함 설치,경기 평택시 평택5로 30 ,민팃ATM,무상
4776,롯데마트 행당역점,폐휴대폰,수거함 설치,서울 성동구 행당로 82 ,민팃ATM,무상
4777,롯데마트 화정점,폐휴대폰,수거함 설치,경기 고양시 덕양구 화중로 66 ,민팃ATM,무상
4778,롯데하이마트 광교아울렛점,폐휴대폰,수거함 설치,경기 수원시 영통구 도청로 10 ,민팃ATM,무상
4779,롯데하이마트 구리역점,폐휴대폰,수거함 설치,경기 구리시 동구릉로148번길 33 ,민팃ATM,무상
4780,롯데하이마트 동인천점,폐휴대폰,수거함 설치,인천 중구 인중로 129 ,민팃ATM,무상
4781,롯데하이마트 동탄점,폐휴대폰,수거함 설치,경기 화성시 삼성1로 134 ,민팃ATM,무상
4782,롯데하이마트 만수점,폐휴대폰,수거함 설치,인천 남동구 백범로 190 ,민팃ATM,무상
4783,롯데하이마트 부평점,폐휴대폰,수거함 설치,인천 부평구 부흥로 277 ,민팃ATM,무상
4784,롯데하이마트 북수원점,폐휴대폰,수거함 설치,경기 수원시 장안구 경수대로1008번길 4 ,민팃ATM,무상
4785,롯데하이마트 산본점,폐휴대폰,수거함 설치,경기 군포시 고산로 714 ,민팃ATM,무상
4786,롯데하이마트 산수점,폐휴대폰,수거함 설치,광주 동구 필문대로 118 ,민팃ATM,무상
4787,롯데하이마트 삼화점,폐휴대폰,수거함 설치,제주 연삼로 888 ,민팃ATM,무상
4788,롯데하이마트 서곡점,폐휴대폰,수거함 설치,전북 전주시 완산구 온고을로 202 ,민팃ATM,무상
4789,롯데하이마트 시흥롯데마트점,폐휴대폰,수거함 설치,경기 시흥시 비둘기공원로 28 ,민팃ATM,무상
4790,롯데하이마트 신길점,폐휴대폰,수거함 설치,서울 영등포구 신길로 141 ,민팃ATM,무상
4791,롯데하이마트 신방점,폐휴대폰,수거함 설치,충남 천안시 동남구 남부대로 92 ,민팃ATM,무상
4792,롯데하이마트 신정점,폐휴대폰,수거함 설치,울산 남구 중앙로 147 ,민팃ATM,무상
4793,롯데하이마트 은평점,폐휴대폰,수거함 설치,서울 은평구 은평로 148 ,민팃ATM,무상
4794,롯데하이마트 인천교점,폐휴대폰,수거함 설치,인천 동구 봉수대로 77 ,민팃ATM,무상
4795,롯데하이마트 인천삼산점,폐휴대폰,수거함 설치,인천 부평구 장제로 349 ,민팃ATM,무상
4796,롯데하이마트 작전점,폐휴대폰,수거함 설치,인천 계양구 계양대로 15 ,민팃ATM,무상
4797,롯데하이마트 장림점,폐휴대폰,수거함 설치,부산 사하구 다대로 213 ,민팃ATM,무상
4798,롯데하이마트 정관점,폐휴대폰,수거함 설치,부산 기장군 정관읍 정관6로 45 ,민팃ATM,무상
4799,롯데하이마트 정왕역점,폐휴대폰,수거함 설치,경기 시흥시 정왕신길로 193 ,민팃ATM,무상
4800,롯데하이마트 중계롯데마트점,폐휴대폰,수거함 설치,서울 노원구 노원로 330 ,민팃ATM,무상
4801,롯데하이마트 하남미사점,폐휴대폰,수거함 설치,경기 하남시 미사대로 480 ,민팃ATM,무상
4802,롯데하이마트 호계점,폐휴대폰,수거함 설치,울산 북구 신답로 21 ,민팃ATM,무상
4803,롯데하이마트 홍대입구역점,폐휴대폰,수거함 설치,서울 마포구 양화로 123 ,민팃ATM,무상
4804,ACT대리점 청학리점,폐휴대폰,수거함 설치,경기 남양주시 별내면 청학로 94 ,민팃ATM,무상
4805,ACT대리점 행신본점,폐휴대폰,수거함 설치,경기 고양시 덕양구 서정마을1로 20-10 ,민팃ATM,무상
4806,CD대리점 마포점,폐휴대폰,수거함 설치,서울 마포구 큰우물로 53 ,민팃ATM,무상
4807,MD대리점 김포장기직영점,폐휴대폰,수거함 설치,경기 김포시 김포한강4로 117 ,민팃ATM,무상
4808,T센터 수도권1 T-Place 보신각점,폐휴대폰,수거함 설치,서울 종로구 우정국로 6 ,민팃ATM,무상
4809,㈜블루스카이프리미엄샵,폐휴대폰,수거함 설치,대구시 달서구 진천로 73 ,민팃ATM,무상
4810,가능대리점 판교직영점,폐휴대폰,수거함 설치,경기 성남시 분당구 대왕판교로606번길 31 ,민팃ATM,무상
4811,가로수대리점 가로수점,폐휴대폰,수거함 설치,서울 강남구 강남대로156길 46 ,민팃ATM,무상
4812,대광대리점 운남점,폐휴대폰,수거함 설치,광주 광산구 임방울대로 142-10 ,민팃ATM,무상
4813,대교대리점 상동점,폐휴대폰,수거함 설치,경기 부천시 송내대로265번길 85 ,민팃ATM,무상
4814,대교대리점 평촌학원가점,폐휴대폰,수거함 설치,경기 안양시 동안구 평촌대로 136 ,민팃ATM,무상
4815,더블유대리점 강촌직영점,폐휴대폰,수거함 설치,대구 동구 화랑로80길 11 ,민팃ATM,무상
4816,동진대리점 화곡직영점,폐휴대폰,수거함 설치,"서울 강서구 화곡로13길 151 (화곡동, 패밀리마트) 103호, 104호",민팃ATM,무상
4817,롯데마트 거제점,폐휴대폰,수거함 설치,경남 거제시 서간도길 9-9 ,민팃ATM,무상
4818,롯데마트 광복점,폐휴대폰,수거함 설치,부산 중구 중앙대로 2 ,민팃ATM,무상
4819,롯데마트 구미점,폐휴대폰,수거함 설치,경북 구미시 구미대로22길 11 ,민팃ATM,무상
4820,롯데마트 김천점,폐휴대폰,수거함 설치,경북 김천시 시청로 80 ,민팃ATM,무상
4821,롯데마트 김해점,폐휴대폰,수거함 설치,경남 김해시 김해대로 2330 ,민팃ATM,무상
4822,롯데마트 대구율하점,폐휴대폰,수거함 설치,대구 동구 안심로 80 ,민팃ATM,무상
4823,롯데마트 동래점,폐휴대폰,수거함 설치,부산 동래구 중앙대로 1393 ,민팃ATM,무상
4824,롯데마트 동부산점,폐휴대폰,수거함 설치,부산 기장군 기장읍 기장해안로 147 ,민팃ATM,무상
4825,롯데마트 마산점,폐휴대폰,수거함 설치,경남 창원시 마산합포구 신마산시장길 33 ,민팃ATM,무상
4826,롯데마트 부산점,폐휴대폰,수거함 설치,부산 부산진구 신천대로 241 ,민팃ATM,무상
4827,롯데마트 사상점,폐휴대폰,수거함 설치,부산 사상구 낙동대로 733 ,민팃ATM,무상
4828,롯데마트 사하점,폐휴대폰,수거함 설치,부산 사하구 을숙도대로 610 ,민팃ATM,무상
4829,롯데마트 삼계점,폐휴대폰,수거함 설치,경남 창원시 마산회원구 내서읍 경남대로 927 ,민팃ATM,무상
4830,롯데마트 상무점,폐휴대폰,수거함 설치,광주 서구 시청로 40 ,민팃ATM,무상
4831,롯데마트 서대전점,폐휴대폰,수거함 설치,대전 유성구 유성대로 26-37 ,민팃ATM,무상
4832,롯데마트 서산점,폐휴대폰,수거함 설치,충남 서산시 충의로 27 ,민팃ATM,무상
4833,롯데마트 서청주점,폐휴대폰,수거함 설치,충북 청주시 흥덕구 2순환로 1004 ,민팃ATM,무상
4834,롯데마트 성정점,폐휴대폰,수거함 설치,충남 천안시 서북구 성정두정로 1 ,민팃ATM,무상
4835,롯데마트 송천점,폐휴대폰,수거함 설치,전북 전주시 덕진구 송천중앙로 82 ,민팃ATM,무상
4836,롯데마트 수완점,폐휴대폰,수거함 설치,광주 광산구 장신로 98 ,민팃ATM,무상
4837,롯데마트 시티세븐점,폐휴대폰,수거함 설치,경남 창원시 성산구 원이대로 320 ,민팃ATM,무상
4838,롯데마트 아산터미널점,폐휴대폰,수거함 설치,충남 아산시 번영로 225 ,민팃ATM,무상
4839,롯데마트 양덕점,폐휴대폰,수거함 설치,경남 창원시 마산회원구 삼호로 80 ,민팃ATM,무상
4840,롯데마트 여수점,폐휴대폰,수거함 설치,전남 여수시 국포1로 36 ,민팃ATM,무상
4841,롯데마트 여천점,폐휴대폰,수거함 설치,전남 여수시 무선로 187 ,민팃ATM,무상
4842,롯데마트 울산점,폐휴대폰,수거함 설치,울산 남구 삼산로 74 ,민팃ATM,무상
4843,롯데마트 웅상점,폐휴대폰,수거함 설치,경남 양산시 삼호1길 34 ,민팃ATM,무상
4844,롯데마트 월드컵점,폐휴대폰,수거함 설치,광주 서구 금화로 240 ,민팃ATM,무상
4845,롯데마트 익산점,폐휴대폰,수거함 설치,전북 익산시 무왕로 1053 ,민팃ATM,무상
4846,롯데마트 장유점,폐휴대폰,수거함 설치,경남 김해시 번화1로56번길 15 ,민팃ATM,무상
4847,롯데마트 제천점,폐휴대폰,수거함 설치,충북 제천시 용두대로 111 ,민팃ATM,무상
4848,롯데마트 진장점,폐휴대폰,수거함 설치,울산 북구 진장 유통로64 ,민팃ATM,무상
4849,롯데마트 진주점,폐휴대폰,수거함 설치,경남 진주시 동진로 440 ,민팃ATM,무상
4850,롯데마트 진해점,폐휴대폰,수거함 설치,경남 창원시 진해구 진해대로 762 ,민팃ATM,무상
4851,롯데마트 창원중앙점,폐휴대폰,수거함 설치,경남 창원시 성산구 중앙대로 123 ,민팃ATM,무상
4852,롯데마트 천천점,폐휴대폰,수거함 설치,경기 수원시 장안구 만석로19번길 25-10 ,민팃ATM,무상
4853,롯데마트 첨단점,폐휴대폰,수거함 설치,광주 광산구 첨단강변로99번길 22 ,민팃ATM,무상
4854,롯데마트 청량리점,폐휴대폰,수거함 설치,서울 동대문구 왕산로 214 ,민팃ATM,무상
4855,롯데마트 청주점,폐휴대폰,수거함 설치,충북 청주시 흥덕구 풍산로 15 ,민팃ATM,무상
4856,롯데마트 통영점,폐휴대폰,수거함 설치,경남 통영시 무전대로 65 ,민팃ATM,무상
4857,롯데마트 포항점,폐휴대폰,수거함 설치,경북 포항시 남구 지곡로 237 ,민팃ATM,무상
4858,롯데마트 홍성점,폐휴대폰,수거함 설치,충남 홍성군 홍성읍 조양로247번길 9 ,민팃ATM,무상
4859,롯데마트 화명점,폐휴대폰,수거함 설치,부산 북구 화명대로 47 ,민팃ATM,무상
4860,만평신월성점,폐휴대폰,수거함 설치,대구 달서구 조암로 4 ,민팃ATM,무상
4861,무등대리점 금호프리미엄점,폐휴대폰,수거함 설치,광주 서구 운천로 9 ,민팃ATM,무상
4862,미소대리점(본점),폐휴대폰,수거함 설치,경기 안산시 단원구 광덕대로 174 ,민팃ATM,무상
4863,범교대리점 증산점,폐휴대폰,수거함 설치,서울 은평구 수색로 195 ,민팃ATM,무상
4864,봉이텔레콤,폐휴대폰,수거함 설치,광주 북구 호동로 4-1 ,민팃ATM,무상
4865,빅마켓 금천점,폐휴대폰,수거함 설치,서울 금천구 두산로 71 ,민팃ATM,무상
4866,빅마켓 영등포점,폐휴대폰,수거함 설치,서울 영등포구 영중로125 ,민팃ATM,무상
4867,새서울대리점 가로수직영점,폐휴대폰,수거함 설치,서울 강남구 도산대로 123 ,민팃ATM,무상
4868,언니텔레콤,폐휴대폰,수거함 설치,인천 부평구 주부토로 231 ,민팃ATM,무상
4869,에코모바일 양덕점,폐휴대폰,수거함 설치,경북 포항시 북구 천마로 72 ,민팃ATM,무상
4870,옴니몰,폐휴대폰,수거함 설치,경남 양산시 물금읍 새실로 38 ,민팃ATM,무상
4871,우일대리점 남창원점,폐휴대폰,수거함 설치,경남 창원시 성산구 가음동 47-2번지 ,민팃ATM,무상
4872,울림터대리점 건대이마트점,폐휴대폰,수거함 설치,서울 광진구 자양동 227-7번지 ,민팃ATM,무상
4873,원이텔레콤,폐휴대폰,수거함 설치,부산 강서구 명지국제11로 56 ,민팃ATM,무상
4874,정릉대리점 본점,폐휴대폰,수거함 설치,서울 성북구 보국문로 24 ,민팃ATM,무상
4875,조앤 시청로점,폐휴대폰,수거함 설치,강원 원주시 만대공원길 1 ,민팃ATM,무상
4876,조은모바일,폐휴대폰,수거함 설치,부산 기장군 정관읍 정관로 578 ,민팃ATM,무상
4877,지원모바일,폐휴대폰,수거함 설치,충북 청주시 서원구 창직로 97 ,민팃ATM,무상
4878,참스타대리점 블루나인점,폐휴대폰,수거함 설치,서울 강서구 양천로 583 ,민팃ATM,무상
4879,큰사랑대리점 본점,폐휴대폰,수거함 설치,서울 강남구 테헤란로 128 ,민팃ATM,무상
4880,큰사랑대리점 하남직영점,폐휴대폰,수거함 설치,경기 하남시 대청로 13 ,민팃ATM,무상
4881,트롤대리점 타임월드점,폐휴대폰,수거함 설치,대전 서구 둔산로 20 ,민팃ATM,무상
4882,프리스비 본점,폐휴대폰,수거함 설치,서울 중구 동호로 180 ,민팃ATM,무상
4883,피앤피 동탄호수공원점,폐휴대폰,수거함 설치,경기 화성시 동탄순환대로 263 ,민팃ATM,무상
4884,하이어모바일,폐휴대폰,수거함 설치,부산 동래구 중앙대로 1523 ,민팃ATM,무상
4885,훈스마트텔레콤,폐휴대폰,수거함 설치,대구 달서구 진천로 77 ,민팃ATM,무상
4886,ACT대리점 원당점,폐휴대폰,수거함 설치,경기 고양시 덕양구 호국로 859 ,민팃ATM,무상
4887,MD대리점 시흥직영점,폐휴대폰,수거함 설치,서울 금천구 금하로 630 ,민팃ATM,무상
4888,PS&M (군산점),폐휴대폰,수거함 설치,전북 군산시 월명로 255 ,민팃ATM,무상
4889,PS&M (수완장덕점),폐휴대폰,수거함 설치,광주 광산구 수완동 풍영로 214 ,민팃ATM,무상
4890,T센터 수도권2 T센터 대치점,폐휴대폰,수거함 설치,서울 강남구 도곡로 462 ,민팃ATM,무상
4891,가로수직영SHOP 아현점,폐휴대폰,수거함 설치,서울 마포구 굴레방로 17 ,민팃ATM,무상
4892,강남스타대리점 역삼역직영점,폐휴대폰,수거함 설치,서울 강남구 논현로 511 ,민팃ATM,무상
4893,강남팀 강남PT 신대방삼거리직영점,폐휴대폰,수거함 설치,서울 동작구 상도로 82 ,민팃ATM,무상
4894,강동팀 강동PT 미금역점,폐휴대폰,수거함 설치,경기 성남시 분당구 돌마로 85 ,민팃ATM,무상
4895,강북직영SHOP 합정직영점,폐휴대폰,수거함 설치,서울 마포구 독막로 11 ,민팃ATM,무상
4896,개봉대리점 본점,폐휴대폰,수거함 설치,서울 구로구 개봉로6길 12-8 ,민팃ATM,무상
4897,곤지암대리점 본점,폐휴대폰,수거함 설치,경기 광주시 곤지암읍 곤지암로 35 ,민팃ATM,무상
4898,곤지암대리점 초월점,폐휴대폰,수거함 설치,경기 광주시 초월읍 경충대로 1252 ,민팃ATM,무상
4899,광주인천상사대리점 첨단3호점,폐휴대폰,수거함 설치,광주 광산구 첨단중앙로 104 ,민팃ATM,무상
4900,구미남부대리점 베스트직영점,폐휴대폰,수거함 설치,경북 구미시 구미중앙로 75 ,민팃ATM,무상
4901,글로벌대리점 호매실직영점,폐휴대폰,수거함 설치,경기 수원시 권선구 금곡로 106 ,민팃ATM,무상
4902,나은 중마점,폐휴대폰,수거함 설치,전남 광양시 중마중앙로 61 ,민팃ATM,무상
4903,나은대리점 본점,폐휴대폰,수거함 설치,전남 광양시 광양읍 인덕로 1021 ,민팃ATM,무상
4904,다솔대리점 중리점,폐휴대폰,수거함 설치,대전 대덕구 계족산로 17 ,민팃ATM,무상
4905,다솔대리점 홍도점,폐휴대폰,수거함 설치,대전 동구 동산초교로22번길 5 ,민팃ATM,무상
4906,다울대리점 율하직영점,폐휴대폰,수거함 설치,경남 김해시 장유면 율하3로 53 ,민팃ATM,무상
4907,대교대리점 하안점,폐휴대폰,수거함 설치,경기 광명시 범안로 1055 ,민팃ATM,무상
4908,대구가야대리점 감삼 본점,폐휴대폰,수거함 설치,대구 달서구 달구벌대로 1670 ,민팃ATM,무상
4909,동대전대리점 본점,폐휴대폰,수거함 설치,대전 동구 옥천로 187 ,민팃ATM,무상
4910,동원대리점 부원점,폐휴대폰,수거함 설치,경남 김해시 호계로438번길 10 ,민팃ATM,무상
4911,동이대리점 옥계직영점,폐휴대폰,수거함 설치,경북 구미시 산호대로35길 17 ,민팃ATM,무상
4912,동행대리점 대명점,폐휴대폰,수거함 설치,대구 남구 대명로 56 ,민팃ATM,무상
4913,등촌대리점 본점,폐휴대폰,수거함 설치,서울 양천구 등촌로 224 ,민팃ATM,무상
4914,레이스대리점대리점 율하점,폐휴대폰,수거함 설치,경남 김해시 율하3로 37 ,민팃ATM,무상
4915,메트로대리점 경산점,폐휴대폰,수거함 설치,경북 경산시 대학로 23 ,민팃ATM,무상
4916,모노대리점 안성대천점,폐휴대폰,수거함 설치,경기 안성시 안성맞춤대로 1061 ,민팃ATM,무상
4917,모노대리점 안성점,폐휴대폰,수거함 설치,경기 안성시 중앙로 362 ,민팃ATM,무상
4918,미소대리점 고현플러스점,폐휴대폰,수거함 설치,경남 거제시 거제중앙로 1893 ,민팃ATM,무상
4919,미소대리점 삼계점,폐휴대폰,수거함 설치,경남 김해시 삼계중앙로 54 ,민팃ATM,무상
4920,미소대리점 수월점,폐휴대폰,수거함 설치,경남 거제시 수양로 462 ,민팃ATM,무상
4921,미소대리점 아주점,폐휴대폰,수거함 설치,경남 거제시 아주1로2길 34 ,민팃ATM,무상
4922,백두대간대리점 광명직영점,폐휴대폰,수거함 설치,경기 광명시 광명로 929 ,민팃ATM,무상
4923,백마장대리점 대치직영점,폐휴대폰,수거함 설치,서울 강남구 남부순환로 2911 ,민팃ATM,무상
4924,백마장대리점 연희직영점,폐휴대폰,수거함 설치,인천 서구 서곶로 345 ,민팃ATM,무상
4925,부산신평대리점 본점,폐휴대폰,수거함 설치,부산 사하구 하신번영로 165 ,민팃ATM,무상
4926,부천팀 부천PT 소하점,폐휴대폰,수거함 설치,경기 광명시 소하로 77 ,민팃ATM,무상
4927,새김해대리점 본점,폐휴대폰,수거함 설치,경남 김해시 가락로 259 ,민팃ATM,무상
4928,서대구팀 서대구PT 대곡역점,폐휴대폰,수거함 설치,대구 달서구 대곡동 32-2번지 ,민팃ATM,무상
4929,서울ent대리점 산본점,폐휴대폰,수거함 설치,경기 군포시 산본로323번길 16-30 ,민팃ATM,무상
4930,선린대리점 광교중앙점,폐휴대폰,수거함 설치,경기 수원시 영통구 광교중앙로 145 ,민팃ATM,무상
4931,세하대리점 세하소호점,폐휴대폰,수거함 설치,경기 광명시 소하로 86 ,민팃ATM,무상
4932,세화대리점 장자대로점,폐휴대폰,수거함 설치,경기 구리시 장자대로 78 ,민팃ATM,무상
4933,수원팀 수원PT 구운점,폐휴대폰,수거함 설치,경기 수원시 권선구 금호로 221 ,민팃ATM,무상
4934,수원팀 수원PT 호매실점,폐휴대폰,수거함 설치,경기 수원시 권선구 금곡로 204 ,민팃ATM,무상
4935,스카이대리점대리점 신가3호점,폐휴대폰,수거함 설치,광주 광산구 수등로 251 ,민팃ATM,무상
4936,신창대리점 본점,폐휴대폰,수거함 설치,서울 도봉구 덕릉로 248-1 ,민팃ATM,무상
4937,심곡대리점 본점,폐휴대폰,수거함 설치,경기 부천시 원미구 부일로 497 ,민팃ATM,무상
4938,아이티모바일대리점 본점,폐휴대폰,수거함 설치,강원 원주시 원일로 225 ,민팃ATM,무상
4939,아이티모바일대리점 수원탑동점,폐휴대폰,수거함 설치,경기 수원시 권선구 금호로 222 ,민팃ATM,무상
4940,안중대리점 본점,폐휴대폰,수거함 설치,경기 평택시 안중읍 안중로18번길 64 ,민팃ATM,무상
4941,알파대리점 갈매역직영점,폐휴대폰,수거함 설치,경기 구리시 갈매동 596 ,민팃ATM,무상
4942,알파대리점 다산점,폐휴대폰,수거함 설치,경기 남양주시 다산중앙로 119 ,민팃ATM,무상
4943,알파대리점 다산지금지구점,폐휴대폰,수거함 설치,경기 남양주시 다산지금로 142 ,민팃ATM,무상
4944,에스알대리점 지행역점,폐휴대폰,수거함 설치,경기 동두천시 지행로 61 ,민팃ATM,무상
4945,영신대리점 본점,폐휴대폰,수거함 설치,서울 영등포구 도신로 235 ,민팃ATM,무상
4946,와이즈대리점 연수로데오점,폐휴대폰,수거함 설치,인천 연수구 용담로 136 ,민팃ATM,무상
4947,우리대리점 본점,폐휴대폰,수거함 설치,전남 여수시 흥국로 57 ,민팃ATM,무상
4948,우인대리점 과천청사점,폐휴대폰,수거함 설치,경기 과천시 별양상가로 7 ,민팃ATM,무상
4949,원주이동통신대리점 KTI 이동통신점,폐휴대폰,수거함 설치,강원 영월군 영월읍 하송로 48 ,민팃ATM,무상
4950,유원대리점 목동41타워점,폐휴대폰,수거함 설치,서울 양천구 목동동로 293 ,민팃ATM,무상
4951,인천중구대리점 소사직영점,폐휴대폰,수거함 설치,경기 부천시 소사구 경인로 74 ,민팃ATM,무상
4952,정원대리점 덕계점,폐휴대폰,수거함 설치,경기 양주시 평화로 1444 ,민팃ATM,무상
4953,제이스대리점 본점,폐휴대폰,수거함 설치,경기 평택시 중앙2로 8 ,민팃ATM,무상
4954,제이에스대리점 북삼송직영점,폐휴대폰,수거함 설치,경기 고양시 덕양구 권율대로 899 ,민팃ATM,무상
4955,조앤 무실점(본점),폐휴대폰,수거함 설치,강원 원주시 능라동길 51 ,민팃ATM,무상
4956,지우대리점 본점,폐휴대폰,수거함 설치,경기 구리시 검배로 37 ,민팃ATM,무상
4957,지은대리점 산본직영점,폐휴대폰,수거함 설치,경기 군포시 산본로323번길 16-25 ,민팃ATM,무상
4958,지은대리점 한세대직영점,폐휴대폰,수거함 설치,경기 군포시 고산로211번길 26 ,민팃ATM,무상
4959,참스타대리점 봉천현대시장점,폐휴대폰,수거함 설치,서울 관악구 은천로 110 ,민팃ATM,무상
4960,참스타대리점 중동직영점,폐휴대폰,수거함 설치,경기 부천시 길주로 246 ,민팃ATM,무상
4961,천연대리점 본점,폐휴대폰,수거함 설치,경북 영천시 망정1길 15 ,민팃ATM,무상
4962,철원동송대리점 본점,폐휴대폰,수거함 설치,강원 철원군 동송읍 금학로 237 ,민팃ATM,무상
4963,투마이스대리점 본점,폐휴대폰,수거함 설치,경기 군포시 광정로 68 ,민팃ATM,무상
4964,피앤씨홀딩스 태왕 본점,폐휴대폰,수거함 설치,서울 성북구 화랑로11길 13 ,민팃ATM,무상
4965,하이원대리점 김해점,폐휴대폰,수거함 설치,경남 김해시 삼문로 22 ,민팃ATM,무상
4966,한백대리점 김해외동TPS점,폐휴대폰,수거함 설치,경남 김해시 외동 1253-1번지 ,민팃ATM,무상
4967,ACT대리점 로데오점,폐휴대폰,수거함 설치,경기 의정부시 행복로 27 ,민팃ATM,무상
4968,ACT대리점 이백호점,폐휴대폰,수거함 설치,경기 의정부시 태평로 99 ,민팃ATM,무상
4969,ACT대리점 진접점,폐휴대폰,수거함 설치,경기 남양주시 진접읍 해밀예당3로 182 ,민팃ATM,무상
4970,ACT대리점 호원점,폐휴대폰,수거함 설치,경기 의정부시 평화로 220 ,민팃ATM,무상
4971,ACT대리점 회룡본점,폐휴대폰,수거함 설치,경기 의정부시 외미로 94 ,민팃ATM,무상
4972,BK대리점 합정역 본점,폐휴대폰,수거함 설치,서울 마포구 양화로 54 ,민팃ATM,무상
4973,KB대리점 시청점,폐휴대폰,수거함 설치,울산 남구 돋질로 81 ,민팃ATM,무상
4974,MD대리점 부천상동직영점,폐휴대폰,수거함 설치,경기 부천시 원미구 상동로 90 ,민팃ATM,무상
4975,MD대리점 화정 직영점,폐휴대폰,수거함 설치,경기 고양시 덕양구 화신로260번길 41 ,민팃ATM,무상
4976,OK대리점 사천점,폐휴대폰,수거함 설치,경남 사천시 사천읍 평화1길 23-2 ,민팃ATM,무상
4977,PS&M (둔산본점),폐휴대폰,수거함 설치,대전 서구 둔산로 125 ,민팃ATM,무상
4978,T센터 대구 T센터 형곡행복직영점,폐휴대폰,수거함 설치,경북 구미시 형곡동 171-11번지 ,민팃ATM,무상
4979,T센터 수도권2 T센터 영통점,폐휴대폰,수거함 설치,경기 수원시 영통구 봉영로 1590 ,민팃ATM,무상
4980,T센터 수도권3 T센터 대림글로벌점,폐휴대폰,수거함 설치,서울 구로구 도림로 73 ,민팃ATM,무상
4981,T센터 수도권3 T센터 상동역점,폐휴대폰,수거함 설치,경기 부천시 원미구 상동로 87 ,민팃ATM,무상
4982,T센터 수도권4 T센터 홍대입구,폐휴대폰,수거함 설치,서울 마포구 어울마당로 120 ,민팃ATM,무상
4983,T센터 수도권4 T센터 화정직영점,폐휴대폰,수거함 설치,경기 고양시 덕양구 화신로272번길 52 ,민팃ATM,무상
4984,가능대리점 일산직영점,폐휴대폰,수거함 설치,경기 고양시 일산동구 무궁화로 32-12 ,민팃ATM,무상
4985,가로수직영SHOP 성산점,폐휴대폰,수거함 설치,서울 마포구 월드컵로 106 ,민팃ATM,무상
4986,강남스타대리점 선릉역점,폐휴대폰,수거함 설치,서울 강남구 선릉로 431 ,민팃ATM,무상
4987,강남스타대리점 선정릉역점,폐휴대폰,수거함 설치,서울 강남구 봉은사로 415 ,민팃ATM,무상
4988,강동대리점 태장직영점,폐휴대폰,수거함 설치,강원 원주시 흥양로 48-1 ,민팃ATM,무상
4989,강동팀 강동PT 분당수내점,폐휴대폰,수거함 설치,경기 성남시 분당구 백현로101번길 23 ,민팃ATM,무상
4990,강서팀 강서PT 가산디지털점,폐휴대폰,수거함 설치,서울 금천구 벚꽃로 286 ,민팃ATM,무상
4991,강서팀 강서PT 신도림점,폐휴대폰,수거함 설치,서울 구로구 경인로 661 ,민팃ATM,무상
4992,경남창녕대리점 본점,폐휴대폰,수거함 설치,경남 창녕군 창녕읍 창녕대로 75 ,민팃ATM,무상
4993,경남팀 경남PT 진영직영점,폐휴대폰,수거함 설치,경남 김해시 진영읍 장등로 11 ,민팃ATM,무상
4994,광주인천상사대리점 1가점,폐휴대폰,수거함 설치,광주 동구 금남로 242-1 ,민팃ATM,무상
4995,구미동부대리점 본점,폐휴대폰,수거함 설치,경북 구미시 야은로 765 ,민팃ATM,무상
4996,근흥대리점 거모직영점,폐휴대폰,수거함 설치,경기 시흥시 한우물로 1 ,민팃ATM,무상
4997,금호대리점 신도시2호점,폐휴대폰,수거함 설치,경남 양산시 양산역6길 22 ,민팃ATM,무상
4998,남선대리점 진월점,폐휴대폰,수거함 설치,광주 남구 서문대로701번길 2 ,민팃ATM,무상
4999,남선대리점 학동점,폐휴대폰,수거함 설치,광주 동구 남문로 699 ,민팃ATM,무상
5000,남양주대리점 남양주진건직영점,폐휴대폰,수거함 설치,경기 남양주시 진건읍 사릉로 408 ,민팃ATM,무상
5001,남해대리점 본점,폐휴대폰,수거함 설치,경남 남해군 남해읍 화전로 92 ,민팃ATM,무상
5002,네오텔레콤 충장1가점,폐휴대폰,수거함 설치,광주 동구 충장로 101-3 ,민팃ATM,무상
5003,능곡역광장점,폐휴대폰,수거함 설치,경기 시흥시 승지로60번길 36 ,민팃ATM,무상
5004,다울대리점 물금점,폐휴대폰,수거함 설치,경남 양산시 물금읍 물금리 873-8 ,민팃ATM,무상
5005,다울대리점 신양산직영점,폐휴대폰,수거함 설치,경남 양산시 양산역1길 18 ,민팃ATM,무상
5006,다원대리점 분당서현점,폐휴대폰,수거함 설치,경기 성남시 분당구 분당로53번길 15 ,민팃ATM,무상
5007,당진중앙대리점 본점,폐휴대폰,수거함 설치,충남 당진시 당진중앙2로 141 ,민팃ATM,무상
5008,대광대리점 봉선점,폐휴대폰,수거함 설치,광주 남구 봉선로 163 ,민팃ATM,무상
5009,대성대리점 본점,폐휴대폰,수거함 설치,경남 양산시 서창로 167 ,민팃ATM,무상
5010,대성대리점 본점,폐휴대폰,수거함 설치,대전 서구 청사서로 12 ,민팃ATM,무상
5011,렉스대리점 양산직영점,폐휴대폰,수거함 설치,경남 양산시 양산역1길 7 ,민팃ATM,무상
5012,만평대리점 성서점,폐휴대폰,수거함 설치,대구 달서구 성서로 414 ,민팃ATM,무상
5013,맥스대리점 감곡점,폐휴대폰,수거함 설치,충북 음성군 감곡면 장감로 172 ,민팃ATM,무상
5014,목동직영점,폐휴대폰,수거함 설치,서울 양천구 목동동로 379 ,민팃ATM,무상
5015,반도대리점 본점,폐휴대폰,수거함 설치,충남 당진시 당진중앙2로 165 ,민팃ATM,무상
5016,비손대리점 본점,폐휴대폰,수거함 설치,서울 양천구 오목로 223 ,민팃ATM,무상
5017,삼보대리점 원천점,폐휴대폰,수거함 설치,경기 수원시 영통구 중부대로448번길 97 ,민팃ATM,무상
5018,서대구팀 서대구PT 상인역직영점,폐휴대폰,수거함 설치,대구 달서구 상인동 1396-5번지 ,민팃ATM,무상
5019,서령대리점 본점,폐휴대폰,수거함 설치,충남 서산시 번화2로 49 ,민팃ATM,무상
5020,서울ent대리점 서현역점,폐휴대폰,수거함 설치,경기 성남시 분당구 서현로210번길 17 ,민팃ATM,무상
5021,서울ent대리점 청담동점,폐휴대폰,수거함 설치,서울 강남구 도산대로 503 ,민팃ATM,무상
5022,서정대리점 영등점,폐휴대폰,수거함 설치,전북 익산시 무왕로 1060 ,민팃ATM,무상
5023,선민대리점 중앙대직영점,폐휴대폰,수거함 설치,서울 동작구 서달로 158 ,민팃ATM,무상
5024,성진대리점 도농직영점,폐휴대폰,수거함 설치,경기 남양주시 도농로 29 ,민팃ATM,무상
5025,세화대리점 오남직영점,폐휴대폰,수거함 설치,경기 남양주시 오남읍 오남리 328 ,민팃ATM,무상
5026,우인대리점 목감직영점,폐휴대폰,수거함 설치,경기 시흥시 목감동 목감우회로 51 ,민팃ATM,무상
5027,우일대리점 고성본점,폐휴대폰,수거함 설치,경남 고성군 고성읍 동외로156번길 5-3 ,민팃ATM,무상
5028,원주이동통신대리점 본점,폐휴대폰,수거함 설치,강원 원주시 중앙로 116-1 ,민팃ATM,무상
5029,원진대리점 먹골역점,폐휴대폰,수거함 설치,서울 중랑구 공릉로2길 3 ,민팃ATM,무상
5030,장천 조례점,폐휴대폰,수거함 설치,전남 순천시 봉화로 277 ,민팃ATM,무상
5031,중앙대리점 패밀리점,폐휴대폰,수거함 설치,전북 익산시 부송1로 49-1 ,민팃ATM,무상
5032,지은대리점 상동점,폐휴대폰,수거함 설치,경기 부천시 원미구 상동로 108 ,민팃ATM,무상
5033,참스타대리점 광명사거리직영점,폐휴대폰,수거함 설치,경기 광명시 오리로 971 ,민팃ATM,무상
5034,챌린저대리점 죽전점,폐휴대폰,수거함 설치,대구 달서구 달구벌대로 1530 ,민팃ATM,무상
5035,철산전자대리점 본점,폐휴대폰,수거함 설치,경기 광명시 오리로 855 ,민팃ATM,무상
5036,칸대리점 어방직영점,폐휴대폰,수거함 설치,경남 김해시 활천로 188 ,민팃ATM,무상
5037,칼라대리점 옥길점,폐휴대폰,수거함 설치,경기 부천시 옥길로 113 ,민팃ATM,무상
5038,코넥대리점 배곧직영점,폐휴대폰,수거함 설치,경기 시흥시 배곧3로 80 ,민팃ATM,무상
5039,큰사랑대리점 부천직영점,폐휴대폰,수거함 설치,경기 부천시 원미구 부천로 20 ,민팃ATM,무상
5040,티엔에스대리점 본점,폐휴대폰,수거함 설치,경북 구미시 인동중앙로 36-9 ,민팃ATM,무상
5041,티엔에스대리점 본점,폐휴대폰,수거함 설치,경기 이천시 영창로 196 ,민팃ATM,무상
5042,파천교대리점 선유도역직영점,폐휴대폰,수거함 설치,서울 영등포구 양평로 127 ,민팃ATM,무상
5043,플러스대리점 서부정류장점,폐휴대폰,수거함 설치,대구 달서구 월배로 473 ,민팃ATM,무상
5044,피앤씨홀딩스 동부투자점,폐휴대폰,수거함 설치,서울 중랑구 망우로 214 ,민팃ATM,무상
5045,하나대리점 물금직영점,폐휴대폰,수거함 설치,경남 양산시 물금읍 백호로 92 ,민팃ATM,무상
5046,하나컴대리점 망포직영점,폐휴대폰,수거함 설치,경기 수원시 영통구 영통로 120 ,민팃ATM,무상
5047,하이원대리점 장유점,폐휴대폰,수거함 설치,경남 김해시 장유면 장유로 232 ,민팃ATM,무상
5048,한백대리점 양산점,폐휴대폰,수거함 설치,경남 양산시 물금읍 가촌리 1269-20번지 ,민팃ATM,무상
5049,한솔대리점 탄방역점,폐휴대폰,수거함 설치,대전 서구 계룡로 550 ,민팃ATM,무상
5050,한올 관저투자점,폐휴대폰,수거함 설치,대전 서구 구봉로131번길 49 ,민팃ATM,무상
5051,한음대리점 음성점,폐휴대폰,수거함 설치,충북 음성군 음성읍 시장로 104 ,민팃ATM,무상
5052,호평대리점 시네마점,폐휴대폰,수거함 설치,경기 남양주시 늘을2로 26 ,민팃ATM,무상
5053,희우대리점 본점,폐휴대폰,수거함 설치,경기 고양시 덕양구 호국로789번길 7 ,민팃ATM,무상
5054,ACT대리점 남양주점,폐휴대폰,수거함 설치,경기 남양주시 화도읍 비룡로 113 ,민팃ATM,무상
5055,ACT대리점 창현리점,폐휴대폰,수거함 설치,경기 남양주시 화도읍 창현로 59 ,민팃ATM,무상
5056,Able 대리점 가평점,폐휴대폰,수거함 설치,경기 가평군 가평읍 가화로 106-1 ,민팃ATM,무상
5057,MD대리점 광명철산직영점,폐휴대폰,수거함 설치,경기 광명시 철산로30번길 9 ,민팃ATM,무상
5058,MD대리점 구래동직영점,폐휴대폰,수거함 설치,경기 김포시 김포한강9로 90 ,민팃ATM,무상
5059,MD대리점 김포운양점,폐휴대폰,수거함 설치,경기 김포시 김포한강11로 288-32 ,민팃ATM,무상
5060,MD대리점 신촌점,폐휴대폰,수거함 설치,서울 서대문구 신촌로 113 ,민팃ATM,무상
5061,MD대리점 일산장항직영점,폐휴대폰,수거함 설치,경기 고양시 일산동구 정발산로 24 ,민팃ATM,무상
5062,MK대리점 호평점,폐휴대폰,수거함 설치,경기 남양주시 호평로 33 ,민팃ATM,무상
5063,OK대리점 삼천포점,폐휴대폰,수거함 설치,경남 사천시 주공로 44 ,민팃ATM,무상
5064,PS&M (광주일곡점),폐휴대폰,수거함 설치,광주 북구 설죽로 503 ,민팃ATM,무상
5065,PS&M (서대구센터),폐휴대폰,수거함 설치,대구 달성군 다사읍 달구벌대로 863 ,민팃ATM,무상
5066,PS&M (순천조례점),폐휴대폰,수거함 설치,전남 순천시 왕궁길 47 ,민팃ATM,무상
5067,PS&M (원주점),폐휴대폰,수거함 설치,강원 원주시 남원로534번길 16 ,민팃ATM,무상
5068,PS&M (원주중앙점),폐휴대폰,수거함 설치,강원 원주시 중앙동 105-2 ,민팃ATM,무상
5069,PS&M (의정부행복로점),폐휴대폰,수거함 설치,경기 의정부시 태평로73번길 55 ,민팃ATM,무상
5070,PS&M (천안터미널점),폐휴대폰,수거함 설치,충남 천안시 동남구 신부동 462-1 ,민팃ATM,무상
5071,T센터 수도권1 T센터 의정부중앙로직영점,폐휴대폰,수거함 설치,경기 의정부시 행복로 14 ,민팃ATM,무상
5072,강남스타대리점 본점,폐휴대폰,수거함 설치,서울 강남구 선릉로 640 ,민팃ATM,무상
5073,강남팀 강남PT 선릉점,폐휴대폰,수거함 설치,서울 강남구 선릉로 518 ,민팃ATM,무상
5074,강남팀 강남PT 압구정점,폐휴대폰,수거함 설치,서울 강남구 압구정로 210 ,민팃ATM,무상
5075,강북직영SHOP 안산중앙점,폐휴대폰,수거함 설치,경기 안산시 단원구 고잔1길 17 ,민팃ATM,무상
5076,강서팀 강서PT 등촌역점,폐휴대폰,수거함 설치,서울 양천구 공항대로 564 ,민팃ATM,무상
5077,광명사거리점,폐휴대폰,수거함 설치,경기 광명시 오리로 993 ,민팃ATM,무상
5078,광장대리점 마석점,폐휴대폰,수거함 설치,경기 남양주시 화도읍 마석중앙로 58 ,민팃ATM,무상
5079,광주인천상사대리점 두암점,폐휴대폰,수거함 설치,광주 북구 동문대로 82 ,민팃ATM,무상
5080,근흥대리점 고잔직영점,폐휴대폰,수거함 설치,경기 안산시 단원구 광덕대로 145 ,민팃ATM,무상
5081,금하대리점 본점,폐휴대폰,수거함 설치,서울 서대문구 거북골로 120 ,민팃ATM,무상
5082,나은대리점 왕지점,폐휴대폰,수거함 설치,전남 순천시 왕지5길 4 ,민팃ATM,무상
5083,늘푸른대리점 일산 마두점,폐휴대폰,수거함 설치,경기 고양시 일산동구 일산로 208 ,민팃ATM,무상
5084,다솔대리점 둔산법원점,폐휴대폰,수거함 설치,대전 서구 문예로 69 ,민팃ATM,무상
5085,대교대리점 수원역직영점,폐휴대폰,수거함 설치,경기 수원시 팔달구 매산로 11 ,민팃ATM,무상
5086,대교대리점 이매점,폐휴대폰,수거함 설치,경기 성남시 분당구 판교로 432 ,민팃ATM,무상
5087,대상대리점 대한벌리점,폐휴대폰,수거함 설치,경남 사천시 중앙로 147 ,민팃ATM,무상
5088,동부산팀 동부산2PT 구서직영점,폐휴대폰,수거함 설치,부산 금정구 금정로233번길 85 ,민팃ATM,무상
5089,동이대리점 서문직영점,폐휴대폰,수거함 설치,경북 상주시 삼백로 140 ,민팃ATM,무상
5090,동진대리점 상암DMC점,폐휴대폰,수거함 설치,서울 마포구 월드컵북로54길 17 ,민팃ATM,무상
5091,레이스대리점대리점 진동점,폐휴대폰,수거함 설치,경남 창원시 마산합포구 진동면 삼진의거대로 646 ,민팃ATM,무상
5092,메트로대리점 죽곡점,폐휴대폰,수거함 설치,대구 달성군 다사읍 대실역남로 34 ,민팃ATM,무상
5093,문경새재대리점 중앙직영점,폐휴대폰,수거함 설치,경북 문경시 중앙로 119 ,민팃ATM,무상
5094,백마장대리점 정자역직영점,폐휴대폰,수거함 설치,경기 성남시 분당구 정자일로 197 ,민팃ATM,무상
5095,서산동문대리점 본점,폐휴대폰,수거함 설치,충남 서산시 안견로 217 ,민팃ATM,무상
5096,서원대리점 구서점,폐휴대폰,수거함 설치,부산 금정구 구서로 9 ,민팃ATM,무상
5097,성공대리점 이곡점,폐휴대폰,수거함 설치,대구 달서구 이곡공원로 17 ,민팃ATM,무상
5098,세화대리점 금곡시네마직영점,폐휴대폰,수거함 설치,경기 남양주시 진접읍 해밀예당1로 36 ,민팃ATM,무상
5099,세화대리점 금곡직영점,폐휴대폰,수거함 설치,경기 남양주시 진접읍 해밀예당3로 56 ,민팃ATM,무상
5100,송우대리점 본점,폐휴대폰,수거함 설치,경기 포천시 소흘읍 솔모루로 44 ,민팃ATM,무상
5101,수원팀 수원PT 조원점,폐휴대폰,수거함 설치,경기 수원시 장안구 경수대로 940 ,민팃ATM,무상
5102,순천봉화 연향1호점,폐휴대폰,수거함 설치,전남 순천시 연향번영길 122 ,민팃ATM,무상
5103,시화본대리점 정왕직영점,폐휴대폰,수거함 설치,경기 시흥시 중심상가로 187 ,민팃ATM,무상
5104,신정본점,폐휴대폰,수거함 설치,서울 양천구 중앙로 267 ,민팃ATM,무상
5105,영신대리점 구일점,폐휴대폰,수거함 설치,서울 구로구 구일로10길 27 ,민팃ATM,무상
5106,영일대리점 평산점,폐휴대폰,수거함 설치,경남 양산시 평산중앙4길 1 ,민팃ATM,무상
5107,예산대리점 본점,폐휴대폰,수거함 설치,충남 예산군 예산읍 사직로 36 ,민팃ATM,무상
5108,우인대리점 은계직영점,폐휴대폰,수거함 설치,경기 시흥시 은계번영길 13 ,민팃ATM,무상
5109,우일대리점 마산시청점,폐휴대폰,수거함 설치,경남 창원시 마산합포구 3.15대로 204-1 ,민팃ATM,무상
5110,유원대리점 한티점,폐휴대폰,수거함 설치,서울 강남구 선릉로 310 ,민팃ATM,무상
5111,인천팀 인천2PT 계산역점,폐휴대폰,수거함 설치,인천 계양구 경명대로 1090 ,민팃ATM,무상
5112,일산팀 일산PT 풍동점,폐휴대폰,수거함 설치,경기 고양시 일산동구 숲속마을로 36 ,민팃ATM,무상
5113,장천 연향점,폐휴대폰,수거함 설치,전남 순천시 연향번영길 122 ,민팃ATM,무상
5114,지은대리점 독산직영점,폐휴대폰,수거함 설치,서울 금천구 시흥대로 364 ,민팃ATM,무상
5115,지은대리점 인계직영점,폐휴대폰,수거함 설치,경기 수원시 팔달구 권광로 191 ,민팃ATM,무상
5116,진주대리점 벌리점,폐휴대폰,수거함 설치,경남 사천시 주공로 13 ,민팃ATM,무상
5117,참스타대리점 등촌점,폐휴대폰,수거함 설치,서울 강서구 강서로56길 16 ,민팃ATM,무상
5118,챌린저대리점 송현점,폐휴대폰,수거함 설치,대구 달서구 학산로 204 ,민팃ATM,무상
5119,코넥대리점 세교직영점,폐휴대폰,수거함 설치,경기 오산시 수청로 188 ,민팃ATM,무상
5120,코넥대리점 영통광장직영점,폐휴대폰,수거함 설치,경기 수원시 영통구 청명남로 25 ,민팃ATM,무상
5121,코넥대리점 운암직영점,폐휴대폰,수거함 설치,경기 오산시 성호대로 122 ,민팃ATM,무상
5122,큰사랑대리점 사가정직영점,폐휴대폰,수거함 설치,서울 중랑구 면목로 336 ,민팃ATM,무상
5123,태산대리점 본점(본점),폐휴대폰,수거함 설치,인천 남동구 논고개로 81 ,민팃ATM,무상
5124,투마이스 초지직영점,폐휴대폰,수거함 설치,경기 안산시 단원구 광덕1로 62 ,민팃ATM,무상
5125,파천교대리점 양평직영점,폐휴대폰,수거함 설치,서울 영등포구 양평로 98 ,민팃ATM,무상
5126,평내대리점 본점,폐휴대폰,수거함 설치,경기 남양주시 평내로29번길 49 ,민팃ATM,무상
5127,플러스대리점 진천점,폐휴대폰,수거함 설치,대구 달서구 월배로 89 ,민팃ATM,무상
5128,하나대리점 교방동직영점,폐휴대폰,수거함 설치,경남 창원시 마산합포구 교방시장2길 9 ,민팃ATM,무상
5129,하이원대리점 신마산점,폐휴대폰,수거함 설치,경남 창원시 마산합포구 월영동2길 3 ,민팃ATM,무상
5130,한민대리점 타임월드점,폐휴대폰,수거함 설치,대전 서구 둔산로 29 ,민팃ATM,무상
5131,한서대리점 본점,폐휴대폰,수거함 설치,충남 서산시 고운로 202 ,민팃ATM,무상
5132,한음대리점 진천중앙점,폐휴대폰,수거함 설치,충북 진천군 진천읍 중앙북로 51 ,민팃ATM,무상
5133,화정역대리점 본점,폐휴대폰,수거함 설치,경기 고양시 덕양구 화중로 54 ,민팃ATM,무상
5134,흥덕대리점 성안길점,폐휴대폰,수거함 설치,충북 청주시 상당구 성안로 15 ,민팃ATM,무상
5135,흥덕대리점 용암TPS점,폐휴대폰,수거함 설치,충북 청주시 상당구 월평로 192 ,민팃ATM,무상
5136,흥덕대리점 용암소망점,폐휴대폰,수거함 설치,충북 청주시 상당구 월평로 154 ,민팃ATM,무상
5137,ACT대리점 우이본점,폐휴대폰,수거함 설치,서울 강북구 삼양로 421 ,민팃ATM,무상
5138,MD대리점 사우점,폐휴대폰,수거함 설치,경기 김포시 사우중로 51 ,민팃ATM,무상
5139,PS&M (쌍용점),폐휴대폰,수거함 설치,충남 천안시 서북구 충무로 175 ,민팃ATM,무상
5140,PS&M (유성온천점),폐휴대폰,수거함 설치,대전 유성구 도안대로 591 ,민팃ATM,무상
5141,T센터 수도권4 T센터 신촌점,폐휴대폰,수거함 설치,서울 서대문구 연세로 22 ,민팃ATM,무상
5142,T센터 수도권4 T센터 웨스턴돔점,폐휴대폰,수거함 설치,경기 고양시 일산동구 정발산로 24 ,민팃ATM,무상
5143,가능대리점 수유역직영점,폐휴대폰,수거함 설치,서울 강북구 도봉로 352 ,민팃ATM,무상
5144,강남스타대리점 압구정로데오역점,폐휴대폰,수거함 설치,서울 강남구 압구정로 338 ,민팃ATM,무상
5145,강동대리점 답십리 본점,폐휴대폰,수거함 설치,서울 동대문구 전농로 111 ,민팃ATM,무상
5146,강북팀 강북PT 수유점,폐휴대폰,수거함 설치,서울 강북구 도봉로 353 ,민팃ATM,무상
5147,광주서림대리점 임동점,폐휴대폰,수거함 설치,광주 북구 서림로 104-2 ,민팃ATM,무상
5148,광주인천상사대리점 첨단2호점,폐휴대폰,수거함 설치,광주 북구 첨단연신로 97 ,민팃ATM,무상
5149,나은 금당점,폐휴대폰,수거함 설치,전남 순천시 해룡면 조례못등길 91 ,민팃ATM,무상
5150,다린컴즈대리점 연제점,폐휴대폰,수거함 설치,광주 북구 양일로 66 ,민팃ATM,무상
5151,다산대리점 삼계점,폐휴대폰,수거함 설치,경남 창원시 마산회원구 내서읍 삼계로 29 ,민팃ATM,무상
5152,다원대리점 단대오거리점,폐휴대폰,수거함 설치,경기 성남시 중원구 산성대로372번길 5 ,민팃ATM,무상
5153,대교대리점 선부역직영점,폐휴대폰,수거함 설치,경기 안산시 단원구 달미로 10 ,민팃ATM,무상
5154,대구가야대리점 동구시장점,폐휴대폰,수거함 설치,대구 동구 효목로 41 ,민팃ATM,무상
5155,더블유대리점 산격점,폐휴대폰,수거함 설치,대구 북구 검단로 3 ,민팃ATM,무상
5156,독산대리점 독산점,폐휴대폰,수거함 설치,서울 금천구 시흥대로 448 ,민팃ATM,무상
5157,동부산팀 동부산1PT 서동2호직영점,폐휴대폰,수거함 설치,부산 금정구 서동로149번길 3 ,민팃ATM,무상
5158,동부산팀 동부산2PT 부산대직영점,폐휴대폰,수거함 설치,부산 금정구 부산대학로 22 ,민팃ATM,무상
5159,동부산팀 동부산2PT 장전역점,폐휴대폰,수거함 설치,부산 금정구 중앙대로 1719번길 64 ,민팃ATM,무상
5160,동여의도대리점 본점,폐휴대폰,수거함 설치,서울 영등포구 여의대방로 394 ,민팃ATM,무상
5161,동우대리점 아현점,폐휴대폰,수거함 설치,서울 서대문구 북아현로2길 2 ,민팃ATM,무상
5162,동운대리점 본점,폐휴대폰,수거함 설치,경기 양평군 양평읍 시민로 67 ,민팃ATM,무상
5163,동운대리점 용문점,폐휴대폰,수거함 설치,경기 양평군 용문면 용문로 388-2 ,민팃ATM,무상
5164,동이 북삼직영점,폐휴대폰,수거함 설치,경북 칠곡군 북삼읍 금오대로 280 ,민팃ATM,무상
5165,마산가야대리점 본점,폐휴대폰,수거함 설치,경남 창원시 마산합포구 허당로 84 ,민팃ATM,무상
5166,맥스대리점 본점,폐휴대폰,수거함 설치,충북 청주시 서원구 월평로 7 ,민팃ATM,무상
5167,메이저 지안정관 1,폐휴대폰,수거함 설치,부산 기장군 정관읍 정관7로 3 ,민팃ATM,무상
5168,모노대리점 명지대점,폐휴대폰,수거함 설치,경기 용인시 처인구 명지로60번길 8-14 ,민팃ATM,무상
5169,모노대리점 에버랜드점,폐휴대폰,수거함 설치,경기 용인시 처인구 포곡읍 포곡로 110-1 ,민팃ATM,무상
5170,모노대리점 중앙점,폐휴대폰,수거함 설치,경기 용인시 처인구 금령로 91 ,민팃ATM,무상
5171,무등대리점 전대프리미엄점,폐휴대폰,수거함 설치,광주 북구 우치로 94 ,민팃ATM,무상
5172,미래대리점 미사역직영점,폐휴대폰,수거함 설치,경기 하남시 미사강변동로 73 ,민팃ATM,무상
5173,미래대리점 에이스점,폐휴대폰,수거함 설치,충북 제천시 의림대로 147 ,민팃ATM,무상
5174,미래대리점 종로직영점,폐휴대폰,수거함 설치,서울 종로구 삼일대로 391 ,민팃ATM,무상
5175,백마장대리점 계산직영점,폐휴대폰,수거함 설치,인천 계양구 주부토로 527 ,민팃ATM,무상
5176,부천팀 안산PT 선부점,폐휴대폰,수거함 설치,경기 안산시 단원구 선부광장1로 66 ,민팃ATM,무상
5177,산청대리점 원지본점,폐휴대폰,수거함 설치,경남 산청군 신안면 지리산대로 3474 ,민팃ATM,무상
5178,서울ent대리점 강북직영점,폐휴대폰,수거함 설치,서울 강북구 도봉로 341 ,민팃ATM,무상
5179,서울직영SHOP 면목점,폐휴대폰,수거함 설치,서울 중랑구 면목로 390 ,민팃ATM,무상
5180,서울직영SHOP 병방사거리점,폐휴대폰,수거함 설치,인천 계양구 장제로 903 ,민팃ATM,무상
5181,서정대리점 아중점,폐휴대폰,수거함 설치,전북 전주시 덕진구 무삼지로 87 ,민팃ATM,무상
5182,소리대리점 본점(본점),폐휴대폰,수거함 설치,경남 진주시 도동로 217 ,민팃ATM,무상
5183,순천봉화 신대1호점,폐휴대폰,수거함 설치,전남 순천시 해룡면 향매로 59 ,민팃ATM,무상
5184,스마트대리점 본점,폐휴대폰,수거함 설치,경남 창원시 마산회원구 3.15대로 739 ,민팃ATM,무상
5185,신창대리점 미아뉴타운점,폐휴대폰,수거함 설치,서울 강북구 미아동 811-9 ,민팃ATM,무상
5186,아이티대리점 선릉역점,폐휴대폰,수거함 설치,서울 강남구 테헤란로 322 ,민팃ATM,무상
5187,에스알대리점 태평직영점,폐휴대폰,수거함 설치,경기 성남시 수정구 수정로 97 ,민팃ATM,무상
5188,여의도대리점 본점,폐휴대폰,수거함 설치,서울 영등포구 여의대방로65길 12 ,민팃ATM,무상
5189,영진 중앙 직영점,폐휴대폰,수거함 설치,경기 이천시 서희로60번길 15 ,민팃ATM,무상
5190,와이티대리점 본점,폐휴대폰,수거함 설치,광주 북구 양산로 2 ,민팃ATM,무상
5191,왜관대리점 본점,폐휴대폰,수거함 설치,경북 칠곡군 왜관읍 중앙로 147 ,민팃ATM,무상
5192,우일대리점 합성점,폐휴대폰,수거함 설치,경남 창원시 마산회원구 3.15대로 744 ,민팃ATM,무상
5193,위더스 가양점,폐휴대폰,수거함 설치,서울 강서구 양천로 492 ,민팃ATM,무상
5194,이천중부대리점 창전점,폐휴대폰,수거함 설치,경기 이천시 서희로60번길 23 ,민팃ATM,무상
5195,이천중앙대리점 분수대점,폐휴대폰,수거함 설치,경기 이천시 이섭대천로 1232 ,민팃ATM,무상
5196,인천팀 인천2PT 김포사우점,폐휴대폰,수거함 설치,경기 김포시 사우중로 78 ,민팃ATM,무상
5197,인천팀 인천2PT 김포중앙점,폐휴대폰,수거함 설치,경기 김포시 사우중로 52 ,민팃ATM,무상
5198,장천 여천점,폐휴대폰,수거함 설치,전남 여수시 망마로 42 ,민팃ATM,무상
5199,제이에스 라페스타 본점,폐휴대폰,수거함 설치,경기 고양시 일산동구 중앙로1275번길 38-31 ,민팃ATM,무상
5200,제일대리점 보라직영점,폐휴대폰,수거함 설치,경기 용인시 기흥구 한보라1로 14 ,민팃ATM,무상
5201,제일대리점 직영본점,폐휴대폰,수거함 설치,경기 용인시 처인구 백옥대로 1134 ,민팃ATM,무상
5202,중앙SK대리점 옥동직영점,폐휴대폰,수거함 설치,경북 안동시 광명로 178 ,민팃ATM,무상
5203,중앙SK대리점 중앙직영점,폐휴대폰,수거함 설치,경북 안동시 문화광장길 5 ,민팃ATM,무상
5204,지은대리점 선부직영점,폐휴대폰,수거함 설치,경기 안산시 단원구 선부광장북로 36 ,민팃ATM,무상
5205,지은대리점 시흥대로점,폐휴대폰,수거함 설치,서울 금천구 시흥대로 474 ,민팃ATM,무상
5206,참스타대리점 계양직영점,폐휴대폰,수거함 설치,인천 계양구 오조산공원로 22 ,민팃ATM,무상
5207,참스타대리점 임학점,폐휴대폰,수거함 설치,인천 계양구 계양산로 196 ,민팃ATM,무상
5208,챌린저대리점 본점,폐휴대폰,수거함 설치,대구 동구 아양로 200 ,민팃ATM,무상
5209,코넥대리점 고잔직영점,폐휴대폰,수거함 설치,경기 안산시 단원구 광덕대로 154 ,민팃ATM,무상
5210,큰사랑대리점 도곡점,폐휴대폰,수거함 설치,서울 강남구 언주로30길 21 ,민팃ATM,무상
5211,태평대리점 본점,폐휴대폰,수거함 설치,경기 성남시 수정구 수정로 205 ,민팃ATM,무상
5212,트롤대리점 으능정이점,폐휴대폰,수거함 설치,대전 중구 중앙로164번길 28 ,민팃ATM,무상
5213,티앤비대리점 가호점,폐휴대폰,수거함 설치,경남 진주시 가좌길74번길 7 ,민팃ATM,무상
5214,티앤비대리점 동진로점,폐휴대폰,수거함 설치,경남 진주시 동진로 182 ,민팃ATM,무상
5215,평택팀 평택PT 기흥역점,폐휴대폰,수거함 설치,경기 용인시 기흥구 기흥역로 9 ,민팃ATM,무상
5216,플러스대리점 본점,폐휴대폰,수거함 설치,경기 안산시 단원구 삼일로 410 ,민팃ATM,무상
5217,한민대리점 노은 열매점,폐휴대폰,수거함 설치,대전 유성구 은구비남로33번길 17 ,민팃ATM,무상
5218,한빛 순천 본점,폐휴대폰,수거함 설치,전남 순천시 충효로 103-1 ,민팃ATM,무상
5219,한음대리점 ICT사창점,폐휴대폰,수거함 설치,충북 청주시 서원구 1순환로 662 ,민팃ATM,무상
5220,해온대리점 성정직영점,폐휴대폰,수거함 설치,충남 천안시 서북구 동서대로 146 ,민팃ATM,무상
5221,홍익대리점 수곡직영점,폐휴대폰,수거함 설치,충북 청주시 서원구 구룡산로 251 ,민팃ATM,무상
5222,화산대리점 신현직영점,폐휴대폰,수거함 설치,인천 서구 가정로 375 ,민팃ATM,무상
5223,21세기대리점 서정점,폐휴대폰,수거함 설치,경기 평택시 관광특구로 42 ,민팃ATM,무상
5224,ACT대리점 노원직영,폐휴대폰,수거함 설치,서울 노원구 노해로 490 ,민팃ATM,무상
5225,ACT대리점 양촌점,폐휴대폰,수거함 설치,경기 김포시 양촌읍 양곡2로30번길 7-7 ,민팃ATM,무상
5226,ACT대리점 풍무본점,폐휴대폰,수거함 설치,경기 김포시 풍무로96번길 43 ,민팃ATM,무상
5227,CD대리점 신도림역점,폐휴대폰,수거함 설치,서울 구로구 경인로 661 ,민팃ATM,무상
5228,KB대리점 현대점,폐휴대폰,수거함 설치,울산 남구 돋질로302번길 39 ,민팃ATM,무상
5229,PS&M (논산터미널점),폐휴대폰,수거함 설치,충남 논산시 계백로 1006-1 ,민팃ATM,무상
5230,PS&M (칠곡센터),폐휴대폰,수거함 설치,대구 북구 학정로 415 ,민팃ATM,무상
5231,T센터 대구 T센터 칠곡동천점,폐휴대폰,수거함 설치,대구 북구 학정로 431 ,민팃ATM,무상
5232,T센터 대구 T센터 칠성오페라점,폐휴대폰,수거함 설치,대구 북구 침산로 100 ,민팃ATM,무상
5233,가능대리점 라페스타점,폐휴대폰,수거함 설치,경기 고양시 일산동구 중앙로1275번길 60-14 ,민팃ATM,무상
5234,가로수대리점,폐휴대폰,수거함 설치,서울 강남구 학동로 423 ,민팃ATM,무상
5235,강북직영SHOP 삼송직영점,폐휴대폰,수거함 설치,경기 고양시 덕양구 삼송로 92 ,민팃ATM,무상
5236,경주대리점 본점,폐휴대폰,수거함 설치,경북 경주시 금성로 242 ,민팃ATM,무상
5237,광장대리점 마천점,폐휴대폰,수거함 설치,서울 송파구 거마로22길 49 ,민팃ATM,무상
5238,광장대리점 미사직영점,폐휴대폰,수거함 설치,경기 하남시 미사강변대로 216 ,민팃ATM,무상
5239,광장대리점 하남점,폐휴대폰,수거함 설치,경기 하남시 덕풍동로 111 ,민팃ATM,무상
5240,광주인천상사대리점 염주점,폐휴대폰,수거함 설치,광주 서구 염화로 96 ,민팃ATM,무상
5241,광주인천상사대리점 화정점,폐휴대폰,수거함 설치,광주 서구 상무대로 1046 ,민팃ATM,무상
5242,구미팀 구미PT 김천미소직영점,폐휴대폰,수거함 설치,경북김천시 김천로 107 ,민팃ATM,무상
5243,김포중앙대리점 장기동점,폐휴대폰,수거함 설치,경기 김포시 김포한강4로 120 ,민팃ATM,무상
5244,나은대리점 무선점,폐휴대폰,수거함 설치,전남 여수시 화산로 134 ,민팃ATM,무상
5245,동부산팀 동부산2PT 동래역점,폐휴대폰,수거함 설치,부산 동래구 명륜동 533-4 ,민팃ATM,무상
5246,동안산대리점 한대역점,폐휴대폰,수거함 설치,경기 안산시 상록구 광덕1로 370 ,민팃ATM,무상
5247,메이저대리점 유탑 투자매장,폐휴대폰,수거함 설치,경남 창원시 성산구 마디미로 20 ,민팃ATM,무상
5248,메트로대리점 본점,폐휴대폰,수거함 설치,대구 북구 칠곡중앙대로 481 ,민팃ATM,무상
5249,미래대리점 본점,폐휴대폰,수거함 설치,충북 제천시 의림대로14길 9 ,민팃ATM,무상
5250,미사강변점,폐휴대폰,수거함 설치,경기 하남시 미사강변대로 90 ,민팃ATM,무상
5251,백두대간대리점 후곡마을점,폐휴대폰,수거함 설치,경기 고양시 일산서구 일산로 580 ,민팃ATM,무상
5252,백마장대리점 남성역직영점,폐휴대폰,수거함 설치,서울 동작구 사당로13길 31 ,민팃ATM,무상
5253,삼보대리점 본오점,폐휴대폰,수거함 설치,경기 안산시 상록구 본오로 124 ,민팃ATM,무상
5254,상록수대리점 강서힐스테이트직영점,폐휴대폰,수거함 설치,서울 강서구 강서로 242 ,민팃ATM,무상
5255,상록수대리점 고강사거리직영점,폐휴대폰,수거함 설치,경기 부천시 고리울로8번길 10 ,민팃ATM,무상
5256,서울ent대리점 하남시청점,폐휴대폰,수거함 설치,경기 하남시 대청로 26 ,민팃ATM,무상
5257,서정대리점 평화점,폐휴대폰,수거함 설치,전북 전주시 완산구 소대배기로 26 ,민팃ATM,무상
5258,스마트대리점 상남점,폐휴대폰,수거함 설치,경남 창원시 성산구 마디미로 2 ,민팃ATM,무상
5259,스파대리점 본점,폐휴대폰,수거함 설치,부산 동래구 온천장로 92 ,민팃ATM,무상
5260,신창대리점 노원점,폐휴대폰,수거함 설치,서울 노원구 노해로 501 ,민팃ATM,무상
5261,신창대리점 미아사거리점,폐휴대폰,수거함 설치,서울 강북구 월계로 45 ,민팃ATM,무상
5262,안산우정대리점 라성점,폐휴대폰,수거함 설치,경기 안산시 단원구 원선1로 37 ,민팃ATM,무상
5263,안산우정대리점 본점,폐휴대폰,수거함 설치,경기 안산시 단원구 화랑로 92 ,민팃ATM,무상
5264,알파대리점 본점,폐휴대폰,수거함 설치,서울 도봉구 해등로 202 ,민팃ATM,무상
5265,엄마손대리점 본점(헬리오시티),폐휴대폰,수거함 설치,서울 송파구 가락로 110 ,민팃ATM,무상
5266,영신대리점 영등포점,폐휴대폰,수거함 설치,서울 영등포구 영등포로 238 ,민팃ATM,무상
5267,영진대리점 본점,폐휴대폰,수거함 설치,경기 이천시 이섭대천로 1242 ,민팃ATM,무상
5268,우리중앙점,폐휴대폰,수거함 설치,전남 여수시 중앙로 50-1 ,민팃ATM,무상
5269,우리통영대리점 유빈점,폐휴대폰,수거함 설치,경남 통영시 광도면 죽림2로 75 ,민팃ATM,무상
5270,울림터대리점 화양사거리점,폐휴대폰,수거함 설치,서울 광진구 광나루로 341 ,민팃ATM,무상
5271,원진대리점 공릉점,폐휴대폰,수거함 설치,서울 노원구 공릉로 154 ,민팃ATM,무상
5272,으뜸대리점 본점,폐휴대폰,수거함 설치,경남 창원시 성산구 가양로124번길 13 ,민팃ATM,무상
5273,이든대리점 본점,폐휴대폰,수거함 설치,경기 용인시 기흥구 죽전로 47 ,민팃ATM,무상
5274,인천팀 인천1PT 논현라피에스타점,폐휴대폰,수거함 설치,인천 남동구 논고개로 61 ,민팃ATM,무상
5275,인천팀 인천1PT 인천논현점,폐휴대폰,수거함 설치,인천 남동구 논고개로 117 ,민팃ATM,무상
5276,일산팀 마포PT 이대역직영점,폐휴대폰,수거함 설치,서울 서대문구 이화여대길 30 ,민팃ATM,무상
5277,장호원대리점 본점,폐휴대폰,수거함 설치,경기 이천시 장호원읍 장감로 57 ,민팃ATM,무상
5278,전남서해대리점 백련본점,폐휴대폰,수거함 설치,전남 목포시 용해지구로 85 ,민팃ATM,무상
5279,제이스대리점 동탄솔빛점,폐휴대폰,수거함 설치,경기 화성시 동탄솔빛로 57 ,민팃ATM,무상
5280,제이스대리점 미사강변점,폐휴대폰,수거함 설치,경기 하남시 미사강변대로 64 ,민팃ATM,무상
5281,제이에스대리점 대화점,폐휴대폰,수거함 설치,경기 고양시 일산서구 중앙로 1567 ,민팃ATM,무상
5282,지은대리점 원곡동점,폐휴대폰,수거함 설치,경기 안산시 단원구 원곡동 828-6 ,민팃ATM,무상
5283,지은대리점 풍무동 직영점,폐휴대폰,수거함 설치,경기 김포시 풍무로146번길 26 ,민팃ATM,무상
5284,지은대리점 하안점,폐휴대폰,수거함 설치,경기 광명시 범안로 1050 ,민팃ATM,무상
5285,진주대리점 용진점,폐휴대폰,수거함 설치,경남 진주시 진주성로 109 ,민팃ATM,무상
5286,참스타대리점 김포운양직영점,폐휴대폰,수거함 설치,경기 김포시 김포한강1로 227 ,민팃ATM,무상
5287,참스타대리점 모래내시장직영점,폐휴대폰,수거함 설치,인천 남동구 구월남로 280 ,민팃ATM,무상
5288,참스타대리점 본점,폐휴대폰,수거함 설치,인천 남동구 구월남로 172 ,민팃ATM,무상
5289,코넥대리점 동탄2중앙직영점,폐휴대폰,수거함 설치,경기 화성시 동탄대로시범길 148-20 ,민팃ATM,무상
5290,코넥대리점 신봉직영점,폐휴대폰,수거함 설치,경기 용인시 수지구 신봉2로 6 ,민팃ATM,무상
5291,큰사랑대리점 이수역점,폐휴대폰,수거함 설치,서울 동작구 동작대로 85 ,민팃ATM,무상
5292,티앤비대리점 본점,폐휴대폰,수거함 설치,경남 진주시 하대로 93 ,민팃ATM,무상
5293,티엔에스대리점 중앙로 직영점,폐휴대폰,수거함 설치,경기 이천시 이섭대천로1217번길 22 ,민팃ATM,무상
5294,파워셀대리점 남천직영점,폐휴대폰,수거함 설치,부산 수영구 황령대로473번길 26 ,민팃ATM,무상
5295,피노와친구들대리점 양평점,폐휴대폰,수거함 설치,경기 양평군 양평읍 양평대교길 1 ,민팃ATM,무상
5296,피앤씨홀딩스 제이케이 본점,폐휴대폰,수거함 설치,경기 고양시 일산서구 중앙로 1564 ,민팃ATM,무상
5297,하이원대리점 호계점,폐휴대폰,수거함 설치,경남 창원시 마산회원구 내서읍 호계본동로 10 ,민팃ATM,무상
5298,한백대리점 정관점,폐휴대폰,수거함 설치,부산 기장군 정관읍 정관로 561 ,민팃ATM,무상
5299,한빛대리점 본점,폐휴대폰,수거함 설치,충남 논산시 강경읍 계백로 124-2 ,민팃ATM,무상
5300,한음대리점 하나율량점,폐휴대폰,수거함 설치,충북 청주시 청원구 공항로 162-2 ,민팃ATM,무상
5301,해든대리점 마두점,폐휴대폰,수거함 설치,경기 고양시 일산동구 중앙로 1200 ,민팃ATM,무상
5302,해온대리점 쌍용TPS점,폐휴대폰,수거함 설치,충남 천안시 서북구 충무로 200 ,민팃ATM,무상
5303,현민대리점 본점,폐휴대폰,수거함 설치,충남 홍성군 홍성읍 법원로 15 ,민팃ATM,무상
5304,홍익대리점 오창점,폐휴대폰,수거함 설치,충북 청주시 청원구 오창읍 2산단로 138 ,민팃ATM,무상
5305,홍익대리점 율량점,폐휴대폰,수거함 설치,충북 청주시 청원구 율봉로 106 ,민팃ATM,무상
5306,홍주대리점 본점,폐휴대폰,수거함 설치,충남 홍성군 홍성읍 조양로 137-1 ,민팃ATM,무상
5307,화산대리점 작전점,폐휴대폰,수거함 설치,인천 계양구 오조산로 1 ,민팃ATM,무상
5308,ACT대리점 원당본점,폐휴대폰,수거함 설치,인천 서구 원당동 원당대로 841 ,민팃ATM,무상
5309,ACT대리점 향남점,폐휴대폰,수거함 설치,경기 화성시 향남읍 행정죽전로4길 9 ,민팃ATM,무상
5310,BK대리점 오류점,폐휴대폰,수거함 설치,서울 구로구 경인로 203 ,민팃ATM,무상
5311,J&O대리점 구룡포직영점,폐휴대폰,수거함 설치,경북 포항시 남구 구룡포읍 호미로 231 ,민팃ATM,무상
5312,MD대리점 운정미래로점,폐휴대폰,수거함 설치,경기 파주시 미래로 369-71 ,민팃ATM,무상
5313,MD대리점 파주운정직영점,폐휴대폰,수거함 설치,경기 파주시 미래로 620 ,민팃ATM,무상
5314,Orange대리점 파주본점,폐휴대폰,수거함 설치,경기 파주시 미래로 311-2 ,민팃ATM,무상
5315,PS&M (종로3가점),폐휴대폰,수거함 설치,서울 종로구 종로 117 ,민팃ATM,무상
5316,T센터 부산 T센터 상남1호점,폐휴대폰,수거함 설치,경남 창원시 성산구 상남로 118 ,민팃ATM,무상
5317,T센터 부산 T센터 하단직영점,폐휴대폰,수거함 설치,부산 사하구 낙동대로 466 ,민팃ATM,무상
5318,T센터 수도권2 T센터 뱅뱅사거리점,폐휴대폰,수거함 설치,서울 서초구 서초동 강남대로 321 ,민팃ATM,무상
5319,가나안대리점 본점,폐휴대폰,수거함 설치,서울 성북구 고려대로 92-1 ,민팃ATM,무상
5320,가능대리점 성신여대역 7번출구점,폐휴대폰,수거함 설치,서울 성북구 동소문로 111 ,민팃ATM,무상
5321,가능대리점 쌍문직영점,폐휴대폰,수거함 설치,서울 도봉구 도봉로 481 ,민팃ATM,무상
5322,가로수직영SHOP 응암점,폐휴대폰,수거함 설치,서울 은평구 가좌로 229 ,민팃ATM,무상
5323,강남스타대리점 강남역점,폐휴대폰,수거함 설치,서울 서초구 강남대로 359 ,민팃ATM,무상
5324,강남스타대리점 고덕그라시움점,폐휴대폰,수거함 설치,서울 강동구 고덕로 353 ,민팃ATM,무상
5325,강남스타대리점 상일동역점,폐휴대폰,수거함 설치,서울 강동구 고덕로 385 ,민팃ATM,무상
5326,경남대리점 본점,폐휴대폰,수거함 설치,경남 통영시 중앙로 105 ,민팃ATM,무상
5327,고객행복대리점 신시가지점,폐휴대폰,수거함 설치,전북 전주시 완산구 홍산남로 45 ,민팃ATM,무상
5328,공항대리점 본점,폐휴대폰,수거함 설치,서울 강서구 금낭화로 128 ,민팃ATM,무상
5329,광장대리점 응암역점,폐휴대폰,수거함 설치,서울 은평구 은평로 64 ,민팃ATM,무상
5330,금촌대리점 본점,폐휴대폰,수거함 설치,경기 파주시 중앙로 276 ,민팃ATM,무상
5331,남선대리점 풍암 프리미엄점,폐휴대폰,수거함 설치,광주 서구 풍암중앙로 53 ,민팃ATM,무상
5332,단대역대리점 본점,폐휴대폰,수거함 설치,경기 성남시 중원구 금상로 8-1 ,민팃ATM,무상
5333,대광대리점 화정점,폐휴대폰,수거함 설치,광주 서구 화정로 130 ,민팃ATM,무상
5334,대교대리점 스마트직영점,폐휴대폰,수거함 설치,경기 안양시 동안구 시민대로 311 ,민팃ATM,무상
5335,대상대리점 죽림센텀직영점,폐휴대폰,수거함 설치,경남 통영시 광도면 죽림4로 23-8 ,민팃ATM,무상
5336,더블유대리점 시지광장직영점,폐휴대폰,수거함 설치,대구 수성구 달구벌대로 3200 ,민팃ATM,무상
5337,동부산팀 동부산2PT 당감직영점,폐휴대폰,수거함 설치,부산 부산진구 당감로 34 ,민팃ATM,무상
5338,동진대리점 강서중앙점,폐휴대폰,수거함 설치,서울 강서구 강서로 279 ,민팃ATM,무상
5339,동진대리점 까치산역 본점,폐휴대폰,수거함 설치,서울 강서구 강서로 63 ,민팃ATM,무상
5340,라온대리점 포항터미널점,폐휴대폰,수거함 설치,경북 포항시 남구 중흥로 99 ,민팃ATM,무상
5341,렉스대리점 본점,폐휴대폰,수거함 설치,부산 부산진구 서면로 69 ,민팃ATM,무상
5342,만평대리점 본점,폐휴대폰,수거함 설치,대구 서구 서대구로 353 ,민팃ATM,무상
5343,메이저 상남투자매장,폐휴대폰,수거함 설치,경남 창원시 성산구 마디미로15번길 3 ,민팃ATM,무상
5344,무등대리점 화정프리미엄점,폐휴대폰,수거함 설치,광주 서구 화정로 259 ,민팃ATM,무상
5345,미래대리점 문정법조타운직영점,폐휴대폰,수거함 설치,서울 송파구 새말로 62 ,민팃ATM,무상
5346,미래대리점 서초직영점,폐휴대폰,수거함 설치,서울 서초구 고무래로 32 ,민팃ATM,무상
5347,방화조일대리점 본점,폐휴대폰,수거함 설치,서울 강서구 금낭화로 55 ,민팃ATM,무상
5348,백두대간대리점 목동점,폐휴대폰,수거함 설치,서울 양천구 목동서로 387 ,민팃ATM,무상
5349,백마장대리점 마전직영점,폐휴대폰,수거함 설치,인천 서구 완정로 59 ,민팃ATM,무상
5350,상록수대리점 우장산역 직영점,폐휴대폰,수거함 설치,서울 강서구 강서로 254 ,민팃ATM,무상
5351,서울신당대리점 남대문점,폐휴대폰,수거함 설치,서울 중구 퇴계로 58 ,민팃ATM,무상
5352,서울신당대리점 숭인점,폐휴대폰,수거함 설치,서울 종로구 종로 373 ,민팃ATM,무상
5353,서정대리점 문학초점,폐휴대폰,수거함 설치,전북 전주시 완산구 유연로 154 ,민팃ATM,무상
5354,성신대리점 하당점,폐휴대폰,수거함 설치,전남 목포시 통일대로 87 ,민팃ATM,무상
5355,세하대리점 등촌본점,폐휴대폰,수거함 설치,서울 양천구 목동중앙북로 29 ,민팃ATM,무상
5356,스카이대리점대리점 풍암점,폐휴대폰,수거함 설치,광주 서구 풍암2로 16 ,민팃ATM,무상
5357,엄마손대리점 가락점,폐휴대폰,수거함 설치,서울 송파구 동남로18길 29 ,민팃ATM,무상
5358,울진동부대리점 본점,폐휴대폰,수거함 설치,경북 울진군 울진읍 울진중앙로 137 ,민팃ATM,무상
5359,인천중구대리점 만수시장직영점,폐휴대폰,수거함 설치,인천 남동구 만수로 31-1 ,민팃ATM,무상
5360,일산팀 마포PT 구산역점,폐휴대폰,수거함 설치,서울 은평구 연서로 137 ,민팃ATM,무상
5361,제이스대리점 2동탄 호수점,폐휴대폰,수거함 설치,경기 화성시 동탄순환대로 127-9 ,민팃ATM,무상
5362,지은대리점 본오직영점,폐휴대폰,수거함 설치,경기 안산시 상록구 샘골로 111 ,민팃ATM,무상
5363,참스타대리점 구월로데오점,폐휴대폰,수거함 설치,인천 남동구 성말로13번길 15 ,민팃ATM,무상
5364,큰사랑대리점 미사점,폐휴대폰,수거함 설치,경기 하남시 미사강변대로226번길 21 ,민팃ATM,무상
5365,큰사랑대리점 하남직영3호점,폐휴대폰,수거함 설치,경기 하남시 신장로136번길 7 ,민팃ATM,무상
5366,파워셀대리점 남포점,폐휴대폰,수거함 설치,부산 중구 구덕로 40-1 ,민팃ATM,무상
5367,한국정보대리점 상무점,폐휴대폰,수거함 설치,광주 서구 치평로 70 ,민팃ATM,무상
5368,한백대리점 장산점,폐휴대폰,수거함 설치,부산 해운대구 세실로 48 ,민팃ATM,무상
5369,한백대리점 창원점,폐휴대폰,수거함 설치,경남 창원시 성산구 마디미로 23 ,민팃ATM,무상
5370,한빛대리점 가야직영점,폐휴대폰,수거함 설치,부산 부산진구 가야대로 597 ,민팃ATM,무상
5371,한울대리점 본점,폐휴대폰,수거함 설치,울산 남구 월평로 55 ,민팃ATM,무상
5372,한유대리점 노원역점,폐휴대폰,수거함 설치,서울 노원구 노해로79길 6-19 ,민팃ATM,무상
5373,한음대리점 율량점,폐휴대폰,수거함 설치,충북 청주시 청원구 율봉로176번길 8-2 ,민팃ATM,무상
5374,해든대리점 본점,폐휴대폰,수거함 설치,서울 서대문구 증가로 261 ,민팃ATM,무상
5375,형음대리점 가경점,폐휴대폰,수거함 설치,충북 청주시 흥덕구 가경로 9-1 ,민팃ATM,무상
5376,형음대리점 향군로점,폐휴대폰,수거함 설치,충북 청주시 청원구 향군로 124 ,민팃ATM,무상
5377,화금대리점 노동동점,폐휴대폰,수거함 설치,경북 경주시 중앙로 47 ,민팃ATM,무상
5378,흥덕대리점 사천점,폐휴대폰,수거함 설치,충북 청주시 청원구 율봉로 50 ,민팃ATM,무상
5379,ACT대리점 동탄점,폐휴대폰,수거함 설치,경기 화성시 여울로 142 ,민팃ATM,무상
5380,CD대리점 성내점,폐휴대폰,수거함 설치,서울 강동구 천호대로 1128 ,민팃ATM,무상
5381,KSK대리점 칠금점,폐휴대폰,수거함 설치,충북 충주시 봉계1길 56 ,민팃ATM,무상
5382,MD대리점 파주교하직영점,폐휴대폰,수거함 설치,경기 파주시 청석로 266 ,민팃ATM,무상
5383,PS&M (상무역점),폐휴대폰,수거함 설치,광주 서구 상무평화로 79 ,민팃ATM,무상
5384,PS&M (오천점),폐휴대폰,수거함 설치,경북 포항시 남구 오천읍 구정리 29-3 ,민팃ATM,무상
5385,PS&M (청주지웰시티점),폐휴대폰,수거함 설치,충북 청주시 흥덕구 복대동 3379 ,민팃ATM,무상
5386,TS대리점 해운대신도시점,폐휴대폰,수거함 설치,부산 해운대구 대천로103번길 29 ,민팃ATM,무상
5387,가능대리점 수락직영점,폐휴대폰,수거함 설치,서울 노원구 동일로 1689 ,민팃ATM,무상
5388,강남직영SHOP 용현2점,폐휴대폰,수거함 설치,인천 미추홀구 낙섬중로 51-1 ,민팃ATM,무상
5389,금천시흥대리점 본점,폐휴대폰,수거함 설치,서울 금천구 시흥대로 143 ,민팃ATM,무상
5390,수명산대리점 본점,폐휴대폰,수거함 설치,서울 강서구 강서로47길 113 ,민팃ATM,무상
5391,신창대리점 공릉역점,폐휴대폰,수거함 설치,서울 노원구 동일로 1077 ,민팃ATM,무상
5392,엄마손대리점 방이시장점,폐휴대폰,수거함 설치,서울 송파구 백제고분로48길 6 ,민팃ATM,무상
5393,엄마손대리점 삼전직영점,폐휴대폰,수거함 설치,서울 송파구 백제고분로 253 ,민팃ATM,무상
5394,예스 부전2호점,폐휴대폰,수거함 설치,부산 부산진구 새싹로 30 ,민팃ATM,무상
5395,우리통영대리점 본점,폐휴대폰,수거함 설치,경남 통영시 무전4길 10 ,민팃ATM,무상
5396,유니쿱대리점 본점,폐휴대폰,수거함 설치,서울 종로구 성균관로 15 ,민팃ATM,무상
5397,이수역대리점 본점,폐휴대폰,수거함 설치,서울 서초구 동광로12가길 42 ,민팃ATM,무상
5398,이안대리점 신림점,폐휴대폰,수거함 설치,서울 관악구 신원로 26 ,민팃ATM,무상
5399,전남서해대리점 하당본점,폐휴대폰,수거함 설치,전남 목포시 영산로 509 ,민팃ATM,무상
5400,정릉대리점 정릉동아점,폐휴대폰,수거함 설치,서울 성북구 보국문로 81 ,민팃ATM,무상
5401,정원대리점 동탄반송직영점(센트럴파크사거리점),폐휴대폰,수거함 설치,경기 화성시 동탄지성로 108 ,민팃ATM,무상
5402,지은대리점 범계직영점,폐휴대폰,수거함 설치,경기 안양시 동안구 평촌대로223번길 31 ,민팃ATM,무상
5403,참스타대리점 남동공단직영점,폐휴대폰,수거함 설치,인천 남동구 은청로 16 ,민팃ATM,무상
5404,참스타대리점 만수점,폐휴대폰,수거함 설치,인천 남동구 장승남로 42 ,민팃ATM,무상
5405,참스타대리점 신월점,폐휴대폰,수거함 설치,서울 양천구 남부순환로 585 ,민팃ATM,무상
5406,한음대리점 TPS청주터미널점,폐휴대폰,수거함 설치,충북 청주시 흥덕구 2순환로 1238 ,민팃ATM,무상
5407,한음대리점 복대직영샵,폐휴대폰,수거함 설치,충북 청주시 흥덕구 가로수로 1330 ,민팃ATM,무상
5408,해운대대리점 본점,폐휴대폰,수거함 설치,부산 해운대구 중동1로 4 ,민팃ATM,무상
5409,홍릉대리점 월곡직영점,폐휴대폰,수거함 설치,서울 성북구 화랑로5길 41 ,민팃ATM,무상
5410,ACT대리점 광운대점,폐휴대폰,수거함 설치,서울 노원구 석계로 95 ,민팃ATM,무상
5411,ACT대리점 반월동점,폐휴대폰,수거함 설치,경기 화성시 영통로61번길 11 ,민팃ATM,무상
5412,ACT대리점 선학본점,폐휴대폰,수거함 설치,인천 연수구 비류대로 599 ,민팃ATM,무상
5413,ACT대리점 청량리 역전점,폐휴대폰,수거함 설치,서울 동대문구 왕산로 207 ,민팃ATM,무상
5414,BK대리점 대학로점,폐휴대폰,수거함 설치,서울 종로구 창경궁로 242 ,민팃ATM,무상
5415,KB대리점 성남1호점,폐휴대폰,수거함 설치,울산 중구 학성로 69-2 ,민팃ATM,무상
5416,MD대리점 갈산동직영점,폐휴대폰,수거함 설치,인천 부평구 길주로 623 ,민팃ATM,무상
5417,MD대리점 삼산직영점,폐휴대폰,수거함 설치,인천 부평구 길주로 623 ,민팃ATM,무상
5418,MK대리점 한성대점,폐휴대폰,수거함 설치,서울 성북구 동소문로 3-1 ,민팃ATM,무상
5419,PS&M (동림점),폐휴대폰,수거함 설치,광주 서구 하남대로 654 ,민팃ATM,무상
5420,PS&M (마들역점),폐휴대폰,수거함 설치,서울 노원구 동일로 1538 ,민팃ATM,무상
5421,PS&M (명동대로점),폐휴대폰,수거함 설치,서울 중구 남대문로 68-1 ,민팃ATM,무상
5422,PS&M (문덕점),폐휴대폰,수거함 설치,경북 포항시 남구 오천읍 남원로 63 ,민팃ATM,무상
5423,PS&M (불광중앙점),폐휴대폰,수거함 설치,서울 은평구 통일로 750 ,민팃ATM,무상
5424,PS&M (센텀시티점),폐휴대폰,수거함 설치,부산 해운대구 해운대로 407 ,민팃ATM,무상
5425,PS&M (수성점),폐휴대폰,수거함 설치,대구 수성구 범물동 1330-4 ,민팃ATM,무상
5426,PS&M (신창점),폐휴대폰,수거함 설치,광주 광산구 신창로 69 ,민팃ATM,무상
5427,PS&M (안양일번가점),폐휴대폰,수거함 설치,경기 안양시 만안구 안양로292번길 3 ,민팃ATM,무상
5428,PS&M (연수점),폐휴대폰,수거함 설치,충북 충주시 계명대로 248 ,민팃ATM,무상
5429,PS&M (창원합성중앙점),폐휴대폰,수거함 설치,경남 창원시 마산회원구 3.15대로 732 ,민팃ATM,무상
5430,PS&M (천호사거리점),폐휴대폰,수거함 설치,서울 강동구 천호대로 1012 ,민팃ATM,무상
5431,PS&M (해운대점),폐휴대폰,수거함 설치,부산 해운대구 중동1로 17 ,민팃ATM,무상
5432,SK울산대리점 덕신점,폐휴대폰,수거함 설치,울산 울주군 온산읍 덕남로 23 ,민팃ATM,무상
5433,가능대리점 상계직영점,폐휴대폰,수거함 설치,서울 노원구 동일로 1379 ,민팃ATM,무상
5434,가로수직영SHOP 센트라스점,폐휴대폰,수거함 설치,서울 성동구 왕십리로 410 ,민팃ATM,무상
5435,개봉대리점 개봉점,폐휴대폰,수거함 설치,서울 구로구 개봉로3길 36 ,민팃ATM,무상
5436,광운대리점 화곡직영점,폐휴대폰,수거함 설치,서울 강서구 화곡로 142 ,민팃ATM,무상
5437,광장대리점 방배동점,폐휴대폰,수거함 설치,서울 서초구 방배로 94-1 ,민팃ATM,무상
5438,대교대리점 본점,폐휴대폰,수거함 설치,경기 안양시 만안구 안양로 263 ,민팃ATM,무상
5439,대교대리점 안양직영점,폐휴대폰,수거함 설치,경기 안양시 만안구 안양로 314 ,민팃ATM,무상
5440,대림대리점 본점,폐휴대폰,수거함 설치,서울 서초구 동산로19길 1 ,민팃ATM,무상
5441,독산대리점 본점,폐휴대폰,수거함 설치,서울 금천구 시흥대로 233 ,민팃ATM,무상
5442,동진대리점 마곡본점,폐휴대폰,수거함 설치,서울 강서구 강서로 385 ,민팃ATM,무상
5443,라온대리점 양정직영점,폐휴대폰,수거함 설치,부산 부산진구 중앙대로 898 ,민팃ATM,무상
5444,메이저 지안용원점,폐휴대폰,수거함 설치,경남 창원시 진해구 용원로 9 ,민팃ATM,무상
5445,메이저대리점 지안유니시티점,폐휴대폰,수거함 설치,경남 창원시 의창구 중동중앙로 47 ,민팃ATM,무상
5446,미래대리점 교대역직영점,폐휴대폰,수거함 설치,서울 서초구 서초중앙로24길 27 ,민팃ATM,무상
5447,미래대리점 코엑스직영점,폐휴대폰,수거함 설치,서울 강남구 테헤란로87길 22 ,민팃ATM,무상
5448,방화직영점,폐휴대폰,수거함 설치,서울 강서구 양천로 73 ,민팃ATM,무상
5449,백두대간대리점 본점,폐휴대폰,수거함 설치,서울 강서구 양천로 86 ,민팃ATM,무상
5450,백마장대리점 검단점,폐휴대폰,수거함 설치,인천 서구 원당대로 663 ,민팃ATM,무상
5451,백마장대리점 사당역직영점,폐휴대폰,수거함 설치,서울 서초구 방배천로 5-6 ,민팃ATM,무상
5452,백마장대리점 선학직영점,폐휴대폰,수거함 설치,인천 연수구 학나래로6번길 6 ,민팃ATM,무상
5453,백색대리점 파동직영점,폐휴대폰,수거함 설치,대구 수성구 파동로 109-1 ,민팃ATM,무상
5454,새서울대리점 고양스타필드점,폐휴대폰,수거함 설치,경기 고양시 덕양구 고양대로 1955 ,민팃ATM,무상
5455,샤인대리점 소답점,폐휴대폰,수거함 설치,경남 창원시 의창구 읍성로 78 ,민팃ATM,무상
5456,서강대리점 구파발역점,폐휴대폰,수거함 설치,서울 은평구 진관2로 15-46 ,민팃ATM,무상
5457,서부산팀 서부산PT 부평직영점,폐휴대폰,수거함 설치,부산 중구 대청로 72 ,민팃ATM,무상
5458,서울신당대리점 한숲점,폐휴대폰,수거함 설치,경기 용인시 처인구 남사면 한숲로 83 ,민팃ATM,무상
5459,서천대리점 본점,폐휴대폰,수거함 설치,충남 서천군 서천읍 서천로 38 ,민팃ATM,무상
5460,세하대리점 화곡역본점,폐휴대폰,수거함 설치,서울 강서구 화곡로 190 ,민팃ATM,무상
5461,신도SDR 향동점,폐휴대폰,수거함 설치,경기 고양시 덕양구 향기로 100 ,민팃ATM,무상
5462,신창대리점 노원역직영점,폐휴대폰,수거함 설치,서울 노원구 상계로 75 ,민팃ATM,무상
5463,신창대리점 돌곶이역 직영점,폐휴대폰,수거함 설치,서울 성북구 화랑로 248 ,민팃ATM,무상
5464,씨앤컴퍼니 송도점,폐휴대폰,수거함 설치,인천 연수구 신송로 166 ,민팃ATM,무상
5465,아이티모바일 목동사거리점,폐휴대폰,수거함 설치,서울 강서구 등촌로 25 ,민팃ATM,무상
5466,아이티모바일대리점 문정점,폐휴대폰,수거함 설치,서울 송파구 법원로 114 ,민팃ATM,무상
5467,아이티모바일대리점 자양동점,폐휴대폰,수거함 설치,서울 광진구 뚝섬로 631 ,민팃ATM,무상
5468,안양만안대리점 본점,폐휴대폰,수거함 설치,경기 안양시 만안구 안양로 331 ,민팃ATM,무상
5469,알파대리점 석계역점,폐휴대폰,수거함 설치,서울 노원구 석계로 4 ,민팃ATM,무상
5470,연신내대리점 본점,폐휴대폰,수거함 설치,서울 은평구 통일로 845 ,민팃ATM,무상
5471,염창대리점 본점,폐휴대폰,수거함 설치,서울 강서구 양천로 706 ,민팃ATM,무상
5472,예스 괴정점,폐휴대폰,수거함 설치,부산 사하구 낙동대로 332 ,민팃ATM,무상
5473,울림터대리점 본점,폐휴대폰,수거함 설치,서울 광진구 아차산로 220 ,민팃ATM,무상
5474,유니코리아대리점 명일역점,폐휴대폰,수거함 설치,서울 강동구 양재대로 1645 ,민팃ATM,무상
5475,인덕원대리점 본점,폐휴대폰,수거함 설치,경기 안양시 동안구 흥안대로 517 ,민팃ATM,무상
5476,인천중구대리점 학익점,폐휴대폰,수거함 설치,인천 미추홀구 한나루로 400 ,민팃ATM,무상
5477,일진대리점 암사직영점,폐휴대폰,수거함 설치,서울 강동구 암사길 50 ,민팃ATM,무상
5478,전남서해대리점 남악본점,폐휴대폰,수거함 설치,전남 무안군 삼향읍 남악4로34번길 6 ,민팃ATM,무상
5479,전남서해대리점 카페지점,폐휴대폰,수거함 설치,전남 목포시 신흥로 2 ,민팃ATM,무상
5480,정릉대리점 성북구청점,폐휴대폰,수거함 설치,서울 성북구 보문로 163 ,민팃ATM,무상
5481,정릉대리점 정릉시장점,폐휴대폰,수거함 설치,서울 성북구 보국문로 38 ,민팃ATM,무상
5482,참스타대리점 교남점,폐휴대폰,수거함 설치,서울 종로구 송월길 99 ,민팃ATM,무상
5483,참스타대리점 부개점,폐휴대폰,수거함 설치,인천 부평구 길주남로 158 ,민팃ATM,무상
5484,챌린저대리점 동성로점,폐휴대폰,수거함 설치,대구 중구 국채보상로 596 ,민팃ATM,무상
5485,천호대리점 본점,폐휴대폰,수거함 설치,서울 강동구 양재대로 1377 ,민팃ATM,무상
5486,충주우주대리점 본점,폐휴대폰,수거함 설치,충북 충주시 중앙로 44-1 ,민팃ATM,무상
5487,크린텔대리점 구로디지털단지점,폐휴대폰,수거함 설치,서울 구로구 디지털로34길 55 ,민팃ATM,무상
5488,큰사랑대리점 방배점,폐휴대폰,수거함 설치,서울 서초구 방배로 89 ,민팃ATM,무상
5489,태주대리점 용해프리미엄점,폐휴대폰,수거함 설치,전남 목포시 포미로 10 ,민팃ATM,무상
5490,피앤씨홀딩스 부평직영점,폐휴대폰,수거함 설치,인천 부평구 경원대로 1395 ,민팃ATM,무상
5491,피앤씨홀딩스 엘케이엠 본점,폐휴대폰,수거함 설치,서울 도봉구 도봉로153길 5 ,민팃ATM,무상
5492,피앤피대리점 불광역점,폐휴대폰,수거함 설치,서울 은평구 통일로 707 ,민팃ATM,무상
5493,하이원대리점 정우점,폐휴대폰,수거함 설치,경남 창원시 성산구 원이대로 587 ,민팃ATM,무상
5494,한유대리점 노량진점,폐휴대폰,수거함 설치,서울 동작구 노량진로 144 ,민팃ATM,무상
5495,한음대리점 중앙여고점,폐휴대폰,수거함 설치,충북 청주시 서원구 사직대로 147 ,민팃ATM,무상
5496,한음대리점 하나운천점,폐휴대폰,수거함 설치,충북 청주시 흥덕구 사운로 292 ,민팃ATM,무상
5497,흥덕대리점 운천점,폐휴대폰,수거함 설치,충북 청주시 흥덕구 사운로 276 ,민팃ATM,무상
5498,ACT대리점 남양동점,폐휴대폰,수거함 설치,경기 화성시 남양읍 남양성지로 121 ,민팃ATM,무상
5499,KB대리점 무거점,폐휴대폰,수거함 설치,울산 남구 대학로 159 ,민팃ATM,무상
5500,KSK대리점 장원점,폐휴대폰,수거함 설치,충북 제천시 풍양로15길 8 ,민팃ATM,무상
5501,PS&M (광주상무점),폐휴대폰,수거함 설치,광주 서구 상무중앙로 35 ,민팃ATM,무상
5502,PS&M (석사점),폐휴대폰,수거함 설치,강원 춘천시 퇴계농공로 22 ,민팃ATM,무상
5503,PS&M (연산점),폐휴대폰,수거함 설치,부산 연제구 중앙대로 1130 ,민팃ATM,무상
5504,PS&M (진해석동점),폐휴대폰,수거함 설치,경남 창원시 진해구 진해대로776번길 29 ,민팃ATM,무상
5505,PS&M (춘천명동점),폐휴대폰,수거함 설치,강원 춘천시 금강로 64-1 ,민팃ATM,무상
5506,PS&M (하당상동점),폐휴대폰,수거함 설치,전남 목포시 백년대로 319 ,민팃ATM,무상
5507,T센터 부산 T센터 덕천점,폐휴대폰,수거함 설치,부산시 북구 덕천동 401-2 ,민팃ATM,무상
5508,T센터 부산 T센터 서면태화점,폐휴대폰,수거함 설치,부산 부산진구 중앙대로 692번길 22 ,민팃ATM,무상
5509,T센터 수도권2 T센터 신림점,폐휴대폰,수거함 설치,서울 관악구 신림로 326 ,민팃ATM,무상
5510,가온대리점 시티점,폐휴대폰,수거함 설치,강원 춘천시 지석로 85 ,민팃ATM,무상
5511,강남터미널대리점 본점,폐휴대폰,수거함 설치,서울 서초구 신반포로 176 ,민팃ATM,무상
5512,강북직영SHOP 은행사거리점,폐휴대폰,수거함 설치,서울 노원구 한글비석로 254 ,민팃ATM,무상
5513,강북팀 강북PT 길음역직영점,폐휴대폰,수거함 설치,서울 성북구 길음로 14 ,민팃ATM,무상
5514,강북팀 강북PT 미아역점,폐휴대폰,수거함 설치,서울 강북구 도봉로 193 ,민팃ATM,무상
5515,광운대리점 숙대입구직영점,폐휴대폰,수거함 설치,서울 용산구 한강대로 293 ,민팃ATM,무상
5516,광운대리점 중계점,폐휴대폰,수거함 설치,서울 노원구 한글비석로 245 ,민팃ATM,무상
5517,광장대리점 서울대점,폐휴대폰,수거함 설치,서울 관악구 신림로 113 ,민팃ATM,무상
5518,금호대리점 온양점,폐휴대폰,수거함 설치,울산 울주군 온양읍 대운길 30 ,민팃ATM,무상
5519,내방역대리점 본점,폐휴대폰,수거함 설치,서울 서초구 서초대로 108 ,민팃ATM,무상
5520,논현대리점 강남교보점,폐휴대폰,수거함 설치,서울 서초구 서초대로77길 61 ,민팃ATM,무상
5521,늘푸른대리점 낙성대점,폐휴대폰,수거함 설치,서울 관악구 봉천로 615 ,민팃ATM,무상
5522,대교대리점 의왕역점,폐휴대폰,수거함 설치,경기 의왕시 부곡중앙남2길 1 ,민팃ATM,무상
5523,대교대리점 의왕점,폐휴대폰,수거함 설치,경기 의왕시 모락로 16 ,민팃ATM,무상
5524,동진대리점 소사직영점,폐휴대폰,수거함 설치,경기 부천시 소사구 소사동로 82 ,민팃ATM,무상
5525,라온대리점 대흥점,폐휴대폰,수거함 설치,경북 포항시 북구 중앙상가길 38 ,민팃ATM,무상
5526,라온대리점 본점,폐휴대폰,수거함 설치,부산 북구 만덕2로 44 ,민팃ATM,무상
5527,라온대리점 수성 골드 멤버스,폐휴대폰,수거함 설치,대구 수성구 달구벌대로 2520 ,민팃ATM,무상
5528,라온대리점 포항점,폐휴대폰,수거함 설치,경북 포항시 북구 중앙상가길 32 ,민팃ATM,무상
5529,렉스대리점 명촌직영점,폐휴대폰,수거함 설치,울산 북구 명촌10길 22 ,민팃ATM,무상
5530,리더스대리점 본점,폐휴대폰,수거함 설치,서울 노원구 한글비석로 242 ,민팃ATM,무상
5531,맥스대리점 가경TPS점,폐휴대폰,수거함 설치,충북 청주시 흥덕구 서현북로 78 ,민팃ATM,무상
5532,모다대리점 교동택지점,폐휴대폰,수거함 설치,강원 강릉시 솔올로 32 ,민팃ATM,무상
5533,목포우성대리점 본점,폐휴대폰,수거함 설치,전남 목포시 옥암로 82 ,민팃ATM,무상
5534,미래대리점 T직영점,폐휴대폰,수거함 설치,충북 제천시 의림대로16길 14 ,민팃ATM,무상
5535,미래대리점 강일직영점,폐휴대폰,수거함 설치,서울 강동구 아리수로 427 ,민팃ATM,무상
5536,미래대리점 블루점,폐휴대폰,수거함 설치,충북 제천시 청전대로 187 ,민팃ATM,무상
5537,미래대리점 위례직영점,폐휴대폰,수거함 설치,서울 송파구 위례광장로 290 ,민팃ATM,무상
5538,미래대리점 장안직영점,폐휴대폰,수거함 설치,서울 동대문구 장한로 10 ,민팃ATM,무상
5539,미래대리점 착한직영점,폐휴대폰,수거함 설치,충북 제천시 풍양로 108 ,민팃ATM,무상
5540,백마장대리점 난곡직영점,폐휴대폰,수거함 설치,서울 관악구 난곡로 193 ,민팃ATM,무상
5541,백마장대리점 부평역직영점,폐휴대폰,수거함 설치,인천 부평구 부평문화로 55 ,민팃ATM,무상
5542,법조타운대리점 교대역직영점,폐휴대폰,수거함 설치,서울 서초구 서초대로 274 ,민팃ATM,무상
5543,서대구팀 서대구PT 용산직영점,폐휴대폰,수거함 설치,대구 달서구 용산로 231 ,민팃ATM,무상
5544,서울직영SHOP 서울대입구역점,폐휴대폰,수거함 설치,서울 관악구 관악로 183 ,민팃ATM,무상
5545,서울직영SHOP 어린이대공원점,폐휴대폰,수거함 설치,서울 광진구 광나루로 505 ,민팃ATM,무상
5546,선인대리점 본점,폐휴대폰,수거함 설치,서울 용산구 새창로 181 ,민팃ATM,무상
5547,성진대리점 암사직영점,폐휴대폰,수거함 설치,서울 강동구 올림픽로 779 ,민팃ATM,무상
5548,속초중앙대리점 본점,폐휴대폰,수거함 설치,강원 속초시 중앙로 127 ,민팃ATM,무상
5549,신창대리점 성신여대점,폐휴대폰,수거함 설치,서울 성북구 동소문로22길 15 ,민팃ATM,무상
5550,신창대리점 정릉직영점,폐휴대폰,수거함 설치,서울 성북구 보국문로 10 ,민팃ATM,무상
5551,신창대리점 창동역 직영점,폐휴대폰,수거함 설치,서울 도봉구 마들로11길 65 ,민팃ATM,무상
5552,신창대리점 창동역2 직영점,폐휴대폰,수거함 설치,서울 도봉구 노해로63길 78 ,민팃ATM,무상
5553,아이티모바일 서울대역점,폐휴대폰,수거함 설치,서울 관악구 관악로 201 ,민팃ATM,무상
5554,연신내대리점 2호점,폐휴대폰,수거함 설치,서울 은평구 통일로 852 ,민팃ATM,무상
5555,영월종합대리점 본점,폐휴대폰,수거함 설치,강원 영월군 영월읍 단종로9번길 17 ,민팃ATM,무상
5556,울산행복대리점 성남2호점,폐휴대폰,수거함 설치,울산 중구 학성로 80-1 ,민팃ATM,무상
5557,원진대리점 상계역점,폐휴대폰,수거함 설치,서울 노원구 한글비석로22길 24 ,민팃ATM,무상
5558,유선대리점 잠실레이크팰리스점(본점),폐휴대폰,수거함 설치,서울 송파구 석촌호수로 140 ,민팃ATM,무상
5559,유토피아대리점 성수직영점,폐휴대폰,수거함 설치,서울 성동구 뚝섬로 390 ,민팃ATM,무상
5560,인제중앙대리점 본점,폐휴대폰,수거함 설치,강원 인제군 인제읍 비봉로 5-1 ,민팃ATM,무상
5561,인천중구대리점 송도직영점,폐휴대폰,수거함 설치,인천 연수구 센트럴로 194 ,민팃ATM,무상
5562,장천대리점 광양점,폐휴대폰,수거함 설치,전남 광양시 광양읍 대림오성로 112 ,민팃ATM,무상
5563,전남서해대리점 나주본점,폐휴대폰,수거함 설치,전남 나주시 나주로 172 ,민팃ATM,무상
5564,전남서해대리점 빛가람점,폐휴대폰,수거함 설치,전남 나주시 상야1길 21 ,민팃ATM,무상
5565,전남서해대리점 카페본점,폐휴대폰,수거함 설치,전남 목포시 비파로 123-1 ,민팃ATM,무상
5566,지은대리점 신대방역점,폐휴대폰,수거함 설치,서울 관악구 난곡로 367 ,민팃ATM,무상
5567,지은대리점 안양본점,폐휴대폰,수거함 설치,경기 안양시 만안구 안양로292번길 8 ,민팃ATM,무상
5568,참스타대리점 청라점,폐휴대폰,수거함 설치,인천 서구 청라커낼로 252 ,민팃ATM,무상
5569,큰사랑대리점 신림점,폐휴대폰,수거함 설치,서울 관악구 대학길 16 ,민팃ATM,무상
5570,태백대리점 본점,폐휴대폰,수거함 설치,강원 태백시 황지로 194-1 ,민팃ATM,무상
5571,태산대리점 라임직영점,폐휴대폰,수거함 설치,인천 서구 청라라임로 65 ,민팃ATM,무상
5572,포항팀 포항PT 포항중앙상가점,폐휴대폰,수거함 설치,경북 포항시 북구 중앙상가길 20-1 ,민팃ATM,무상
5573,피앤씨홀딩스 부평본점,폐휴대폰,수거함 설치,인천 부평구 부흥로 331 ,민팃ATM,무상
5574,피앤씨홀딩스 송파투자점,폐휴대폰,수거함 설치,서울 송파구 송파대로 345 ,민팃ATM,무상
5575,피앤피대리점 석촌역직영점,폐휴대폰,수거함 설치,서울 송파구 송파대로 405 ,민팃ATM,무상
5576,하나대리점 굴화직영점,폐휴대폰,수거함 설치,울산 울주군 범서읍 장검길 93 ,민팃ATM,무상
5577,한백대리점 본점,폐휴대폰,수거함 설치,부산 사상구 사상로 200 ,민팃ATM,무상
5578,한백대리점 화명2호점,폐휴대폰,수거함 설치,부산 북구 화명대로 34 ,민팃ATM,무상
5579,한음대리점 ICT가경 본점,폐휴대폰,수거함 설치,충북 청주시 흥덕구 풍산로 49 ,민팃ATM,무상
5580,한음대리점 프리미엄스토어점,폐휴대폰,수거함 설치,충북 청주시 흥덕구 증안로 42 ,민팃ATM,무상
5581,행운대리점 유천택지점,폐휴대폰,수거함 설치,강원 강릉시 선수촌로 77 ,민팃ATM,무상
5582,행운대리점 중앙본점,폐휴대폰,수거함 설치,강원 강릉시 곶감전길 3-1 ,민팃ATM,무상
5583,홍릉대리점 본점,폐휴대폰,수거함 설치,서울 동대문구 홍릉로 63-1 ,민팃ATM,무상
5584,홍익대리점 오송제일점,폐휴대폰,수거함 설치,충북 청주시 흥덕구 오송읍 연제리 718 ,민팃ATM,무상
5585,흥덕대리점 스카이대리점장락점,폐휴대폰,수거함 설치,충북 제천시 장락로 150 ,민팃ATM,무상
5586,ACT대리점 가능역점,폐휴대폰,수거함 설치,경기 의정부시 평화로 617 ,민팃ATM,무상
5587,ACT대리점 고덕본점,폐휴대폰,수거함 설치,서울 강동구 동남로81길 50 ,민팃ATM,무상
5588,ACT대리점 광적본점,폐휴대폰,수거함 설치,경기 양주시 광적면 가래비길 118 ,민팃ATM,무상
5589,ACT대리점 구성본점,폐휴대폰,수거함 설치,경기 용인시 기흥구 구성로 118 ,민팃ATM,무상
5590,ACT대리점 금촌점,폐휴대폰,수거함 설치,경기 파주시 송화로 13 ,민팃ATM,무상
5591,ACT대리점 덕정중앙점,폐휴대폰,수거함 설치,경기 양주시 화합로 1381 ,민팃ATM,무상
5592,ACT대리점 마북본점,폐휴대폰,수거함 설치,경기 용인시 기흥구 마북로154번길 3 ,민팃ATM,무상
5593,ACT대리점 민락점,폐휴대폰,수거함 설치,경기 의정부시 용민로 125 ,민팃ATM,무상
5594,ACT대리점 백석 직영점,폐휴대폰,수거함 설치,경기 양주시 백석읍 양주산성로 640 ,민팃ATM,무상
5595,ACT대리점 범박점,폐휴대폰,수거함 설치,경기 부천시 소사구 양지로67번길 32 ,민팃ATM,무상
5596,ACT대리점 법원본점,폐휴대폰,수거함 설치,경기 파주시 법원읍 사임당로 831 ,민팃ATM,무상
5597,ACT대리점 별내점,폐휴대폰,수거함 설치,경기 남양주시 불암로 39 ,민팃ATM,무상
5598,ACT대리점 봉담점,폐휴대폰,수거함 설치,경기 화성시 봉담읍 동화역말길 29-13 ,민팃ATM,무상
5599,ACT대리점 부평본점,폐휴대폰,수거함 설치,인천 부평구 부평문화로 38 ,민팃ATM,무상
5600,ACT대리점 상계본점,폐휴대폰,수거함 설치,서울 노원구 한글비석로49길 1 ,민팃ATM,무상
5601,ACT대리점 상리점,폐휴대폰,수거함 설치,경기 화성시 봉담읍 샘마을길 45 ,민팃ATM,무상
5602,ACT대리점 송우점,폐휴대폰,수거함 설치,경기 포천시 소흘읍 솔모루로 91 ,민팃ATM,무상
5603,Able대리점 본점,폐휴대폰,수거함 설치,강원 춘천시 방송길 104 ,민팃ATM,무상
5604,DK직영SHOP 대곡스포렉스점,폐휴대폰,수거함 설치,대구 달서구 도원로 36 ,민팃ATM,무상
5605,KSK대리점 금릉점,폐휴대폰,수거함 설치,충북 충주시 번영대로 103 ,민팃ATM,무상
5606,KSK대리점 금왕점,폐휴대폰,수거함 설치,충북 음성군 금왕읍 무극로 275-2 ,민팃ATM,무상
5607,KSK대리점 대소다올점,폐휴대폰,수거함 설치,충북 음성군 대소면 오태로 100 ,민팃ATM,무상
5608,KSK대리점 복대점,폐휴대폰,수거함 설치,충북 청주시 흥덕구 진재로 54 ,민팃ATM,무상
5609,KSK대리점 원주기업도시 히어로점,폐휴대폰,수거함 설치,강원 원주시 지정면 신지정로 180 ,민팃ATM,무상
5610,OK대리점 평거점,폐휴대폰,수거함 설치,경남 진주시 새들말로 34-4 ,민팃ATM,무상
5611,PS&M (강릉점),폐휴대폰,수거함 설치,강원 강릉시 하평길 40 ,민팃ATM,무상
5612,PS&M (동해점),폐휴대폰,수거함 설치,강원 동해시 중앙로 242 ,민팃ATM,무상
5613,PS&M (외도점),폐휴대폰,수거함 설치,제주 제주시 우정로 55 ,민팃ATM,무상
5614,PS&M (제주연동점),폐휴대폰,수거함 설치,제주 제주시 도령로 113 ,민팃ATM,무상
5615,TGP대리점 방촌직영점,폐휴대폰,수거함 설치,대구 동구 동촌로 213 ,민팃ATM,무상
5616,나은대리점 용당점,폐휴대폰,수거함 설치,전남 순천시 삼산로 114 ,민팃ATM,무상
5617,다모아대리점 비산점,폐휴대폰,수거함 설치,대구 서구 국채보상로 361 ,민팃ATM,무상
5618,대교대리점 군포역점,폐휴대폰,수거함 설치,경기 군포시 군포로 528 ,민팃ATM,무상
5619,대구가야대리점 성당점,폐휴대폰,수거함 설치,대구 달서구 당산로 90 ,민팃ATM,무상
5620,대구가야대리점 수성점,폐휴대폰,수거함 설치,대구 수성구 명덕로 388 ,민팃ATM,무상
5621,대구가야대리점 칠곡3지구점,폐휴대폰,수거함 설치,대구 북구 동천로24길 9 ,민팃ATM,무상
5622,대구교보대리점 북부점,폐휴대폰,수거함 설치,대구 서구 서대구로 318 ,민팃ATM,무상
5623,대구행복 하양센터점,폐휴대폰,수거함 설치,경북 경산시 하양읍 하양로 87 ,민팃ATM,무상
5624,대구행복대리점 본점,폐휴대폰,수거함 설치,대구 남구 봉덕로 97 ,민팃ATM,무상
5625,동우대리점 본점,폐휴대폰,수거함 설치,제주 제주시 연삼로 399 ,민팃ATM,무상
5626,동우대리점 연동점,폐휴대폰,수거함 설치,제주 제주시 신대로 125 ,민팃ATM,무상
5627,메트로대리점 태전점,폐휴대폰,수거함 설치,대구 북구 칠곡중앙대로 407 ,민팃ATM,무상
5628,반야월대리점 본점,폐휴대폰,수거함 설치,대구 동구 율하동로23길 3 ,민팃ATM,무상
5629,반야월대리점 하양2호점,폐휴대폰,수거함 설치,경북 경산시 하양읍 하양로 77 ,민팃ATM,무상
5630,범어대리점 본점,폐휴대폰,수거함 설치,대구 수성구 수성로 379 ,민팃ATM,무상
5631,서귀포대리점 녹원점,폐휴대폰,수거함 설치,제주 서귀포시 중정로61번길 1 ,민팃ATM,무상
5632,서귀포대리점 본점,폐휴대폰,수거함 설치,제주 서귀포시 중앙로 80 ,민팃ATM,무상
5633,솔로몬대리점 칠곡점,폐휴대폰,수거함 설치,대구 북구 칠곡중앙대로 337 ,민팃ATM,무상
5634,스마일대리점 남녕점,폐휴대폰,수거함 설치,제주 제주시 남녕로 45 ,민팃ATM,무상
5635,써니 대리점 본점,폐휴대폰,수거함 설치,대구 북구 복현로 71 ,민팃ATM,무상
5636,안심대리점 본점,폐휴대폰,수거함 설치,대구 동구 안심로41길 31 ,민팃ATM,무상
5637,앤유대리점 본점,폐휴대폰,수거함 설치,제주 제주시 월랑로 27 ,민팃ATM,무상
5638,엄마손대리점 방이동,폐휴대폰,수거함 설치,서울 송파구 오금로 251 ,민팃ATM,무상
5639,울림터대리점 군자역점,폐휴대폰,수거함 설치,서울 광진구 능동로 297 ,민팃ATM,무상
5640,인천팀 인천2PT 검단점,폐휴대폰,수거함 설치,인천 서구 검단로 480 ,민팃ATM,무상
5641,전남서해 함평본점,폐휴대폰,수거함 설치,전남 함평군 함평읍 내바람길 41 ,민팃ATM,무상
5642,정다운대리점 서사라점,폐휴대폰,수거함 설치,제주 제주시 서사로 87 ,민팃ATM,무상
5643,제주E&T대리점 도남점,폐휴대폰,수거함 설치,제주 제주시 도남로 53 ,민팃ATM,무상
5644,제주E&T대리점 삼화점,폐휴대폰,수거함 설치,제주 제주시 화삼북로 68 ,민팃ATM,무상
5645,제주E&T대리점 연북로점,폐휴대폰,수거함 설치,제주 제주시 연북로 34 ,민팃ATM,무상
5646,제주광양대리점 대학로점,폐휴대폰,수거함 설치,제주 제주시 중앙로 238 ,민팃ATM,무상
5647,제주광양대리점 본점,폐휴대폰,수거함 설치,제주 제주시 중앙로 69-1 ,민팃ATM,무상
5648,제주광양대리점 연동문화점,폐휴대폰,수거함 설치,제주 제주시 삼무로 38 ,민팃ATM,무상
5649,제주광양대리점 터미널점,폐휴대폰,수거함 설치,제주 제주시 서광로 171 ,민팃ATM,무상
5650,제주굿모닝 신제주점,폐휴대폰,수거함 설치,제주 제주시 노연로 123 ,민팃ATM,무상
5651,제주굿모닝대리점 노형뉴타운점,폐휴대폰,수거함 설치,제주 제주시 1100로 3334 ,민팃ATM,무상
5652,제주굿모닝대리점 서문점,폐휴대폰,수거함 설치,제주 제주시 용문로 167 ,민팃ATM,무상
5653,제주굿모닝대리점 이도점,폐휴대폰,수거함 설치,제주 제주시 승천로 75 ,민팃ATM,무상
5654,제주굿모닝대리점 해피점,폐휴대폰,수거함 설치,제주 제주시 연북로 40 ,민팃ATM,무상
5655,제주정다운대리점 본점,폐휴대폰,수거함 설치,제주 제주시 월랑로 33 ,민팃ATM,무상
5656,제주중앙대리점 본점,폐휴대폰,수거함 설치,제주 제주시 중앙로 66 ,민팃ATM,무상
5657,제주중앙대리점 본점,폐휴대폰,수거함 설치,제주 제주시 연북로 82 ,민팃ATM,무상
5658,지산대리점 본점,폐휴대폰,수거함 설치,울산 남구 돋질로 62 ,민팃ATM,무상
5659,챌린저대리점 현풍점,폐휴대폰,수거함 설치,대구 달성군 유가면 테크노상업로4길 7-4 ,민팃ATM,무상
5660,큰사랑대리점 거여직영점,폐휴대폰,수거함 설치,서울 송파구 오금로 500 ,민팃ATM,무상
5661,프리스비 불광역점,폐휴대폰,수거함 설치,서울 은평구 불광로 46 ,민팃ATM,무상
5662,프리스비 자양 투자점,폐휴대폰,수거함 설치,서울 광진구 자양로 93 ,민팃ATM,무상
5663,피앤씨홀딩스 방학직영점,폐휴대폰,수거함 설치,서울 도봉구 도당로27길 58 ,민팃ATM,무상
5664,피앤씨홀딩스 엘케이엠 송산역점,폐휴대폰,수거함 설치,경기 의정부시 용민로 76 ,민팃ATM,무상
5665,한백대리점 사상2호점,폐휴대폰,수거함 설치,부산 사상구 사상로 214 ,민팃ATM,무상
5666,한유대리점 보라매직영점,폐휴대폰,수거함 설치,서울 관악구 봉천로 215 ,민팃ATM,무상
5667,행운대리점 교동택지점,폐휴대폰,수거함 설치,강원 강릉시 원대로 103 ,민팃ATM,무상
5668,ACT대리점 송현동점,폐휴대폰,수거함 설치,인천 동구 화수로 6 ,민팃ATM,무상
5669,ACT대리점 수지점,폐휴대폰,수거함 설치,경기 용인시 수지구 동천로99번길 16 ,민팃ATM,무상
5670,ACT대리점 신시가지점,폐휴대폰,수거함 설치,경기 의정부시 신흥로 243 ,민팃ATM,무상
5671,ACT대리점 신철원본점,폐휴대폰,수거함 설치,강원 철원군 갈말읍 명성로 143-1 ,민팃ATM,무상
5672,ACT대리점 양주점,폐휴대폰,수거함 설치,경기 양주시 평화로 1471 ,민팃ATM,무상
5673,ACT대리점 의왕점,폐휴대폰,수거함 설치,경기 의왕시 내손순환로 7 ,민팃ATM,무상
5674,ACT대리점 죽전본점,폐휴대폰,수거함 설치,경기 용인시 수지구 현암로 148 ,민팃ATM,무상
5675,ACT대리점 통일로점,폐휴대폰,수거함 설치,경기 파주시 문산읍 방촌로 1636 ,민팃ATM,무상
5676,ACT대리점 퇴계원점,폐휴대폰,수거함 설치,경기 남양주시 퇴계원읍 도제원로 20 ,민팃ATM,무상
5677,ACT대리점 포천2호점,폐휴대폰,수거함 설치,경기 포천시 중앙로 103-1 ,민팃ATM,무상
5678,BK대리점 센트라스점,폐휴대폰,수거함 설치,서울 성동구 왕십리로 410 ,민팃ATM,무상
5679,CD대리점 갈매지구점,폐휴대폰,수거함 설치,경기 구리시 갈매중앙로 79 ,민팃ATM,무상
5680,DK직영SHOP 본점,폐휴대폰,수거함 설치,대구 북구 동천로 127 ,민팃ATM,무상
5681,DK직영SHOP 서재2호점,폐휴대폰,수거함 설치,대구 달성군 다사읍 서재로 134 ,민팃ATM,무상
5682,DK직영SHOP 월성점,폐휴대폰,수거함 설치,대구 달서구 학산로 14 ,민팃ATM,무상
5683,E&T대리점 양산프리미엄점,폐휴대폰,수거함 설치,광주 북구 하서로 418 ,민팃ATM,무상
5684,IMT대전대리점 본점,폐휴대폰,수거함 설치,대전 서구 계백로 1434 ,민팃ATM,무상
5685,J&O대리점 성건직영점,폐휴대폰,수거함 설치,경북 경주시 금성로395번길 3 ,민팃ATM,무상
5686,JM대리점 본점,폐휴대폰,수거함 설치,부산 수영구 수영로705번길 14 ,민팃ATM,무상
5687,KB대리점 본점,폐휴대폰,수거함 설치,울산 남구 중앙로 167 ,민팃ATM,무상
5688,KB대리점 업스퀘어점,폐휴대폰,수거함 설치,울산 남구 삼산중로74번길 23 ,민팃ATM,무상
5689,KB대리점 우정점,폐휴대폰,수거함 설치,울산 중구 명륜로 40 ,민팃ATM,무상
5690,KB대리점 화정점,폐휴대폰,수거함 설치,울산 동구 대학길 122 ,민팃ATM,무상
5691,MD대리점 구로직영점,폐휴대폰,수거함 설치,서울 구로구 디지털로32나길 17-38 ,민팃ATM,무상
5692,MD대리점 구파발직영점,폐휴대폰,수거함 설치,서울 은평구 진관3로 11 ,민팃ATM,무상
5693,MD대리점 삼정동직영점,폐휴대폰,수거함 설치,경기 부천시 오정구 중동로 401 ,민팃ATM,무상
5694,MD대리점 염창동직영점,폐휴대폰,수거함 설치,서울 양천구 목동중앙본로 126 ,민팃ATM,무상
5695,MD대리점 옥길점,폐휴대폰,수거함 설치,경기 부천시 옥길로 124 ,민팃ATM,무상
5696,N&C대리점 본점,폐휴대폰,수거함 설치,강원 춘천시 춘천로 316 ,민팃ATM,무상
5697,NC대리점 두정점,폐휴대폰,수거함 설치,충남 천안시 서북구 동서대로 85 ,민팃ATM,무상
5698,NC대리점 신방점,폐휴대폰,수거함 설치,충남 천안시 동남구 통정11로 46 ,민팃ATM,무상
5699,NC대리점 용화점,폐휴대폰,수거함 설치,충남 아산시 어의정로 119 ,민팃ATM,무상
5700,NC대리점 한우리점,폐휴대폰,수거함 설치,충남 천안시 서북구 쌍용대로 317 ,민팃ATM,무상
5701,OK대리점 거창점,폐휴대폰,수거함 설치,경남 거창군 거창읍 중앙로 141 ,민팃ATM,무상
5702,OK대리점 경상대점,폐휴대폰,수거함 설치,경남 진주시 진주대로 548 ,민팃ATM,무상
5703,OK대리점 나리점,폐휴대폰,수거함 설치,경남 거제시 중곡로5길 2 ,민팃ATM,무상
5704,OK대리점 대안본점,폐휴대폰,수거함 설치,경남 진주시 진양호로531번길 17 ,민팃ATM,무상
5705,OK대리점 무전점,폐휴대폰,수거함 설치,경남 통영시 중앙로 303-5 ,민팃ATM,무상
5706,OK대리점 상동점,폐휴대폰,수거함 설치,경남 거제시 거제중앙로 1601 ,민팃ATM,무상
5707,OK대리점 아주대우점,폐휴대폰,수거함 설치,경남 거제시 아주로 73 ,민팃ATM,무상
5708,OK대리점 아주본점TPS,폐휴대폰,수거함 설치,경남 거제시 아주1로4길 17 ,민팃ATM,무상
5709,OK대리점 옥포본점,폐휴대폰,수거함 설치,경남 거제시 옥포로 237 ,민팃ATM,무상
5710,OK대리점 옥포점,폐휴대폰,수거함 설치,경남 거제시 옥포대첩로 52 ,민팃ATM,무상
5711,OK대리점 혁신도시점,폐휴대폰,수거함 설치,경남 진주시 충의로 30 ,민팃ATM,무상
5712,OK대리점 호탄점,폐휴대폰,수거함 설치,경남 진주시 가호로 41 ,민팃ATM,무상
5713,Orange대리점 야당직영점,폐휴대폰,수거함 설치,경기 파주시 경의로 1074 ,민팃ATM,무상
5714,PS&M (미금역사거리점),폐휴대폰,수거함 설치,경기 성남시 분당구 돌마로 67 ,민팃ATM,무상
5715,SK군위대리점 본점,폐휴대폰,수거함 설치,경북 군위군 군위읍 중앙길 99 ,민팃ATM,무상
5716,SK동부대리점 사랑점,폐휴대폰,수거함 설치,전남 여수시 박람회길 46 ,민팃ATM,무상
5717,SK매우만족대리점 본점,폐휴대폰,수거함 설치,경북 예천군 예천읍 시장로 144 ,민팃ATM,무상
5718,SK역전대리점 본점,폐휴대폰,수거함 설치,경북 안동시 영가로 3 ,민팃ATM,무상
5719,SK울산대리점 꽃바위점,폐휴대폰,수거함 설치,울산 동구 꽃바위로 255 ,민팃ATM,무상
5720,SK울산대리점 우정점,폐휴대폰,수거함 설치,울산 중구 우정7길 25 ,민팃ATM,무상
5721,T SHOP대리점 강남8호점,폐휴대폰,수거함 설치,강원 춘천시 영서로2279번길 3 ,민팃ATM,무상
5722,T SHOP대리점 골드점,폐휴대폰,수거함 설치,강원 춘천시 후석로 10 ,민팃ATM,무상
5723,T SHOP대리점 근린공원점,폐휴대폰,수거함 설치,강원 원주시 단관길 114-12 ,민팃ATM,무상
5724,T SHOP대리점 통큰점,폐휴대폰,수거함 설치,강원 춘천시 영서로 2777 ,민팃ATM,무상
5725,T 텔레콤대리점 본점,폐휴대폰,수거함 설치,충남 홍성군 홍성읍 조양로 146 ,민팃ATM,무상
5726,TGP대리점 대백직영점,폐휴대폰,수거함 설치,대구 중구 달구벌대로 2214-1 ,민팃ATM,무상
5727,TS대리점 남부시장점,폐휴대폰,수거함 설치,경남 양산시 중앙로 130 ,민팃ATM,무상
5728,TS재리점 본점(본점),폐휴대폰,수거함 설치,경남 양산시 양산역6길 24 ,민팃ATM,무상
5729,가나안대리점 보문역점,폐휴대폰,수거함 설치,서울 성북구 보문로 113 ,민팃ATM,무상
5730,가나안대리점 안암점,폐휴대폰,수거함 설치,서울 성북구 안암로 77 ,민팃ATM,무상
5731,가능대리점 덕정직영점,폐휴대폰,수거함 설치,경기 양주시 고암길 306-77 ,민팃ATM,무상
5732,가능대리점 민락2지구직영점,폐휴대폰,수거함 설치,경기 의정부시 오목로205번길 39 ,민팃ATM,무상
5733,가능대리점 본점,폐휴대폰,수거함 설치,경기 의정부시 시민로 59 ,민팃ATM,무상
5734,가능대리점 신곡직영점,폐휴대폰,수거함 설치,경기 의정부시 추동로 15 ,민팃ATM,무상
5735,가능대리점 쌍문역직영점,폐휴대폰,수거함 설치,서울 도봉구 도봉로 468 ,민팃ATM,무상
5736,가람대리점(본점),폐휴대폰,수거함 설치,경북 영주시 대동로 22 ,민팃ATM,무상
5737,가로수직영SHOP 중림점,폐휴대폰,수거함 설치,서울 중구 중림로 38 ,민팃ATM,무상
5738,강남PT난곡점,폐휴대폰,수거함 설치,서울 관악구 남부순환로 1471 ,민팃ATM,무상
5739,강남스타대리점 강남구청역점,폐휴대폰,수거함 설치,서울 강남구 선릉로 661 ,민팃ATM,무상
5740,강남스타대리점 신흥역롯데시네마점,폐휴대폰,수거함 설치,경기 성남시 수정구 산성대로 267 ,민팃ATM,무상
5741,강남직영SHOP 광장점,폐휴대폰,수거함 설치,서울 광진구 아차산로 537-17 ,민팃ATM,무상
5742,강남직영SHOP 논현점,폐휴대폰,수거함 설치,인천 남동구 청능대로 581 ,민팃ATM,무상
5743,강남직영SHOP 봉천점,폐휴대폰,수거함 설치,서울 관악구 남부순환로 1737 ,민팃ATM,무상
5744,강남직영SHOP 용현점,폐휴대폰,수거함 설치,인천 미추홀구 낙섬중로 60 ,민팃ATM,무상
5745,강남직영SHOP 주안점,폐휴대폰,수거함 설치,인천 미추홀구 미추홀대로 716 ,민팃ATM,무상
5746,강남팀 강남PT 남부터미널점,폐휴대폰,수거함 설치,서울 서초구 반포대로10길 35 ,민팃ATM,무상
5747,강남팀 강남PT 상도역점,폐휴대폰,수거함 설치,서울 동작구 양녕로 262 ,민팃ATM,무상
5748,강남팀 강남PT 신논현점,폐휴대폰,수거함 설치,서울 강남구 강남대로 492 ,민팃ATM,무상
5749,강남팀 강남PT 역삼역점,폐휴대폰,수거함 설치,서울 강남구 논현로 404 ,민팃ATM,무상
5750,강남팀 강남PT 한티역점,폐휴대폰,수거함 설치,서울 강남구 도곡로 405 ,민팃ATM,무상
5751,강남팀 위탁 교대역점,폐휴대폰,수거함 설치,서울 서초구 서초대로 308 ,민팃ATM,무상
5752,강동대리점 본점,폐휴대폰,수거함 설치,강원 원주시 삼광1길 37-5 ,민팃ATM,무상
5753,대구가야대리점 대현동TPS,폐휴대폰,수거함 설치,대구 북구 대현로 100 ,민팃ATM,무상
5754,J&O대리점 중앙점,폐휴대폰,수거함 설치,경북 포항시 북구 중앙로 243 ,민팃ATM,무상
5755,PS&M (광주풍암점),폐휴대폰,수거함 설치,광주 서구 풍금로 12 ,민팃ATM,무상
5756,PS&M (나주혁신점),폐휴대폰,수거함 설치,전남 나주시 빛가람동 189-2 ,민팃ATM,무상
5757,PS&M (목포시내점),폐휴대폰,수거함 설치,전남 목포시 영산로75번길 26-1 ,민팃ATM,무상
5758,PS&M (수완점),폐휴대폰,수거함 설치,광주 광산구 임방울대로 215 ,민팃ATM,무상
5759,PS&M (운남점),폐휴대폰,수거함 설치,광주 광산구 사암로340번길 31 ,민팃ATM,무상
5760,PS&M (운암점),폐휴대폰,수거함 설치,광주 북구 북문대로 105 ,민팃ATM,무상
5761,PS&M (충장로점),폐휴대폰,수거함 설치,광주 동구 중앙로 170 ,민팃ATM,무상
5762,강동팀 강동PT 강동역점,폐휴대폰,수거함 설치,서울 강동구 천호대로 1078 ,민팃ATM,무상
5763,강동팀 강동PT 고덕역점,폐휴대폰,수거함 설치,서울 강동구 고덕로 256 ,민팃ATM,무상
5764,강동팀 강동PT 방이역직영점,폐휴대폰,수거함 설치,서울 송파구 마천로 43 ,민팃ATM,무상
5765,강동팀 강동PT 분당서현역점,폐휴대폰,수거함 설치,경기 성남시 분당구 황새울로360번길 24 ,민팃ATM,무상
5766,강동팀 강동PT 송파점,폐휴대폰,수거함 설치,서울 송파구 백제고분로 377 ,민팃ATM,무상
5767,강동팀 강동PT 신야탑점,폐휴대폰,수거함 설치,경기 성남시 분당구 야탑로81번길 10 ,민팃ATM,무상
5768,강동팀 강동PT 오금역점,폐휴대폰,수거함 설치,서울 송파구 오금로 306 ,민팃ATM,무상
5769,강동팀 강동PT 잠실점,폐휴대폰,수거함 설치,서울 송파구 올림픽로35가길 9 ,민팃ATM,무상
5770,강동팀 강동PT 천호현대점,폐휴대폰,수거함 설치,서울 강동구 올림픽로 654 ,민팃ATM,무상
5771,강동팀 강동PT 하남점,폐휴대폰,수거함 설치,경기 하남시 신장로 151 ,민팃ATM,무상
5772,강릉대리점 본점,폐휴대폰,수거함 설치,강원 강릉시 금학동 경강로 2068-1 ,민팃ATM,무상
5773,강북직영SHOP 명지대점,폐휴대폰,수거함 설치,서울 서대문구 증가로 150 ,민팃ATM,무상
5774,강북직영SHOP 신내동점,폐휴대폰,수거함 설치,서울 중랑구 봉화산로 209 ,민팃ATM,무상
5775,강북팀 강북PT 동묘역점,폐휴대폰,수거함 설치,서울 종로구 종로 347 ,민팃ATM,무상
5776,강북팀 강북PT 미아사거리점,폐휴대폰,수거함 설치,서울 강북구 도봉로 38 ,민팃ATM,무상
5777,강북팀 강북PT 미아점,폐휴대폰,수거함 설치,서울 강북구 도봉로 177 ,민팃ATM,무상
5778,강북팀 강북PT 삼양직영점,폐휴대폰,수거함 설치,서울 강북구 솔샘로 232 ,민팃ATM,무상
5779,강북팀 강북PT 성신여대점,폐휴대폰,수거함 설치,서울 성북구 아리랑로 10 ,민팃ATM,무상
5780,강북팀 강북PT 종로2가점,폐휴대폰,수거함 설치,서울 종로구 종로 110 ,민팃ATM,무상
5781,강북팀 강북PT 종로공평점,폐휴대폰,수거함 설치,서울 종로구 삼봉로 94 ,민팃ATM,무상
5782,강북팀 강북PT 종로점,폐휴대폰,수거함 설치,서울 종로구 종로12길 18 ,민팃ATM,무상
5783,강북팀 강북PT 한성대점,폐휴대폰,수거함 설치,서울 성북구 동소문로 33 ,민팃ATM,무상
5784,강서팀 강서PT 가산브이원점,폐휴대폰,수거함 설치,서울 금천구 가산디지털1로 171 ,민팃ATM,무상
5785,강서팀 강서PT 강서구청점,폐휴대폰,수거함 설치,서울 강서구 화곡로 313 ,민팃ATM,무상
5786,강서팀 강서PT 고척점,폐휴대폰,수거함 설치,서울 구로구 고척로 149 ,민팃ATM,무상
5787,강서팀 강서PT 금천점,폐휴대폰,수거함 설치,서울 금천구 시흥대로 399 ,민팃ATM,무상
5788,강서팀 강서PT 까치산점,폐휴대폰,수거함 설치,서울 강서구 강서로 43 ,민팃ATM,무상
5789,강서팀 강서PT 목동역점,폐휴대폰,수거함 설치,서울 양천구 목동로 213 ,민팃ATM,무상
5790,강서팀 강서PT 신월점,폐휴대폰,수거함 설치,서울 양천구 신월로 164 ,민팃ATM,무상
5791,강서팀 강서PT 화곡중앙점,폐휴대폰,수거함 설치,서울 강서구 화곡로 161 ,민팃ATM,무상
5792,강원대리점 본점,폐휴대폰,수거함 설치,강원 춘천시 춘천로 235 ,민팃ATM,무상
5793,강원대리점 우두직영점,폐휴대폰,수거함 설치,강원 춘천시 영서로 2766 ,민팃ATM,무상
5794,경기미금대리점 본점,폐휴대폰,수거함 설치,경기 남양주시 금곡로 58 ,민팃ATM,무상
5795,경기여주대리점 본점,폐휴대폰,수거함 설치,경기 여주시 세종로 53 ,민팃ATM,무상
5796,경남PT진주대안Center점,폐휴대폰,수거함 설치,경남 진주시 촉석로186번길 6-2 ,민팃ATM,무상
5797,경남팀 경남PT 거제고현직영점,폐휴대폰,수거함 설치,경남 거제시 서문로5길 6 ,민팃ATM,무상
5798,경남팀 경남PT 상남중앙점,폐휴대폰,수거함 설치,경남 창원시 성산구 원이대로 654 ,민팃ATM,무상
5799,경남팀 경남PT 팔용직영점,폐휴대폰,수거함 설치,경남 창원시 의창구 팔용로 428 ,민팃ATM,무상
5800,경남팀 위탁 도동점,폐휴대폰,수거함 설치,경남 진주시 동진로 193 ,민팃ATM,무상
5801,경남팀 위탁 삼천포직영점,폐휴대폰,수거함 설치,경남 사천시 신항로 116 ,민팃ATM,무상
5802,경남팀 위탁 상남직영점,폐휴대폰,수거함 설치,경남 창원시 성산구 마디미로3번길 2 ,민팃ATM,무상
5803,경남팀 위탁 장유직영점,폐휴대폰,수거함 설치,경남 김해시 장유면 능동로155번길 5 ,민팃ATM,무상
5804,경남함안대리점 본점,폐휴대폰,수거함 설치,경남 함안군 가야읍 함안대로 519 ,민팃ATM,무상
5805,경북봉화대리점 본점,폐휴대폰,수거함 설치,경북 봉화군 봉화읍 봉화로 1161-5 ,민팃ATM,무상
5806,경원대리점 본점,폐휴대폰,수거함 설치,전북 전주시 완산구 팔달로 214 ,민팃ATM,무상
5807,경주입실대리점 본점,폐휴대폰,수거함 설치,경북 경주시 외동읍 입실로 80 ,민팃ATM,무상
5808,고객사랑대리점 본점,폐휴대폰,수거함 설치,경북 안동시 제비원로 185-1 ,민팃ATM,무상
5809,고흥대리점 고흥본점,폐휴대폰,수거함 설치,전남 고흥군 고흥읍 봉황길 21 ,민팃ATM,무상
5810,고흥대리점 고흥채움점,폐휴대폰,수거함 설치,전남 고흥군 고흥읍 터미널길 14 ,민팃ATM,무상
5811,고흥대리점 녹동점,폐휴대폰,수거함 설치,전남 고흥군 도양읍 우주항공로 16 ,민팃ATM,무상
5812,고흥대리점 녹동희망점,폐휴대폰,수거함 설치,전남 고흥군 도양읍 녹동남촌1길 11 ,민팃ATM,무상
5813,곤지암대리점 오포점,폐휴대폰,수거함 설치,경기 광주시 오포읍 신현로 54 ,민팃ATM,무상
5814,공주종동대리점 본점,폐휴대폰,수거함 설치,충남 공주시 웅진로 150 ,민팃ATM,무상
5815,공주종동대리점 신관점,폐휴대폰,수거함 설치,충남 공주시 번영1로 136 ,민팃ATM,무상
5816,광동대리점 본점,폐휴대폰,수거함 설치,서울 중구 퇴계로 181-1 ,민팃ATM,무상
5817,광명중앙대리점 본점,폐휴대폰,수거함 설치,경기 광명시 광명로 840 ,민팃ATM,무상
5818,광명철산대리점 본점,폐휴대폰,수거함 설치,경기 광명시 금당로 11 ,민팃ATM,무상
5819,광일대리점 본점,폐휴대폰,수거함 설치,서울 서초구 남부순환로347길 60 ,민팃ATM,무상
5820,광장대리점 금호점,폐휴대폰,수거함 설치,서울 성동구 장터길 30-1 ,민팃ATM,무상
5821,광장대리점 상봉점,폐휴대폰,수거함 설치,서울 중랑구 봉우재로 120 ,민팃ATM,무상
5822,광장대리점 은평포수마을점,폐휴대폰,수거함 설치,서울 은평구 은평로 170 ,민팃ATM,무상
5823,광장대리점 중곡점,폐휴대폰,수거함 설치,서울 광진구 면목로 160 ,민팃ATM,무상
5824,광주 E&T대리점 일곡점,폐휴대폰,수거함 설치,광주 북구 설죽로 517 ,민팃ATM,무상
5825,광주 E&T대리점 진월직영점,폐휴대폰,수거함 설치,광주 남구 서문대로 661 ,민팃ATM,무상
5826,광주 E&T대리점 화정점,폐휴대폰,수거함 설치,광주 서구 화운로 24 ,민팃ATM,무상
5827,광주대동대리점 운림점,폐휴대폰,수거함 설치,광주 동구 의재로 81-1 ,민팃ATM,무상
5828,광주대리점 삼각점,폐휴대폰,수거함 설치,광주 북구 설죽로370번길 27 ,민팃ATM,무상
5829,광주모바일대리점 우체국점,폐휴대폰,수거함 설치,광주 동구 충장로 93-4 ,민팃ATM,무상
5830,광주백산대리점 본점,폐휴대폰,수거함 설치,광주 북구 금재로 1 ,민팃ATM,무상
5831,광주백산대리점 수완점,폐휴대폰,수거함 설치,광주 광산구 풍영로 261 ,민팃ATM,무상
5832,광주백산대리점 화순점,폐휴대폰,수거함 설치,전남 화순군 화순읍 중앙로 84 ,민팃ATM,무상
5833,광주상무대리점 본점,폐휴대폰,수거함 설치,광주 북구 탁영로 6 ,민팃ATM,무상
5834,광주인천상사대리점 본점,폐휴대폰,수거함 설치,광주 북구 경열로 219 ,민팃ATM,무상
5835,광주인천상사대리점 수완점,폐휴대폰,수거함 설치,광주 광산구 수완로 59 ,민팃ATM,무상
5836,광주인천상사대리점 첨단점,폐휴대폰,수거함 설치,광주 광산구 첨단중앙로 164 ,민팃ATM,무상
5837,광주인천상사대리점 하남점,폐휴대폰,수거함 설치,광주 광산구 첨단중앙로116번길 8 ,민팃ATM,무상
5838,광주패밀리대리점 금호점,폐휴대폰,수거함 설치,광주 서구 운천로 1 ,민팃ATM,무상
5839,광주패밀리대리점 본점,폐휴대폰,수거함 설치,광주 북구 북문대로 133 ,민팃ATM,무상
5840,광주패밀리대리점 운암점,폐휴대폰,수거함 설치,광주 북구 북문대로 89 ,민팃ATM,무상
5841,교동 프리미엄점,폐휴대폰,수거함 설치,전남 여수시 통제영2길 10 ,민팃ATM,무상
5842,구로서부대리점 본점,폐휴대폰,수거함 설치,서울 구로구 구로동로 82 ,민팃ATM,무상
5843,구미남부대리점 2번가점,폐휴대폰,수거함 설치,경북 구미시 문화로 13 ,민팃ATM,무상
5844,구미남부대리점 구평직영점,폐휴대폰,수거함 설치,경북 구미시 인동38길 5-6 ,민팃ATM,무상
5845,구미동남대리점 본점,폐휴대폰,수거함 설치,경북 구미시 사곡로 27 ,민팃ATM,무상
5846,구미선일대리점 본점,폐휴대폰,수거함 설치,경북 구미시 선산읍 남문로4길 8 ,민팃ATM,무상
5847,구미팀 구미PT 경북도청점,폐휴대폰,수거함 설치,경북 예천군 호명면 새움3로26 ,민팃ATM,무상
5848,구미팀 구미PT 구미행복직영점,폐휴대폰,수거함 설치,경북 구미시 인동20길 5 ,민팃ATM,무상
5849,구미팀 구미PT 구미확장단지점,폐휴대폰,수거함 설치,경북 구미시 산동읍 신당2로 29 ,민팃ATM,무상
5850,구미팀 구미PT 구평미소직영,폐휴대폰,수거함 설치,경북 구미시 인동36길 18 ,민팃ATM,무상
5851,구미팀 구미PT 봉곡미소직영점,폐휴대폰,수거함 설치,경북 구미시 봉곡남로 76 ,민팃ATM,무상
5852,구미팀 구미PT 옥계행복직영점,폐휴대폰,수거함 설치,경북 구미시 옥계북로 22 ,민팃ATM,무상
5853,구미팀 구미PT 원호행복직영점,폐휴대폰,수거함 설치,경북 구미시 고아읍 문장로25길 3 ,민팃ATM,무상
5854,구미팀 구미PT 인동미소직영점,폐휴대폰,수거함 설치,경북 구미시 인동중앙로 15 ,민팃ATM,무상
5855,구미팀 구미PT 형곡네거리점,폐휴대폰,수거함 설치,경북 구미시 형곡동 신시로 97 ,민팃ATM,무상
5856,구미팀 위탁 석적중리행복직영점,폐휴대폰,수거함 설치,경북 칠곡군 석적읍 장곡길 115 ,민팃ATM,무상
5857,국제대리점 중방점,폐휴대폰,수거함 설치,경북 경산시 경안로 198 ,민팃ATM,무상
5858,국제대리점 청도점,폐휴대폰,수거함 설치,경북 청도군 청도읍 청화로 163 ,민팃ATM,무상
5859,그린대리점 장흥점,폐휴대폰,수거함 설치,전남 장흥군 장흥읍 중앙로 27 ,민팃ATM,무상
5860,글로벌중앙점 (본점),폐휴대폰,수거함 설치,강원 강릉시 금성로22번길 4 ,민팃ATM,무상
5861,금왕대리점 본점,폐휴대폰,수거함 설치,충북 음성군 금왕읍 무극로 318 ,민팃ATM,무상
5862,금촌멀티대리점 본점,폐휴대폰,수거함 설치,경기 파주시 평화로 1 ,민팃ATM,무상
5863,금학대리점 본점,폐휴대폰,수거함 설치,강원 강릉시 경강로 2106 ,민팃ATM,무상
5864,금호대리점 양산TPS,폐휴대폰,수거함 설치,경남 양산시 양산역2길 3 ,민팃ATM,무상
5865,길동역대리점 본점,폐휴대폰,수거함 설치,서울 강동구 양재대로 1448 ,민팃ATM,무상
5866,김제중앙대리점 본점,폐휴대폰,수거함 설치,전북 김제시 동서로 174-1 ,민팃ATM,무상
5867,나비대리점 본점,폐휴대폰,수거함 설치,경북 상주시 삼백로 158 ,민팃ATM,무상
5868,나은 구례1호점,폐휴대폰,수거함 설치,전남 구례군 구례읍 중앙로 38 ,민팃ATM,무상
5869,나은 순천중앙점,폐휴대폰,수거함 설치,전남 순천시 연향번영길 61 ,민팃ATM,무상
5870,나은 연향점,폐휴대폰,수거함 설치,전남 순천시 연향2로 2 ,민팃ATM,무상
5871,나은 오천점,폐휴대폰,수거함 설치,전남 순천시 오천6길 24 ,민팃ATM,무상
5872,나은 중동 시청점,폐휴대폰,수거함 설치,전남 광양시 중마중앙로 112 ,민팃ATM,무상
5873,나은 중마3호점,폐휴대폰,수거함 설치,전남 광양시 사동로 118 ,민팃ATM,무상
5874,나은 중마２호점,폐휴대폰,수거함 설치,전남 광양시 공영로 39 ,민팃ATM,무상
5875,나은 학동점,폐휴대폰,수거함 설치,전남 여수시 쌍봉로 22 ,민팃ATM,무상
5876,나은대리점 나은 연향2호,폐휴대폰,수거함 설치,전남 순천시 율산길 52 ,민팃ATM,무상
5877,나은대리점 마동점,폐휴대폰,수거함 설치,전남 광양시 진등5길 16 ,민팃ATM,무상
5878,나은대리점 무등점,폐휴대폰,수거함 설치,전남 광양시 중마로 229 ,민팃ATM,무상
5879,나은대리점 미평점,폐휴대폰,수거함 설치,전남 여수시 대학로 21 ,민팃ATM,무상
5880,나은대리점 죽림점,폐휴대폰,수거함 설치,전남 여수시 소라면 죽림로 23 ,민팃ATM,무상
5881,나은대리점 중동점,폐휴대폰,수거함 설치,전남 광양시 오류로 45 ,민팃ATM,무상
5882,나은대리점 창덕점,폐휴대폰,수거함 설치,전남 광양시 광양읍 용강로 16 ,민팃ATM,무상
5883,남선대리점 금호점,폐휴대폰,수거함 설치,광주 서구 금화로 88 ,민팃ATM,무상
5884,남선대리점 문흥점,폐휴대폰,수거함 설치,광주 북구 서하로 389 ,민팃ATM,무상
5885,남선대리점 장성점,폐휴대폰,수거함 설치,전남 장성군 장성읍 영천로 171 ,민팃ATM,무상
5886,남선대리점 전대후문점,폐휴대폰,수거함 설치,광주 북구 우치로 80 ,민팃ATM,무상
5887,남선대리점 풍암점,폐휴대폰,수거함 설치,광주 서구 풍암1로21번길 7 ,민팃ATM,무상
5888,네오텔레콤대리점 장덕프리미엄점,폐휴대폰,수거함 설치,광주 광산구 장신로82번길 16 ,민팃ATM,무상
5889,논현대리점 본점,폐휴대폰,수거함 설치,서울 강남구 강남대로 532 ,민팃ATM,무상
5890,논현대리점 판교직영점,폐휴대폰,수거함 설치,경기 성남시 분당구 판교역로 240 ,민팃ATM,무상
5891,늘푸른대리점 한성대역점,폐휴대폰,수거함 설치,서울 성북구 동소문로 17 ,민팃ATM,무상
5892,다린컴즈대리점 담양점,폐휴대폰,수거함 설치,전남 담양군 담양읍 중앙로 31 ,민팃ATM,무상
5893,다린컴즈대리점 본점,폐휴대폰,수거함 설치,광주 광산구 신창로 121 ,민팃ATM,무상
5894,다린컴즈대리점 비엔날레점,폐휴대폰,수거함 설치,광주 북구 비엔날레로 98 ,민팃ATM,무상
5895,다린컴즈대리점 염주점,폐휴대폰,수거함 설치,광주 서구 월드컵4강로 30 ,민팃ATM,무상
5896,다린컴즈대리점 화순명광점,폐휴대폰,수거함 설치,전남 화순군 화순읍 광덕로 187 ,민팃ATM,무상
5897,다솔대리점 가수원CGV점,폐휴대폰,수거함 설치,대전 서구 도안동로11번길 45 ,민팃ATM,무상
5898,다솔대리점 관저직영점,폐휴대폰,수거함 설치,대전 서구 관저북로 25 ,민팃ATM,무상
5899,다솔대리점 괴정직영점,폐휴대폰,수거함 설치,대전 서구 가장로 69 ,민팃ATM,무상
5900,다솔대리점 대전시청점,폐휴대폰,수거함 설치,대전 서구 둔산남로 97 ,민팃ATM,무상
5901,다솔대리점 도안직영점,폐휴대폰,수거함 설치,대전 서구 도안북로 111 ,민팃ATM,무상
5902,다솔대리점 둔산시청점,폐휴대폰,수거함 설치,대전 서구 둔산로 134 ,민팃ATM,무상
5903,다솔대리점 삼성점,폐휴대폰,수거함 설치,대전 동구 태전로 132-11 ,민팃ATM,무상
5904,다솔대리점 영운직영점,폐휴대폰,수거함 설치,충북 청주시 상당구 단재로 123 ,민팃ATM,무상
5905,다솔대리점 월평선사본점,폐휴대폰,수거함 설치,대전 서구 청사로 120 ,민팃ATM,무상
5906,다솔대리점 월평직영점,폐휴대폰,수거함 설치,대전 서구 월평중로 11 ,민팃ATM,무상
5907,다솔대리점 유성온천역점,폐휴대폰,수거함 설치,대전 유성구 대학로 1 ,민팃ATM,무상
5908,다솔대리점 중촌투자매장,폐휴대폰,수거함 설치,대전 중구 목중로 16 ,민팃ATM,무상
5909,다솔대리점 태평버드내점,폐휴대폰,수거함 설치,대전 중구 태평로 12 ,민팃ATM,무상
5910,다솔대리점 태평직영점,폐휴대폰,수거함 설치,대전 중구 평촌로 111 ,민팃ATM,무상
5911,다울대리점 덕천임대점,폐휴대폰,수거함 설치,부산 북구 덕천1길 9 ,민팃ATM,무상
5912,다울대리점 본점,폐휴대폰,수거함 설치,부산 사상구 백양대로 888 ,민팃ATM,무상
5913,다울대리점 사직점,폐휴대폰,수거함 설치,부산 동래구 사직북로63번길 38 ,민팃ATM,무상
5914,다울대리점 석산직영점,폐휴대폰,수거함 설치,경남 양산시 동면 금오13길 10 ,민팃ATM,무상
5915,다원대리점 미사직영점,폐휴대폰,수거함 설치,경기 하남시 미사강변중앙로 200 ,민팃ATM,무상
5916,다원대리점 중곡직영점,폐휴대폰,수거함 설치,서울 광진구 긴고랑로 115 ,민팃ATM,무상
5917,서정대리점 부송점,폐휴대폰,수거함 설치,전북 익산시 부송1로 90 ,민팃ATM,무상
5918,서정대리점 영등점,폐휴대폰,수거함 설치,전북 익산시 무왕로13길 12 ,민팃ATM,무상
5919,PS&M (가오점),폐휴대폰,수거함 설치,대전 동구 동구청로 95 ,민팃ATM,무상
5920,PS&M (관저점),폐휴대폰,수거함 설치,대전 서구 관저중로 86 ,민팃ATM,무상
5921,PS&M (노은점),폐휴대폰,수거함 설치,대전시 유성구 은구비남로 33번길 46 ,민팃ATM,무상
5922,PS&M (대동점),폐휴대폰,수거함 설치,대전 동구 계족로 197 ,민팃ATM,무상
5923,PS&M (대전중앙로점),폐휴대폰,수거함 설치,대전 중구 중앙로164번길 17 ,민팃ATM,무상
5924,PS&M (대전터미널점),폐휴대폰,수거함 설치,대전 동구 동서대로 1695번길 30 ,민팃ATM,무상
5925,PS&M (도안점),폐휴대폰,수거함 설치,대전시 유성구 도안대로 512-12 ,민팃ATM,무상
5926,PS&M (둔산타임월드점),폐휴대폰,수거함 설치,대전 서구 대덕대로 223 ,민팃ATM,무상
5927,PS&M (부여점),폐휴대폰,수거함 설치,충남 부여군 부여읍 석탑로 70-1 ,민팃ATM,무상
5928,PS&M (선사점),폐휴대폰,수거함 설치,대전 서구 월평북로 82 ,민팃ATM,무상
5929,다인대리점 본점,폐휴대폰,수거함 설치,경남 양산시 삼일로 101 ,민팃ATM,무상
5930,다정대리점 본점,폐휴대폰,수거함 설치,경북 포항시 북구 두호로 18-1 ,민팃ATM,무상
5931,단대역대리점 굽은다리직영점,폐휴대폰,수거함 설치,서울 강동구 양재대로 1595 ,민팃ATM,무상
5932,달성대리점 본점,폐휴대폰,수거함 설치,대구 달서구 월배로 22 ,민팃ATM,무상
5933,대광대리점 광산점,폐휴대폰,수거함 설치,광주 광산구 사암로215번길 25 ,민팃ATM,무상
5934,대광대리점 양산점,폐휴대폰,수거함 설치,광주 북구 임방울대로 1039 ,민팃ATM,무상
5935,대광대리점 양산중앙점,폐휴대폰,수거함 설치,광주 북구 양산로 54 ,민팃ATM,무상
5936,대광대리점 월곡점,폐휴대폰,수거함 설치,광주 광산구 사암로 293-1 ,민팃ATM,무상
5937,대광대리점 제석점,폐휴대폰,수거함 설치,광주 남구 봉선로 148 ,민팃ATM,무상
5938,대광대리점 첨단점,폐휴대폰,수거함 설치,광주 북구 첨단연신로107번길 21 ,민팃ATM,무상
5939,대광대리점 학동점,폐휴대폰,수거함 설치,광주 동구 남문로 683 ,민팃ATM,무상
5940,대교대리점 금정점,폐휴대폰,수거함 설치,경기 군포시 금산로 96 ,민팃ATM,무상
5941,대교대리점 금천점,폐휴대폰,수거함 설치,서울 금천구 금하로 715-1 ,민팃ATM,무상
5942,대교대리점 덕천직영점,폐휴대폰,수거함 설치,경기 안양시 만안구 태평로52번길 47 ,민팃ATM,무상
5943,대교대리점 독산점,폐휴대폰,수거함 설치,서울 금천구 시흥대로 424 ,민팃ATM,무상
5944,대교대리점 만안점,폐휴대폰,수거함 설치,경기 안양시 만안구 안양로 405 ,민팃ATM,무상
5945,대교대리점 범계역직영점,폐휴대폰,수거함 설치,경기 안양시 동안구 평촌대로223번길 68 ,민팃ATM,무상
5946,대교대리점 범계점,폐휴대폰,수거함 설치,경기 안양시 동안구 평촌대로223번길 43 ,민팃ATM,무상
5947,대교대리점 산본점,폐휴대폰,수거함 설치,경기 군포시 광정로 80 ,민팃ATM,무상
5948,대교대리점 수원매탄점,폐휴대폰,수거함 설치,경기 수원시 영통구 매탄로79번길 6-6 ,민팃ATM,무상
5949,대교대리점 시흥능곡역점,폐휴대폰,수거함 설치,경기 시흥시 능곡로 188 ,민팃ATM,무상
5950,대교대리점 시흥유통상가점,폐휴대폰,수거함 설치,서울 금천구 시흥대로 70 ,민팃ATM,무상
5951,대교대리점 인덕원로데오점,폐휴대폰,수거함 설치,경기 안양시 동안구 흥안대로 434 ,민팃ATM,무상
5952,대교대리점 인덕원점,폐휴대폰,수거함 설치,경기 안양시 동안구 흥안대로 456 ,민팃ATM,무상
5953,대교대리점 천천점,폐휴대폰,수거함 설치,경기 수원시 장안구 덕영대로535번길 46 ,민팃ATM,무상
5954,대교대리점 평촌역점,폐휴대폰,수거함 설치,경기 안양시 동안구 관평로170번길 33 ,민팃ATM,무상
5955,대구가야대리점 용산점,폐휴대폰,수거함 설치,대구 달서구 선원로 264 ,민팃ATM,무상
5956,대구가야대리점 향군회관점,폐휴대폰,수거함 설치,대구 달서구 달구벌대로 1491 ,민팃ATM,무상
5957,대구가야대리점 효목점,폐휴대폰,수거함 설치,대구 동구 아양로50길 119 ,민팃ATM,무상
5958,대구교동대리점 본점,폐휴대폰,수거함 설치,대구 중구 국채보상로123길 22 ,민팃ATM,무상
5959,대구대동대리점 본점,폐휴대폰,수거함 설치,대구 수성구 명덕로 428 ,민팃ATM,무상
5960,대구도원대리점 평리점,폐휴대폰,수거함 설치,대구 서구 서대구로 86 ,민팃ATM,무상
5961,대구북구대리점 본점,폐휴대폰,수거함 설치,대구 북구 칠성남로 23 ,민팃ATM,무상
5962,대남대리점 대남본점,폐휴대폰,수거함 설치,부산 남구 용호로 141 ,민팃ATM,무상
5963,대림대리점 성남금광점,폐휴대폰,수거함 설치,경기 성남시 중원구 광명로 333 ,민팃ATM,무상
5964,대산대리점 본점,폐휴대폰,수거함 설치,전남 강진군 강진읍 보은로1길 26 ,민팃ATM,무상
5965,대상대리점 금산직영점,폐휴대폰,수거함 설치,경남 진주시 금산면 금산로 82 ,민팃ATM,무상
5966,대상대리점 통영중앙점,폐휴대폰,수거함 설치,경남 통영시 중앙로 149 ,민팃ATM,무상
5967,대성대리점 신탄진직영점,폐휴대폰,수거함 설치,대전 대덕구 신탄진로 812 ,민팃ATM,무상
5968,대일대리점 답십리점,폐휴대폰,수거함 설치,서울 성동구 천호대로 292 ,민팃ATM,무상
5969,대학로대리점 폰갤러리 본점,폐휴대폰,수거함 설치,강원 강릉시 신대학길 24 ,민팃ATM,무상
5970,더블유대리점 검단코스트코점,폐휴대폰,수거함 설치,대구 북구 복현로 181 ,민팃ATM,무상
5971,더블유대리점 동성로직영점,폐휴대폰,수거함 설치,대구 중구 동성로1길 64 ,민팃ATM,무상
5972,더블유대리점 범어점,폐휴대폰,수거함 설치,대구 수성구 상록로 22 ,민팃ATM,무상
5973,더블유대리점 본점,폐휴대폰,수거함 설치,대구 중구 동성로1길 70 ,민팃ATM,무상
5974,더블유대리점 시지직영점,폐휴대폰,수거함 설치,대구 수성구 달구벌대로641길 4 ,민팃ATM,무상
5975,더블유대리점 원평점,폐휴대폰,수거함 설치,경북 구미시 구미중앙로 99 ,민팃ATM,무상
5976,더블유대리점 중산직영점,폐휴대폰,수거함 설치,경북 경산시 펜타힐즈2로 45 ,민팃ATM,무상
5977,더블유대리점 통신골목점,폐휴대폰,수거함 설치,대구 중구 동성로1길 45 ,민팃ATM,무상
5978,더블유대리점 행복센터,폐휴대폰,수거함 설치,대구 중구 동성로1길 60 ,민팃ATM,무상
5979,동대구팀 동대구PT 경산오거리점,폐휴대폰,수거함 설치,경북 경산시 원효로 2 ,민팃ATM,무상
5980,동대구팀 동대구PT 경산옥곡직영점,폐휴대폰,수거함 설치,경북 경산시 경산로 53 ,민팃ATM,무상
5981,동대구팀 동대구PT 동대구신세계점,폐휴대폰,수거함 설치,대구 동구 동부로 154 ,민팃ATM,무상
5982,동대구팀 동대구PT 동호직영점,폐휴대폰,수거함 설치,대구 동구 동호로 69 ,민팃ATM,무상
5983,동대구팀 동대구PT 사동직영점,폐휴대폰,수거함 설치,경북 경산시 백자로 60 ,민팃ATM,무상
5984,동대구팀 동대구PT 수성신천직영점,폐휴대폰,수거함 설치,대구 수성구 들안로 360 ,민팃ATM,무상
5985,동대구팀 동대구PT 율하직영점,폐휴대폰,수거함 설치,대구 동구 안심로22길 40-7 ,민팃ATM,무상
5986,동부대리점 본점,폐휴대폰,수거함 설치,부산 동래구 온천천로 149 ,민팃ATM,무상
5987,동부대리점 수안점,폐휴대폰,수거함 설치,부산 동래구 충렬대로237번길 41 ,민팃ATM,무상
5988,동부대리점 엄궁점,폐휴대폰,수거함 설치,부산 사상구 낙동대로 756 ,민팃ATM,무상
5989,동부대리점 충렬대로점,폐휴대폰,수거함 설치,부산 동래구 충렬대로 245 ,민팃ATM,무상
5990,동부대리점 해남본점,폐휴대폰,수거함 설치,전남 해남군 해남읍 중앙1로 77 ,민팃ATM,무상
5991,동부대리점 화명TPS점,폐휴대폰,수거함 설치,부산 북구 화명대로 68 ,민팃ATM,무상
5992,동부산팀 동부산1PT 경성대2호직영점,폐휴대폰,수거함 설치,부산 남구 용소로 19 ,민팃ATM,무상
5993,동부산팀 동부산1PT 광안마루점,폐휴대폰,수거함 설치,부산 수영구 수영로 630 ,민팃ATM,무상
5994,동부산팀 동부산1PT 기장2호직영점,폐휴대폰,수거함 설치,부산 기장군 기장읍 차성동로 77-1 ,민팃ATM,무상
5995,동부산팀 동부산1PT 기장직영점,폐휴대폰,수거함 설치,부산 기장군 기장읍 읍내로 101-1 ,민팃ATM,무상
5996,동부산팀 동부산1PT 남천직영점,폐휴대폰,수거함 설치,부산 수영구 수영로464번길 18 ,민팃ATM,무상
5997,동부산팀 동부산1PT 반송직영점,폐휴대폰,수거함 설치,부산 해운대구 아랫반송로21번길 8 ,민팃ATM,무상
5998,동부산팀 동부산1PT 반여직영점,폐휴대폰,수거함 설치,부산 해운대구 재반로 200-1 ,민팃ATM,무상
5999,동부산팀 동부산1PT 재송직영점,폐휴대폰,수거함 설치,부산 해운대구 재반로 115 ,민팃ATM,무상
6000,동부산팀 동부산1PT 전포직영점,폐휴대폰,수거함 설치,부산 부산진구 동성로 147 ,민팃ATM,무상
6001,동부산팀 동부산2PT 개금점,폐휴대폰,수거함 설치,부산 부산진구 냉정로 226 ,민팃ATM,무상
6002,동부산팀 동부산2PT 두실역점,폐휴대폰,수거함 설치,부산 금정구 중앙대로 1947 ,민팃ATM,무상
6003,동부산팀 동부산2PT 사직임대매장,폐휴대폰,수거함 설치,부산 동래구 사직북로 4 ,민팃ATM,무상
6004,동부산팀 동부산2PT 새부산대직영점,폐휴대폰,수거함 설치,부산 금정구 부산대학로 59 ,민팃ATM,무상
6005,동부산팀 동부산2PT 서면롯데직영점,폐휴대폰,수거함 설치,부산 부산진구 가야대로 773 ,민팃ATM,무상
6006,동부산팀 위탁 광안점,폐휴대폰,수거함 설치,부산 수영구 광남로 156 ,민팃ATM,무상
6007,동운대리점 양평점(서강),폐휴대폰,수거함 설치,경기 양평군 양평읍 양근로 191 ,민팃ATM,무상
6008,동원대리점 감천점,폐휴대폰,수거함 설치,부산 사하구 옥천로 2 ,민팃ATM,무상
6009,동원대리점 괴정본점,폐휴대폰,수거함 설치,부산 사하구 사하로 197-1 ,민팃ATM,무상
6010,동원대리점 모라점,폐휴대폰,수거함 설치,부산 사상구 백양대로 956 ,민팃ATM,무상
6011,동원텔레콤대리점 중앙동점,폐휴대폰,수거함 설치,경기 과천시 중앙로 131 ,민팃ATM,무상
6012,동이대리점 봉곡직영점,폐휴대폰,수거함 설치,경북 구미시 봉곡남로 108-1 ,민팃ATM,무상
6013,동진대리점 마곡나루점,폐휴대폰,수거함 설치,서울 강서구 마곡중앙로 161-17 ,민팃ATM,무상
6014,동진대리점 우장산역점,폐휴대폰,수거함 설치,서울 강서구 강서로 261 ,민팃ATM,무상
6015,동한대리점 이택점,폐휴대폰,수거함 설치,충북 보은군 보은읍 삼산로 22 ,민팃ATM,무상
6016,동행대리점 이시아폴리스점,폐휴대폰,수거함 설치,대구 동구 팔공로51길 33 ,민팃ATM,무상
6017,동행대리점 지산점,폐휴대폰,수거함 설치,대구 달서구 장기로 186 ,민팃ATM,무상
6018,드림대리점 다운점,폐휴대폰,수거함 설치,울산 중구 다운로 33 ,민팃ATM,무상
6019,드림대리점 서동점,폐휴대폰,수거함 설치,울산 중구 동천5길 12 ,민팃ATM,무상
6020,드림대리점 전하점,폐휴대폰,수거함 설치,울산 동구 진성12길 87 ,민팃ATM,무상
6021,라온대리점 경성대직영점,폐휴대폰,수거함 설치,부산 남구 용소로 14 ,민팃ATM,무상
6022,경북고령대리점 본점,폐휴대폰,수거함 설치,경북 고령군 대가야읍 연조길 2 ,민팃ATM,무상
6023,라온대리점 금련산점,폐휴대폰,수거함 설치,부산 수영구 수영로 522 ,민팃ATM,무상
6024,라온대리점 두호점,폐휴대폰,수거함 설치,경북 포항시 북구 두호로 56 ,민팃ATM,무상
6025,라온대리점 병영직영점,폐휴대폰,수거함 설치,울산 중구 병영로 13 ,민팃ATM,무상
6026,라온대리점 이동점,폐휴대폰,수거함 설치,경북 포항시 남구 대이로 109 ,민팃ATM,무상
6027,라온대리점 효자점,폐휴대폰,수거함 설치,경북 포항시 남구 효성로 14 ,민팃ATM,무상
6028,럭키대리점 본점,폐휴대폰,수거함 설치,경북 경산시 원효로32길 29 ,민팃ATM,무상
6029,레이스대리점대리점 소답점,폐휴대폰,수거함 설치,경남 창원시 의창구 천주로 7 ,민팃ATM,무상
6030,레이스대리점대리점 율하본점,폐휴대폰,수거함 설치,경남 김해시 율하1로 102 ,민팃ATM,무상
6031,렉스대리점 김해외동직영점,폐휴대폰,수거함 설치,경남 김해시 함박로 102 ,민팃ATM,무상
6032,렉스대리점 반여직영점,폐휴대폰,수거함 설치,부산 해운대구 선수촌로 109-1 ,민팃ATM,무상
6033,렉스대리점 병영점,폐휴대폰,수거함 설치,울산 중구 번영로 568 ,민팃ATM,무상
6034,렉스대리점 서창직영점,폐휴대폰,수거함 설치,경남 양산시 삼호1길 36 ,민팃ATM,무상
6035,렉스대리점 센텀직영점,폐휴대폰,수거함 설치,부산 해운대구 센텀동로 9 ,민팃ATM,무상
6036,렉스대리점 통영북신점,폐휴대폰,수거함 설치,경남 통영시 중앙로 248 ,민팃ATM,무상
6037,렉스대리점 합성직영점,폐휴대폰,수거함 설치,경남 창원시 마산회원구 3.15대로 740 ,민팃ATM,무상
6038,루비대리점 지곡본점,폐휴대폰,수거함 설치,경북 포항시 남구 지곡로 257 ,민팃ATM,무상
6039,마루대리점 본점(본점),폐휴대폰,수거함 설치,광주 북구 동문대로 122 ,민팃ATM,무상
6040,마산중앙대리점 본점,폐휴대폰,수거함 설치,경남 창원시 마산합포구 3·15대로 377-1 ,민팃ATM,무상
6041,만수중앙대리점 본점,폐휴대폰,수거함 설치,인천 남동구 백범로 213 ,민팃ATM,무상
6042,만안대리점 본점,폐휴대폰,수거함 설치,경기 안양시 만안구 안양로 344 ,민팃ATM,무상
6043,만평대리점 동천점,폐휴대폰,수거함 설치,대구 북구 대천로 93 ,민팃ATM,무상
6044,만평대리점 사월점,폐휴대폰,수거함 설치,대구 수성구 달구벌대로 3294 ,민팃ATM,무상
6045,만평대리점 용지점,폐휴대폰,수거함 설치,대구 수성구 범안로 70 ,민팃ATM,무상
6046,만평대리점 태전점,폐휴대폰,수거함 설치,대구 북구 학정로7길 2 ,민팃ATM,무상
6047,만평대리점 화원점,폐휴대폰,수거함 설치,대구 달성군 화원읍 비슬로 2550-1 ,민팃ATM,무상
6048,망우대리점 본점,폐휴대폰,수거함 설치,서울 중랑구 망우로 440 ,민팃ATM,무상
6049,맥스대리점 금천TPS점,폐휴대폰,수거함 설치,충북 청주시 상당구 중고개로 322 ,민팃ATM,무상
6050,맥스대리점 보령TPS점,폐휴대폰,수거함 설치,충남 보령시 한내로 40-1 ,민팃ATM,무상
6051,맥스대리점 복대점,폐휴대폰,수거함 설치,충북 청주시 흥덕구 풍산로 101 ,민팃ATM,무상
6052,맥스대리점 부여점,폐휴대폰,수거함 설치,충남 부여군 부여읍 석탑로 51 ,민팃ATM,무상
6053,맥스대리점 신탄진점,폐휴대폰,수거함 설치,대전 대덕구 대덕대로 1596 ,민팃ATM,무상
6054,메이저 지안명곡점,폐휴대폰,수거함 설치,경남 창원시 의창구 원이대로 283 ,민팃ATM,무상
6055,메이저 지안삼방점,폐휴대폰,수거함 설치,경남 김해시 삼안로 243 ,민팃ATM,무상
6056,메이저대리점 지안청안점,폐휴대폰,수거함 설치,경남 창원시 진해구 안골로 344 ,민팃ATM,무상
6057,메트로대리점 동성로직영점,폐휴대폰,수거함 설치,대구 중구 동성로1길 38 ,민팃ATM,무상
6058,메트로대리점 칠곡3지구점,폐휴대폰,수거함 설치,대구 북구 학정로 430 ,민팃ATM,무상
6059,명동대리점 청전직영점,폐휴대폰,수거함 설치,충북 제천시 의림대로 245 ,민팃ATM,무상
6060,명성 반여임대매장,폐휴대폰,수거함 설치,부산 해운대구 선수촌로 98 ,민팃ATM,무상
6061,명성대리점 거제직영점,폐휴대폰,수거함 설치,부산 연제구 아시아드대로 98 ,민팃ATM,무상
6062,명성대리점 덕천점,폐휴대폰,수거함 설치,부산 북구 백양대로 1198 ,민팃ATM,무상
6063,명성대리점 마린직영점,폐휴대폰,수거함 설치,부산 해운대구 마린시티2로 33 ,민팃ATM,무상
6064,명성대리점 본점,폐휴대폰,수거함 설치,부산 해운대구 해운대로 814 ,민팃ATM,무상
6065,명성대리점 장산점,폐휴대폰,수거함 설치,부산 해운대구 해운대로 814 ,민팃ATM,무상
6066,모다대리점 강릉임당점,폐휴대폰,수거함 설치,강원 강릉시 경강로 2109 ,민팃ATM,무상
6067,모다대리점 명륜점,폐휴대폰,수거함 설치,강원 원주시 무실로 179 ,민팃ATM,무상
6068,모다대리점 삼척점,폐휴대폰,수거함 설치,강원 삼척시 진주로 21 ,민팃ATM,무상
6069,모다대리점 속초점,폐휴대폰,수거함 설치,강원 속초시 중앙로 67-1 ,민팃ATM,무상
6070,모다대리점 속초조양점,폐휴대폰,수거함 설치,강원 속초시 동해대로 3938 ,민팃ATM,무상
6071,모다대리점 신속초점,폐휴대폰,수거함 설치,강원 속초시 미시령로3359번길 28 ,민팃ATM,무상
6072,모다대리점 평창진부점,폐휴대폰,수거함 설치,강원 평창군 진부면 진부중앙로 64 ,민팃ATM,무상
6073,모바일대리점 본점,폐휴대폰,수거함 설치,경기 수원시 권선구 정조로 564 ,민팃ATM,무상
6074,목동4거리대리점 본점,폐휴대폰,수거함 설치,서울 양천구 등촌로 16 ,민팃ATM,무상
6075,목동4거리대리점 오목교점,폐휴대폰,수거함 설치,서울 양천구 신목로 98 ,민팃ATM,무상
6076,목포선우대리점 하당1호점,폐휴대폰,수거함 설치,전남 목포시 부흥로 74 ,민팃ATM,무상
6077,목포우성대리점 남악점,폐휴대폰,수거함 설치,전남 무안군 삼향읍 남악2로74번길 31 ,민팃ATM,무상
6078,목포우성대리점 도청점,폐휴대폰,수거함 설치,전남 무안군 삼향읍 남악3로82번길 41 ,민팃ATM,무상
6079,목포우성대리점 삼호점,폐휴대폰,수거함 설치,전남 영암군 삼호읍 대불주거로 165 ,민팃ATM,무상
6080,무등대리점 본점,폐휴대폰,수거함 설치,광주 북구 동문대로 158 ,민팃ATM,무상
6081,무등대리점 주월프리미엄점,폐휴대폰,수거함 설치,광주 남구 대남대로 151 ,민팃ATM,무상
6082,무안대리점 본점,폐휴대폰,수거함 설치,전남 무안군 무안읍 무안중앙로 9 ,민팃ATM,무상
6083,문경하늘대리점 시청직영점,폐휴대폰,수거함 설치,경북 문경시 당교로 230-1 ,민팃ATM,무상
6084,문산대리점 본점,폐휴대폰,수거함 설치,경기 파주시 문산읍 문향로 61-1 ,민팃ATM,무상
6085,미다스 대리점 삼천점(본점),폐휴대폰,수거함 설치,전북 전주시 완산구 용리로 37 ,민팃ATM,무상
6086,미래대리점 가락직영점,폐휴대폰,수거함 설치,서울 송파구 중대로9길 50 ,민팃ATM,무상
6087,미래대리점 교복맨장락점,폐휴대폰,수거함 설치,충북 제천시 죽하로 39 ,민팃ATM,무상
6088,미래대리점 구리수택동직영점,폐휴대폰,수거함 설치,경기 구리시 체육관로 84 ,민팃ATM,무상
6089,미래대리점 구리인창직영점,폐휴대폰,수거함 설치,경기 구리시 건원대로 75 ,민팃ATM,무상
6090,미래대리점 구리토평점,폐휴대폰,수거함 설치,경기 구리시 이문안로 128 ,민팃ATM,무상
6091,미래대리점 그린직영점,폐휴대폰,수거함 설치,충북 제천시 하소로 48 ,민팃ATM,무상
6092,미래대리점 길동역직영점,폐휴대폰,수거함 설치,서울 강동구 양재대로 1491 ,민팃ATM,무상
6093,미래대리점 나눔직영점,폐휴대폰,수거함 설치,충북 제천시 청전대로 177 ,민팃ATM,무상
6094,미래대리점 단구점,폐휴대폰,수거함 설치,강원 원주시 늘품로 15 ,민팃ATM,무상
6095,미래대리점 대치직영점,폐휴대폰,수거함 설치,서울 강남구 영동대로 221 ,민팃ATM,무상
6096,미래대리점 동백직영점,폐휴대폰,수거함 설치,경기 용인시 기흥구 동백5로 22 ,민팃ATM,무상
6097,미래대리점 마장역직영점,폐휴대폰,수거함 설치,서울 성동구 마장로 284-1 ,민팃ATM,무상
6098,미래대리점 매곡점,폐휴대폰,수거함 설치,광주 북구 매곡로 63 ,민팃ATM,무상
6099,미래대리점 본점,폐휴대폰,수거함 설치,부산 남구 수영로 25 ,민팃ATM,무상
6100,미래대리점 올림픽직영점,폐휴대폰,수거함 설치,서울 송파구 양재대로 1222 ,민팃ATM,무상
6101,미래대리점 용두점,폐휴대폰,수거함 설치,충북 제천시 용두대로15길 4 ,민팃ATM,무상
6102,미래대리점 자곡동직영점,폐휴대폰,수거함 설치,서울 강남구 자곡로 201 ,민팃ATM,무상
6103,미래대리점 잠실엘스직영점,폐휴대폰,수거함 설치,서울 송파구 올림픽로 119 ,민팃ATM,무상
6104,미래대리점 중곡직영점,폐휴대폰,수거함 설치,서울 광진구 천호대로 653 ,민팃ATM,무상
6105,미래대리점 홍대직영점,폐휴대폰,수거함 설치,서울 마포구 홍익로 10 ,민팃ATM,무상
6106,미르대리점 본점,폐휴대폰,수거함 설치,서울 송파구 오금로 191 ,민팃ATM,무상
6107,미소대리점 거창직영점,폐휴대폰,수거함 설치,경남 거창군 거창읍 중앙로 135 ,민팃ATM,무상
6108,미소대리점 남문점,폐휴대폰,수거함 설치,경남 창원시 진해구 남영로 56 ,민팃ATM,무상
6109,미소대리점 사천점,폐휴대폰,수거함 설치,경남 사천시 사천읍 진삼로 1389 ,민팃ATM,무상
6110,미소대리점 안민점,폐휴대폰,수거함 설치,경남 창원시 성산구 안민로117번길 14 ,민팃ATM,무상
6111,미소대리점 일프로직영점,폐휴대폰,수거함 설치,경남 거제시 장평로 26 ,민팃ATM,무상
6112,미소대리점 죽림직영점,폐휴대폰,수거함 설치,경남 통영시 광도면 죽림1로 41-55 ,민팃ATM,무상
6113,미소대리점 진영점,폐휴대폰,수거함 설치,경남 김해시 진영읍 장등로 18 ,민팃ATM,무상
6114,미소대리점 합천점,폐휴대폰,수거함 설치,경남 합천군 합천읍 옥산로 67 ,민팃ATM,무상
6115,밀양대리점 본점,폐휴대폰,수거함 설치,경남 밀양시 중앙로 374 ,민팃ATM,무상
6116,밀양중앙대리점 본점,폐휴대폰,수거함 설치,경남 밀양시 중앙로 393 ,민팃ATM,무상
6117,바른대리점 상동점,폐휴대폰,수거함 설치,전북 정읍시 충정로 80 ,민팃ATM,무상
6118,바른대리점 하가프리미엄점,폐휴대폰,수거함 설치,전북 전주시 덕진구 추탄로 26 ,민팃ATM,무상
6119,방이가람대리점 본점,폐휴대폰,수거함 설치,서울 송파구 가락로 280 ,민팃ATM,무상
6120,백두대리점 주문진점,폐휴대폰,수거함 설치,강원 강릉시 주문진읍 주문로 56 ,민팃ATM,무상
6121,백마장대리점 광명소하직영점,폐휴대폰,수거함 설치,경기 광명시 하안로 112 ,민팃ATM,무상
6122,백마장대리점 서구청점,폐휴대폰,수거함 설치,인천 서구 탁옥로 58 ,민팃ATM,무상
6123,백마장대리점 신림역점,폐휴대폰,수거함 설치,서울 관악구 신림로 350 ,민팃ATM,무상
6124,백마장대리점 청라직영점,폐휴대폰,수거함 설치,인천 서구 청라라임로 85 ,민팃ATM,무상
6125,백마장대리점 청천직영점,폐휴대폰,수거함 설치,인천 부평구 마장로 489 ,민팃ATM,무상
6126,백마장대리점 행신직영점,폐휴대폰,수거함 설치,경기 고양시 덕양구 충장로 134 ,민팃ATM,무상
6127,백색대리점 본점(본점),폐휴대폰,수거함 설치,대구 달서구 상화북로 193 ,민팃ATM,무상
6128,백석대리점 백석역점,폐휴대폰,수거함 설치,경기 고양시 일산동구 중앙로 1047 ,민팃ATM,무상
6129,백제대리점 본점,폐휴대폰,수거함 설치,서울 송파구 백제고분로 206 ,민팃ATM,무상
6130,보성전자마트대리점 보성점,폐휴대폰,수거함 설치,전남 보성군 보성읍 신흥길 3-1 ,민팃ATM,무상
6131,부천팀 부천PT 광명사거리역점,폐휴대폰,수거함 설치,경기 광명시 광명로 894-1 ,민팃ATM,무상
6132,부천팀 부천PT 성곡점,폐휴대폰,수거함 설치,경기 부천시 삼작로 391 ,민팃ATM,무상
6133,부천팀 부천PT 소사점,폐휴대폰,수거함 설치,경기 부천시 소사로 228 ,민팃ATM,무상
6134,부천팀 부천PT 송내역점,폐휴대폰,수거함 설치,경기 부천시 부일로205번길 25 ,민팃ATM,무상
6135,부천팀 부천PT 신중동역점,폐휴대폰,수거함 설치,경기 부천시 신흥로 205 ,민팃ATM,무상
6136,부천팀 부천PT 신천대로점,폐휴대폰,수거함 설치,경기 시흥시 수인로 3366 ,민팃ATM,무상
6137,부천팀 부천PT 역곡사거리점,폐휴대폰,수거함 설치,경기 부천시 역곡로 30 ,민팃ATM,무상
6138,부천팀 부천PT 역곡점,폐휴대폰,수거함 설치,경기 부천시 원종로 47 ,민팃ATM,무상
6139,부천팀 부천PT 원종사거리점,폐휴대폰,수거함 설치,경기 부천시 원종로 47 ,민팃ATM,무상
6140,부천팀 안산PT 고잔점,폐휴대폰,수거함 설치,경기 안산시 단원구 광덕대로 182 ,민팃ATM,무상
6141,부천팀 안산PT 동편마을점,폐휴대폰,수거함 설치,경기 안양시 동안구 동편로 16 ,민팃ATM,무상
6142,부천팀 안산PT 배곧신도시점,폐휴대폰,수거함 설치,경기 시흥시 배곧3로 96 ,민팃ATM,무상
6143,부천팀 안산PT 본오점,폐휴대폰,수거함 설치,경기 안산시 상록구 샘골로 143 ,민팃ATM,무상
6144,부천팀 안산PT 안산중앙점,폐휴대폰,수거함 설치,경기 안산시 단원구 예술대학로 11 ,민팃ATM,무상
6145,부천팀 안산PT 정왕점,폐휴대폰,수거함 설치,경기 시흥시 정왕시장길 52 ,민팃ATM,무상
6146,부천팀 위탁 부천역점,폐휴대폰,수거함 설치,경기 부천시 경인로 224-1 ,민팃ATM,무상
6147,부천팀 위탁 안산일동점,폐휴대폰,수거함 설치,경기 안산시 상록구 도매시장로 98 ,민팃ATM,무상
6148,북구대리점 덕천점,폐휴대폰,수거함 설치,부산 북구 백양대로 1190 ,민팃ATM,무상
6149,북구대리점 명지국제점,폐휴대폰,수거함 설치,부산 강서구 명지국제5로 60 ,민팃ATM,무상
6150,북구대리점 명지점,폐휴대폰,수거함 설치,부산 강서구 명지오션시티4로 62 ,민팃ATM,무상
6151,북구대리점 주례점,폐휴대폰,수거함 설치,부산 사상구 가야대로 278 ,민팃ATM,무상
6152,북두대리점 본점,폐휴대폰,수거함 설치,서울 강북구 삼양로 308 ,민팃ATM,무상
6153,빅플러스대리점 본점,폐휴대폰,수거함 설치,광주 서구 월드컵4강로28번길 45-2 ,민팃ATM,무상
6154,사천대리점 본점,폐휴대폰,수거함 설치,경남 사천시 사천읍 읍내1길 49 ,민팃ATM,무상
6155,산청대리점 산청점,폐휴대폰,수거함 설치,경남 산청군 산청읍 웅석봉로 26 ,민팃ATM,무상
6156,산청대리점 진교점,폐휴대폰,수거함 설치,경남 하동군 진교면 진교중앙길 20 ,민팃ATM,무상
6157,삼보대리점 안중점,폐휴대폰,수거함 설치,경기 평택시 안중읍 안중로 125-1 ,민팃ATM,무상
6158,삼보대리점 청북점,폐휴대폰,수거함 설치,경기 평택시 청북면 안청로 336 ,민팃ATM,무상
6159,삼보대리점 평택대점,폐휴대폰,수거함 설치,경기 평택시 서동대로 3875 ,민팃ATM,무상
6160,삼보대리점 희망점,폐휴대폰,수거함 설치,경기 평택시 중앙2로 26 ,민팃ATM,무상
6161,삼양대리점 본점,폐휴대폰,수거함 설치,서울 강북구 삼양로 237 ,민팃ATM,무상
6162,삼척대리점 본점,폐휴대폰,수거함 설치,강원 삼척시 중앙로 231 ,민팃ATM,무상
6163,삼천포대리점 본점,폐휴대폰,수거함 설치,경남 사천시 중앙로 81-1 ,민팃ATM,무상
6164,상상대리점 교대직영점,폐휴대폰,수거함 설치,대구 남구 중앙대로 218 ,민팃ATM,무상
6165,상상대리점 대곡직영점,폐휴대폰,수거함 설치,대구 달서구 도원로 30 ,민팃ATM,무상
6166,상상대리점 대현직영점,폐휴대폰,수거함 설치,대구 북구 대현남로6길 20 ,민팃ATM,무상
6167,상상대리점 동호직영점,폐휴대폰,수거함 설치,대구 동구 안심로 370 ,민팃ATM,무상
6168,상상대리점 반월당 센터점,폐휴대폰,수거함 설치,대구 중구 동성로1길 5 ,민팃ATM,무상
6169,상상대리점 방촌센터점,폐휴대폰,수거함 설치,대구 동구 동촌로 204 ,민팃ATM,무상
6170,상상대리점 범어센터 Premiumstore,폐휴대폰,수거함 설치,대구 수성구 달구벌대로 2400 ,민팃ATM,무상
6171,상상대리점 본점(본점),폐휴대폰,수거함 설치,대구 중구 동성로1길 22 ,민팃ATM,무상
6172,상상대리점 신대곡센터,폐휴대폰,수거함 설치,대구 달서구 갈밭남로 39 ,민팃ATM,무상
6173,상상대리점 신암직영점,폐휴대폰,수거함 설치,대구 동구 신암로 96-1 ,민팃ATM,무상
6174,상상대리점 신월성센터점,폐휴대폰,수거함 설치,대구 달서구 조암로 38 ,민팃ATM,무상
6175,상상대리점 신천직영점,폐휴대폰,수거함 설치,대구 동구 동부로 18-1 ,민팃ATM,무상
6176,상상대리점 월서직영점,폐휴대폰,수거함 설치,대구 달서구 조암남로 42 ,민팃ATM,무상
6177,상상대리점 종로직영점,폐휴대폰,수거함 설치,대구 중구 종로 17 ,민팃ATM,무상
6178,상상대리점 중파직영점,폐휴대폰,수거함 설치,대구 중구 동성로 2 ,민팃ATM,무상
6179,상주중앙대리점 본점,폐휴대폰,수거함 설치,경북 상주시 상산로 263-1 ,민팃ATM,무상
6180,새진주대리점 본점,폐휴대폰,수거함 설치,경남 진주시 촉석로 175 ,민팃ATM,무상
6181,샤인대리점 도계점,폐휴대폰,수거함 설치,경남 창원시 의창구 도계로 85 ,민팃ATM,무상
6182,서대구팀 서대구PT 광장코아점,폐휴대폰,수거함 설치,대구 달서구 달구벌대로 1708 ,민팃ATM,무상
6183,서대구팀 서대구PT 상인직영점,폐휴대폰,수거함 설치,대구 달서구 월배로 193 ,민팃ATM,무상
6184,서대구팀 서대구PT 칠곡중앙직영점,폐휴대폰,수거함 설치,대구 북구 구암로 85 ,민팃ATM,무상
6185,서대구팀 위탁 서변직영점,폐휴대폰,수거함 설치,대구 북구 서변로 57 ,민팃ATM,무상
6186,서부대리점 본점,폐휴대폰,수거함 설치,부산 동구 자성공원로 26 ,민팃ATM,무상
6187,서부대리점 본점,폐휴대폰,수거함 설치,대구 서구 국채보상로 280 ,민팃ATM,무상
6188,서부산팀 서부산PT 내동중앙점,폐휴대폰,수거함 설치,경남 김해시 내외중앙로 81 ,민팃ATM,무상
6189,서부산팀 서부산PT 냉정직영점,폐휴대폰,수거함 설치,부산 사상구 가야대로366번길 25 ,민팃ATM,무상
6190,서부산팀 서부산PT 동대신점,폐휴대폰,수거함 설치,부산 서구 구덕로328번길 4 ,민팃ATM,무상
6191,서부산팀 서부산PT 롯데광복직영점,폐휴대폰,수거함 설치,부산 중구 중앙대로 2 ,민팃ATM,무상
6192,서부산팀 서부산PT 명지점,폐휴대폰,수거함 설치,부산 강서구 명지국제8로 251 ,민팃ATM,무상
6193,서부산팀 서부산PT 수정직영점,폐휴대폰,수거함 설치,부산 동구 중앙대로371번길 21 ,민팃ATM,무상
6194,서부산팀 서부산PT 외동직영점,폐휴대폰,수거함 설치,경남 김해시 내외로 80 ,민팃ATM,무상
6195,서부산팀 서부산PT 장림점,폐휴대폰,수거함 설치,부산 사하구 장림번영로 46 ,민팃ATM,무상
6196,서부산팀 서부산PT 화명2호직영점,폐휴대폰,수거함 설치,부산 북구 금곡대로303번길 25 ,민팃ATM,무상
6197,서부산팀 서부산PT 화명직영점,폐휴대폰,수거함 설치,부산 북구 화명신도시로 117 ,민팃ATM,무상
6198,서산동문대리점 서산직영점,폐휴대폰,수거함 설치,충남 서산시 안견로 170 ,민팃ATM,무상
6199,서산동문대리점 중앙점,폐휴대폰,수거함 설치,충남 서산시 시장4길 39 ,민팃ATM,무상
6200,서산동문대리점 청양직영점,폐휴대폰,수거함 설치,충남 청양군 청양읍 중앙로 141 ,민팃ATM,무상
6201,서산동문대리점 태안직영점,폐휴대폰,수거함 설치,충남 태안군 태안읍 중앙로 71 ,민팃ATM,무상
6202,서산동문대리점 호수점,폐휴대폰,수거함 설치,충남 서산시 호수공원10로 29 ,민팃ATM,무상
6203,서산동문대리점 홍성직영점,폐휴대폰,수거함 설치,충남 홍성군 홍성읍 조양로 157 ,민팃ATM,무상
6204,서울ent대리점 공릉직영점,폐휴대폰,수거함 설치,서울 노원구 동일로192길 11 ,민팃ATM,무상
6205,서울ent대리점 둔촌역점,폐휴대폰,수거함 설치,서울 강동구 양재대로 1367 ,민팃ATM,무상
6206,서울ent대리점 모란직영점,폐휴대폰,수거함 설치,경기 성남시 중원구 성남대로 1144 ,민팃ATM,무상
6207,서울ent대리점 성내점,폐휴대폰,수거함 설치,서울 강동구 강동대로53길 31 ,민팃ATM,무상
6208,서울ent대리점 완정점,폐휴대폰,수거함 설치,인천 서구 청마로19번길 20 ,민팃ATM,무상
6209,서울ent대리점 일산점,폐휴대폰,수거함 설치,경기 고양시 일산서구 중앙로 1559 ,민팃ATM,무상
6210,서울ent대리점 잠원동점,폐휴대폰,수거함 설치,서울 서초구 잠원로8길 25 ,민팃ATM,무상
6211,서울ent대리점 평택역점,폐휴대폰,수거함 설치,경기 평택시 평택2로10번길 10-4 ,민팃ATM,무상
6212,서울대리점 장안율전점,폐휴대폰,수거함 설치,경기 수원시 장안구 화산로233번길 35 ,민팃ATM,무상
6213,서울중부대리점 논현역점,폐휴대폰,수거함 설치,서울 강남구 학동로6길 34 ,민팃ATM,무상
6214,서정대리점 송천점,폐휴대폰,수거함 설치,전북 전주시 완산구 소대배기로 9 ,민팃ATM,무상
6215,서정대리점 에코시티점,폐휴대폰,수거함 설치,전북 전주시 덕진구 세병로 178-8 ,민팃ATM,무상
6216,서정대리점 호성프리미엄점,폐휴대폰,수거함 설치,전북 전주시 완산구 서신로 49 ,민팃ATM,무상
6217,서진주대리점 본점,폐휴대폰,수거함 설치,경남 함안군 칠원읍 원서로 22 ,민팃ATM,무상
6218,선린대리점 당동점,폐휴대폰,수거함 설치,경기 군포시 고산로 256 ,민팃ATM,무상
6219,선린대리점 부천중동점,폐휴대폰,수거함 설치,경기 부천시 부흥로303번길 62 ,민팃ATM,무상
6220,선린대리점 산본역점,폐휴대폰,수거함 설치,경기 군포시 산본로323번길 16-6 ,민팃ATM,무상
6221,선린대리점 시흥대야점,폐휴대폰,수거함 설치,경기 시흥시 비둘기공원로 21 ,민팃ATM,무상
6222,선린대리점 인천논현점,폐휴대폰,수거함 설치,인천 남동구 앵고개로847번길 72 ,민팃ATM,무상
6223,선영대리점 비치점,폐휴대폰,수거함 설치,전남 목포시 청호로 209 ,민팃ATM,무상
6224,성남대리점 가양점,폐휴대폰,수거함 설치,대전 동구 우암로 225 ,민팃ATM,무상
6225,성남대리점 본점,폐휴대폰,수거함 설치,대전 동구 우암로 161 ,민팃ATM,무상
6226,성당대리점 본점,폐휴대폰,수거함 설치,대구 달서구 성당로 189 ,민팃ATM,무상
6227,성동팀 성동PT 구리역,폐휴대폰,수거함 설치,경기 구리시 경춘로 243 ,민팃ATM,무상
6228,성동팀 성동PT 망우동점,폐휴대폰,수거함 설치,서울 중랑구 망우로 417 ,민팃ATM,무상
6229,성동팀 성동PT 사가정역점,폐휴대폰,수거함 설치,서울 중랑구 면목로 316 ,민팃ATM,무상
6230,성동팀 성동PT 상봉역점,폐휴대폰,수거함 설치,서울 중랑구 용마산로115길 127 ,민팃ATM,무상
6231,성동팀 성동PT 신내직영점,폐휴대폰,수거함 설치,서울 중랑구 신내로 82 ,민팃ATM,무상
6232,성동팀 성동PT 왕십리점,폐휴대폰,수거함 설치,서울 성동구 왕십리로 322 ,민팃ATM,무상
6233,성동팀 성동PT 장현직영점,폐휴대폰,수거함 설치,경기 남양주시 진접읍 장현로 68 ,민팃ATM,무상
6234,성동팀 성동PT 중화역점,폐휴대폰,수거함 설치,서울 중랑구 동일로 801 ,민팃ATM,무상
6235,성동팀 성동PT 퇴계원점,폐휴대폰,수거함 설치,경기 남양주시 퇴계원면 퇴계원로 54 ,민팃ATM,무상
6236,성동팀 위탁 건대역점,폐휴대폰,수거함 설치,서울 광진구 능동로 103 ,민팃ATM,무상
6237,성신대리점 본점,폐휴대폰,수거함 설치,전남 목포시 남악1로52번길 2 ,민팃ATM,무상
6238,성은대리점 본점,폐휴대폰,수거함 설치,경기 부천시 소사구 경인로 506 ,민팃ATM,무상
6239,성주대리점 본점,폐휴대폰,수거함 설치,경북 성주군 성주읍 성주읍3길 15 ,민팃ATM,무상
6240,성현대리점 본점,폐휴대폰,수거함 설치,경기 안산시 단원구 광덕3로 178 ,민팃ATM,무상
6241,세화대리점 구리역직영점,폐휴대폰,수거함 설치,경기 구리시 건원대로34번길 35 ,민팃ATM,무상
6242,세화대리점 장안직영점,폐휴대폰,수거함 설치,서울 동대문구 사가정로25길 22-4 ,민팃ATM,무상
6243,세화대리점 청평점,폐휴대폰,수거함 설치,경기 가평군 청평면 청평중앙로 32 ,민팃ATM,무상
6244,솔로몬 효목점,폐휴대폰,수거함 설치,대구 동구 아양로 238 ,민팃ATM,무상
6245,솔로몬대리점 경산하양점,폐휴대폰,수거함 설치,경북 경산시 하양읍 대학로 1530 ,민팃ATM,무상
6246,솔로몬대리점 고객만족연구소,폐휴대폰,수거함 설치,대구 북구 칠곡중앙대로 390-1 ,민팃ATM,무상
6247,솔로몬대리점 방촌점,폐휴대폰,수거함 설치,대구 동구 동촌로 225 ,민팃ATM,무상
6248,솔로몬대리점 본점,폐휴대폰,수거함 설치,대구 북구 동북로 150 ,민팃ATM,무상
6249,솔로몬대리점 삼익점,폐휴대폰,수거함 설치,대구 서구 평리로 243 ,민팃ATM,무상
6250,솔로몬대리점 상동점,폐휴대폰,수거함 설치,대구 수성구 수성로 105 ,민팃ATM,무상
6251,솔로몬대리점 수성직영SHOP,폐휴대폰,수거함 설치,대구 수성구 수성로 322 ,민팃ATM,무상
6252,솔로몬대리점 신매점,폐휴대폰,수거함 설치,대구 수성구 달구벌대로649길 20 ,민팃ATM,무상
6253,솔로몬대리점 옥계점,폐휴대폰,수거함 설치,경북 구미시 산호대로31길 19 ,민팃ATM,무상
6254,솔로몬대리점 태전점,폐휴대폰,수거함 설치,대구 북구 칠곡중앙대로 284 ,민팃ATM,무상
6255,송파월드대리점 본점,폐휴대폰,수거함 설치,서울 송파구 오금로 162 ,민팃ATM,무상
6256,수원팀 수원PT 곡반점,폐휴대폰,수거함 설치,경기 수원시 권선구 동수원로146번길 6-3 ,민팃ATM,무상
6257,수원팀 수원PT 권선점,폐휴대폰,수거함 설치,경기 수원시 권선구 권광로 55 ,민팃ATM,무상
6258,수원팀 수원PT 남문점,폐휴대폰,수거함 설치,경기 수원시 팔달구 정조로 767-3 ,민팃ATM,무상
6259,수원팀 수원PT 라이프점,폐휴대폰,수거함 설치,경기 수원시 장안구 대평로90번길 19 ,민팃ATM,무상
6260,수원팀 수원PT 망포점,폐휴대폰,수거함 설치,경기 수원시 영통구 영통로 136 ,민팃ATM,무상
6261,수원팀 수원PT 벽적골점,폐휴대폰,수거함 설치,경기 수원시 영통구 덕영대로1555번길 20 ,민팃ATM,무상
6262,수원팀 수원PT 봉담점,폐휴대폰,수거함 설치,경기 화성시 봉담읍 동화길 85 ,민팃ATM,무상
6263,수원팀 수원PT 아주대점,폐휴대폰,수거함 설치,경기 수원시 팔달구 중부대로 247 ,민팃ATM,무상
6264,수원팀 수원PT 인계점,폐휴대폰,수거함 설치,경기 수원시 팔달구 권광로 184 ,민팃ATM,무상
6265,수원팀 수원PT 향남점,폐휴대폰,수거함 설치,경기 화성시 향남읍 행정중앙2로 67 ,민팃ATM,무상
6266,순창대리점 본점,폐휴대폰,수거함 설치,전북 순창군 순창읍 순창로 233 ,민팃ATM,무상
6267,순천봉화 벌교역점,폐휴대폰,수거함 설치,전남 보성군 벌교읍 홍암로 1 ,민팃ATM,무상
6268,순천봉화 벌교우체국점,폐휴대폰,수거함 설치,전남 보성군 벌교읍 채동선로 217 ,민팃ATM,무상
6269,순천봉화 중마점,폐휴대폰,수거함 설치,전남 광양시 오류2길 1 ,민팃ATM,무상
6270,스마일대리점 본점,폐휴대폰,수거함 설치,대구 수성구 국채보상로 846 ,민팃ATM,무상
6271,스카이대리점대리점 두암점,폐휴대폰,수거함 설치,광주 동구 갈마로 46 ,민팃ATM,무상
6272,스카이대리점대리점 봉선점,폐휴대폰,수거함 설치,광주 남구 봉선중앙로 83 ,민팃ATM,무상
6273,스카이대리점대리점 송정점,폐휴대폰,수거함 설치,광주 광산구 송도로 160 ,민팃ATM,무상
6274,스카이대리점대리점 운남점,폐휴대폰,수거함 설치,광주 광산구 목련로273번안길 12 ,민팃ATM,무상
6275,스토리대리점 W스퀘어점,폐휴대폰,수거함 설치,부산 남구 분포로 145 ,민팃ATM,무상
6276,스토리대리점 본점,폐휴대폰,수거함 설치,부산 남구 분포로 113 ,민팃ATM,무상
6277,시화대리점 본점,폐휴대폰,수거함 설치,경기 시흥시 다솜마을2길 1 ,민팃ATM,무상
6278,시화본대리점 청라직영점,폐휴대폰,수거함 설치,인천 서구 청라라임로 51 ,민팃ATM,무상
6279,신나는 만수직영점,폐휴대폰,수거함 설치,인천 남동구 만수로 65 ,민팃ATM,무상
6280,신나는 이수직영점(본점),폐휴대폰,수거함 설치,서울 동작구 동작대로 123 ,민팃ATM,무상
6281,신드롬구산직영점,폐휴대폰,수거함 설치,서울 은평구 서오릉로 174 ,민팃ATM,무상
6282,PS&M (강원대점),폐휴대폰,수거함 설치,강원 춘천시 서부대성로 227 ,민팃ATM,무상
6283,PS&M (거두점),폐휴대폰,수거함 설치,강원 춘천시 동내면 거두택지길 4 ,민팃ATM,무상
6284,PS&M (단구점),폐휴대폰,수거함 설치,강원 원주시 서원대로 392 ,민팃ATM,무상
6285,PS&M (문화의거리점),폐휴대폰,수거함 설치,강원 강릉시 문화의길8번길 1 ,민팃ATM,무상
6286,PS&M (삼척장윤점),폐휴대폰,수거함 설치,강원 삼척시 진주로 47 ,민팃ATM,무상
6287,PS&M (삼척점),폐휴대폰,수거함 설치,강원 삼척시 중앙로 215 ,민팃ATM,무상
6288,PS&M (원주터미널점),폐휴대폰,수거함 설치,강원 원주시 서원대로 166 (단계동) ,민팃ATM,무상
6289,PS&M (정선사북점),폐휴대폰,수거함 설치,강원 정선군 사북읍 사북중앙로 27-1 ,민팃ATM,무상
6290,PS&M (춘천광장점),폐휴대폰,수거함 설치,강원 춘천시 서부대성로 172 ,민팃ATM,무상
6291,신목포대리점 본점,폐휴대폰,수거함 설치,전남 목포시 청호로 154 ,민팃ATM,무상
6292,신사직대리점 본점,폐휴대폰,수거함 설치,부산 동래구 석사로 4 ,민팃ATM,무상
6293,신세계대리점 본점,폐휴대폰,수거함 설치,서울 송파구 올림픽로12길 18 ,민팃ATM,무상
6294,신의정부대리점 본점,폐휴대폰,수거함 설치,경기 의정부시 신흥로 173 ,민팃ATM,무상
6295,신창대리점 금오점,폐휴대폰,수거함 설치,경기 의정부시 청사로 49 ,민팃ATM,무상
6296,신창대리점 신창하월곡직영점,폐휴대폰,수거함 설치,서울 성북구 오패산로 79 ,민팃ATM,무상
6297,아리온 석촌고분역점,폐휴대폰,수거함 설치,서울 송파구 백제고분로 282 ,민팃ATM,무상
6298,아리온 암사점,폐휴대폰,수거함 설치,서울 강동구 상암로 47 ,민팃ATM,무상
6299,안동남부대리점 본점,폐휴대폰,수거함 설치,경북 안동시 경북대로 406 ,민팃ATM,무상
6300,안동대리점 본점,폐휴대폰,수거함 설치,경북 안동시 제비원로 117-1 ,민팃ATM,무상
6301,안동삼성대리점 본점,폐휴대폰,수거함 설치,경북 안동시 경동로 519 ,민팃ATM,무상
6302,알리바바대리점 광주시 경안동점,폐휴대폰,수거함 설치,경기 광주시 중앙로 104 ,민팃ATM,무상
6303,알리바바대리점 둔촌역점,폐휴대폰,수거함 설치,서울 강동구 양재대로89길 24 ,민팃ATM,무상
6304,알리바바대리점 면목직영점,폐휴대폰,수거함 설치,서울 중랑구 상봉로 51 ,민팃ATM,무상
6305,알리바바대리점 워커힐 직영점,폐휴대폰,수거함 설치,서울 광진구 광장로 87 ,민팃ATM,무상
6306,알미골대리점 본점,폐휴대폰,수거함 설치,인천 강화군 강화읍 강화대로 342 ,민팃ATM,무상
6307,알파대리점 월곡직영점,폐휴대폰,수거함 설치,서울 성북구 오패산로 42 ,민팃ATM,무상
6308,애니대리점 본점,폐휴대폰,수거함 설치,울산 남구 대학로 54 ,민팃ATM,무상
6309,언양대리점 본점,폐휴대폰,수거함 설치,울산 울주군 언양읍 헌양길 100 ,민팃ATM,무상
6310,엠코리아대리점 쌍촌점,폐휴대폰,수거함 설치,광주 서구 화정로 134-1 ,민팃ATM,무상
6311,여천신기 본점,폐휴대폰,수거함 설치,전남 여수시 흥국로 88 ,민팃ATM,무상
6312,연수청학대리점 본점,폐휴대폰,수거함 설치,인천 연수구 청능대로 93 ,민팃ATM,무상
6313,연우대리점 김포구래직영점,폐휴대폰,수거함 설치,경기 김포시 김포한강9로76번길 41 ,민팃ATM,무상
6314,연우대리점 양천향교점,폐휴대폰,수거함 설치,서울 강서구 강서로 471 ,민팃ATM,무상
6315,연우대리점 탄현점,폐휴대폰,수거함 설치,경기 고양시 일산서구 일현로 97-11 ,민팃ATM,무상
6316,연우대리점 화곡 대림점,폐휴대폰,수거함 설치,서울 강서구 월정로 160 ,민팃ATM,무상
6317,영동제일대리점 본점,폐휴대폰,수거함 설치,강원 강릉시 하평3길 44 ,민팃ATM,무상
6318,영인대리점 본점,폐휴대폰,수거함 설치,전남 목포시 비파로 46 ,민팃ATM,무상
6319,영인대리점 북항점,폐휴대폰,수거함 설치,전남 목포시 청호로 176 ,민팃ATM,무상
6320,영인대리점 신안비치점,폐휴대폰,수거함 설치,전남 목포시 청호로 196 ,민팃ATM,무상
6321,영인대리점 평화광장점,폐휴대폰,수거함 설치,전남 목포시 통일대로 63 ,민팃ATM,무상
6322,영인대리점 하당점,폐휴대폰,수거함 설치,전남 목포시 백년대로 339 ,민팃ATM,무상
6323,영일대리점 구영점,폐휴대폰,수거함 설치,울산 울주군 범서읍 구영로 78 ,민팃ATM,무상
6324,영일대리점 남포비프점,폐휴대폰,수거함 설치,부산 중구 비프광장로 33-1 ,민팃ATM,무상
6325,영일대리점 대교점,폐휴대폰,수거함 설치,부산 영도구 태종로 87 ,민팃ATM,무상
6326,영일대리점 본점,폐휴대폰,수거함 설치,부산 영도구 태종로 91 ,민팃ATM,무상
6327,영주제일대리점 본점,폐휴대폰,수거함 설치,경북 영주시 지천로 185 ,민팃ATM,무상
6328,영풍대리점 본점,폐휴대폰,수거함 설치,경북 영주시 풍기읍 기주로 101 ,민팃ATM,무상
6329,예맥대리점 중앙로점,폐휴대폰,수거함 설치,강원 춘천시 중앙로 69 ,민팃ATM,무상
6330,예맥대리점 퇴계점,폐휴대폰,수거함 설치,강원 춘천시 퇴계로105번길 5 ,민팃ATM,무상
6331,예맥대리점 화천직영점,폐휴대폰,수거함 설치,강원 화천군 화천읍 중앙로1 ,민팃ATM,무상
6332,예산대리점 아산터미널점,폐휴대폰,수거함 설치,충남 아산시 번영로 224 ,민팃ATM,무상
6333,예산대리점 예산직영점,폐휴대폰,수거함 설치,충남 예산군 예산읍 역전로 159 ,민팃ATM,무상
6334,예스 감전점,폐휴대폰,수거함 설치,부산 사상구 괘감로 103 ,민팃ATM,무상
6335,예스 감천점,폐휴대폰,수거함 설치,부산 사하구 감천로 38 ,민팃ATM,무상
6336,예스 괘법점,폐휴대폰,수거함 설치,부산 사상구 새벽로 195 ,민팃ATM,무상
6337,예스 다대점,폐휴대폰,수거함 설치,부산 사하구 다송로 36 ,민팃ATM,무상
6338,예스 당감점,폐휴대폰,수거함 설치,부산 부산진구 당감로16번길 4 ,민팃ATM,무상
6339,예스 당리점,폐휴대폰,수거함 설치,부산 사하구 승학로 58 ,민팃ATM,무상
6340,예스 대신점,폐휴대폰,수거함 설치,부산 서구 구덕로345번길 7 ,민팃ATM,무상
6341,예스 덕계점,폐휴대폰,수거함 설치,경남 양산시 덕계로 86 ,민팃ATM,무상
6342,예스 동래점,폐휴대폰,수거함 설치,부산 동래구 명륜로112번길 4 ,민팃ATM,무상
6343,예스 본점,폐휴대폰,수거함 설치,부산 사상구 사상로 275-1 ,민팃ATM,무상
6344,예스 삼계점,폐휴대폰,수거함 설치,경남 김해시 삼계중앙로 36 ,민팃ATM,무상
6345,예스 아이스퀘어점,폐휴대폰,수거함 설치,경남 김해시 부원동 김해대로 2342 ,민팃ATM,무상
6346,예스 온천점,폐휴대폰,수거함 설치,부산 금정구 오시게로42번길 1 ,민팃ATM,무상
6347,예스 주촌점,폐휴대폰,수거함 설치,경남 김해시 주촌면 천곡로 14 ,민팃ATM,무상
6348,예스 초읍점,폐휴대폰,수거함 설치,부산 부산진구 새싹로 192 ,민팃ATM,무상
6349,예스 화명2호점,폐휴대폰,수거함 설치,부산 북구 화명대로 27 ,민팃ATM,무상
6350,예스 화명점,폐휴대폰,수거함 설치,부산 북구 학사로 3 ,민팃ATM,무상
6351,예스대리점 수목토점,폐휴대폰,수거함 설치,대전 서구 원도안로179번길 8-10 ,민팃ATM,무상
6352,오치대리점 본점,폐휴대폰,수거함 설치,광주 북구 서하로 175 ,민팃ATM,무상
6353,온오프대리점 만촌점,폐휴대폰,수거함 설치,대구 수성구 교학로 8 ,민팃ATM,무상
6354,온오프대리점 본점,폐휴대폰,수거함 설치,대구 달서구 달구벌대로259길 32 ,민팃ATM,무상
6355,온오프대리점 상동직영점,폐휴대폰,수거함 설치,대구 수성구 수성로 78 ,민팃ATM,무상
6356,와이즈대리점 태평직영점,폐휴대폰,수거함 설치,경기 성남시 수정구 수정로119번길 4 ,민팃ATM,무상
6357,정성대리점 부산대점,폐휴대폰,수거함 설치,부산 금정구 금정로 70 ,민팃ATM,무상
6358,와이즈대리점 함지박사거리점,폐휴대폰,수거함 설치,서울 서초구 동광로 70 ,민팃ATM,무상
6359,용상대리점 본점,폐휴대폰,수거함 설치,경북 안동시 경동로 863 ,민팃ATM,무상
6360,우리대리점 여서2호점,폐휴대폰,수거함 설치,전남 여수시 여서로 162 ,민팃ATM,무상
6361,우리대리점 연향점,폐휴대폰,수거함 설치,전남 순천시 연향3로 33 ,민팃ATM,무상
6362,한백대리점 정관2호점,폐휴대폰,수거함 설치,부산 기장군 정관읍 정관로 575-3 ,민팃ATM,무상
6363,PSNM 송도점,폐휴대폰,수거함 설치,인천 연수구 해돋이로 118 ,민팃ATM,무상
6364,우솔대리점 본점,폐휴대폰,수거함 설치,전남 여수시 진남로 21 ,민팃ATM,무상
6365,우인대리점 월곶직영점,폐휴대폰,수거함 설치,경기 시흥시 월곶중앙로70번길 3 ,민팃ATM,무상
6366,우일대리점 고성송학점,폐휴대폰,수거함 설치,경남 고성군 고성읍 동외로 175 ,민팃ATM,무상
6367,울산팀 울산PT 달동직영점,폐휴대폰,수거함 설치,울산 남구 신정로 33 ,민팃ATM,무상
6368,울산팀 울산PT 방어진직영점,폐휴대폰,수거함 설치,울산 동구 대학길 59 ,민팃ATM,무상
6369,울산팀 울산PT 삼산직영점,폐휴대폰,수거함 설치,울산 남구 삼산로 275 ,민팃ATM,무상
6370,울산팀 울산PT 성남뉴코아점,폐휴대폰,수거함 설치,울산 중구 시계탑거리 20 ,민팃ATM,무상
6371,울산팀 울산PT 양산범어직영점,폐휴대폰,수거함 설치,경남 양산시 물금읍 삽량로 40 ,민팃ATM,무상
6372,울산팀 울산PT 양산투자매장,폐휴대폰,수거함 설치,경남 양산시 물금읍 새실로 159 ,민팃ATM,무상
6373,울산팀 위탁 상안점,폐휴대폰,수거함 설치,울산 북구 아진로 76 ,민팃ATM,무상
6374,울산팀 위탁 화정직영점,폐휴대폰,수거함 설치,울산 동구 대학길 83 ,민팃ATM,무상
6375,울산행복대리점 본점,폐휴대폰,수거함 설치,울산 울주군 범서읍 천상중앙길 90 ,민팃ATM,무상
6376,울산행복대리점 화봉점,폐휴대폰,수거함 설치,울산 북구 화봉로 71 ,민팃ATM,무상
6377,울진동부대리점 죽변점,폐휴대폰,수거함 설치,경북 울진군 죽변면 죽변중앙로 157-2 ,민팃ATM,무상
6378,원주대리점 본점,폐휴대폰,수거함 설치,강원 원주시 평원로 6 ,민팃ATM,무상
6379,원진대리점 별내점,폐휴대폰,수거함 설치,남양주시 별내5로5번길 7 ,민팃ATM,무상
6380,원진대리점 장안점,폐휴대폰,수거함 설치,서울 동대문구 답십리로 304 ,민팃ATM,무상
6381,월드대리점 본점,폐휴대폰,수거함 설치,전남 목포시 용당로 200 ,민팃ATM,무상
6382,윈윈대리점 마포역,폐휴대폰,수거함 설치,서울 마포구 마포대로 53 ,민팃ATM,무상
6383,윈윈대리점 본점,폐휴대폰,수거함 설치,서울 영등포구 당산로 122 ,민팃ATM,무상
6384,유니온대리점 홍천본점,폐휴대폰,수거함 설치,강원 홍천군 홍천읍 번영로 31-1 ,민팃ATM,무상
6385,유성대리점 월야점,폐휴대폰,수거함 설치,전남 함평군 월야면 밀재로 1508 ,민팃ATM,무상
6386,유성대리점 함평본점,폐휴대폰,수거함 설치,전남 함평군 함평읍 광남길 90 ,민팃ATM,무상
6387,유성대리점 해제점,폐휴대폰,수거함 설치,전남 무안군 해제면 현해로 1676-1 ,민팃ATM,무상
6388,유원대리점 부천역직영점,폐휴대폰,수거함 설치,경기 부천시 원미구 부천로 17 ,민팃ATM,무상
6389,으뜸대리점 송강점,폐휴대폰,수거함 설치,대전 유성구 송강로 28 ,민팃ATM,무상
6390,으뜸대리점 오창점,폐휴대폰,수거함 설치,충북 청주시 청원구 오창읍 2산단3로 50 ,민팃ATM,무상
6391,으뜸대리점 전민점,폐휴대폰,수거함 설치,대전 유성구 엑스포로 463 ,민팃ATM,무상
6392,은평대리점 본점,폐휴대폰,수거함 설치,서울 은평구 가좌로 269 ,민팃ATM,무상
6393,은행대리점 양지본점,폐휴대폰,수거함 설치,경기 성남시 중원구 산성대로 498 ,민팃ATM,무상
6394,의정부팀 위탁 방학동직영점,폐휴대폰,수거함 설치,서울 도봉구 도봉로145길 8 ,민팃ATM,무상
6395,의정부팀 위탁 외대직영점,폐휴대폰,수거함 설치,서울 동대문구 휘경로 3 ,민팃ATM,무상
6396,의정부팀 의정부PT 가능역점,폐휴대폰,수거함 설치,경기 의정부시 평화로 635 ,민팃ATM,무상
6397,의정부팀 의정부PT 경희대점,폐휴대폰,수거함 설치,서울 동대문구 경희대로 6-1 ,민팃ATM,무상
6398,의정부팀 의정부PT 공릉점,폐휴대폰,수거함 설치,서울 노원구 동일로192길 91 ,민팃ATM,무상
6399,의정부팀 의정부PT 시립대점,폐휴대폰,수거함 설치,서울 동대문구 전농로 214 ,민팃ATM,무상
6400,의정부팀 의정부PT 의정부역2호점,폐휴대폰,수거함 설치,경기 의정부시 시민로 81 ,민팃ATM,무상
6401,의정부팀 의정부PT 전농점,폐휴대폰,수거함 설치,서울 동대문구 사가정로13길 3 ,민팃ATM,무상
6402,의정부팀 의정부PT 중계역점,폐휴대폰,수거함 설치,서울 노원구 동일로204가길 34 ,민팃ATM,무상
6403,의정부팀 의정부PT 지행점,폐휴대폰,수거함 설치,경기 동두천시 지행로 52 ,민팃ATM,무상
6404,이든대리점 동백점,폐휴대폰,수거함 설치,경기 용인시 기흥구 동백7로 79 ,민팃ATM,무상
6405,인천도원대리점 본점,폐휴대폰,수거함 설치,인천 부평구 부평대로 139 ,민팃ATM,무상
6406,인천도원대리점 주안역 직영점,폐휴대폰,수거함 설치,인천 미추홀구 석정로 396 ,민팃ATM,무상
6407,인천중구대리점 백운역점,폐휴대폰,수거함 설치,인천 부평구 경원대로 1246 ,민팃ATM,무상
6408,인천중구대리점 본점,폐휴대폰,수거함 설치,인천 중구 제물량로 35 ,민팃ATM,무상
6409,인천중구대리점 송도현대아울렛점,폐휴대폰,수거함 설치,인천 연수구 송도국제대로 157 ,민팃ATM,무상
6410,인천중구대리점 옥련시장점,폐휴대폰,수거함 설치,인천 연수구 독배로40번길 43 ,민팃ATM,무상
6411,인천중구대리점 캠퍼스타운점,폐휴대폰,수거함 설치,인천 연수구 송도과학로27번길 55 ,민팃ATM,무상
6412,인천팀 인천1PT 간석대로점,폐휴대폰,수거함 설치,인천 남동구 남동대로 880 ,민팃ATM,무상
6413,인천팀 인천1PT 구월점,폐휴대폰,수거함 설치,인천 남동구 호구포로 784 ,민팃ATM,무상
6414,인천팀 인천1PT 동인천점,폐휴대폰,수거함 설치,인천 중구 우현로 93 ,민팃ATM,무상
6415,인천팀 인천1PT 서창지구점,폐휴대폰,수거함 설치,인천 남동구 서창남순환로 222 ,민팃ATM,무상
6416,인천팀 인천1PT 연수구청점,폐휴대폰,수거함 설치,인천 연수구 먼우금로 194 ,민팃ATM,무상
6417,인천팀 인천1PT 인천석바위점,폐휴대폰,수거함 설치,인천 미추홀구 경원대로 861 ,민팃ATM,무상
6418,인천팀 인천1PT 인하대점,폐휴대폰,수거함 설치,인천 남구 인하로 79 ,민팃ATM,무상
6419,인천팀 인천1PT 주안역점,폐휴대폰,수거함 설치,인천 미추홀구 미추홀대로 741 ,민팃ATM,무상
6420,인천팀 인천2PT 당하점,폐휴대폰,수거함 설치,인천 서구 청마로 171 ,민팃ATM,무상
6421,인천팀 인천2PT 동암남부역점,폐휴대폰,수거함 설치,인천 부평구 아트센터로 32 ,민팃ATM,무상
6422,인천팀 인천2PT 부평역점,폐휴대폰,수거함 설치,인천 부평구 시장로 15 ,민팃ATM,무상
6423,인천팀 인천2PT 삼산미래타운점,폐휴대폰,수거함 설치,인천 부평구 부평북로 442 ,민팃ATM,무상
6424,인천팀 인천2PT 영종도점,폐휴대폰,수거함 설치,인천 중구 신도시남로142번길 1 ,민팃ATM,무상
6425,인천팀 인천2PT 작전점,폐휴대폰,수거함 설치,인천 계양구 계양대로 36 ,민팃ATM,무상
6426,인천팀 인천2PT 청라점,폐휴대폰,수거함 설치,인천 서구 청라동 중봉대로 588 ,민팃ATM,무상
6427,인천팀 인천2PT 풍무점,폐휴대폰,수거함 설치,경기 김포시 풍무로 102 ,민팃ATM,무상
6428,인향대리점 부사점(본점),폐휴대폰,수거함 설치,대전 중구 대종로 303 ,민팃ATM,무상
6429,인향대리점 태평점,폐휴대폰,수거함 설치,대전 중구 태평로 29 ,민팃ATM,무상
6430,일산팀 마포PT 가재울점,폐휴대폰,수거함 설치,서울 서대문구 가재울미래로 2 ,민팃ATM,무상
6431,일산팀 마포PT 마포2호점,폐휴대폰,수거함 설치,서울 마포구 도화길 32 ,민팃ATM,무상
6432,일산팀 마포PT 마포점,폐휴대폰,수거함 설치,서울 마포구 마포대로 68 ,민팃ATM,무상
6433,일산팀 마포PT 망원역점,폐휴대폰,수거함 설치,서울 마포구 월드컵로 79 ,민팃ATM,무상
6434,일산팀 마포PT 불광역점,폐휴대폰,수거함 설치,서울 은평구 통일로 731 ,민팃ATM,무상
6435,일산팀 마포PT 상암직영점,폐휴대폰,수거함 설치,서울 마포구 월드컵북로 396 ,민팃ATM,무상
6436,일산팀 마포PT 신촌서강점,폐휴대폰,수거함 설치,서울 마포구 백범로 1 ,민팃ATM,무상
6437,일산팀 마포PT 연서직영점,폐휴대폰,수거함 설치,서울 은평구 연서로 288 ,민팃ATM,무상
6438,일산팀 마포PT 홍제역점,폐휴대폰,수거함 설치,서울 서대문구 통일로 452 ,민팃ATM,무상
6439,일산팀 마포PT 홍제직영점,폐휴대폰,수거함 설치,서울 서대문구 통일로 37길 4 ,민팃ATM,무상
6440,일산팀 일산PT 금릉역로데오,폐휴대폰,수거함 설치,경기 파주시 금빛로 24 ,민팃ATM,무상
6441,일산팀 일산PT 금릉점,폐휴대폰,수거함 설치,경기 파주시 금빛로 24-28 ,민팃ATM,무상
6442,일산팀 일산PT 식사직영점,폐휴대폰,수거함 설치,경기 고양시 일산동구 위시티2로11번길 11 ,민팃ATM,무상
6443,일산팀 일산PT 주엽1호점,폐휴대폰,수거함 설치,경기 고양시 일산서구 중앙로 1437 ,민팃ATM,무상
6444,PS&M (광양2호점),폐휴대폰,수거함 설치,전남 광양시 광양읍 용강로 24 ,민팃ATM,무상
6445,PS&M (금당점),폐휴대폰,수거함 설치,전남 순천시 해룡면 장선배기길 244 ,민팃ATM,무상
6446,PS&M (신기점),폐휴대폰,수거함 설치,전남 여수시 새터로 64 ,민팃ATM,무상
6447,PS&M (여수중앙점),폐휴대폰,수거함 설치,전남 여수시 중앙로 37 ,민팃ATM,무상
6448,PS&M (연향로점),폐휴대폰,수거함 설치,전남 순천시 연향3로 27 ,민팃ATM,무상
6449,PS&M (용당점),폐휴대폰,수거함 설치,전남 순천시 삼산로 93 ,민팃ATM,무상
6450,PS&M (익산영등점),폐휴대폰,수거함 설치,전북 익산시 무왕로16길 4 ,민팃ATM,무상
6451,일산팀 일산PT 행신직영점,폐휴대폰,수거함 설치,경기 고양시 덕양구 충장로 18 ,민팃ATM,무상
6452,일산팀 일산PT 화정점,폐휴대폰,수거함 설치,경기 고양시 덕양구 화정로 47 ,민팃ATM,무상
6453,일진대리점 광주태전동점,폐휴대폰,수거함 설치,경기 광주시 고불로 44 ,민팃ATM,무상
6454,일진대리점 굽은다리역점,폐휴대폰,수거함 설치,서울 강동구 양재대로 1543 ,민팃ATM,무상
6455,일진대리점 마석우리점,폐휴대폰,수거함 설치,경기 남양주시 화도읍 맷돌로 114 ,민팃ATM,무상
6456,일진대리점 포이밸리점,폐휴대폰,수거함 설치,서울 강남구 논현로 46 ,민팃ATM,무상
6457,장천 본점,폐휴대폰,수거함 설치,전남 순천시 장명로 23 ,민팃ATM,무상
6458,장천 신대 도깨비점,폐휴대폰,수거함 설치,전남 순천시 해룡면 향매로 59 ,민팃ATM,무상
6459,장천 신대점,폐휴대폰,수거함 설치,전남 순천시 해룡면 신대로 117 ,민팃ATM,무상
6460,장천 신대통신점,폐휴대폰,수거함 설치,전남 순천시 해룡면 좌야로 150 ,민팃ATM,무상
6461,장천 연향프라자점,폐휴대폰,수거함 설치,전남 순천시 연향번영길 122 ,민팃ATM,무상
6462,장천 조례2호점,폐휴대폰,수거함 설치,전남 순천시 봉화2길 96 ,민팃ATM,무상
6463,장천 중마점,폐휴대폰,수거함 설치,전남 광양시 불로로 88 ,민팃ATM,무상
6464,장천 학동점,폐휴대폰,수거함 설치,전남 여수시 쌍봉로 42 ,민팃ATM,무상
6465,전곡대리점 본점,폐휴대폰,수거함 설치,경기 연천군 전곡읍 전곡로 157 ,민팃ATM,무상
6466,전남서해대리점 배사랑점,폐휴대폰,수거함 설치,전남 나주시 영산로 5422 ,민팃ATM,무상
6467,전남서해대리점 영산포점,폐휴대폰,수거함 설치,전남 나주시 예향로 3803 ,민팃ATM,무상
6468,전남서해대리점 완도본점,폐휴대폰,수거함 설치,전남 완도군 완도읍 장보고대로 215 ,민팃ATM,무상
6469,전남영광대리점 단주리점,폐휴대폰,수거함 설치,전남 영광군 영광읍 신남로 169 ,민팃ATM,무상
6470,전북경원대리점 아중 프리미엄점,폐휴대폰,수거함 설치,전북 전주시 덕진구 건산로 274 ,민팃ATM,무상
6471,전북고창대리점 본점,폐휴대폰,수거함 설치,전북 고창군 고창읍 중앙로 199 ,민팃ATM,무상
6472,전북나은 만성점,폐휴대폰,수거함 설치,전북 전주시 덕진구 만성로 140 ,민팃ATM,무상
6473,전북나은 부안점,폐휴대폰,수거함 설치,전북 부안군 부안읍 오리정로 135 ,민팃ATM,무상
6474,전북나은 중화산점,폐휴대폰,수거함 설치,전북 전주시 완산구 서원로 304 ,민팃ATM,무상
6475,전북나은대리점 도통점,폐휴대폰,수거함 설치,전북 남원시 용성로 228 ,민팃ATM,무상
6476,전북정읍대리점 본점,폐휴대폰,수거함 설치,전북 정읍시 서부로 59 ,민팃ATM,무상
6477,정성대리점 남포직영점,폐휴대폰,수거함 설치,부산 중구 남포길 16-1 ,민팃ATM,무상
6478,정성대리점 신안평거점,폐휴대폰,수거함 설치,경남 진주시 진양호로 267 ,민팃ATM,무상
6479,정성대리점 양정역점,폐휴대폰,수거함 설치,부산 부산진구 중앙대로 920 ,민팃ATM,무상
6480,정성대리점 충무교차로점,폐휴대폰,수거함 설치,부산 서구 충무대로 285 ,민팃ATM,무상
6481,정원대리점 광주송정직영점,폐휴대폰,수거함 설치,경기 광주시 중앙로 327 ,민팃ATM,무상
6482,정원대리점 덕소점,폐휴대폰,수거함 설치,경기 남양주시 와부읍 덕소로97번길 31 ,민팃ATM,무상
6483,정원대리점 본점,폐휴대폰,수거함 설치,경기 성남시 분당구 정자일로 146 ,민팃ATM,무상
6484,제국대리점 서초직영점,폐휴대폰,수거함 설치,서울 서초구 반포대로21길 49 ,민팃ATM,무상
6485,제이스대리점 동탄반송점,폐휴대폰,수거함 설치,경기 화성시 동탄반석로 120 ,민팃ATM,무상
6486,제이에스대리점 중산직영점,폐휴대폰,수거함 설치,경기 고양시 일산서구 고봉로 291 ,민팃ATM,무상
6487,제이에스대리점 후곡직영점,폐휴대폰,수거함 설치,경기 고양시 일산서구 강선로 152 ,민팃ATM,무상
6488,제일대리점 궐동직영점,폐휴대폰,수거함 설치,경기 오산시 궐동로69번길 67 ,민팃ATM,무상
6489,제일대리점 동탄직영점,폐휴대폰,수거함 설치,경기 화성시 동탄반석로 144 ,민팃ATM,무상
6490,제일대리점 신갈직영점,폐휴대폰,수거함 설치,경기 용인시 기흥구 중부대로 353 ,민팃ATM,무상
6491,제일대리점 안성직영점,폐휴대폰,수거함 설치,경기 안성시 장기로 37 ,민팃ATM,무상
6492,제일대리점 향남직영점,폐휴대폰,수거함 설치,경기 화성시 향남읍 행정중앙2로 33 ,민팃ATM,무상
6493,제천재림대리점 본점,폐휴대폰,수거함 설치,충북 제천시 명륜로 106 ,민팃ATM,무상
6494,제천중앙대리점 본점,폐휴대폰,수거함 설치,충북 제천시 중앙로1가 의병대로 86 ,민팃ATM,무상
6495,주도대리점 완도점,폐휴대폰,수거함 설치,전남 완도군 완도읍 장보고대로 192 ,민팃ATM,무상
6496,중계대리점 본점,폐휴대폰,수거함 설치,서울 노원구 한글비석로 231 ,민팃ATM,무상
6497,중동대리점 본점,폐휴대폰,수거함 설치,경기 부천시 원미구 부일로 411-1 ,민팃ATM,무상
6498,중부대리점 송천프리미엄점,폐휴대폰,수거함 설치,전북 전주시 덕진구 천마산로 68 ,민팃ATM,무상
6499,중부대리점 안골점,폐휴대폰,수거함 설치,전북 전주시 덕진구 안덕원로 254 ,민팃ATM,무상
6500,중부대리점 에코시티점,폐휴대폰,수거함 설치,전북 전주시 덕진구 세병남로 31 ,민팃ATM,무상
6501,중부대리점 중화산점,폐휴대폰,수거함 설치,전북 전주시 완산구 유연로 278 ,민팃ATM,무상
6502,중부대리점 효자점,폐휴대폰,수거함 설치,전북 전주시 완산구 용머리로 28 ,민팃ATM,무상
6503,중앙SK대리점 본점,폐휴대폰,수거함 설치,경북 영주시 중앙로 73-1 ,민팃ATM,무상
6504,중앙SK대리점 에이스점,폐휴대폰,수거함 설치,경북 구미시 인동36길 17 ,민팃ATM,무상
6505,중앙대리점 본텔점,폐휴대폰,수거함 설치,전북 군산시 백릉로 102 ,민팃ATM,무상
6506,중앙팀 위탁 용산역점,폐휴대폰,수거함 설치,서울 용산구 한강대로 95 ,민팃ATM,무상
6507,중앙팀 중앙PT IFC점,폐휴대폰,수거함 설치,서울 영등포구 국제금융로 10 ,민팃ATM,무상
6508,중앙팀 중앙PT 대림점,폐휴대폰,수거함 설치,서울 영등포구 대림로 154 ,민팃ATM,무상
6509,중앙팀 중앙PT 무교직영점,폐휴대폰,수거함 설치,서울 중구 무교로 24 ,민팃ATM,무상
6510,중앙팀 중앙PT 문래점,폐휴대폰,수거함 설치,서울 영등포구 선유로 63 ,민팃ATM,무상
6511,중앙팀 중앙PT 서소문점,폐휴대폰,수거함 설치,서울 중구 서소문로 129 ,민팃ATM,무상
6512,중앙팀 중앙PT 숙대입구점,폐휴대폰,수거함 설치,서울 용산구 청파로47길 41 ,민팃ATM,무상
6513,중앙팀 중앙PT 신당역직영점,폐휴대폰,수거함 설치,서울 중구 퇴계로 406 ,민팃ATM,무상
6514,중앙팀 중앙PT 약수역점,폐휴대폰,수거함 설치,서울 중구 다산로 119 ,민팃ATM,무상
6515,중앙팀 중앙PT 을지로점,폐휴대폰,수거함 설치,서울 중구 명동9길 31 ,민팃ATM,무상
6516,PS&M (금천직영점),폐휴대폰,수거함 설치,충북 청주시 상당구 수영로 277 ,민팃ATM,무상
6517,PS&M (내포점),폐휴대폰,수거함 설치,충남 홍성군 홍북면 청사로 36 ,민팃ATM,무상
6518,PS&M (대천점),폐휴대폰,수거함 설치,충남 보령시 중앙로 87 ,민팃ATM,무상
6519,PS&M (배방점),폐휴대폰,수거함 설치,충남 아산시 배방읍 북수로 84 ,민팃ATM,무상
6520,PS&M (불당점),폐휴대폰,수거함 설치,충남 천안시 서북구 검은들1길 7 ,민팃ATM,무상
6521,PS&M (쌍용사거리점),폐휴대폰,수거함 설치,충남 천안시 서북구 서부대로 361 ,민팃ATM,무상
6522,PS&M (아산온천점),폐휴대폰,수거함 설치,충남 아산시 충무로 22 ,민팃ATM,무상
6523,PS&M (예산점),폐휴대폰,수거함 설치,충남 예산군 예산읍 아리랑로 27 ,민팃ATM,무상
6524,PS&M (오창점),폐휴대폰,수거함 설치,충북 청주시 청원구 중심상업로 31-4 ,민팃ATM,무상
6525,PS&M (천안신불당점),폐휴대폰,수거함 설치,충남 천안시 불당26로50 ,민팃ATM,무상
6526,PS&M (천안청당점),폐휴대폰,수거함 설치,충남 천안시 동남구 청수4로 16 ,민팃ATM,무상
6527,S&M (괴산점),폐휴대폰,수거함 설치,충북 괴산군 괴산읍 읍내로2길 63-1 ,민팃ATM,무상
6528,T&B대리점 상지대직영점,폐휴대폰,수거함 설치,강원 원주시 우산로 56 ,민팃ATM,무상
6529,T&B대리점 황지점,폐휴대폰,수거함 설치,강원 태백시 황지로 174-1 ,민팃ATM,무상
6530,진주대리점 문산점,폐휴대폰,수거함 설치,경남 진주시 문산읍 월아산로 1073 ,민팃ATM,무상
6531,진주대리점 사천2호점,폐휴대폰,수거함 설치,경남 사천시 사천읍 읍내1길 48-3 ,민팃ATM,무상
6532,진주대리점 함양점,폐휴대폰,수거함 설치,경남 함양군 함양읍 고운로 66 ,민팃ATM,무상
6533,착한대리점 본점,폐휴대폰,수거함 설치,경남 창원시 의창구 도계로 58 ,민팃ATM,무상
6534,착한대리점 진해점,폐휴대폰,수거함 설치,경남 창원시 진해구 벚꽃로 63 ,민팃ATM,무상
6535,참스타대리점 강서직영점,폐휴대폰,수거함 설치,서울 강서구 양천로 655 ,민팃ATM,무상
6536,참스타대리점 송도점,폐휴대폰,수거함 설치,인천 연수구 신송로 121 ,민팃ATM,무상
6537,챌린저대리점 대곡점,폐휴대폰,수거함 설치,대구 달서구 한실로 137 ,민팃ATM,무상
6538,챌린저대리점 매천점,폐휴대폰,수거함 설치,대구 북구 매전로 2 ,민팃ATM,무상
6539,챌린저대리점 상인점,폐휴대폰,수거함 설치,대구 달서구 상인서로 46 ,민팃ATM,무상
6540,챌린저대리점 월촌점,폐휴대폰,수거함 설치,대구 달서구 월배로 323 ,민팃ATM,무상
6541,챌린저대리점 테크노폴리스점,폐휴대폰,수거함 설치,대구 달성군 현풍읍 테크노상업로 68 ,민팃ATM,무상
6542,초아대리점 간석직영점,폐휴대폰,수거함 설치,인천 남동구 석산로 167 ,민팃ATM,무상
6543,춘천대리점 본점,폐휴대폰,수거함 설치,강원 춘천시 금강로 30 ,민팃ATM,무상
6544,춘천대리점 양구직영점,폐휴대폰,수거함 설치,강원 양구군 양구읍 중앙길 42 ,민팃ATM,무상
6545,춘천대리점 홍천직영점,폐휴대폰,수거함 설치,강원 홍천군 홍천읍 꽃뫼로 110 ,민팃ATM,무상
6546,충북옥천대리점 본점,폐휴대폰,수거함 설치,충북 옥천군 옥천읍 중앙로 47 ,민팃ATM,무상
6547,카이저대리점 대연못골점,폐휴대폰,수거함 설치,부산 남구 수영로219번길 22 ,민팃ATM,무상
6548,카이저대리점 반송직영점,폐휴대폰,수거함 설치,부산 해운대구 신반송로 193 ,민팃ATM,무상
6549,칸대리점 양정직영점,폐휴대폰,수거함 설치,부산 부산진구 범양로125번길 2 ,민팃ATM,무상
6550,칸대리점 온산직영점,폐휴대폰,수거함 설치,울산 울주군 온산읍 덕신로 267 ,민팃ATM,무상
6551,칸대리점 칸내서점,폐휴대폰,수거함 설치,경남 창원시 마산회원구 내서읍 삼계로 6 ,민팃ATM,무상
6552,코넥대리점 동탄반송직영점,폐휴대폰,수거함 설치,경기 화성시 동탄반송1길 13 ,민팃ATM,무상
6553,코넥대리점 상록수직영점,폐휴대폰,수거함 설치,경기 안산시 상록구 용신로 381 ,민팃ATM,무상
6554,코넥대리점 서천직영점,폐휴대폰,수거함 설치,경기 용인시 기흥구 서천로127번길 3-3 ,민팃ATM,무상
6555,코넥대리점 영통중앙직영점,폐휴대폰,수거함 설치,경기 수원시 영통구 봉영로 1590 ,민팃ATM,무상
6556,코넥대리점 원동직영점,폐휴대폰,수거함 설치,경기 오산시 경기대로 154 ,민팃ATM,무상
6557,코넥대리점 정왕이마트직영점,폐휴대폰,수거함 설치,경기 시흥시 중심상가2길 8 ,민팃ATM,무상
6558,코넥대리점 풍덕천직영점,폐휴대폰,수거함 설치,경기 용인시 수지구 풍덕천로 109 ,민팃ATM,무상
6559,큰사랑대리점 배곧직영점,폐휴대폰,수거함 설치,경기 시흥시 서울대학로278번길 61 ,민팃ATM,무상
6560,큰사랑대리점 하남직영2호점,폐휴대폰,수거함 설치,경기 하남시 신평로 67 ,민팃ATM,무상
6561,태경대리점 본점,폐휴대폰,수거함 설치,전남 해남군 해남읍 중앙1로 2 ,민팃ATM,무상
6562,태산대리점 부평역점,폐휴대폰,수거함 설치,인천 부평구 시장로 7 ,민팃ATM,무상
6563,태산대리점 장수점,폐휴대폰,수거함 설치,전북 장수군 장수읍 장천로 181 ,민팃ATM,무상
6564,태영대리점 대방점,폐휴대폰,수거함 설치,경남 창원시 성산구 가양로124번길 23 ,민팃ATM,무상
6565,태영대리점 본점,폐휴대폰,수거함 설치,경남 창원시 진해구 진해대로 762 ,민팃ATM,무상
6566,태영대리점 진영점,폐휴대폰,수거함 설치,경남 김해시 진영읍 김해대로361번길 12 ,민팃ATM,무상
6567,태영대리점 팔용점,폐휴대폰,수거함 설치,경남 창원시 의창구 반계로 105 ,민팃ATM,무상
6568,태주대리점 2호광장점,폐휴대폰,수거함 설치,전남 목포시 산정로 152 ,민팃ATM,무상
6569,태주대리점 남악사랑점,폐휴대폰,수거함 설치,전남 무안군 삼향읍 남악3로82번길 7 ,민팃ATM,무상
6570,태주대리점 남악프리미엄점,폐휴대폰,수거함 설치,전남 무안군 삼향읍 남악3로 55 ,민팃ATM,무상
6571,태주대리점 남악회룡점,폐휴대폰,수거함 설치,전남 무안군 삼향읍 남악3로 71 ,민팃ATM,무상
6572,텔레프라자대리점 본점,폐휴대폰,수거함 설치,서울 중랑구 동일로 686 ,민팃ATM,무상
6573,트롤대리점 ICT점,폐휴대폰,수거함 설치,충남 공주시 공주대학로 89 ,민팃ATM,무상
6574,트롤대리점 관평2호점,폐휴대폰,수거함 설치,대전 유성구 테크노4로 107 ,민팃ATM,무상
6575,트롤대리점 대동점,폐휴대폰,수거함 설치,대전 동구 동대전로 89-2 ,민팃ATM,무상
6576,트롤대리점 송촌VIP점,폐휴대폰,수거함 설치,대전 대덕구 계족산로81번길 95 ,민팃ATM,무상
6577,트롤대리점 어은점,폐휴대폰,수거함 설치,대전 유성구 어은로 54 ,민팃ATM,무상
6578,트롤대리점 용문점,폐휴대폰,수거함 설치,대전 서구 계룡로 638 ,민팃ATM,무상
6579,트롤대리점 용전점,폐휴대폰,수거함 설치,대전 동구 한밭대로 1245 ,민팃ATM,무상
6580,트롤대리점 은행TPS점,폐휴대폰,수거함 설치,대전 중구 대종로480번길 16 ,민팃ATM,무상
6581,트롤대리점 지웰TPS점,폐휴대폰,수거함 설치,충북 청주시 흥덕구 대농로 47 ,민팃ATM,무상
6582,티앤비대리점 본성점,폐휴대폰,수거함 설치,경남 진주시 진양호로 520-1 ,민팃ATM,무상
6583,티앤비대리점 산업대점,폐휴대폰,수거함 설치,경남 진주시 동진로 28 ,민팃ATM,무상
6584,티앤비대리점 상대점,폐휴대폰,수거함 설치,경남 진주시 돗골로 176 ,민팃ATM,무상
6585,티앤비대리점 평거점,폐휴대폰,수거함 설치,경남 진주시 진양호로 245 ,민팃ATM,무상
6586,티앤아이대리점 본점,폐휴대폰,수거함 설치,강원 춘천시 효자로 142 ,민팃ATM,무상
6587,티엔대리점 본점,폐휴대폰,수거함 설치,부산 부산진구 동천로 95 ,민팃ATM,무상
6588,티엔대리점 부산대점,폐휴대폰,수거함 설치,부산 금정구 장전온천천로 45 ,민팃ATM,무상
6589,티엔에스 2번가 직영점,폐휴대폰,수거함 설치,경북 구미시 문화로 20 ,민팃ATM,무상
6590,티엔에스대리점 곤지암점,폐휴대폰,수거함 설치,경기 광주시 곤지암읍 경충대로 766 ,민팃ATM,무상
6591,티엔에스대리점 진평직영점,폐휴대폰,수거함 설치,경북 구미시 인동15길 5 ,민팃ATM,무상
6592,티원 모바일 관저점,폐휴대폰,수거함 설치,대전 서구 관저로 171 ,민팃ATM,무상
6593,티원 모바일 홍성서우점,폐휴대폰,수거함 설치,충남 홍성군 홍성읍 법원로 7 ,민팃ATM,무상
6594,티원대리점 베스트점,폐휴대폰,수거함 설치,광주 북구 설죽로315번길 1 ,민팃ATM,무상
6595,티원대리점 송정점,폐휴대폰,수거함 설치,광주 광산구 상무대로 244 ,민팃ATM,무상
6596,티원대리점 쌍촌점,폐휴대폰,수거함 설치,광주 서구 상무대로 867 ,민팃ATM,무상
6597,티원대리점 해피점,폐휴대폰,수거함 설치,광주 광산구 무진대로 269 ,민팃ATM,무상
6598,티원모바일대리점 원신흥본점,폐휴대폰,수거함 설치,대전 유성구 봉명로 27-3 ,민팃ATM,무상
6599,파워셀대리점 본점,폐휴대폰,수거함 설치,부산 동래구 명장로20번길 120-1 ,민팃ATM,무상
6600,퍼스트대리점 상봉점,폐휴대폰,수거함 설치,서울 중랑구 망우로 302 ,민팃ATM,무상
6601,퍼스트대리점 신풍역직영점,폐휴대폰,수거함 설치,서울 영등포구 신풍로 22 ,민팃ATM,무상
6602,평택PT안성스타필드점,폐휴대폰,수거함 설치,경기 안성시 공도읍 서동대로 3930-39 ,민팃ATM,무상
6603,평택대리점 본점,폐휴대폰,수거함 설치,경기 평택시 중앙로 48 ,민팃ATM,무상
6604,평택제일대리점 본점,폐휴대폰,수거함 설치,경기 평택시 지산로20번길 3 ,민팃ATM,무상
6605,평택팀 평택PT 기흥점,폐휴대폰,수거함 설치,경기 용인시 기흥구 관곡로64번길 18 ,민팃ATM,무상
6606,평택팀 평택PT 동백점,폐휴대폰,수거함 설치,경기 용인시 기흥구 동백중앙로 283 ,민팃ATM,무상
6607,평택팀 평택PT 서정점,폐휴대폰,수거함 설치,경기 평택시 관광특구로 19 ,민팃ATM,무상
6608,평택팀 평택PT 수지구청역점,폐휴대폰,수거함 설치,경기 용인시 수지구 풍덕천로 108 ,민팃ATM,무상
6609,평택팀 평택PT 오산대역점,폐휴대폰,수거함 설치,경기 오산시 오산대역로 214 ,민팃ATM,무상
6610,평택팀 평택PT 오산역점,폐휴대폰,수거함 설치,경기 오산시 대원로 8-3 ,민팃ATM,무상
6611,평택팀 평택PT 평택이충점,폐휴대폰,수거함 설치,경기 평택시 이충로35번길 22 ,민팃ATM,무상
6612,평택팀 평택PT 평택지산점,폐휴대폰,수거함 설치,경기 평택시 지산로 75 ,민팃ATM,무상
6613,포에버대리점 신정점,폐휴대폰,수거함 설치,울산 남구 중앙로290번길 29-1 ,민팃ATM,무상
6614,포항팀 위탁 경주시청직영점,폐휴대폰,수거함 설치,경북 경주시 양정로 218 ,민팃ATM,무상
6615,포항팀 위탁 영천영남점,폐휴대폰,수거함 설치,경북 영천시 역전로 32-1 ,민팃ATM,무상
6616,포항팀 위탁 해도직영점,폐휴대폰,수거함 설치,경북 포항시 남구 축항로 30 ,민팃ATM,무상
6617,포항팀 포항PT 경주용황점,폐휴대폰,수거함 설치,경북 경주시 용황로7길 8 ,민팃ATM,무상
6618,포항팀 포항PT 경주직영점,폐휴대폰,수거함 설치,경북 경주시 화랑로 120 ,민팃ATM,무상
6619,포항팀 포항PT 경주황성직영점,폐휴대폰,수거함 설치,경북 경주시 황성로 5 ,민팃ATM,무상
6620,포항팀 포항PT 영천직영점,폐휴대폰,수거함 설치,경북 영천시 시장로 62-2 ,민팃ATM,무상
6621,포항팀 포항PT 이동직영점,폐휴대폰,수거함 설치,경북 포항시 남구 포스코대로 135 ,민팃ATM,무상
6622,퓨쳐대리점 본점,폐휴대폰,수거함 설치,대구 수성구 수성로 400 ,민팃ATM,무상
6623,프리스비 청구역점,폐휴대폰,수거함 설치,서울 중구 다산로28길 2 ,민팃ATM,무상
6624,플러스대리점 The나눔 양덕점,폐휴대폰,수거함 설치,경북 포항시 북구 장량로189번길 11 ,민팃ATM,무상
6625,피앤씨홀딩스 제물포역점,폐휴대폰,수거함 설치,인천 미추홀구 경인로 133 ,민팃ATM,무상
6626,피앤피 동탄호수점,폐휴대폰,수거함 설치,경기 화성시 동탄대로 181 ,민팃ATM,무상
6627,하나대리점 다대직영점,폐휴대폰,수거함 설치,부산 사하구 다대로554번길 10 ,민팃ATM,무상
6628,하나대리점 해운대직영점,폐휴대폰,수거함 설치,부산 해운대구 해운대로 802 ,민팃ATM,무상
6629,하은대리점 본점,폐휴대폰,수거함 설치,전북 익산시 무왕로 1171 ,민팃ATM,무상
6630,하이원대리점 관동점,폐휴대폰,수거함 설치,경남 김해시 계동로23번길 19-14 ,민팃ATM,무상
6631,하이원대리점 소답점,폐휴대폰,수거함 설치,경남 창원시 의창구 의안로 36 ,민팃ATM,무상
6632,하이원대리점 팔용점,폐휴대폰,수거함 설치,경남 창원시 의창구 팔용로 442 ,민팃ATM,무상
6633,한결대리점 당진점,폐휴대폰,수거함 설치,충남 당진시 당진중앙1로 125 ,민팃ATM,무상
6634,한결대리점 배방직영점,폐휴대폰,수거함 설치,충남 아산시 배방읍 모산로 103 ,민팃ATM,무상
6635,한결대리점 보령명문당 TPS,폐휴대폰,수거함 설치,충남 보령시 중앙로 68 ,민팃ATM,무상
6636,한결대리점 본점,폐휴대폰,수거함 설치,부산 서구 대영로45번길 1 ,민팃ATM,무상
6637,한결대리점 성환직영점,폐휴대폰,수거함 설치,충남 천안시 서북구 성환읍 성환2로 104 ,민팃ATM,무상
6638,한결대리점 신불당2호점,폐휴대폰,수거함 설치,충남 천안시 서북구 불당21로 65 ,민팃ATM,무상
6639,한결대리점 아산밸리점,폐휴대폰,수거함 설치,충남 아산시 둔포면 아산밸리중앙로 83 ,민팃ATM,무상
6640,한결대리점 한결본점,폐휴대폰,수거함 설치,충남 천안시 서북구 쌍용대로 289-4 ,민팃ATM,무상
6641,한국무선대리점 본점,폐휴대폰,수거함 설치,강원 춘천시 후석로 393 ,민팃ATM,무상
6642,한국정보대리점 문흥점,폐휴대폰,수거함 설치,광주 북구 서하로 366 ,민팃ATM,무상
6643,한남대리점 가락점,폐휴대폰,수거함 설치,서울 송파구 송파대로28길 35 ,민팃ATM,무상
6644,한남대리점 본점,폐휴대폰,수거함 설치,서울 용산구 한남대로 55 ,민팃ATM,무상
6645,한남대리점 성산점,폐휴대폰,수거함 설치,서울 마포구 월드컵북로 121 ,민팃ATM,무상
6646,한남대리점 숭실대학교 직영점,폐휴대폰,수거함 설치,서울 동작구 상도로 376 ,민팃ATM,무상
6647,한려대리점 본점,폐휴대폰,수거함 설치,경남 통영시 중앙로 142-2 ,민팃ATM,무상
6648,한맥대리점 산정점,폐휴대폰,수거함 설치,광주 광산구 손재로110번길 32 ,민팃ATM,무상
6649,한맥대리점 월곡점,폐휴대폰,수거함 설치,광주 광산구 사암로 272 ,민팃ATM,무상
6650,한미대리점 남구청점,폐휴대폰,수거함 설치,대구 남구 이천로 39 ,민팃ATM,무상
6651,한미대리점 복현점,폐휴대폰,수거함 설치,대구 북구 동북로 262 ,민팃ATM,무상
6652,한미대리점 본점,폐휴대폰,수거함 설치,대구 서구 서대구로 184 ,민팃ATM,무상
6653,한미대리점 안지랑점,폐휴대폰,수거함 설치,대구 남구 대명로 165 ,민팃ATM,무상
6654,한미대리점 칠곡점,폐휴대폰,수거함 설치,대구 북구 칠곡중앙대로 455 ,민팃ATM,무상
6655,한민대리점 가양점,폐휴대폰,수거함 설치,대전 동구 동대전로 268 ,민팃ATM,무상
6656,한민대리점 도마본점,폐휴대폰,수거함 설치,대전 서구 계백로 1426 ,민팃ATM,무상
6657,한민대리점 도안점,폐휴대폰,수거함 설치,대전 서구 도안동로 77 ,민팃ATM,무상
6658,한민대리점 삼천직영점,폐휴대폰,수거함 설치,대전 서구 둔산로 218 ,민팃ATM,무상
6659,한민대리점 세이점,폐휴대폰,수거함 설치,대전 중구 계룡로882번길 48 ,민팃ATM,무상
6660,한백대리점 광복점,폐휴대폰,수거함 설치,부산 중구 광복로 90 ,민팃ATM,무상
6661,한백대리점 명지점,폐휴대폰,수거함 설치,부산 강서구 명지오션시티4로 59 ,민팃ATM,무상
6662,한백대리점 삼계점,폐휴대폰,수거함 설치,경남 김해시 해반천로144번길 33 ,민팃ATM,무상
6663,한백대리점 석산점,폐휴대폰,수거함 설치,경남 양산시 동면 금오로 242 ,민팃ATM,무상
6664,한백대리점 양산4호점,폐휴대폰,수거함 설치,경남 양산시 양산역6길 13 ,민팃ATM,무상
6665,한백대리점 진해점,폐휴대폰,수거함 설치,경남 창원시 진해구 충장로 118 ,민팃ATM,무상
6666,한별대리점 만촌점,폐휴대폰,수거함 설치,대구 수성구 동원로 135 ,민팃ATM,무상
6667,한별대리점 명곡점,폐휴대폰,수거함 설치,대구 달성군 화원읍 화암로 71 ,민팃ATM,무상
6668,한별대리점 본점(본점),폐휴대폰,수거함 설치,대구 달서구 달구벌대로 1828 ,민팃ATM,무상
6669,한별대리점 비산본점,폐휴대폰,수거함 설치,대구 서구 달서로 154 ,민팃ATM,무상
6670,한별대리점 영대병원점,폐휴대폰,수거함 설치,대구 남구 중앙대로 145 ,민팃ATM,무상
6671,한별대리점 팔달직영점,폐휴대폰,수거함 설치,대구 북구 팔달로 173-1 ,민팃ATM,무상
6672,한별대리점 황금점,폐휴대폰,수거함 설치,대구 수성구 청수로35길 99 ,민팃ATM,무상
6673,한빛 순천 왕지점,폐휴대폰,수거함 설치,전남 순천시 왕궁길 8 ,민팃ATM,무상
6674,한빛 순천오천점,폐휴대폰,수거함 설치,전남 순천시 오천7길 28 ,민팃ATM,무상
6675,한빛 이수 본점,폐휴대폰,수거함 설치,전남 순천시 연향3로 11 ,민팃ATM,무상
6676,한빛대리점 가야2호직영점,폐휴대폰,수거함 설치,부산 부산진구 가야대로 594 ,민팃ATM,무상
6677,한빛대리점 감전점,폐휴대폰,수거함 설치,부산 사상구 새벽로 167 ,민팃ATM,무상
6678,한빛대리점 괴정직영점,폐휴대폰,수거함 설치,부산 사하구 낙동대로 189 ,민팃ATM,무상
6679,한빛대리점 본점,폐휴대폰,수거함 설치,부산 사상구 사상로 161 ,민팃ATM,무상
6680,한빛대리점 주례직영점,폐휴대폰,수거함 설치,부산 사상구 가야대로 287 ,민팃ATM,무상
6681,한솔대리점 지족점,폐휴대폰,수거함 설치,대전 유성구 지족동로 152 ,민팃ATM,무상
6682,한아통신대리점 구로디지털단지점,폐휴대폰,수거함 설치,서울 구로구 디지털로32가길 1 ,민팃ATM,무상
6683,한올대리점 본점,폐휴대폰,수거함 설치,대전 대덕구 비래동로 20 ,민팃ATM,무상
6684,한올대리점 세화성남직영점,폐휴대폰,수거함 설치,대전 동구 계족로 358 ,민팃ATM,무상
6685,한올대리점 수호신탄진직영점,폐휴대폰,수거함 설치,대전 대덕구 대덕대로 1605 ,민팃ATM,무상
6686,한올대리점 중촌점,폐휴대폰,수거함 설치,대전 중구 목중로 50 ,민팃ATM,무상
6687,㈜KSK대리점 중앙점,폐휴대폰,수거함 설치,충북 충주시 중앙로 88-1 ,민팃ATM,무상
6688,㈜피앤씨홀딩스 동부시장점,폐휴대폰,수거함 설치,서울 중랑구 봉우재로 39 ,민팃ATM,무상
6689,대교대리점 범계사거리점,폐휴대폰,수거함 설치,경기 안양시 동안구 동안로 120 ,민팃ATM,무상
6690,더블유대리점 김천부곡점,폐휴대폰,수거함 설치,경북 김천시 송설로 102 ,민팃ATM,무상
6691,렉스대리점 서면 1번가점,폐휴대폰,수거함 설치,부산 부산진구 중앙대로691번길 9 ,민팃ATM,무상
6692,상상대리점 북침산센터,폐휴대폰,수거함 설치,대구 북구 침산로 173 ,민팃ATM,무상
6693,상상대리점 침산직영점,폐휴대폰,수거함 설치,대구 북구 침산남로 94 ,민팃ATM,무상
6694,세하대리점 까치산역점,폐휴대폰,수거함 설치,서울 양천구 목동중앙북로 29 ,민팃ATM,무상
6695,솔로몬대리점 사수직영점,폐휴대폰,수거함 설치,대구 북구 한강로 56 ,민팃ATM,무상
6696,솔로몬대리점 평화시장점,폐휴대폰,수거함 설치,대구 동구 아양로 35 ,민팃ATM,무상
6697,알파대리점 미아사거리점,폐휴대폰,수거함 설치,서울 성북구 도봉로 31-1 ,민팃ATM,무상
6698,예스대리점 학장점,폐휴대폰,수거함 설치,부산 사상구 대동로 103 ,민팃ATM,무상
6699,이천중앙대리점 라온팰리스점,폐휴대폰,수거함 설치,경기 이천시 중리천로 76 ,민팃ATM,무상
6700,정성대리점 하단강변점,폐휴대폰,수거함 설치,부산 사하구 낙동남로 1389 ,민팃ATM,무상
6701,조앤대리점 기업도시점,폐휴대폰,수거함 설치,강원 원주시 지정면 신지정로 322 ,민팃ATM,무상
6702,한울여서대리점 본점,폐휴대폰,수거함 설치,전남 여수시 여서1로 75 ,민팃ATM,무상
6703,한유교대역직영점,폐휴대폰,수거함 설치,서울 서초구 서초중앙로 115 ,민팃ATM,무상
6704,한유대리점 고읍점,폐휴대폰,수거함 설치,경기 양주시 고읍남로 23 ,민팃ATM,무상
6705,한유대리점 구월직영점,폐휴대폰,수거함 설치,인천 남동구 인주대로 683 ,민팃ATM,무상
6706,한유대리점 김포풍무점,폐휴대폰,수거함 설치,경기 김포시 유현로 232 ,민팃ATM,무상
6707,한유대리점 남성역점,폐휴대폰,수거함 설치,서울 동작구 사당로 230 ,민팃ATM,무상
6708,한유대리점 목동점,폐휴대폰,수거함 설치,서울 양천구 목동중앙로 97 ,민팃ATM,무상
6709,한유대리점 별내점,폐휴대폰,수거함 설치,경기 남양주시 별내3로 336 ,민팃ATM,무상
6710,한유대리점 수서역점,폐휴대폰,수거함 설치,서울 강남구 광평로 51길 8 ,민팃ATM,무상
6711,한유대리점 신반포직영점,폐휴대폰,수거함 설치,서울 서초구 신반포로 100 ,민팃ATM,무상
6712,한유대리점 양재본점,폐휴대폰,수거함 설치,서울 강남구 논현로28길 2 ,민팃ATM,무상
6713,한유대리점 역촌점,폐휴대폰,수거함 설치,서울 은평구 연서로 75 ,민팃ATM,무상
6714,한유대리점 옥정CGV점,폐휴대폰,수거함 설치,경기 양주시 옥정로 200 ,민팃ATM,무상
6715,한유대리점 의정부고산점,폐휴대폰,수거함 설치,경기 의정부시 월유로 13 ,민팃ATM,무상
6716,한유대리점 화곡역점,폐휴대폰,수거함 설치,서울 강서구 화곡로 160 ,민팃ATM,무상
6717,한음 금왕프리미엄스토어,폐휴대폰,수거함 설치,충북 음성군 금왕읍 무극로 248 ,민팃ATM,무상
6718,한음대리점 TPS개신성화점,폐휴대폰,수거함 설치,충북 청주시 서원구 복대로 31 ,민팃ATM,무상
6719,한음대리점 가경덕일점,폐휴대폰,수거함 설치,충북 청주시 흥덕구 가경로 88 ,민팃ATM,무상
6720,한음대리점 개신점,폐휴대폰,수거함 설치,충북 청주시 서원구 경신로 31-30 ,민팃ATM,무상
6721,한음대리점 산남구룡점,폐휴대폰,수거함 설치,충북 청주시 서원구 산남로 83 ,민팃ATM,무상
6722,한음대리점 산남점,폐휴대폰,수거함 설치,충북 청주시 서원구 산남로24번길 3 ,민팃ATM,무상
6723,한음대리점 쌍용점,폐휴대폰,수거함 설치,충남 천안시 서북구 월봉로 132 ,민팃ATM,무상
6724,한음대리점 오창점,폐휴대폰,수거함 설치,충북 청주시 청원구 오창읍 중심상업로 23 ,민팃ATM,무상
6725,한음대리점 용암덕일점,폐휴대폰,수거함 설치,충북 청주시 상당구 중흥로 145 ,민팃ATM,무상
6726,한음대리점 운천점,폐휴대폰,수거함 설치,충북 청주시 흥덕구 사운로 248 ,민팃ATM,무상
6727,한음대리점 주성햇살점,폐휴대폰,수거함 설치,충북 청주시 청원구 율량로 118-1 ,민팃ATM,무상
6728,한음대리점 주중점,폐휴대폰,수거함 설치,충북 청주시 청원구 주중동 충청대로 169 ,민팃ATM,무상
6729,한음대리점 증평중앙점,폐휴대폰,수거함 설치,충북 증평군 증평읍 중앙로 184 ,민팃ATM,무상
6730,한음대리점 증평프리미엄스토어점,폐휴대폰,수거함 설치,충북 증평군 증평읍 중앙로 201-1 ,민팃ATM,무상
6731,한음대리점 진천메가박스점,폐휴대폰,수거함 설치,충북 진천군 진천읍 중앙북1길 3 ,민팃ATM,무상
6732,한음대리점 진천점,폐휴대폰,수거함 설치,충북 진천군 진천읍 중앙북로 58 ,민팃ATM,무상
6733,한음대리점 하나분평점,폐휴대폰,수거함 설치,충북 청주시 서원구 분평로 36 ,민팃ATM,무상
6734,한주대리점 본점,폐휴대폰,수거함 설치,부산 사하구 장림번영로104번길 10 ,민팃ATM,무상
6735,해든대리점 망원직영점,폐휴대폰,수거함 설치,서울 마포구 월드컵로 124 ,민팃ATM,무상
6736,해든대리점 응암점,폐휴대폰,수거함 설치,서울 은평구 은평로 123 ,민팃ATM,무상
6737,해온대리점 백석직영점,폐휴대폰,수거함 설치,충남 천안시 서북구 백석3로 134 ,민팃ATM,무상
6738,해온대리점 삼일통신홍성점,폐휴대폰,수거함 설치,충남 홍성군 홍성읍 내포로 8 ,민팃ATM,무상
6739,해온대리점 성정사거리점,폐휴대폰,수거함 설치,충남 천안시 서북구 쌍용대로 318 ,민팃ATM,무상
6740,행운대리점 모토점,폐휴대폰,수거함 설치,강원 강릉시 임영로 103 ,민팃ATM,무상
6741,홍성대리점 본점,폐휴대폰,수거함 설치,충남 홍성군 홍성읍 조양로 130 ,민팃ATM,무상
6742,홍익대리점 개신점,폐휴대폰,수거함 설치,충북 청주시 서원구 경신로 47 ,민팃ATM,무상
6743,홍익대리점 봉명점,폐휴대폰,수거함 설치,충북 청주시 흥덕구 1순환로 504 ,민팃ATM,무상
6744,홍익대리점 분평중앙점,폐휴대폰,수거함 설치,충북 청주시 서원구 월평로 78 ,민팃ATM,무상
6745,홍익대리점 산남점,폐휴대폰,수거함 설치,충북 청주시 서원구 산남로 60 ,민팃ATM,무상
6746,홍익대리점 수곡제일점,폐휴대폰,수거함 설치,충북 청주시 서원구 구룡산로 317 ,민팃ATM,무상
6747,홍익대리점 용암점,폐휴대폰,수거함 설치,충북 청주시 상당구 월평로 221 ,민팃ATM,무상
6748,홍익대리점 운천점,폐휴대폰,수거함 설치,충북 청주시 흥덕구 흥덕로151번길 36 ,민팃ATM,무상
6749,화금대리점 ICT 이동점,폐휴대폰,수거함 설치,경북 포항시 남구 포스코대로 128 ,민팃ATM,무상
6750,화금대리점 오거리직영점,폐휴대폰,수거함 설치,경북 포항시 북구 중흥로 341 ,민팃ATM,무상
6751,화산대리점 가정점,폐휴대폰,수거함 설치,인천 서구 가정로 370 ,민팃ATM,무상
6752,화산대리점 계양중앙점,폐휴대폰,수거함 설치,인천 계양구 계산새로 71 ,민팃ATM,무상
6753,화산대리점 계양직영점,폐휴대폰,수거함 설치,인천 계양구 경명대로 1065 ,민팃ATM,무상
6754,화산대리점 임학역점,폐휴대폰,수거함 설치,인천 계양구 장제로 881 ,민팃ATM,무상
6755,화산대리점 효성점,폐휴대폰,수거함 설치,인천 계양구 안남로 551 ,민팃ATM,무상
6756,화순대리점 본점,폐휴대폰,수거함 설치,전남 화순군 화순읍 자치샘로 18 ,민팃ATM,무상
6757,횡성대리점 본점,폐휴대폰,수거함 설치,강원 횡성군 횡성읍 문정로 19번길 1 ,민팃ATM,무상
6758,효성대리점 본점,폐휴대폰,수거함 설치,경북 포항시 북구 새천년대로 1045 ,민팃ATM,무상
6759,흥덕대리점 LK트리플렉스점,폐휴대폰,수거함 설치,충북 청주시 청원구 오창읍 중심상업1로 20 ,민팃ATM,무상
6760,흥덕대리점 가경점,폐휴대폰,수거함 설치,충북 청주시 흥덕구 풍산로 18 ,민팃ATM,무상
6761,흥덕대리점 광혜원곰점,폐휴대폰,수거함 설치,충북 진천군 광혜원면 중리2길 13-2 ,민팃ATM,무상
6762,흥덕대리점 모충직영점,폐휴대폰,수거함 설치,충북 청주시 서원구 청남로 2113-1 ,민팃ATM,무상
6763,흥덕대리점 분평점,폐휴대폰,수거함 설치,충북 청주시 서원구 월평로 4 ,민팃ATM,무상
6764,흥덕대리점 분평주민센터점,폐휴대폰,수거함 설치,충북 청주시 서원구 분평로 30 ,민팃ATM,무상
6765,흥덕대리점 산남점,폐휴대폰,수거함 설치,충북 청주시 서원구 산남로10번길 4 ,민팃ATM,무상
6766,흥덕대리점 오창황가네점,폐휴대폰,수거함 설치,충북 청주시 청원구 오창읍 2산단3로 24 ,민팃ATM,무상
6767,흥덕대리점 옥천중앙점,폐휴대폰,수거함 설치,충북 옥천군 옥천읍 중앙로 50-1 ,민팃ATM,무상
6768,흥덕대리점 지웰TPS점,폐휴대폰,수거함 설치,충북 청주시 흥덕구 대농로 58 ,민팃ATM,무상
6769,흥덕대리점 하복대점,폐휴대폰,수거함 설치,충북 청주시 흥덕구 증안로 54 ,민팃ATM,무상
6770,ACE대리점 서대문D타워 돈의문점,폐휴대폰,수거함 설치,서울 종로구 통일로 134 ,민팃ATM,무상
6771,ACT대리점 계산본점,폐휴대폰,수거함 설치,인천 계양구 용종로 14 ,민팃ATM,무상
6772,ACT대리점 덕정점,폐휴대폰,수거함 설치,경기 양주시 회정로 99 ,민팃ATM,무상
6773,ACT대리점 마평동점,폐휴대폰,수거함 설치,경기 용인시 처인구 고림로 14 ,민팃ATM,무상
6774,ACT대리점 선유점,폐휴대폰,수거함 설치,경기 파주시 문산읍 사임당로 116 ,민팃ATM,무상
6775,ACT대리점 안산사동점,폐휴대폰,수거함 설치,경기 안산시 상록구 감골2로 39 ,민팃ATM,무상
6776,ACT대리점 일동기산점,폐휴대폰,수거함 설치,경기 포천시 일동면 화동로1051번길 4 ,민팃ATM,무상
6777,ACT대리점 행신점,폐휴대폰,수거함 설치,경기 고양시 덕양구 무원로54번길 67 ,민팃ATM,무상
6778,BK대리점 한양대점,폐휴대폰,수거함 설치,서울 성동구 마조로 25 ,민팃ATM,무상
6779,JNO감포직영점,폐휴대폰,수거함 설치,경북 경주시 감포읍 감포로6길 2 ,민팃ATM,무상
6780,MD대리점 파주목동점,폐휴대폰,수거함 설치,경기 파주시 청암로17번길 31 ,민팃ATM,무상
6781,OK대리점 거제중앙점,폐휴대폰,수거함 설치,경남 거제시 거제중앙로 1842 ,민팃ATM,무상
6782,PS&M (광주상무점),폐휴대폰,수거함 설치,광주 서구 상무중앙로 35 ,민팃ATM,무상
6783,PS&M (김천신음점),폐휴대폰,수거함 설치,경북 김천시 시청로 49 ,민팃ATM,무상
6784,PS&M (김포고촌역점),폐휴대폰,수거함 설치,경기 김포시 고촌읍 신곡리 570-10 ,민팃ATM,무상
6785,PS&M (상무역점),폐휴대폰,수거함 설치,광주 서구 상무평화로 79 ,민팃ATM,무상
6786,PS&M (수원역점),폐휴대폰,수거함 설치,경기 수원시 팔달구 향교로 1-1 ,민팃ATM,무상
6787,T Factory 2,폐휴대폰,수거함 설치,서울 마포구 양화로 144 ,민팃ATM,무상
6788,TS대리점 반여점,폐휴대폰,수거함 설치,부산 해운대구 재반로 216 ,민팃ATM,무상
6789,강남스타대리점 청담역점,폐휴대폰,수거함 설치,서울 강남구 삼성로 651 ,민팃ATM,무상
6790,그린대리점 본점,폐휴대폰,수거함 설치,전남 강진군 강진읍 보은로2길 31 ,민팃ATM,무상
6791,글로대리점 벌상현직영점,폐휴대폰,수거함 설치,경기 용인시 수지구 만현로 110 ,민팃ATM,무상
6792,글로벌대리점 상현점,폐휴대폰,수거함 설치,경기 용인시 수지구 만현로 100 ,민팃ATM,무상
6793,나은대리점 혁신점,폐휴대폰,수거함 설치,전북 전주시 덕진구 기지로 77 ,민팃ATM,무상
6794,남부대리점 SK시청점,폐휴대폰,수거함 설치,경북 구미시 송정대로 44 ,민팃ATM,무상
6795,늘푸른대리점 삼전역점,폐휴대폰,수거함 설치,서울 송파구 백제고분로 180 ,민팃ATM,무상
6796,다대대리점 본점,폐휴대폰,수거함 설치,부산 사하구 다대로429번길 15 ,민팃ATM,무상
6797,다린컴즈대리점 매곡점,폐휴대폰,수거함 설치,광주 북구 설죽로315번길 37 ,민팃ATM,무상
6798,다울대리점 서면롯데점,폐휴대폰,수거함 설치,부산 부산진구 서면로 59 ,민팃ATM,무상
6799,대상대리점 거제본점,폐휴대폰,수거함 설치,경남 거제시 거제중앙로 1913 ,민팃ATM,무상
6800,도일대리점 대리점본점,폐휴대폰,수거함 설치,서울 강서구 양천로 556 ,민팃ATM,무상
6801,라온대리점 문덕점,폐휴대폰,수거함 설치,경북 포항시 남구 오천읍 원리 893-20 ,민팃ATM,무상
6802,라온대리점 재송점,폐휴대폰,수거함 설치,부산 해운대구 재반로 89 ,민팃ATM,무상
6803,렉스대리점 가야점,폐휴대폰,수거함 설치,부산 부산진구 가야대로 492 ,민팃ATM,무상
6804,렉스대리점 서면쥬디스점,폐휴대폰,수거함 설치,부산 부산진구 중앙대로702번길 13 ,민팃ATM,무상
6805,마포잼플레이스대리점점,폐휴대폰,수거함 설치,서울 마포구 마포대로 144 ,민팃ATM,무상
6806,만평대리점 수성점,폐휴대폰,수거함 설치,대구 수성구 명덕로 455 ,민팃ATM,무상
6807,메이저대리점 지안일광점,폐휴대폰,수거함 설치,부산 기장군 일광면 해빛로 13 ,민팃ATM,무상
6808,명동중앙대리점 주안사거리직영점,폐휴대폰,수거함 설치,인천 미추홀구 경인로326번길 2 ,민팃ATM,무상
6809,무등대리점 버들마을점,폐휴대폰,수거함 설치,광주 서구 상무버들로40번길 1 ,민팃ATM,무상
6810,무등대리점 상무점,폐휴대폰,수거함 설치,광주 서구 치평로 106 ,민팃ATM,무상
6811,백두대간대리점 양재역점,폐휴대폰,수거함 설치,서울 서초구 남부순환로 2606 ,민팃ATM,무상
6812,백마장대리점 사당직영점,폐휴대폰,수거함 설치,서울 동작구 동작대로 25 ,민팃ATM,무상
6813,삼보대리점 법원점,폐휴대폰,수거함 설치,경기 평택시 평남로 1010 ,민팃ATM,무상
6814,상상대리점 월성CGV점,폐휴대폰,수거함 설치,대구 달서구 조암로 25 ,민팃ATM,무상
6815,세화대리점 별내직영점,폐휴대폰,수거함 설치,경기 남양주시 별내중앙로 59 ,민팃ATM,무상
6816,솔로몬대리점 칠곡팔거역,폐휴대폰,수거함 설치,대구 북구 팔거천동로 214 ,민팃ATM,무상
6817,신나는 이수직영2호점,폐휴대폰,수거함 설치,서울 동작구 동작대로29나길 33 ,민팃ATM,무상
6818,아이티대리점 이수역점,폐휴대폰,수거함 설치,서울 동작구 동작대로 105 ,민팃ATM,무상
6819,안동남부대리점 경북도청점,폐휴대폰,수거함 설치,경북 안동시 풍천면 갈전리 1276 ,민팃ATM,무상
6820,알리바바대리점 덕소2직영점,폐휴대폰,수거함 설치,경기 남양주시 와부읍 수레로 12 ,민팃ATM,무상
6821,엠에스커넥트 아산직영점,폐휴대폰,수거함 설치,충남 아산시 문화로 329 ,민팃ATM,무상
6822,오름대리점 본점,폐휴대폰,수거함 설치,제주특별자치도 제주시 진군남4길 5 ,민팃ATM,무상
6823,와이에스 대리점 구파발직영점,폐휴대폰,수거함 설치,서울 은평구 진관2로 19 ,민팃ATM,무상
6824,와이에스 대리점 풍무직영점(본점),폐휴대폰,수거함 설치,경기 김포시 풍무로 122 ,민팃ATM,무상
6825,우인대리점 삼성마을점,폐휴대폰,수거함 설치,경기 군포시 삼성로8번길 4-5 ,민팃ATM,무상
6826,우일대리점 북마산점,폐휴대폰,수거함 설치,경남 창원시 마산합포구 북성로 91 ,민팃ATM,무상
6827,원진대리점 민락투자점,폐휴대폰,수거함 설치,경기 의정부시 천보로 56 ,민팃ATM,무상
6828,유선대리점 약수역3번출구점,폐휴대폰,수거함 설치,서울 중구 다산로 132 ,민팃ATM,무상
6829,은평서부대리점 본점,폐휴대폰,수거함 설치,서울 은평구 응암로 328 ,민팃ATM,무상
6830,이도대리점 문덕직영점,폐휴대폰,수거함 설치,경북 포항시 남구 오천읍 원동로 10 ,민팃ATM,무상
6831,이든대리점 보정점,폐휴대폰,수거함 설치,경기 용인시 기흥구 죽전로 15 ,민팃ATM,무상
6832,이안대리점 신림역점,폐휴대폰,수거함 설치,서울 관악구 남부순환로 1594 ,민팃ATM,무상
6833,정원대리점 미사역점,폐휴대폰,수거함 설치,경기 하남시 미사강변중앙로 180 ,민팃ATM,무상
6834,정원대리점 수내역점,폐휴대폰,수거함 설치,경기 성남시 분당구 백현로101번길 12 ,민팃ATM,무상
6835,정원대리점 수내직영점,폐휴대폰,수거함 설치,경기 성남시 분당구 황새울로258번길 36 ,민팃ATM,무상
6836,중부대리점 혁신점,폐휴대폰,수거함 설치,전북 완주군 이서면 기지로 56 ,민팃ATM,무상
6837,지상대리점 병점점,폐휴대폰,수거함 설치,경기 화성시 효행로 1065 ,민팃ATM,무상
6838,태영대리점 신도시점,폐휴대폰,수거함 설치,경남 김해시 진영읍 장등로19번길 41 ,민팃ATM,무상
6839,태영대리점 율하점,폐휴대폰,수거함 설치,경남 김해시 율하6로 56 ,민팃ATM,무상
6840,트롤대리점 서대전점,폐휴대폰,수거함 설치,대전 중구 서문로 133 ,민팃ATM,무상
6841,트롤대리점 정림점,폐휴대폰,수거함 설치,대전 서구 정림로 56-11 ,민팃ATM,무상
6842,티엔에스대리점 갈산점,폐휴대폰,수거함 설치,경기 이천시 증신로 73 ,민팃ATM,무상
6843,티엔에스대리점 침산점,폐휴대폰,수거함 설치,대구 북구 옥산로 95 ,민팃ATM,무상
6844,파랑새대리점 본점,폐휴대폰,수거함 설치,부산 수영구 광일로 26 ,민팃ATM,무상
6845,피앤씨홀딩스 부평남부역점,폐휴대폰,수거함 설치,인천 부평구 경인로 951 ,민팃ATM,무상
6846,피앤씨홀딩스 에스 본점,폐휴대폰,수거함 설치,서울 강남구 영동대로 602 ,민팃ATM,무상
6847,한결대리점 온양역점,폐휴대폰,수거함 설치,충남 아산시 온천대로 1489-1 ,민팃ATM,무상
6848,한민대리점 e편한점,폐휴대폰,수거함 설치,대전 대덕구 중리북로 46 ,민팃ATM,무상
6849,한백대리점 김해외동2호점,폐휴대폰,수거함 설치,경남 김해시 내외중앙로 28 ,민팃ATM,무상
6850,한백대리점 양산5호점,폐휴대폰,수거함 설치,경남 양산시 물금읍 청운로 354 ,민팃ATM,무상
6851,한빛대리점 삼산광양점,폐휴대폰,수거함 설치,전남 광양시 광양읍 칠성로 48-1 ,민팃ATM,무상
6852,한솔대리점 시청점,폐휴대폰,수거함 설치,대전 서구 둔산로 144 ,민팃ATM,무상
6853,한음대리점 영동점,폐휴대폰,수거함 설치,충북 영동군 영동읍 중앙로 39 ,민팃ATM,무상
6854,해든대리점 고읍직영점,폐휴대폰,수거함 설치,경기 양주시 고읍남로 2 ,민팃ATM,무상
6855,흥덕대리점 옥산점,폐휴대폰,수거함 설치,충북 청주시 흥덕구 옥산면 청주역로 650 ,민팃ATM,무상
6856,ACT대리점 관산동,폐휴대폰,수거함 설치,경기 고양시 덕양구 통일로 781 ,민팃ATM,무상
6857,ACT대리점 광릉2호점,폐휴대폰,수거함 설치,경기 남양주시 진접읍 광릉내로 22 ,민팃ATM,무상
6858,ACT대리점 의정부본점,폐휴대폰,수거함 설치,경기 의정부시 천보로 257 ,민팃ATM,무상
6859,KSK대리점 우암점,폐휴대폰,수거함 설치,충북 청주시 청원구 상당로 242 ,민팃ATM,무상
6860,MD대리점 옥점점,폐휴대폰,수거함 설치,경기 양주시 회천남로 92 ,민팃ATM,무상
6861,OK대리점 고현점,폐휴대폰,수거함 설치,경남 거제시 거제중앙로31길 4 ,민팃ATM,무상
6862,Orange 대리점 삼송직영점,폐휴대폰,수거함 설치,경기 고양시 덕양구 동송로 63 ,민팃ATM,무상
6863,PS&M (강릉중앙점),폐휴대폰,수거함 설치,강원 강릉시 경강로 2088 ,민팃ATM,무상
6864,PS&M (당산역점),폐휴대폰,수거함 설치,서울 영등포구 양평로 64 ,민팃ATM,무상
6865,PS&M (신정점),폐휴대폰,수거함 설치,울산 남구 중앙로 260 ,민팃ATM,무상
6866,PS&M (하당꽃길점),폐휴대폰,수거함 설치,전남 목포시 비파로51번길 27 ,민팃ATM,무상
6867,PS&M (하당스타점),폐휴대폰,수거함 설치,전남 목포시 백년대로 352 ,민팃ATM,무상
6868,SKT 강남점,폐휴대폰,수거함 설치,서울 강남구 테헤란로 145 ,민팃ATM,무상
6869,SKT 강북점,폐휴대폰,수거함 설치,서울 강북구 도봉로 314 ,민팃ATM,무상
6870,SKT 광주점,폐휴대폰,수거함 설치,광주 서구 상무중앙로 86 ,민팃ATM,무상
6871,SKT 대구점,폐휴대폰,수거함 설치,대구 중구 달구벌대로 2171 ,민팃ATM,무상
6872,SKT 대전점,폐휴대폰,수거함 설치,대전 서구 문정로 41 ,민팃ATM,무상
6873,SKT 동래점,폐휴대폰,수거함 설치,부산 동래구 충렬대로 412 ,민팃ATM,무상
6874,SKT 서면점,폐휴대폰,수거함 설치,부산 부산진구 신천대로 258 ,민팃ATM,무상
6875,SKT 수원점,폐휴대폰,수거함 설치,경기 수원시 팔달구 효원로 295 ,민팃ATM,무상
6876,SKT 영등포점,폐휴대폰,수거함 설치,서울 영등포구 당산로 77 ,민팃ATM,무상
6877,SKT 원주점,폐휴대폰,수거함 설치,강원 원주시 서원대로 149 ,민팃ATM,무상
6878,SKT 청주점,폐휴대폰,수거함 설치,충북 청주시 서원구 사직대로 146 ,민팃ATM,무상
6879,SKT 테크노마트점,폐휴대폰,수거함 설치,서울 광진구 광나루로56길 85 ,민팃ATM,무상
6880,SKT인천점,폐휴대폰,수거함 설치,인천광역시 남동구 성말로 16 ,민팃ATM,무상
6881,TS대리점 부산대점,폐휴대폰,수거함 설치,부산 금정구 금정로68번길 21 ,민팃ATM,무상
6882,강남스타대리점 번동점,폐휴대폰,수거함 설치,서울 강북구 오현로32길 4-3 ,민팃ATM,무상
6883,광주인천상사 수완프리미엄점,폐휴대폰,수거함 설치,광주 광산구 임방울대로 342 ,민팃ATM,무상
6884,근흥대리점 철산역점,폐휴대폰,수거함 설치,경기 광명시 철산로 16 ,민팃ATM,무상
6885,나은대리점 웅천점,폐휴대폰,수거함 설치,전남 여수시 웅천로 90 ,민팃ATM,무상
6886,남선대리점 금호운천,폐휴대폰,수거함 설치,광주 서구 운천로 10-1 ,민팃ATM,무상
6887,다솔대리점 둔산직영,폐휴대폰,수거함 설치,대전 서구 대덕대로 183 ,민팃ATM,무상
6888,대승대리점 본점,폐휴대폰,수거함 설치,경기 수원시 팔달구 효원로 269 ,민팃ATM,무상
6889,대흥대리점 본점,폐휴대폰,수거함 설치,대전 중구 보문로 227 ,민팃ATM,무상
6890,더블유대리점 방촌태왕점,폐휴대폰,수거함 설치,대구 동구 동촌로 255 ,민팃ATM,무상
6891,동부대리점 동래역점,폐휴대폰,수거함 설치,부산 동래구 온천천로 165 ,민팃ATM,무상
6892,동이대리점 혁신직영점,폐휴대폰,수거함 설치,경북 김천시 용전1로 48 ,민팃ATM,무상
6893,레이스대리점 시티세븐2호,폐휴대폰,수거함 설치,경남 창원시 성산구 원이대로 320 ,민팃ATM,무상
6894,명성대리점 망미점,폐휴대폰,수거함 설치,부산 수영구 연수로 273 ,민팃ATM,무상
6895,모노대리점 처인점,폐휴대폰,수거함 설치,경기 용인시 처인구 금령로 102 ,민팃ATM,무상
6896,미소대리점 진주혁신,폐휴대폰,수거함 설치,경남 진주시 사들로 87 ,민팃ATM,무상
6897,미소대리점 초북로점,폐휴대폰,수거함 설치,경남 진주시 초북로 46 ,민팃ATM,무상
6898,바른대리점 전주대점,폐휴대폰,수거함 설치,전북 전주시 완산구 우전로 212 ,민팃ATM,무상
6899,백색대리점봉덕직영점,폐휴대폰,수거함 설치,대구 남구 신촌길 57 ,민팃ATM,무상
6900,봉화대리점 Happy점,폐휴대폰,수거함 설치,전남 여수시 여서1로 56 ,민팃ATM,무상
6901,부개대리점 본점,폐휴대폰,수거함 설치,인천 부평구 장제로 71 ,민팃ATM,무상
6902,북구대리점 범물점,폐휴대폰,수거함 설치,대구 수성구 용학로 294 ,민팃ATM,무상
6903,삼보대리점 햄복점,폐휴대폰,수거함 설치,경기 평택시 경기대로 564 ,민팃ATM,무상
6904,상상대리점 시지광장,폐휴대폰,수거함 설치,대구 수성구 달구벌대로 3206 ,민팃ATM,무상
6905,서광대리점 돌고객점,폐휴대폰,수거함 설치,광주 남구 월산로151번길 2 ,민팃ATM,무상
6906,서울대리점 평내호평,폐휴대폰,수거함 설치,경기 남양주시 늘을2로14번길 3 ,민팃ATM,무상
6907,서정대리점 송천점,폐휴대폰,수거함 설치,전북 전주시 덕진구 시천로 48 ,민팃ATM,무상
6908,서정대리점 인후점,폐휴대폰,수거함 설치,전북 전주시 덕진구 견훤로 267 ,민팃ATM,무상
6909,서창대리점 본점,폐휴대폰,수거함 설치,경남 양산시 덕계로 30 ,민팃ATM,무상
6910,스마일대리점 시지광장점,폐휴대폰,수거함 설치,대구 수성구 고산로18길 17 ,민팃ATM,무상
6911,스카이대리점 첨단2호점,폐휴대폰,수거함 설치,광주 광산구 월계로 195 ,민팃ATM,무상
6912,신세계대리점 고창점,폐휴대폰,수거함 설치,전북 고창군 고창읍 보릿골로 115 ,민팃ATM,무상
6913,아이언대리점 본점,폐휴대폰,수거함 설치,부산 연제구 거제천로 94 ,민팃ATM,무상
6914,양산대리점 본점,폐휴대폰,수거함 설치,경남 양산시 중앙로 194 ,민팃ATM,무상
6915,엠에스커넥트 본점,폐휴대폰,수거함 설치,충남 천안시 서북구 한들3로 85-85 ,민팃ATM,무상
6916,영일대리점 대현점,폐휴대폰,수거함 설치,울산 남구 야음로 25 ,민팃ATM,무상
6917,영진대리점 분수대직,폐휴대폰,수거함 설치,경기 이천시 영창로 217 ,민팃ATM,무상
6918,예산대리점 터미널직,폐휴대폰,수거함 설치,충남 예산군 예산읍 벚꽃로155번길 31 ,민팃ATM,무상
6919,울림터대리점 자양점,폐휴대폰,수거함 설치,서울 광진구 자양로15길 30 ,민팃ATM,무상
6920,으뜸대리점 평거점,폐휴대폰,수거함 설치,경남 진주시 순환로 522 ,민팃ATM,무상
6921,인천상사 주월점,폐휴대폰,수거함 설치,광주 남구 회재로1186번길 17 ,민팃ATM,무상
6922,전남서해대리점 오룡본점,폐휴대폰,수거함 설치,전남 무안군 일로읍 오룡번영3로 40 ,민팃ATM,무상
6923,전북나은대리점 김제점,폐휴대폰,수거함 설치,전북 김제시 금성로 111 ,민팃ATM,무상
6924,정성대리점 부곡점,폐휴대폰,수거함 설치,부산 금정구 부곡로 108 ,민팃ATM,무상
6925,정성대리점 하단역점,폐휴대폰,수거함 설치,부산 사하구 낙동남로 1419 ,민팃ATM,무상
6926,제이앤모바일 본점,폐휴대폰,수거함 설치,대구 남구 현충로 170 ,민팃ATM,무상
6927,중부대리점 반월점,폐휴대폰,수거함 설치,전북 전주시 덕진구 혁신로 697 ,민팃ATM,무상
6928,진주대리점 혁신점,폐휴대폰,수거함 설치,경남 진주시 에나로175번길 12 ,민팃ATM,무상
6929,참스타대리점 가좌점,폐휴대폰,수거함 설치,인천 서구 원적로95번길 5 ,민팃ATM,무상
6930,청도대리점 중앙점,폐휴대폰,수거함 설치,경북 청도군 청도읍 청화로 139 ,민팃ATM,무상
6931,큰사랑대리점 명일역직영점,폐휴대폰,수거함 설치,서울 강동구 양재대로 1627 ,민팃ATM,무상
6932,태산대리점 철강공단,폐휴대폰,수거함 설치,경북 포항시 남구 포스코대로 96 ,민팃ATM,무상
6933,피앤씨홀딩스 건대투자점,폐휴대폰,수거함 설치,서울 광진구 능동로 110 ,민팃ATM,무상
6934,피앤씨홀딩스 뉴스타트 도봉점,폐휴대폰,수거함 설치,서울 도봉구 도봉로181길 16 ,민팃ATM,무상
6935,한결대리점 동대신점,폐휴대폰,수거함 설치,부산 서구 구덕로 307 ,민팃ATM,무상
6936,한결대리점 보령직영,폐휴대폰,수거함 설치,충남 보령시 주공로 25 ,민팃ATM,무상
6937,한국정보 본점,폐휴대폰,수거함 설치,광주 북구 서암대로 271 ,민팃ATM,무상
6938,한음대리점 동남직영점,폐휴대폰,수거함 설치,충북 청주시 상당구 동남로 20 ,민팃ATM,무상
6939,홍릉대리점 동대문점,폐휴대폰,수거함 설치,서울 종로구 종로 295 ,민팃ATM,무상
6940,ACT대리점 방학역투자매장,폐휴대폰,수거함 설치,서울 도봉구 도봉로150길 8 ,민팃ATM,무상
6941,ACT대리점 풍덕본점,폐휴대폰,수거함 설치,경기 용인시 수지구 정평로 140 ,민팃ATM,무상
6942,CD대리점 구례점,폐휴대폰,수거함 설치,경기 김포시 솔터로 22 ,민팃ATM,무상
6943,PS&M (광화문점),폐휴대폰,수거함 설치,서울 종로구 종로 19 ,민팃ATM,무상
6944,PS&M (대학로점),폐휴대폰,수거함 설치,서울 종로구 대학로 141 ,민팃ATM,무상
6945,PS&M (장유코아점),폐휴대폰,수거함 설치,경남 김해시 능동로149번길 9 ,민팃ATM,무상
6946,PS&M (충주호암점),폐휴대폰,수거함 설치,충북 충주시 호암수청1로 29 ,민팃ATM,무상
6947,PS&M (황성동행점),폐휴대폰,수거함 설치,경북 경주시 황성동 503-3 ,민팃ATM,무상
6948,T SMART대리점 용산점(본점),폐휴대폰,수거함 설치,충북 충주시 남산로 82 ,민팃ATM,무상
6949,가야대리점 대구은행역점,폐휴대폰,수거함 설치,대구 수성구 달구벌대로 2276 ,민팃ATM,무상
6950,곡성대리점 본점,폐휴대폰,수거함 설치,전남 곡성군 곡성읍 중앙로 94 ,민팃ATM,무상
6951,김포중앙대리점 북변점,폐휴대폰,수거함 설치,경기 김포시 북변중로 135 ,민팃ATM,무상
6952,나은대리점 여서점,폐휴대폰,수거함 설치,전남 여수시 여서1로 83 ,민팃ATM,무상
6953,남부대리점 김천점,폐휴대폰,수거함 설치,경북 김천시 시청로 79 ,민팃ATM,무상
6954,남부대리점 세종점,폐휴대폰,수거함 설치,경북 구미시 상모로8길 6 ,민팃ATM,무상
6955,네오대리점 첨단점,폐휴대폰,수거함 설치,광주 광산구 월계로 150 ,민팃ATM,무상
6956,늘봄대리점 노원본점,폐휴대폰,수거함 설치,서울 노원구 동일로 1402 ,민팃ATM,무상
6957,다솔대리점 도안신도시점,폐휴대폰,수거함 설치,대전 서구 동서대로 700 ,민팃ATM,무상
6958,다울대리점 범이직영점,폐휴대폰,수거함 설치,경남 양산시 물금읍 청운로 349 ,민팃ATM,무상
6959,대교대리점 범계역프리미엄,폐휴대폰,수거함 설치,경기 안양시 동안구 호계동 1040 ,민팃ATM,무상
6960,대구북구대리점 비산점,폐휴대폰,수거함 설치,대구 서구 북비산로 327 ,민팃ATM,무상
6961,더블유대리점 대구센터점,폐휴대폰,수거함 설치,대구 중구 동성로1길 42 ,민팃ATM,무상
6962,더블유대리점 죽곡센터,폐휴대폰,수거함 설치,대구 달성군 다사읍 죽곡리 807-1 ,민팃ATM,무상
6963,동진대리점 부천역점,폐휴대폰,수거함 설치,경기 부천시 경인로 237-9 ,민팃ATM,무상
6964,라온대리점 범어점,폐휴대폰,수거함 설치,대구 수성구 달구벌대로 2484 ,민팃ATM,무상
6965,라온대리점 서면점,폐휴대폰,수거함 설치,부산 부산진구 중앙대로692번길 46 ,민팃ATM,무상
6966,레드대리점 본점,폐휴대폰,수거함 설치,울산 북구 호계로 275 ,민팃ATM,무상
6967,렉스대리점 메트로점,폐휴대폰,수거함 설치,부산 남구 용호로 48 ,민팃ATM,무상
6968,렉스대리점 부산대점,폐휴대폰,수거함 설치,부산 금정구 금정로 76 ,민팃ATM,무상
6969,만평대리점 경산점,폐휴대폰,수거함 설치,경북 경산시 중앙로 91 ,민팃ATM,무상
6970,만평대리점 이시아점,폐휴대폰,수거함 설치,대구 동구 팔공로51길 11 ,민팃ATM,무상
6971,미소대리점 남천점,폐휴대폰,수거함 설치,부산 수영구 황령대로489번길 22 ,민팃ATM,무상
6972,바른대리점 모악로점,폐휴대폰,수거함 설치,전북 전주시 완산구 모악로 4669 ,민팃ATM,무상
6973,바른대리점 영등점,폐휴대폰,수거함 설치,전북 익산시 무왕로16길 4 ,민팃ATM,무상
6974,백마장대리점 모래내시장점,폐휴대폰,수거함 설치,인천 남동구 호구포로 802 ,민팃ATM,무상
6975,백마장대리점 산곡직영점,폐휴대폰,수거함 설치,인천 부평구 안남로 260 ,민팃ATM,무상
6976,백마장대리점 중동현대점,폐휴대폰,수거함 설치,경기 부천시 석천로177번길 29 ,민팃ATM,무상
6977,봉화대리점 화정점,폐휴대폰,수거함 설치,광주 서구 화정로 251 ,민팃ATM,무상
6978,부개대리점 중동점,폐휴대폰,수거함 설치,경기 부천시 소향로 119 ,민팃ATM,무상
6979,부개대리점 청라지젤엠점,폐휴대폰,수거함 설치,인천 서구 청라에메랄드로 99 ,민팃ATM,무상
6980,상록수대리점 고리울직영점,폐휴대폰,수거함 설치,경기 부천시 고리울로52번길 24 ,민팃ATM,무상
6981,상상대리점 청라언덕점,폐휴대폰,수거함 설치,대구 중구 남산로 56 ,민팃ATM,무상
6982,상상대리점 황금네거리점,폐휴대폰,수거함 설치,대구 수성구 동대구로 98 ,민팃ATM,무상
6983,새서울대리점 서울대역직영점,폐휴대폰,수거함 설치,서울 관악구 관악로 161-1 ,민팃ATM,무상
6984,서울대리점 김포구래직영점,폐휴대폰,수거함 설치,경기 김포시 솔터로 22 ,민팃ATM,무상
6985,서울대리점 은계직영점,폐휴대폰,수거함 설치,경기 시흥시 은계번영길 40 ,민팃ATM,무상
6986,세하대리점 화곡역점,폐휴대폰,수거함 설치,서울 강서구 화곡로 178 ,민팃ATM,무상
6987,신나는대리점 마곡직영점,폐휴대폰,수거함 설치,서울 강서구 공항대로 168 ,민팃ATM,무상
6988,씨에이치대리점 우면동점,폐휴대폰,수거함 설치,서울 서초구 태봉로 62 ,민팃ATM,무상
6989,안동남부대리점 의성점,폐휴대폰,수거함 설치,경북 의성군 의성읍 군청길 4 ,민팃ATM,무상
6990,예산대리점 신평점,폐휴대폰,수거함 설치,충남 당진시 신평면 거산리 3-32 ,민팃ATM,무상
6991,예스대리점 광복스마트점,폐휴대폰,수거함 설치,부산 중구 광복로 43 ,민팃ATM,무상
6992,오름대리점 아라점,폐휴대폰,수거함 설치,제주특별자치도 제주시 중앙로 576 ,민팃ATM,무상
6993,오정대리점 본점,폐휴대폰,수거함 설치,경기 부천시 역곡로 473 ,민팃ATM,무상
6994,올포원대리점 신세계점,폐휴대폰,수거함 설치,충남 천안시 동남구 만남로 32 ,민팃ATM,무상
6995,울산행복대리점 삼산점,폐휴대폰,수거함 설치,울산 남구 삼산중로 74번길 14 ,민팃ATM,무상
6996,원주이동통신대리점 중앙로점,폐휴대폰,수거함 설치,강원 원주시 원일로 98 ,민팃ATM,무상
6997,유원대리점 군자점,폐휴대폰,수거함 설치,서울 광진구 천호대로112길 7 ,민팃ATM,무상
6998,유원대리점 목동본점,폐휴대폰,수거함 설치,서울 양천구 목동서로 63 ,민팃ATM,무상
6999,유원대리점 양지직영점,폐휴대폰,수거함 설치,경기 성남시 수정구 산성대로 485 ,민팃ATM,무상
7000,으뜸대리점 신마산점,폐휴대폰,수거함 설치,경남 창원시 마산합포구 월영동서로 20 ,민팃ATM,무상
7001,인향 가오점,폐휴대폰,수거함 설치,대전 동구 은어송로 50 ,민팃ATM,무상
7002,참스타대리점 로데오중앙점,폐휴대폰,수거함 설치,인천 남동구 인하로 497-22 ,민팃ATM,무상
7003,카이저대리점 망미점,폐휴대폰,수거함 설치,부산 수영구 과정로 67 ,민팃ATM,무상
7004,카이저대리점 미남점,폐휴대폰,수거함 설치,부산 동래구 아시아드대로 237 ,민팃ATM,무상
7005,카이저대리점 반여점,폐휴대폰,수거함 설치,부산 해운대구 선수촌로 82 ,민팃ATM,무상
7006,카이저대리점 범일점,폐휴대폰,수거함 설치,부산 동구 범일로 98-2 ,민팃ATM,무상
7007,카이저대리점 평산점,폐휴대폰,수거함 설치,경남 양산시 평산로 33 ,민팃ATM,무상
7008,칸대리점 남포직영점,폐휴대폰,수거함 설치,부산 중구 광복로 35 ,민팃ATM,무상
7009,코넥대리점 동탄역,폐휴대폰,수거함 설치,경기 화성시 동탄역로 150 ,민팃ATM,무상
7010,큰사랑대리점 부천역직영점,폐휴대폰,수거함 설치,경기 부천시 부천로 4 ,민팃ATM,무상
7011,태영대리점 상남점,폐휴대폰,수거함 설치,경남 창원시 성산구 마디미로73번길 25 ,민팃ATM,무상
7012,트롤대리점 VIP점,폐휴대폰,수거함 설치,충남 공주시 흑수골길 25 ,민팃ATM,무상
7013,티엔에스대리점 CGV직영점,폐휴대폰,수거함 설치,경기 이천시 중리천로 58 ,민팃ATM,무상
7014,파랑새대리점 평거점,폐휴대폰,수거함 설치,경남 진주시 평거로 40 ,민팃ATM,무상
7015,플러스대리점 압량점,폐휴대폰,수거함 설치,경북 경산시 압량읍 화랑로 288 ,민팃ATM,무상
7016,플러스대리점 영대점,폐휴대폰,수거함 설치,경북 경산시 대학로 307 ,민팃ATM,무상
7017,피앤씨대리점 부평북부역점,폐휴대폰,수거함 설치,인천 부평구 경원대로 1409 ,민팃ATM,무상
7018,한미대리점 알파시티점,폐휴대폰,수거함 설치,대구 수성구 알파시티2로 33 ,민팃ATM,무상
7019,한민대리점 세종도담점,폐휴대폰,수거함 설치,세종시 보듬3로 8-20 ,민팃ATM,무상
7020,한백대리점 서면점,폐휴대폰,수거함 설치,부산 부산진구 서면로 41 ,민팃ATM,무상
7021,한별대리점 계대동문점,폐휴대폰,수거함 설치,대구 달서구 계대동문로 12 ,민팃ATM,무상
7022,해온대리점 불당점,폐휴대폰,수거함 설치,충남 천안시 서북구 불당13길 2 ,민팃ATM,무상
7023,호선대리점 본점,폐휴대폰,수거함 설치,서울 강서구 양천로 28 ,민팃ATM,무상
7024,홍릉대리점 신당역점,폐휴대폰,수거함 설치,서울 중구 퇴계로 433 ,민팃ATM,무상
7025,홍익대리점 동남지구점,폐휴대폰,수거함 설치,충북 청주시 상당구 중고개로 129 ,민팃ATM,무상
7026,힐탑대리점 본점(본점),폐휴대폰,수거함 설치,부산 남구 수영로 192-1 ,민팃ATM,무상
7027,CD대리점 하남감일점,폐휴대폰,수거함 설치,경기 하남시 신우실로 61 ,민팃ATM,무상
7028,HK대리점 동탄영천직영점,폐휴대폰,수거함 설치,경기 화성시 동탄대로 599 ,민팃ATM,무상
7029,HK대리점 호매실직영점,폐휴대폰,수거함 설치,경기 수원시 권선구 호매실로90번길 77 ,민팃ATM,무상
7030,JS대리점 시청점,폐휴대폰,수거함 설치,제주특별자치도 제주시 중앙로 230 ,민팃ATM,무상
7031,MD대리점 계산점,폐휴대폰,수거함 설치,인천 계양구 계양대로 215 ,민팃ATM,무상
7032,MD대리점 주엽직영점,폐휴대폰,수거함 설치,경기 고양시 일산서구 중앙로 1426 ,민팃ATM,무상
7033,SKT 부산지사 12층 마케팅본부,폐휴대폰,수거함 설치,부산 부산진구 신천대로 258 ,민팃ATM,무상
7034,SKT 부산지사 1층 로비,폐휴대폰,수거함 설치,부산 부산진구 신천대로 258 ,민팃ATM,무상
7035,㈜피앤씨홀딩스 이태원투자점,폐휴대폰,수거함 설치,서울 용산구 이태원로 187 ,민팃ATM,무상
7036,강남스타대리점 오리역점,폐휴대폰,수거함 설치,경기 성남시 분당구 성남대로 32 ,민팃ATM,무상
7037,강서대리점 신월본점,폐휴대폰,수거함 설치,서울 양천구 남부순환로 354 ,민팃ATM,무상
7038,광운대리점 홍대점,폐휴대폰,수거함 설치,서울 마포구 어울마당로 76-1 ,민팃ATM,무상
7039,광장대리점 사당역점,폐휴대폰,수거함 설치,서울 관악구 과천대로 943 ,민팃ATM,무상
7040,광주모바일 운암점,폐휴대폰,수거함 설치,광주 북구 서강로 94 ,민팃ATM,무상
7041,광주인천상사 상무프리미엄점,폐휴대폰,수거함 설치,광주 서구 상무중앙로 95 ,민팃ATM,무상
7042,광주중앙대리점 백운점,폐휴대폰,수거함 설치,광주 남구 서문대로 828 ,민팃ATM,무상
7043,금호대리점 남창점,폐휴대폰,수거함 설치,울산 울주군 온양읍 온양로 95 ,민팃ATM,무상
7044,나은대리점 학동 프리미엄점,폐휴대폰,수거함 설치,전남 여수시 시청로 23 ,민팃ATM,무상
7045,남부대리점 옥계점,폐휴대폰,수거함 설치,경북 구미시 옥계북로 8 ,민팃ATM,무상
7046,남선대리점 화순광덕,폐휴대폰,수거함 설치,전남 화순군 화순읍 중앙로 75 ,민팃ATM,무상
7047,늘봄대리점 뚝섬유원지역점,폐휴대폰,수거함 설치,서울 광진구 능동로 50 ,민팃ATM,무상
7048,늘푸른대리점 미금역,폐휴대폰,수거함 설치,경기 성남시 분당구 성남대로 151 ,민팃ATM,무상
7049,다모아대리점 중동점,폐휴대폰,수거함 설치,대구 수성구 수성로 185 ,민팃ATM,무상
7050,대승대리점 광교중앙역점,폐휴대폰,수거함 설치,경기 수원시 영통구 도청로17번길 10 ,민팃ATM,무상
7051,대승대리점 권선점,폐휴대폰,수거함 설치,경기 수원시 권선구 동수원로242번길 23 ,민팃ATM,무상
7052,동행대리점 현충로직영점,폐휴대폰,수거함 설치,대구 남구 대명로 213 ,민팃ATM,무상
7053,드림라인 침산직영점,폐휴대폰,수거함 설치,대구 북구 침산로 128 ,민팃ATM,무상
7054,디지털대리점 영암본점,폐휴대폰,수거함 설치,전남 영암군 영암읍 중앙로 37-1 ,민팃ATM,무상
7055,라온대리점 경성대부경대점,폐휴대폰,수거함 설치,부산 남구 용소로 18 ,민팃ATM,무상
7056,라온대리점 덕천점,폐휴대폰,수거함 설치,부산 북구 만덕대로16번길 15 ,민팃ATM,무상
7057,레이스대리점 명지직영점,폐휴대폰,수거함 설치,부산 강서구 명지오션시티4로 75 ,민팃ATM,무상
7058,렉스대리점 경성대부경대점,폐휴대폰,수거함 설치,부산 남구 수영로 297 ,민팃ATM,무상
7059,메이저대리점 장기점,폐휴대폰,수거함 설치,대구 달서구 장기로 243 ,민팃ATM,무상
7060,명성대리점 연산점,폐휴대폰,수거함 설치,부산 연제구 중앙대로 1116 ,민팃ATM,무상
7061,명성대리점 정관직영점,폐휴대폰,수거함 설치,부산 기장군 정관읍 정관로 545 ,민팃ATM,무상
7062,명성대리점 하단점,폐휴대폰,수거함 설치,부산 사하구 낙동남로 1426 ,민팃ATM,무상
7063,목동4거리대리점 대흥역점,폐휴대폰,수거함 설치,서울 마포구 백범로 95 ,민팃ATM,무상
7064,무등대리점 동광주점,폐휴대폰,수거함 설치,광주 북구 동문대로 182-1 ,민팃ATM,무상
7065,문경새재대리점 행복점,폐휴대폰,수거함 설치,경북 안동시 강남1길 67 ,민팃ATM,무상
7066,미래대리점 판교직영점,폐휴대폰,수거함 설치,경기 성남시 분당구 판교역로 235 ,민팃ATM,무상
7067,미소대리점 하동점,폐휴대폰,수거함 설치,경남 하동군 하동읍 중앙로 9 ,민팃ATM,무상
7068,백색대리점 대명점,폐휴대폰,수거함 설치,대구 중구 명덕로 55 ,민팃ATM,무상
7069,북구대리점_동래점,폐휴대폰,수거함 설치,부산 동래구 충렬대로 157-1 ,민팃ATM,무상
7070,상록수대리점 신정네거리역점,폐휴대폰,수거함 설치,서울 양천구 중앙로 270 ,민팃ATM,무상
7071,상상대리점 유천직영점,폐휴대폰,수거함 설치,대구 달서구 조암로 155 ,민팃ATM,무상
7072,서령대리점 당진직영점,폐휴대폰,수거함 설치,충남 당진시 당진중앙2로 42-3 ,민팃ATM,무상
7073,서울ent대리점 도림직영점,폐휴대폰,수거함 설치,서울 영등포구 도영로 27 ,민팃ATM,무상
7074,서울ent대리점 잠실점,폐휴대폰,수거함 설치,서울 송파구 올림픽로 114 ,민팃ATM,무상
7075,서정대리점 이동교점,폐휴대폰,수거함 설치,전북 전주시 완산구 거마평로 235 ,민팃ATM,무상
7076,서정대리점 중화산점,폐휴대폰,수거함 설치,전북 전주시 완산구 유연로 290 ,민팃ATM,무상
7077,서정대리점 효자점,폐휴대폰,수거함 설치,전북 전주시 완산구 호암로 85 ,민팃ATM,무상
7078,엠코리아대리점 봉선점,폐휴대폰,수거함 설치,광주 남구 용대로 128 ,민팃ATM,무상
7079,오름대리점 한라병원점,폐휴대폰,수거함 설치,제주특별자치도 제주시 도령로 73 ,민팃ATM,무상
7080,올포원대리점 노은역점,폐휴대폰,수거함 설치,대전 유성구 노은로 166 ,민팃ATM,무상
7081,유엔대리점 굽은다리직영점,폐휴대폰,수거함 설치,서울 강동구 양재대로 1579 ,민팃ATM,무상
7082,유진대리점 본점,폐휴대폰,수거함 설치,대구 중구 명덕로 189 ,민팃ATM,무상
7083,윤대리점 운암점,폐휴대폰,수거함 설치,광주 북구 북문대로 88 ,민팃ATM,무상
7084,으뜸대리점 경남대본점,폐휴대폰,수거함 설치,경남 창원시 마산합포구 월영동3길 5 ,민팃ATM,무상
7085,정원대리점 위례창곡직영점,폐휴대폰,수거함 설치,경기 성남시 수정구 위례동로 147 ,민팃ATM,무상
7086,정원대리점 잠실직영점,폐휴대폰,수거함 설치,서울 송파구 올림픽로 132 ,민팃ATM,무상
7087,제이스대리점 야당직영점,폐휴대폰,수거함 설치,경기 파주시 경의로 1046 ,민팃ATM,무상
7088,조앤 기업 세븐스타점,폐휴대폰,수거함 설치,강원 원주시 지정면 신지정로 211 ,민팃ATM,무상
7089,준대리점 강동역점,폐휴대폰,수거함 설치,서울 강동구 천호대로 1099 ,민팃ATM,무상
7090,중부대리점 전주객,폐휴대폰,수거함 설치,전북 전주시 완산구 팔달로 193 ,민팃ATM,무상
7091,중앙SK대리점 안지랑역점,폐휴대폰,수거함 설치,대구 남구 대명로 154 ,민팃ATM,무상
7092,중앙SK대리점 티월드점,폐휴대폰,수거함 설치,경북 구미시 신시로 80-1 ,민팃ATM,무상
7093,지상대리점 안산중앙점,폐휴대폰,수거함 설치,경기 안산시 단원구 고잔2길 59 ,민팃ATM,무상
7094,지은대리점 명지대로,폐휴대폰,수거함 설치,서울 서대문구 증가로 124 ,민팃ATM,무상
7095,참스타대리점 동춘점,폐휴대폰,수거함 설치,인천 연수구 원인재로 59 ,민팃ATM,무상
7096,큰사랑대리점 관악직영점,폐휴대폰,수거함 설치,서울 관악구 관악로 196 ,민팃ATM,무상
7097,큰사랑대리점 원흥직영점,폐휴대폰,수거함 설치,경기 고양시 덕양구 도래울로 104 ,민팃ATM,무상
7098,티앤비대리점 대안본점,폐휴대폰,수거함 설치,경남 진주시 진양호로527번길 8 ,민팃ATM,무상
7099,티엔에스대리점 왜관,폐휴대폰,수거함 설치,경북 칠곡군 왜관읍 중앙로 187-1 ,민팃ATM,무상
7100,파랑새대리점 경성대부경대점,폐휴대폰,수거함 설치,부산 남구 용소로 11 ,민팃ATM,무상
7101,피앤씨대리점 의정부,폐휴대폰,수거함 설치,경기 의정부시 호국로1298번길 63 ,민팃ATM,무상
7102,피앤피 방이직영점,폐휴대폰,수거함 설치,서울 송파구 마천로 61 ,민팃ATM,무상
7103,하이원대리점 창원역,폐휴대폰,수거함 설치,경남 창원시 의창구 의창대로62번길 2 ,민팃ATM,무상
7104,한결대리점 천안성성점,폐휴대폰,수거함 설치,충남 천안시 서북구 성성8로 14-60 ,민팃ATM,무상
7105,한민대리점 논산중앙점,폐휴대폰,수거함 설치,충남 논산시 시민로258번길 29 ,민팃ATM,무상
7106,한백대리점 덕천점,폐휴대폰,수거함 설치,부산 북구 백양대로 1199 ,민팃ATM,무상
7107,한별대리점 서문시장점,폐휴대폰,수거함 설치,대구 중구 달성로 51 ,민팃ATM,무상
7108,한별대리점 현풍점,폐휴대폰,수거함 설치,대구 달성군 유가읍 테크노상업로 84 ,민팃ATM,무상
7109,해든대리점 신촌점,폐휴대폰,수거함 설치,서울 서대문구 연세로 31 ,민팃ATM,무상
7110,홍릉대리점 신설동역,폐휴대폰,수거함 설치,서울 동대문구 천호대로 14 ,민팃ATM,무상
7111,홍익대리점 사직점,폐휴대폰,수거함 설치,충북 청주시 서원구 예체로29번길 3 ,민팃ATM,무상
7112,화산대리점 부천시청역점,폐휴대폰,수거함 설치,경기 부천시 길주로 189 ,민팃ATM,무상
7113,힐탑대리점 부원점,폐휴대폰,수거함 설치,경남 김해시 가락로 37 ,민팃ATM,무상
7114,(LGU+)관양1동 관양시장입구점,폐휴대폰,수거함 설치,경기 안양시 동안구 관악대로 341 ,민팃ATM,무상
7115,(LGU+)구미동 2001아울렛점,폐휴대폰,수거함 설치,경기 성남시 분당구 돌마로 52 ,민팃ATM,무상
7116,(LGU+)대교동2가 남항시장점,폐휴대폰,수거함 설치,부산시 영도구 태종로 98 ,민팃ATM,무상
7117,(LGU+)대안동 롯데시네마점,폐휴대폰,수거함 설치,경남 진주시 진양호로527번길 2 ,민팃ATM,무상
7118,(LGU+)동춘2동 연수점,폐휴대폰,수거함 설치,인천 연수구 앵고개로 262 ,민팃ATM,무상
7119,(LGU+)둔산동 타임월드네거리점,폐휴대폰,수거함 설치,대전 서구 둔산로 52 ,민팃ATM,무상
7120,(LGU+)명일동 굽은다리역점,폐휴대폰,수거함 설치,서울 강동구 양재대로 1576 ,민팃ATM,무상
7121,(LGU+)범계동 범계로데오점,폐휴대폰,수거함 설치,경기 안양시 동안구 평촌대로223번길 48 ,민팃ATM,무상
7122,(LGU+)범계동 범계점,폐휴대폰,수거함 설치,경기 안양시 동안구 동안로 120 ,민팃ATM,무상
7123,(LGU+)복대동 복대시장점,폐휴대폰,수거함 설치,충북 청주시 흥덕구 복대로 146 ,민팃ATM,무상
7124,(LGU+)본오3동 상록수역점,폐휴대폰,수거함 설치,경기 안산시 상록구 상록수로 50 ,민팃ATM,무상
7125,(LGU+)서현1동 서현역5번출구점,폐휴대폰,수거함 설치,경기 성남시 분당구 서현로210번길 17 ,민팃ATM,무상
7126,(LGU+)석정동 터미널점,폐휴대폰,수거함 설치,경기 안성시 중앙로 366 ,민팃ATM,무상
7127,(LGU+)성남동 메가박스점,폐휴대폰,수거함 설치,울산 중구 젊음의거리 71 ,민팃ATM,무상
7128,(LGU+)성남동 모란역점,폐휴대폰,수거함 설치,경기 성남시 중원구 성남대로 1144 ,민팃ATM,무상
7129,(LGU+)소흘읍 소흘농협하나로마트점,폐휴대폰,수거함 설치,경기 포천시 소흘읍 송우로 33 ,민팃ATM,무상
7130,(LGU+)수진동 중앙시장사거리점,폐휴대폰,수거함 설치,경기 성남시 수정구 수정로 106 ,민팃ATM,무상
7131,(LGU+)신정동 신정네거리역2번출구점,폐휴대폰,수거함 설치,서울 양천구 신월로 282 ,민팃ATM,무상
7132,(LGU+)심곡2동 부천역북부점,폐휴대폰,수거함 설치,경기 부천시 원미구 부천로 19 ,민팃ATM,무상
7133,(LGU+)오류동 세이점,폐휴대폰,수거함 설치,대전 중구 계백로 1693 ,민팃ATM,무상
7134,(LGU+)오류동 오류역점,폐휴대폰,수거함 설치,서울 구로구 경인로 199-2 ,민팃ATM,무상
7135,(LGU+)응암동 응암오거리점,폐휴대폰,수거함 설치,서울 은평구 가좌로 227 ,민팃ATM,무상
7136,(LGU+)이도이동 제주샵인샵점,폐휴대폰,수거함 설치,제주 제주시 중앙로 242 ,민팃ATM,무상
7137,(LGU+)인계동 인계캐슬점,폐휴대폰,수거함 설치,경기 수원시 팔달구 권광로 184 ,민팃ATM,무상
7138,(LGU+)일곡동 광주은행점,폐휴대폰,수거함 설치,광주 북구 설죽로 506 ,민팃ATM,무상
7139,(LGU+)자금동 홈플러스맞은편점,폐휴대폰,수거함 설치,경기 의정부시 청사로 37 ,민팃ATM,무상
7140,(LGU+)장전3동 부산대역3번출구점,폐휴대폰,수거함 설치,부산 금정구 금정로68번길 35 ,민팃ATM,무상
7141,(LGU+)장전3동 부산대정문점,폐휴대폰,수거함 설치,부산 금정구 부산대학로 52-1 ,민팃ATM,무상
7142,(LGU+)주엽동 주엽그랜드점,폐휴대폰,수거함 설치,경기 고양시 일산서구 중앙로 1426 ,민팃ATM,무상
7143,(LGU+)중1동 석천사거리점,폐휴대폰,수거함 설치,경기 부천시 석천로 181 ,민팃ATM,무상
7144,(LGU+)중동 시외버스터미널점,폐휴대폰,수거함 설치,전남 광양시 중마중앙로 59 ,민팃ATM,무상
7145,(LGU+)창전동 분수대오거리점,폐휴대폰,수거함 설치,경기 이천시 영창로 214 ,민팃ATM,무상
7146,(LGU+)철산동 철산역점,폐휴대폰,수거함 설치,경기 광명시 오리로 865 ,민팃ATM,무상
7147,(LGU+)평택동 평택역점,폐휴대폰,수거함 설치,경기 평택시 평택로 58 ,민팃ATM,무상
7148,(LGU+)풍덕천1동 풍덕천사거리점,폐휴대폰,수거함 설치,경기 용인시 수지구 풍덕천로 128 ,민팃ATM,무상
7149,(LGU+)홍제동 홍제역점,폐휴대폰,수거함 설치,서울 서대문구 통일로 432-2 ,민팃ATM,무상
7150,(LGU+)황금동 NCWAVE점,폐휴대폰,수거함 설치,광주시 동구 중앙로 166 ,민팃ATM,무상
7151,ICOOP 생협 신길센터,폐휴대폰,수거함 설치,서울 영등포구 영등포로62길 1 ,민팃ATM,무상
7152,JC대리점 본점,폐휴대폰,수거함 설치,부산 남구 동명로 132 ,민팃ATM,무상
7153,SK에너지 인천점,폐휴대폰,수거함 설치,인천 서구 봉수대로 415 ,민팃ATM,무상
7154,SK울산대리점 언양점,폐휴대폰,수거함 설치,울산 울주군 언양읍 헌양길 157 ,민팃ATM,무상
7155,TS대리점 사직직영점,폐휴대폰,수거함 설치,부산 동래구 사직로70번길 46 ,민팃ATM,무상
7156,강남스타대리점 개포일원점,폐휴대폰,수거함 설치,서울 강남구 일원로 41 ,민팃ATM,무상
7157,라온대리점 사직직영,폐휴대폰,수거함 설치,부산 동래구 사직북로34번길 3 ,민팃ATM,무상
7158,런드리파크 문정아이파크점,폐휴대폰,수거함 설치,서울 송파구 법원로4길 6 ,민팃ATM,무상
7159,리스펙대리점 본점,폐휴대폰,수거함 설치,서울 마포구 대흥로24길 24 ,민팃ATM,무상
7160,명성대리점 센텀점,폐휴대폰,수거함 설치,부산 해운대구 센텀중앙로 90 ,민팃ATM,무상
7161,미소대리점 반여점,폐휴대폰,수거함 설치,부산 해운대구 재반로 254-2 ,민팃ATM,무상
7162,미소대리점 삼천포중앙점,폐휴대폰,수거함 설치,경남 사천시 중앙로 68 ,민팃ATM,무상
7163,미소대리점 신진주역점,폐휴대폰,수거함 설치,경남 진주시 개양로 100 ,민팃ATM,무상
7164,부산 동래구청,폐휴대폰,수거함 설치,부산 동래구 온천천로359번길 70 ,민팃ATM,무상
7165,분당하이닉스,폐휴대폰,수거함 설치,경기 성남시 분당구 성남대로343번길 9 ,민팃ATM,무상
7166,분당하이닉스,폐휴대폰,수거함 설치,경기 성남시 분당구 성남대로343번길 9 ,민팃ATM,무상
7167,상상대리점 범물센터,폐휴대폰,수거함 설치,대구 수성구 지범로 259 ,민팃ATM,무상
7168,서울대리점 선릉직영,폐휴대폰,수거함 설치,서울 강남구 테헤란로 339 ,민팃ATM,무상
7169,서울혁신파크,폐휴대폰,수거함 설치,서울 은평구 통일로 684 ,민팃ATM,무상
7170,신도림 테크노마트 민팃존,폐휴대폰,수거함 설치,서울 구로구 새말로97 ,민팃ATM,무상
7171,신도림 테크노마트 민팃존,폐휴대폰,수거함 설치,서울 구로구 새말로97 ,민팃ATM,무상
7172,신도림 테크노마트 민팃존,폐휴대폰,수거함 설치,서울 구로구 새말로97 ,민팃ATM,무상
7173,신도림 테크노마트 민팃존,폐휴대폰,수거함 설치,서울 구로구 새말로97 ,민팃ATM,무상
7174,신도림 테크노마트 민팃존,폐휴대폰,수거함 설치,서울 구로구 새말로97 ,민팃ATM,무상
7175,신창대리점 월곡홈플러스점,폐휴대폰,수거함 설치,서울 성북구 화랑로 76 ,민팃ATM,무상
7176,신흥 SK VIEW,폐휴대폰,수거함 설치,대전 동구 충무로 255 ,민팃ATM,무상
7177,아이티대리점 강남직영점,폐휴대폰,수거함 설치,서울 강남구 테헤란로1길 32 ,민팃ATM,무상
7178,예산군청,폐휴대폰,수거함 설치,충남 예산군 예산읍 군청로 22 ,민팃ATM,무상
7179,울산행복대리점 성남3호점,폐휴대폰,수거함 설치,울산 중구 젊음의거리 30-3 ,민팃ATM,무상
7180,워시엔조이 강남자곡점,폐휴대폰,수거함 설치,서울 강남구 밤고개로 231 ,민팃ATM,무상
7181,워시엔조이 수지풍덕천점,폐휴대폰,수거함 설치,경기 용인시 수지구 풍덕천로171번길 4-6 ,민팃ATM,무상
7182,워시엔조이 해운대점,폐휴대폰,수거함 설치,부산 해운대구 해운대로 554 ,민팃ATM,무상
7183,워커힐 호텔(임직원 전용),폐휴대폰,수거함 설치,서울 광진구 광장동 워커힐로 177 ,민팃ATM,무상
7184,이천하이닉스,폐휴대폰,수거함 설치,경기 이천시 부발읍 경충대로 2091 ,민팃ATM,무상
7185,정원대리점 위례장지직영점,폐휴대폰,수거함 설치,서울 송파구 위례광장로 200 ,민팃ATM,무상
7186,정원대리점 천호역직영점,폐휴대폰,수거함 설치,서울 강동구 천호대로 1027 ,민팃ATM,무상
7187,제주 SK렌터카 제주지점,폐휴대폰,수거함 설치,제주특별자치도 제주시 덕지2길 6 ,민팃ATM,무상
7188,제주 SK렌터카 제주지점(2),폐휴대폰,수거함 설치,제주특별자치도 제주시 덕지2길 6 ,민팃ATM,무상
7189,지은대리점 사동점,폐휴대폰,수거함 설치,경기 안산시 상록구 항가울로 28 ,민팃ATM,무상
7190,참스타대리점 간석역,폐휴대폰,수거함 설치,인천 미추홀구 석산로 12 ,민팃ATM,무상
7191,청주하이닉스1,폐휴대폰,수거함 설치,충북 청주시 흥덕구 직지대로 337 ,민팃ATM,무상
7192,청주하이닉스2,폐휴대폰,수거함 설치,충북 청주시 흥덕구 직지대로 337 ,민팃ATM,무상
7193,청주하이닉스3,폐휴대폰,수거함 설치,충북 청주시 흥덕구 직지대로 337 ,민팃ATM,무상
7194,테라로사 길동점,폐휴대폰,수거함 설치,서울 강동구 천호대로 1221 ,민팃ATM,무상
7195,평택 지제역더샵센트럴시티,폐휴대폰,수거함 설치,경기 평택시 지제동삭1로 41 ,민팃ATM,무상
7196,한민대리점 관저점,폐휴대폰,수거함 설치,대전 서구 관저로 157 ,민팃ATM,무상
7197,한솔대리점 유천점,폐휴대폰,수거함 설치,대전 중구 계백로 1615번길 25 ,민팃ATM,무상
7198,한음대리점 중리점,폐휴대폰,수거함 설치,대전 대덕구 중리북로 31 ,민팃ATM,무상
7199,(LGU+)강서동 호반점,폐휴대폰,수거함 설치,충북 청주시 흥덕구 서현중로 53 ,민팃ATM,무상
7200,(LGU+)경안동 이마트점,폐휴대폰,수거함 설치,경기 광주시 경안로 3 ,민팃ATM,무상
7201,(LGU+)괴정동 사하로점,폐휴대폰,수거함 설치,부산 사하구 사하로 202 ,민팃ATM,무상
7202,(LGU+)구래동 구래점,폐휴대폰,수거함 설치,경기 김포시 김포한강8로 378 ,민팃ATM,무상
7203,(LGU+)구월4동 모래내시장역점,폐휴대폰,수거함 설치,인천 남동구 호구포로 818 ,민팃ATM,무상
7204,(LGU+)금천동 금천광장점,폐휴대폰,수거함 설치,충북 청주시 상당구 중고개로 322 ,민팃ATM,무상
7205,(LGU+)금촌동 금촌역점,폐휴대폰,수거함 설치,경기 파주시 중앙로 327 ,민팃ATM,무상
7206,(LGU+)남가좌동 가좌역점,폐휴대폰,수거함 설치,서울 서대문구 수색로 38 ,민팃ATM,무상
7207,(LGU+)남천1동 금련산역점,폐휴대폰,수거함 설치,부산시 수영구 수영로 468 ,민팃ATM,무상
7208,(LGU+)노고산동 신촌현대점,폐휴대폰,수거함 설치,서울 마포구 신촌로 84 ,민팃ATM,무상
7209,(LGU+)노은동 열매마을점,폐휴대폰,수거함 설치,대전 유성구 은구비남로33번길 18 ,민팃ATM,무상
7210,(LGU+)노형동 신노형점,폐휴대폰,수거함 설치,제주 제주시 1100로 3334 ,민팃ATM,무상
7211,(LGU+)당산동 당산역점,폐휴대폰,수거함 설치,서울 영등포구 양평로 59 ,민팃ATM,무상
7212,(LGU+)대조동 연신내물빛공원점,폐휴대폰,수거함 설치,서울 은평구 통일로 843-2 ,민팃ATM,무상
7213,(LGU+)덕천2동 만덕대로점,폐휴대폰,수거함 설치,부산 북구 만덕대로 28 ,민팃ATM,무상
7214,(LGU+)덕천동 덕천역점,폐휴대폰,수거함 설치,부산 북구 백양대로 1203 ,민팃ATM,무상
7215,(LGU+)독산동 독산홈플러스점,폐휴대폰,수거함 설치,서울 금천구 시흥대로 406 ,민팃ATM,무상
7216,(LGU+)두정동 디지털월드점,폐휴대폰,수거함 설치,충남 천안시 서북구 두정로 228 ,민팃ATM,무상
7217,(LGU+)등촌동 등촌역목동깨비시장점,폐휴대폰,수거함 설치,서울 강서구 등촌로 215 ,민팃ATM,무상
7218,(LGU+)봉담읍 동화마을점,폐휴대폰,수거함 설치,경기 화성시 봉담읍 동화길 93-2 ,민팃ATM,무상
7219,(LGU+)부평6동 부평남부점,폐휴대폰,수거함 설치,인천 부평구 동수북로 156 ,민팃ATM,무상
7220,(LGU+)부평동 부흥오거리점,폐휴대폰,수거함 설치,인천 부평구 장제로 160 ,민팃ATM,무상
7221,(LGU+)산격동 복현오거리점,폐휴대폰,수거함 설치,대구시 북구 검단로 3 ,민팃ATM,무상
7222,(LGU+)산정동 우체국점,폐휴대폰,수거함 설치,광주시 광산구 손재로110번길 42 ,민팃ATM,무상
7223,(LGU+)삼산동 젊음의거리점,폐휴대폰,수거함 설치,울산 남구 삼산로267번길 6-16 ,민팃ATM,무상
7224,(LGU+)삼전동 백제고분로점,폐휴대폰,수거함 설치,서울 송파구 백제고분로 262 ,민팃ATM,무상
7225,(LGU+)상계6.7동 노원역5번출구점,폐휴대폰,수거함 설치,서울 노원구 동일로 1392 ,민팃ATM,무상
7226,(LGU+)상동 하당점,폐휴대폰,수거함 설치,전남 목포시 백년대로 352 ,민팃ATM,무상
7227,(LGU+)서3동 농협점,폐휴대폰,수거함 설치,부산 금정구 서동로 145 ,민팃ATM,무상
7228,(LGU+)서초1동 남부터미널점,폐휴대폰,수거함 설치,서울 서초구 효령로 289 ,민팃ATM,무상
7229,(LGU+)선부3동 GS주유소점,폐휴대폰,수거함 설치,경기 안산시 단원구 달미로 75 ,민팃ATM,무상
7230,(LGU+)성남동 선샤인점,폐휴대폰,수거함 설치,대전 동구 동서대로 1690 ,민팃ATM,무상
7231,(LGU+)성연면 테크노밸리점,폐휴대폰,수거함 설치,충남 서산시 성연면 성연3로 36 ,민팃ATM,무상
7232,(LGU+)성정동 쌍용대로점,폐휴대폰,수거함 설치,충남 천안시 서북구 쌍용대로 288 ,민팃ATM,무상
7233,(LGU+)소사동 소사북부역점,폐휴대폰,수거함 설치,경기 부천시 소사로 291 ,민팃ATM,무상
7234,(LGU+)송내1동 송내남부점,폐휴대폰,수거함 설치,경기 부천시 소사구 송내대로 33 ,민팃ATM,무상
7235,(LGU+)수완동 엔제리너스점,폐휴대폰,수거함 설치,광주시 광산구 임방울대로 334 ,민팃ATM,무상
7236,(LGU+)수택1동 구리시장점,폐휴대폰,수거함 설치,경기 구리시 검배로 17 ,민팃ATM,무상
7237,(LGU+)신당동 떡볶이타운점,폐휴대폰,수거함 설치,서울 중구 다산로 225 ,민팃ATM,무상
7238,(LGU+)신방동 서부대로점,폐휴대폰,수거함 설치,충남 천안시 동남구 수곡2길 8-3 ,민팃ATM,무상
7239,(LGU+)신현동 중앙시장입구점,폐휴대폰,수거함 설치,인천 서구 가정로 379 ,민팃ATM,무상
7240,(LGU+)쌍문2동 보건소사거리점,폐휴대폰,수거함 설치,서울 도봉구 도봉로 581 ,민팃ATM,무상
7241,(LGU+)아현동 아현역점,폐휴대폰,수거함 설치,서울 마포구 마포대로21길 58 ,민팃ATM,무상
7242,(LGU+)여의도동 아일렉스점,폐휴대폰,수거함 설치,서울 영등포구 의사당대로 108 ,민팃ATM,무상
7243,(LGU+)연향동 신한은행점,폐휴대폰,수거함 설치,전남 순천시 연향3로 33 ,민팃ATM,무상
7244,(LGU+)오창읍 각리점,폐휴대폰,수거함 설치,충북 청주시 청원구 오창읍 오창중앙로 123-2 ,민팃ATM,무상
7245,(LGU+)온천동 온양온천역점,폐휴대폰,수거함 설치,충남 아산시 온천대로 1491-2 ,민팃ATM,무상
7246,(LGU+)와동 와동점,폐휴대폰,수거함 설치,경기 안산시 단원구 와동공원로 121 ,민팃ATM,무상
7247,(LGU+)용당동 동부시장점,폐휴대폰,수거함 설치,전남 목포시 산정로 166 ,민팃ATM,무상
7248,(LGU+)용전동 복합터미널점,폐휴대폰,수거함 설치,대전 동구 동서대로 1679 ,민팃ATM,무상
7249,(LGU+)우두동 우두사거리점,폐휴대폰,수거함 설치,강원 춘천시 충열로 10-6 ,민팃ATM,무상
7250,(LGU+)월계1동 석계역점,폐휴대폰,수거함 설치,서울 노원구 석계로 2 ,민팃ATM,무상
7251,(LGU+)월계동 석계역점,폐휴대폰,수거함 설치,서울 노원구 석계로 9 ,민팃ATM,무상
7252,(LGU+)월피동 월피주공점,폐휴대폰,수거함 설치,경기 안산시 상록구 충장로 572-1 ,민팃ATM,무상
7253,(LGU+)율하동 율하점,폐휴대폰,수거함 설치,경남 김해시 율하3로 41 ,민팃ATM,무상
7254,(LGU+)은행동 애플센터점,폐휴대폰,수거함 설치,대전시 중구 중앙로156번길 13 ,민팃ATM,무상
7255,(LGU+)응암동 대림시장점,폐휴대폰,수거함 설치,서울 은평구 응암로 173 ,민팃ATM,무상
7256,(LGU+)응암동 서부병원사거리점,폐휴대폰,수거함 설치,서울 은평구 응암로 323 ,민팃ATM,무상
7257,(LGU+)인현동 인현점,폐휴대폰,수거함 설치,인천 중구 우현로 85 ,민팃ATM,무상
7258,(LGU+)임당동 문화의거리점,폐휴대폰,수거함 설치,강원 강릉시 문화의길 5 ,민팃ATM,무상
7259,(LGU+)장기동 장기지구점,폐휴대폰,수거함 설치,경기 김포시 김포한강4로 113 ,민팃ATM,무상
7260,(LGU+)장항동 웨스턴돔스퀘어점,폐휴대폰,수거함 설치,경기 고양시 일산동구 정발산로 24 ,민팃ATM,무상
7261,(LGU+)전곡 국민마트점,폐휴대폰,수거함 설치,경기 연천군 전곡읍 전곡로 173 ,민팃ATM,무상
7262,(LGU+)정릉동 정릉시장입구점,폐휴대폰,수거함 설치,서울 성북구 보국문로11길 11 ,민팃ATM,무상
7263,(LGU+)좌1동 장산스위첸점,폐휴대폰,수거함 설치,부산 해운대구 세실로 80 ,민팃ATM,무상
7264,(LGU+)좌2동 해운대로점,폐휴대폰,수거함 설치,부산 해운대구 해운대로 794 ,민팃ATM,무상
7265,(LGU+)주성동 대원칸타빌점,폐휴대폰,수거함 설치,충북 청주시 청원구 율량로 100 ,민팃ATM,무상
7266,(LGU+)주안7동 인천남부시장점,폐휴대폰,수거함 설치,인천 미추홀구 인하로 272 ,민팃ATM,무상
7267,(LGU+)중1동 신중동역점,폐휴대폰,수거함 설치,경기 부천시 원미구 길주로 270 ,민팃ATM,무상
7268,(LGU+)중동 이마트점,폐휴대폰,수거함 설치,부산 해운대구 좌동순환로 505 ,민팃ATM,무상
7269,(LGU+)중동 중동시장점,폐휴대폰,수거함 설치,경기 부천시 원미구 부흥로 197 ,민팃ATM,무상
7270,(LGU+)진관동 구파발역점,폐휴대폰,수거함 설치,서울 은평구 진관2로 29-21 ,민팃ATM,무상
7271,(LGU+)창3동 쌍문역3번출구점,폐휴대폰,수거함 설치,서울 도봉구 도봉로 473 ,민팃ATM,무상
7272,(LGU+)취암동 오거리점,폐휴대폰,수거함 설치,충남 논산시 중앙로 434 ,민팃ATM,무상
7273,(LGU+)침산동 침산네거리점,폐휴대폰,수거함 설치,대구시 북구 침산로 138 ,민팃ATM,무상
7274,(LGU+)태전동 성원아파트점,폐휴대폰,수거함 설치,경기 광주시 태봉로 35 ,민팃ATM,무상
7275,(LGU+)평화동 꽃밭정점,폐휴대폰,수거함 설치,전북 전주시 완산구 모악로 4761 ,민팃ATM,무상
7276,(LGU+)포승읍 포승점,폐휴대폰,수거함 설치,경기 평택시 포승읍 여술로 17 ,민팃ATM,무상
7277,(LGU+)풍암동 우미광장점,폐휴대폰,수거함 설치,광주 서구 풍암2로 20 ,민팃ATM,무상
7278,(LGU+)화곡동 까치산역2번출구점,폐휴대폰,수거함 설치,서울 강서구 강서로 34 ,민팃ATM,무상
7279,(LGU+)화도읍 마석점,폐휴대폰,수거함 설치,경기 남양주시 화도읍 마석중앙로 63-1 ,민팃ATM,무상
7280,(LGU+)화도읍 중흥점,폐휴대폰,수거함 설치,경기 남양주시 화도읍 맷돌로 114 ,민팃ATM,무상
7281,(LGU+)화정동 광장점,폐휴대폰,수거함 설치,경기 고양시 덕양구 화신로272번길 58 ,민팃ATM,무상
7282,(LGU+)후평동 세실사거리점,폐휴대폰,수거함 설치,강원 춘천시 세실로 222 ,민팃ATM,무상
7283,(LGU+)㈜오름커뮤니케이션,폐휴대폰,수거함 설치,경기 고양시 덕양구 원흥3로 16 ,민팃ATM,무상
7284,(LGU+)가산동 디지털단지오거리점,폐휴대폰,수거함 설치,서울 금천구 디지털로 212 ,민팃ATM,무상
7285,(LGU+)건건동 반월초교점,폐휴대폰,수거함 설치,경기 안산시 상록구 건건로 38 ,민팃ATM,무상
7286,(LGU+)고양동 고양점,폐휴대폰,수거함 설치,경기 고양시 덕양구 혜음로 34 ,민팃ATM,무상
7287,(LGU+)관산동 더퍼스트프라임점,폐휴대폰,수거함 설치,경기 고양시 덕양구 통일로 760 ,민팃ATM,무상
7288,(LGU+)관양1동 동편마을점,폐휴대폰,수거함 설치,경기 안양시 동안구 관악대로 387 ,민팃ATM,무상
7289,(LGU+)구월1동 힐스테이트남문점,폐휴대폰,수거함 설치,인천 남동구 구월남로 194 ,민팃ATM,무상
7290,(LGU+)대화동 중앙로점,폐휴대폰,수거함 설치,경기 고양시 일산서구 중앙로 1567 ,민팃ATM,무상
7291,(LGU+)대흥동 이대역점,폐휴대폰,수거함 설치,서울 마포구 대흥로 193 ,민팃ATM,무상
7292,(LGU+)동문동 동문사거리점,폐휴대폰,수거함 설치,충남 서산시 고운로 219 ,민팃ATM,무상
7293,(LGU+)동선동 성신여대점,폐휴대폰,수거함 설치,서울 성북구 동소문로22길 11 ,민팃ATM,무상
7294,(LGU+)범물동 용지네거리점,폐휴대폰,수거함 설치,대구 수성구 범안로 68 ,민팃ATM,무상
7295,(LGU+)병점동 태안점,폐휴대폰,수거함 설치,경기 화성시 병점2로 38 ,민팃ATM,무상
7296,(LGU+)보라매동 보라매점,폐휴대폰,수거함 설치,서울 관악구 봉천로 217-1 ,민팃ATM,무상
7297,(LGU+)북가좌동 삼호아파트점,폐휴대폰,수거함 설치,서울 서대문구 거북골로 148 ,민팃ATM,무상
7298,(LGU+)사당1동 사당점,폐휴대폰,수거함 설치,서울 동작구 동작대로 53 ,민팃ATM,무상
7299,(LGU+)삼북동 대보식당점,폐휴대폰,수거함 설치,경북 경산시 경안로30길 2 ,민팃ATM,무상
7300,(LGU+)석남동 서구강남시장점,폐휴대폰,수거함 설치,인천 서구 가정로 291 ,민팃ATM,무상
7301,(LGU+)세류동 터미널점,폐휴대폰,수거함 설치,경기 수원시 권선구 경수대로277번길 7 ,민팃ATM,무상
7302,(LGU+)소흘읍 송우버스터미널점,폐휴대폰,수거함 설치,경기 포천시 소흘읍 솔모루로 95 ,민팃ATM,무상
7303,(LGU+)송내동 송내역남광장점,폐휴대폰,수거함 설치,경기 부천시 송내대로 34 ,민팃ATM,무상
7304,(LGU+)송악읍 미소지움점,폐휴대폰,수거함 설치,충남 당진시 송악읍 신복운로3길 19 ,민팃ATM,무상
7305,(LGU+)숭의4동 제물포역점,폐휴대폰,수거함 설치,인천 미추홀구 경인로 130 ,민팃ATM,무상
7306,(LGU+)신림동 신원시장점,폐휴대폰,수거함 설치,서울 관악구 문성로 219 ,민팃ATM,무상
7307,(LGU+)신부동 문화거리점,폐휴대폰,수거함 설치,충남 천안시 동남구 충절로 16 ,민팃ATM,무상
7308,(LGU+)신용동 첨단2지구점,폐휴대폰,수거함 설치,광주 북구 첨단연신로107번길 5 ,민팃ATM,무상
7309,(LGU+)신장동 GS마트점,폐휴대폰,수거함 설치,경기 하남시 신평로 68-1 ,민팃ATM,무상
7310,(LGU+)신창동 신창사거리점,폐휴대폰,수거함 설치,광주시 광산구 신창로 122 ,민팃ATM,무상
7311,(LGU+)심곡동 서구청역4번출구점,폐휴대폰,수거함 설치,인천 서구 서곶로 295 ,민팃ATM,무상
7312,(LGU+)안양2동 안양여고점,폐휴대폰,수거함 설치,경기 안양시 만안구 안양로 355 ,민팃ATM,무상
7313,(LGU+)오태동 금오대로점,폐휴대폰,수거함 설치,경북 구미시 금오대로 308 ,민팃ATM,무상
7314,(LGU+)용화동 용화마을점,폐휴대폰,수거함 설치,충남 아산시 용화로12번길 15-9 ,민팃ATM,무상
7315,(LGU+)원곡동 새마을금고점,폐휴대폰,수거함 설치,경기 안산시 단원구 원본로 26 ,민팃ATM,무상
7316,(LGU+)의정부1동 행복로시민광장점,폐휴대폰,수거함 설치,경기 의정부시 행복로 33 ,민팃ATM,무상
7317,(LGU+)자양동 건대로데오점,폐휴대폰,수거함 설치,서울 광진구 아차산로30길 7 ,민팃ATM,무상
7318,(LGU+)주안5동 주안역점,폐휴대폰,수거함 설치,인천 미추홀구 석정로 392 ,민팃ATM,무상
7319,(LGU+)주안6동 석바위시장점,폐휴대폰,수거함 설치,인천 미추홀구 경원대로 857 ,민팃ATM,무상
7320,(LGU+)중곡동 아차산역2점,폐휴대폰,수거함 설치,서울 광진구 천호대로 655 ,민팃ATM,무상
7321,(LGU+)중동 중동점,폐휴대폰,수거함 설치,대구 수성구 청수로 19 ,민팃ATM,무상
7322,(LGU+)중앙동 중앙시장입구점,폐휴대폰,수거함 설치,경기 동두천시 중앙로 280 ,민팃ATM,무상
7323,(LGU+)지산동 목련시장점,폐휴대폰,수거함 설치,대구 수성구 용학로 214 ,민팃ATM,무상
7324,(LGU+)행당동 한양대점,폐휴대폰,수거함 설치,서울 성동구 마조로 21 ,민팃ATM,무상
7325,(LGU+)호원2동 범골역점,폐휴대폰,수거함 설치,경기 의정부시 신흥로 125 ,민팃ATM,무상
7326,(LGU+)화곡동 까치산역3번출구점,폐휴대폰,수거함 설치,서울 강서구 강서로 45 ,민팃ATM,무상
7327,(LGU+)회천2동 리치마트옆점,폐휴대폰,수거함 설치,경기 양주시 평화로 1429 ,민팃ATM,무상
7328,(LGU+)덕산동 반월당역,폐휴대폰,수거함 설치,대구 중구 중앙대로 370 ,민팃ATM,무상
7329,(LGU+)문흥동 중흥2단지점,폐휴대폰,수거함 설치,광주 북구 서하로 388 ,민팃ATM,무상
7330,(LGU+)성환읍 성환역점,폐휴대폰,수거함 설치,충남 천안시 서북구 성환읍 성환1로 244 ,민팃ATM,무상
7331,(LGU+)진천읍 롯데리아점,폐휴대폰,수거함 설치,충북 진천군 진천읍 중앙동로 53 ,민팃ATM,무상
7332,(LGU+)가락본동 문정로데오점,폐휴대폰,수거함 설치,서울 송파구 중대로12길 35 ,민팃ATM,무상
7333,(LGU+)가오동 예시티점,폐휴대폰,수거함 설치,대전 동구 동구청로 95 ,민팃ATM,무상
7334,(LGU+)가음정동 가음정점,폐휴대폰,수거함 설치,경남 창원시 성산구 대정로 36 ,민팃ATM,무상
7335,(LGU+)강남동 강남점,폐휴대폰,수거함 설치,경남 진주시 진주대로 881 ,민팃ATM,무상
7336,(LGU+)고잔동 고잔신도시점,폐휴대폰,수거함 설치,경기 안산시 단원구 광덕대로 145 ,민팃ATM,무상
7337,(LGU+)고현동 고현중앙점,폐휴대폰,수거함 설치,경남 거제시 거제중앙로 1913 ,민팃ATM,무상
7338,(LGU+)관저동 원앙마을점,폐휴대폰,수거함 설치,대전 서구 관저북로 15 ,민팃ATM,무상
7339,(LGU+)광정동 광림프라자점,폐휴대폰,수거함 설치,경기 군포시 산본로323번길 16-15 ,민팃ATM,무상
7340,(LGU+)구갈동 기흥구청점,폐휴대폰,수거함 설치,경기 용인시 기흥구 구갈로 70 ,민팃ATM,무상
7341,(LGU+)구로동 구로디지털단지역점,폐휴대폰,수거함 설치,서울 구로구 시흥대로 571 ,민팃ATM,무상
7342,(LGU+)구월1동 구월로데오점,폐휴대폰,수거함 설치,인천 남동구 인하로489번길 22 ,민팃ATM,무상
7343,(LGU+)구의동 광진구청점,폐휴대폰,수거함 설치,서울 광진구 자양로 112 ,민팃ATM,무상
7344,(LGU+)금호동 남양파크점,폐휴대폰,수거함 설치,광주 서구 금화로 88 ,민팃ATM,무상
7345,(LGU+)논현2동 강남구청역사거리점,폐휴대폰,수거함 설치,서울 강남구 학동로 342 ,민팃ATM,무상
7346,(LGU+)대치1동 대치역점,폐휴대폰,수거함 설치,서울 강남구 남부순환로 2931 ,민팃ATM,무상
7347,(LGU+)두정동 우체국사거리점,폐휴대폰,수거함 설치,충남 천안시 서북구 오성로 51 ,민팃ATM,무상
7348,(LGU+)마두동 마두역점,폐휴대폰,수거함 설치,경기 고양시 일산동구 중앙로 1172 ,민팃ATM,무상
7349,(LGU+)만수동 은행사거리점,폐휴대폰,수거함 설치,인천 남동구 장승남로 61 ,민팃ATM,무상
7350,(LGU+)면목동 사가정역점,폐휴대폰,수거함 설치,서울 중랑구 사가정로52길 5 ,민팃ATM,무상
7351,(LGU+)무양동 상주터미널점,폐휴대폰,수거함 설치,경북 상주시 삼백로 86 ,민팃ATM,무상
7352,(LGU+)문산리 축협점,폐휴대폰,수거함 설치,경기 파주시 문산읍 문산로 42-1 ,민팃ATM,무상
7353,(LGU+)문정동 문정중점,폐휴대폰,수거함 설치,서울 송파구 새말로19길 20 ,민팃ATM,무상
7354,(LGU+)물금읍 증산역로점,폐휴대폰,수거함 설치,경남 양산시 물금읍 증산역로 155 ,민팃ATM,무상
7355,(LGU+)미사동 미사역7번출구점,폐휴대폰,수거함 설치,경기 하남시 미사강변동로 70 ,민팃ATM,무상
7356,(LGU+)방이동 방이시장동문점,폐휴대폰,수거함 설치,서울 송파구 백제고분로48길 34 ,민팃ATM,무상
7357,(LGU+)범계동 범계역1번출구점,폐휴대폰,수거함 설치,경기 안양시 동안구 동안로 128 ,민팃ATM,무상
7358,(LGU+)복대동 두진하트리움점,폐휴대폰,수거함 설치,충북 청주시 흥덕구 대신로73번길 50 ,민팃ATM,무상
7359,(LGU+)복대동 지웰2차아파트점,폐휴대폰,수거함 설치,충북 청주시 흥덕구 대농로 62 ,민팃ATM,무상
7360,(LGU+)본오2동 미즈피아점,폐휴대폰,수거함 설치,경기 안산시 상록구 샘골로 111 ,민팃ATM,무상
7361,(LGU+)봉담읍 CGV점,폐휴대폰,수거함 설치,경기 화성시 봉담읍 동화길 51 ,민팃ATM,무상
7362,(LGU+)서초1동 교대역점,폐휴대폰,수거함 설치,서울 서초구 서초대로 302 ,민팃ATM,무상
7363,(LGU+)선부2동 석수GS25점,폐휴대폰,수거함 설치,경기 안산시 단원구 석수로5길 18 ,민팃ATM,무상
7364,(LGU+)선화동 중앙로역점,폐휴대폰,수거함 설치,대전 중구 중앙로 137 ,민팃ATM,무상
7365,(LGU+)성정동 여성회관사거리점,폐휴대폰,수거함 설치,충남 천안시 서북구 동서대로 125-3 ,민팃ATM,무상
7366,(LGU+)수내동 수내역다운타운점,폐휴대폰,수거함 설치,경기 성남시 분당구 백현로 97 ,민팃ATM,무상
7367,(LGU+)수성동 수성점,폐휴대폰,수거함 설치,대구 수성구 명덕로 398 ,민팃ATM,무상
7368,(LGU+)신림동 신대방역사거리점,폐휴대폰,수거함 설치,서울 관악구 난곡로 367 ,민팃ATM,무상
7369,(LGU+)신문로2가 광화문빌딩점,폐휴대폰,수거함 설치,서울 종로구 새문안로 58 ,민팃ATM,무상
7370,(LGU+)심곡본동 부천남부역점,폐휴대폰,수거함 설치,경기 부천시 소사구 경인로 236-1 ,민팃ATM,무상
7371,(LGU+)십정2동 동암점,폐휴대폰,수거함 설치,인천 부평구 열우물로 37 ,민팃ATM,무상
7372,(LGU+)십정동 인천교통공사점,폐휴대폰,수거함 설치,인천 부평구 동암남로 38 ,민팃ATM,무상
7373,(LGU+)안암동5가 안암오거리점,폐휴대폰,수거함 설치,서울 성북구 안암로 77 ,민팃ATM,무상
7374,(LGU+)양산동 택지사거리점,폐휴대폰,수거함 설치,광주시 북구 양산로 51 ,민팃ATM,무상
7375,(LGU+)옥천동 영천시장점,폐휴대폰,수거함 설치,서울 서대문구 통일로 177 ,민팃ATM,무상
7376,(LGU+)온천동 문화의거리점,폐휴대폰,수거함 설치,충남 아산시 온궁로 27-1 ,민팃ATM,무상
7377,(LGU+)용산동 하나로마트점,폐휴대폰,수거함 설치,대구 달서구 용산로 141 ,민팃ATM,무상
7378,(LGU+)용종동 계산점,폐휴대폰,수거함 설치,인천 계양구 오조산공원로 22 ,민팃ATM,무상
7379,(LGU+)원종1동 여월점,폐휴대폰,수거함 설치,경기 부천시 오정구 소사로 719 ,민팃ATM,무상
7380,(LGU+)월계동 엘씨타워점,폐휴대폰,수거함 설치,광주시 광산구 첨단중앙로 96 ,민팃ATM,무상
7381,(LGU+)읍내동 문예의전당점,폐휴대폰,수거함 설치,충남 당진시 무수동로 132 ,민팃ATM,무상
7382,(LGU+)이도일동 이도일동점,폐휴대폰,수거함 설치,제주 제주시 중앙로 206 ,민팃ATM,무상
7383,(LGU+)일산동 일산시장점,폐휴대폰,수거함 설치,경기 고양시 일산서구 일청로 2 ,민팃ATM,무상
7384,(LGU+)임당동 롯데리아점,폐휴대폰,수거함 설치,강원 강릉시 경강로 2106 ,민팃ATM,무상
7385,(LGU+)자곡동 자곡로점,폐휴대폰,수거함 설치,서울 강남구 자곡로 202 ,민팃ATM,무상
7386,(LGU+)정관읍 광장프라자점,폐휴대폰,수거함 설치,부산 기장군 정관읍 정관7로 9-4 ,민팃ATM,무상
7387,(LGU+)정왕3동 배곧한라점,폐휴대폰,수거함 설치,경기 시흥시 배곧1로 27-16 ,민팃ATM,무상
7388,(LGU+)정왕동 배곧신도시점,폐휴대폰,수거함 설치,경기 시흥시 배곧3로 96 ,민팃ATM,무상
7389,(LGU+)주안역 센트레빌점,폐휴대폰,수거함 설치,인천 미추홀구 석정로 430 ,민팃ATM,무상
7390,(LGU+)죽동 국민은행점,폐휴대폰,수거함 설치,대전시 유성구 죽동로 291 ,민팃ATM,무상
7391,(LGU+)중1동 먹자골목점,폐휴대폰,수거함 설치,경기 부천시 원미구 조마루로297번길 61 ,민팃ATM,무상
7392,(LGU+)중동 국민은행점,폐휴대폰,수거함 설치,전북 완주군 이서면 기지로 47 ,민팃ATM,무상
7393,(LGU+)중앙동 과천점,폐휴대폰,수거함 설치,경기 과천시 중앙로 137 ,민팃ATM,무상
7394,(LGU+)천천동 천천롯데마트점,폐휴대폰,수거함 설치,경기 수원시 장안구 만석로19번길 25-6 ,민팃ATM,무상
7395,(LGU+)청북면 청북점,폐휴대폰,수거함 설치,경기 평택시 청북면 안청로 336 ,민팃ATM,무상
7396,(LGU+)춘천순환로 거두부영점,폐휴대폰,수거함 설치,강원 춘천시 동내면 춘천순환로 70 ,민팃ATM,무상
7397,(LGU+)하안동 국민은행맞은편점,폐휴대폰,수거함 설치,경기 광명시 범안로 1035 ,민팃ATM,무상
7398,(LGU+)학동 국민은행점,폐휴대폰,수거함 설치,전남 여수시 선소로 69 ,민팃ATM,무상
7399,(LGU+)해룡면 신대타운점,폐휴대폰,수거함 설치,전남 순천시 해룡면 향매로 59 ,민팃ATM,무상
7400,(LGU+)화곡동 남부시장점,폐휴대폰,수거함 설치,서울 강서구 등촌로5길 5 ,민팃ATM,무상
7401,(LGU+)후평동 포스코점,폐휴대폰,수거함 설치,강원 춘천시 후석로326번길 5 ,민팃ATM,무상
7402,(LGU+)B LG안산모바일안산대학교점,폐휴대폰,수거함 설치,경기 안산시 상록구 안산대학로 105 ,민팃ATM,무상
7403,(LGU+)가수원동 CGV점,폐휴대폰,수거함 설치,대전시 서구 도안동로11번길 33 ,민팃ATM,무상
7404,(LGU+)가오동 은어송네거리점,폐휴대폰,수거함 설치,대전 동구 은어송로 58 ,민팃ATM,무상
7405,(LGU+)가오동 은어송점,폐휴대폰,수거함 설치,대전 동구 은어송로 55 ,민팃ATM,무상
7406,(LGU+)개금동 개금역3번출구점,폐휴대폰,수거함 설치,부산 부산진구 가야대로 450 ,민팃ATM,무상
7407,(LGU+)관양2동 평촌역점,폐휴대폰,수거함 설치,경기 안양시 동안구 시민대로 311 ,민팃ATM,무상
7408,(LGU+)광정동 군포시청점,폐휴대폰,수거함 설치,경기 군포시 산본로323번길 4-21 ,민팃ATM,무상
7409,(LGU+)구갈동 기흥역더샵점,폐휴대폰,수거함 설치,경기 용인시 기흥구 기흥역로58번길10 ,민팃ATM,무상
7410,(LGU+)금곡동 금곡초교점,폐휴대폰,수거함 설치,경기 남양주시 금곡로 69 ,민팃ATM,무상
7411,(LGU+)김량장동 용인사거리점,폐휴대폰,수거함 설치,경기 용인시 처인구 백옥대로 1117 ,민팃ATM,무상
7412,(LGU+)내동 경남은행점,폐휴대폰,수거함 설치,경남 김해시 내외중앙로 75 ,민팃ATM,무상
7413,(LGU+)내동 맑은아침점,폐휴대폰,수거함 설치,대전 서구 갈마로 246 ,민팃ATM,무상
7414,(LGU+)내손1동 내손점,폐휴대폰,수거함 설치,경기 의왕시 계원대학로 2 ,민팃ATM,무상
7415,(LGU+)노형동 구노형점,폐휴대폰,수거함 설치,제주특별자치도 제주시 월랑로 13 ,민팃ATM,무상
7416,(LGU+)논현1동 신사역점,폐휴대폰,수거함 설치,서울 강남구 강남대로 600 ,민팃ATM,무상
7417,(LGU+)다산동 다산역점,폐휴대폰,수거함 설치,경기 남양주시 다산중앙로123번길 22-26 ,민팃ATM,무상
7418,(LGU+)대청동 젤미마을점,폐휴대폰,수거함 설치,경남 김해시 번화1로80번길 15 ,민팃ATM,무상
7419,(LGU+)덕포동 덕포시장점,폐휴대폰,수거함 설치,부산 사상구 사상로293번길 5 ,민팃ATM,무상
7420,(LGU+)도곡동 양재역4번출구점,폐휴대폰,수거함 설치,서울 강남구 남부순환로 2615 ,민팃ATM,무상
7421,(LGU+)도마동 도마네거리점,폐휴대폰,수거함 설치,대전시 서구 도산로 51 ,민팃ATM,무상
7422,(LGU+)동백동 동백역점,폐휴대폰,수거함 설치,경기 용인시 기흥구 동백중앙로 177 ,민팃ATM,무상
7423,(LGU+)둔산동 파랑새네거리점,폐휴대폰,수거함 설치,대전시 서구 대덕대로 229 ,민팃ATM,무상
7424,(LGU+)마두동 뉴코아백화점,폐휴대폰,수거함 설치,경기 고양시 일산동구 중앙로 1194 ,민팃ATM,무상
7425,(LGU+)망원동 망원역점,폐휴대폰,수거함 설치,서울 마포구 월드컵로 87 ,민팃ATM,무상
7426,(LGU+)명지동 법원점,폐휴대폰,수거함 설치,부산시 강서구 명지국제2로 41 ,민팃ATM,무상
7427,(LGU+)모라1동 모라점,폐휴대폰,수거함 설치,부산시 사상구 백양대로 892 ,민팃ATM,무상
7428,(LGU+)무전동 중앙대로점,폐휴대폰,수거함 설치,경남 통영시 중앙로 318 ,민팃ATM,무상
7429,(LGU+)묵동 먹골역점,폐휴대폰,수거함 설치,서울 중랑구 동일로 917 ,민팃ATM,무상
7430,(LGU+)문래동 문래점,폐휴대폰,수거함 설치,서울 영등포구 문래로 92 ,민팃ATM,무상
7431,(LGU+)문정동 아이파크점,폐휴대폰,수거함 설치,서울 송파구 법원로4길 6 ,민팃ATM,무상
7432,(LGU+)물금읍 나래메트로시티점,폐휴대폰,수거함 설치,경남 양산시 물금읍 새실로 159 ,민팃ATM,무상
7433,(LGU+)방배1동 방배로점,폐휴대폰,수거함 설치,서울 서초구 방배로 94 ,민팃ATM,무상
7434,(LGU+)방배동 이수역점,폐휴대폰,수거함 설치,서울 서초구 동작대로 108 ,민팃ATM,무상
7435,(LGU+)법2동 중앙병원점,폐휴대폰,수거함 설치,대전 대덕구 중리북로 4 ,민팃ATM,무상
7436,(LGU+)별내면 청학리점,폐휴대폰,수거함 설치,경기 남양주시 별내면 청학로68번길 3 ,민팃ATM,무상
7437,(LGU+)봉명동 유성온천역점,폐휴대폰,수거함 설치,대전 유성구 온천서로 2 ,민팃ATM,무상
7438,(LGU+)봉선동 명지아파트점,폐휴대폰,수거함 설치,광주 남구 용대로 132 ,민팃ATM,무상
7439,(LGU+)북신동 북신사거리점,폐휴대폰,수거함 설치,경남 통영시 중앙로 255 ,민팃ATM,무상
7440,(LGU+)산호동 창원야구장점,폐휴대폰,수거함 설치,경남 창원시 마산합포구 용마로 77 ,민팃ATM,무상
7441,(LGU+)상남동 상남사거리점,폐휴대폰,수거함 설치,경남 창원시 성산구 단정로 23 ,민팃ATM,무상
7442,(LGU+)상남동 원이대로점,폐휴대폰,수거함 설치,경남 창원시 성산구 원이대로 656 ,민팃ATM,무상
7443,(LGU+)상암동 누리꿈점,폐휴대폰,수거함 설치,서울 마포구 월드컵북로 396 ,민팃ATM,무상
7444,(LGU+)석관동 래미안아트리치,폐휴대폰,수거함 설치,서울 성북구 돌곶이로8길 22 ,민팃ATM,무상
7445,(LGU+)성내동 둔촌역점,폐휴대폰,수거함 설치,서울 강동구 양재대로 1371 ,민팃ATM,무상
7446,(LGU+)송죽동 종합운동장점,폐휴대폰,수거함 설치,경기 수원시 장안구 경수대로 921 ,민팃ATM,무상
7447,(LGU+)수완동 국민은행점,폐휴대폰,수거함 설치,광주시 광산구 임방울대로 348 ,민팃ATM,무상
7448,(LGU+)수진동 동우빌딩점,폐휴대폰,수거함 설치,경기 성남시 수정구 수정로 90 ,민팃ATM,무상
7449,(LGU+)수택동 한성아파트앞사거리점,폐휴대폰,수거함 설치,경기 구리시 이문안로 62 ,민팃ATM,무상
7450,(LGU+)신림동 디지털단지입구교차로점,폐휴대폰,수거함 설치,서울 관악구 시흥대로 548 ,민팃ATM,무상
7451,(LGU+)신매동 시지점,폐휴대폰,수거함 설치,대구 수성구 달구벌대로 3205 ,민팃ATM,무상
7452,(LGU+)야음동 롯데캐슬점,폐휴대폰,수거함 설치,울산시 남구 신선로 45 ,민팃ATM,무상
7453,(LGU+)양덕동 메트로센텀점,폐휴대폰,수거함 설치,경남 창원시 마산회원구 용마로 130 ,민팃ATM,무상
7454,(LGU+)양덕동 메트로퀘어점,폐휴대폰,수거함 설치,경남 창원시 마산회원구 율림교로 6 ,민팃ATM,무상
7455,(LGU+)연동 은남점,폐휴대폰,수거함 설치,제주 제주시 노연로 118-1 ,민팃ATM,무상
7456,(LGU+)영천동 동탄2신도시점,폐휴대폰,수거함 설치,경기 화성시 동탄순환대로 693 ,민팃ATM,무상
7457,(LGU+)옥련1동 옥련점,폐휴대폰,수거함 설치,인천 연수구 독배로40번길 35 ,민팃ATM,무상
7458,(LGU+)옥련2동 럭키빌딩점,폐휴대폰,수거함 설치,인천 연수구 독배로 49 ,민팃ATM,무상
7459,(LGU+)용원동 용원안골점,폐휴대폰,수거함 설치,경남 창원시 진해구 안골로 344 ,민팃ATM,무상
7460,(LGU+)용호동 용호골목시장점,폐휴대폰,수거함 설치,부산시 남구 용호로178번길 3 ,민팃ATM,무상
7461,(LGU+)운중동 주민센터점,폐휴대폰,수거함 설치,경기 성남시 분당구 운중로 128 ,민팃ATM,무상
7462,(LGU+)월평동 월평역점,폐휴대폰,수거함 설치,대전 서구 월평중로 36 ,민팃ATM,무상
7463,(LGU+)의정부1동 가능역점,폐휴대폰,수거함 설치,경기 의정부시 평화로 636 ,민팃ATM,무상
7464,(LGU+)인창동 동인초등학교점,폐휴대폰,수거함 설치,경기 구리시 동구릉로 111 ,민팃ATM,무상
7465,(LGU+)인창동 리멕스점,폐휴대폰,수거함 설치,경기 구리시 경춘로 239 ,민팃ATM,무상
7466,(LGU+)조원동 북수원홈플러스점,폐휴대폰,수거함 설치,경기 수원시 장안구 송원로 81 ,민팃ATM,무상
7467,(LGU+)주안1동 주안2호점,폐휴대폰,수거함 설치,인천 미추홀구 미추홀대로 716 ,민팃ATM,무상
7468,(LGU+)주안동 주안로점,폐휴대폰,수거함 설치,인천 미추홀구 경원대로 884 ,민팃ATM,무상
7469,(LGU+)중림동 충정로역점,폐휴대폰,수거함 설치,서울 중구 중림로 10 ,민팃ATM,무상
7470,(LGU+)중화동 중랑역점,폐휴대폰,수거함 설치,서울 중랑구 망우로 203 ,민팃ATM,무상
7471,(LGU+)태전동 메디프라자점,폐휴대폰,수거함 설치,경기 광주시 태전동로 23 ,민팃ATM,무상
7472,(LGU+)퇴계동 롯데슈퍼점,폐휴대폰,수거함 설치,강원 춘천시 영서로 2195 ,민팃ATM,무상
7473,(LGU+)하계1동 하계역점,폐휴대폰,수거함 설치,서울 노원구 한글비석로 56 ,민팃ATM,무상
7474,(LGU+)하왕십리동 왕십리역점,폐휴대폰,수거함 설치,서울 성동구 왕십리로 329 ,민팃ATM,무상
7475,(LGU+)호평동 메가박스점,폐휴대폰,수거함 설치,경기 남양주시 늘을2로 26 ,민팃ATM,무상
7476,(LGU+)호평동 호평역점,폐휴대폰,수거함 설치,경기 남양주시 늘을1로16번길 29 ,민팃ATM,무상
7477,(LGU+)화명동 하늘채2차정문점,폐휴대폰,수거함 설치,부산 북구 금곡대로285번길 19 ,민팃ATM,무상
7478,(LGU+)감삼동 삼정브리티시점,폐휴대폰,수거함 설치,대구시 달서구 달구벌대로 1530 ,민팃ATM,무상
7479,(LGU+)광안동 쌍용예가점,폐휴대폰,수거함 설치,부산 수영구 광안로 20 ,민팃ATM,무상
7480,(LGU+)괴안동 역곡남부역점,폐휴대폰,수거함 설치,경기 부천시 소사구 경인로498번길 9 ,민팃ATM,무상
7481,(LGU+)길동 천동초교사거리점,폐휴대폰,수거함 설치,서울 강동구 양재대로 1514 ,민팃ATM,무상
7482,(LGU+)논현동 논고개로점,폐휴대폰,수거함 설치,인천 남동구 논고개로 118 ,민팃ATM,무상
7483,(LGU+)논현동 논현점,폐휴대폰,수거함 설치,인천 남동구 논고개로123번길 17 ,민팃ATM,무상
7484,(LGU+)논현동 인천논현점,폐휴대폰,수거함 설치,인천 남동구 논고개로 101 ,민팃ATM,무상
7485,(LGU+)능곡동 능곡점,폐휴대폰,수거함 설치,경기 시흥시 승지로60번길 32 ,민팃ATM,무상
7486,(LGU+)단구동 롯데시네마점,폐휴대폰,수거함 설치,강원 원주시 서원대로 396 ,민팃ATM,무상
7487,(LGU+)대조동 사구사불광점,폐휴대폰,수거함 설치,서울 은평구 통일로 753 ,민팃ATM,무상
7488,(LGU+)대치동 쌍용종합상가점,폐휴대폰,수거함 설치,서울 강남구 영동대로 210 ,민팃ATM,무상
7489,(LGU+)도화동 마포역점,폐휴대폰,수거함 설치,서울 마포구 도화길 10 ,민팃ATM,무상
7490,(LGU+)둔산동 타임월드점,폐휴대폰,수거함 설치,대전 서구 둔산로 34 ,민팃ATM,무상
7491,(LGU+)등촌동 등촌3동성당점,폐휴대폰,수거함 설치,서울 강서구 화곡로63길 139 ,민팃ATM,무상
7492,(LGU+)마곡동 신방화역점,폐휴대폰,수거함 설치,서울 강서구 마곡중앙5로 81 ,민팃ATM,무상
7493,(LGU+)망우역 엔터식스점,폐휴대폰,수거함 설치,서울 중랑구 망우로 353 ,민팃ATM,무상
7494,(LGU+)목동 오목교역점,폐휴대폰,수거함 설치,서울 양천구 오목로 345 ,민팃ATM,무상
7495,(LGU+)문화동 경남대정문점,폐휴대폰,수거함 설치,경남 창원시 마산합포구 해안대로 1 ,민팃ATM,무상
7496,(LGU+)문화동 문화마을점,폐휴대폰,수거함 설치,대전 중구 계백로1716번길 26 ,민팃ATM,무상
7497,(LGU+)물금읍 청운로점,폐휴대폰,수거함 설치,경남 양산시 물금읍 청운로 178 ,민팃ATM,무상
7498,(LGU+)반송동 동탄북광장점,폐휴대폰,수거함 설치,경기 화성시 동탄중심상가2길 2 ,민팃ATM,무상
7499,(LGU+)반포4동 센트럴시티점,폐휴대폰,수거함 설치,서울 서초구 신반포로 176 ,민팃ATM,무상
7500,(LGU+)방배동 사당역점,폐휴대폰,수거함 설치,서울 서초구 동작대로 22 ,민팃ATM,무상
7501,(LGU+)배방읍 푸르지오점,폐휴대폰,수거함 설치,충남 아산시 배방읍 배방로 49 ,민팃ATM,무상
7502,(LGU+)복대동 지웰시티몰점,폐휴대폰,수거함 설치,충북 청주시 흥덕구 대농로 43 ,민팃ATM,무상
7503,(LGU+)본리동 달서시장점,폐휴대폰,수거함 설치,대구 달서구 당산로 35 ,민팃ATM,무상
7504,(LGU+)부개3동 기적의도서관점,폐휴대폰,수거함 설치,인천 부평구 길주남로 159 ,민팃ATM,무상
7505,(LGU+)부발읍 하이닉스사거리점,폐휴대폰,수거함 설치,경기 이천시 부발읍 경충대로2092번길 20 ,민팃ATM,무상
7506,(LGU+)사천읍 사천점,폐휴대폰,수거함 설치,경남 사천시 사천읍 평화1길 46 ,민팃ATM,무상
7507,(LGU+)산본1동 산본시장점,폐휴대폰,수거함 설치,경기 군포시 금산로 94 ,민팃ATM,무상
7508,(LGU+)삼계동 부산은행점,폐휴대폰,수거함 설치,경남 김해시 삼계중앙로 35 ,민팃ATM,무상
7509,(LGU+)삼산동 삼산점,폐휴대폰,수거함 설치,인천 부평구 체육관로 38 ,민팃ATM,무상
7510,(LGU+)상1동 송내역점,폐휴대폰,수거함 설치,경기 부천시 원미구 상일로 96 ,민팃ATM,무상
7511,(LGU+)상남동 상남점,폐휴대폰,수거함 설치,경남 창원시 성산구 마디미서로 34 ,민팃ATM,무상
7512,(LGU+)상도동 상도노빌리티점,폐휴대폰,수거함 설치,서울 동작구 만양로 6 ,민팃ATM,무상
7513,(LGU+)서현1동 서현역6번출구점,폐휴대폰,수거함 설치,경기 성남시 분당구 분당로53번길 15 ,민팃ATM,무상
7514,(LGU+)석동 시네마점,폐휴대폰,수거함 설치,경남 창원시 진해구 진해대로 752 ,민팃ATM,무상
7515,(LGU+)선부3동 동명상가점,폐휴대폰,수거함 설치,경기 안산시 단원구 선부광장1로 82 ,민팃ATM,무상
7516,(LGU+)소사본동 소사신도시점,폐휴대폰,수거함 설치,경기 부천시 소사동로 82 ,민팃ATM,무상
7517,(LGU+)송내동 둘리공원점,폐휴대폰,수거함 설치,경기 부천시 부일로 203 ,민팃ATM,무상
7518,(LGU+)송도동 송도센타프라자점,폐휴대폰,수거함 설치,인천 연수구 신송로 121 ,민팃ATM,무상
7519,(LGU+)송산2동 신안아파트점,폐휴대폰,수거함 설치,경기 의정부시 용현로 143 ,민팃ATM,무상
7520,(LGU+)송산2동 어룡역점,폐휴대폰,수거함 설치,경기 의정부시 효자로 10 ,민팃ATM,무상
7521,(LGU+)신갈동 신갈오거리하나은행점,폐휴대폰,수거함 설치,경기 용인시 기흥구 신갈로 52 ,민팃ATM,무상
7522,(LGU+)신곡1동 주민센터점,폐휴대폰,수거함 설치,경기 의정부시 발곡로 22 ,민팃ATM,무상
7523,(LGU+)신내동 신아타운점,폐휴대폰,수거함 설치,서울 중랑구 봉화산로 194 ,민팃ATM,무상
7524,(LGU+)신봉동 신봉자이점,폐휴대폰,수거함 설치,경기 용인시 수지구 신봉2로 2 ,민팃ATM,무상
7525,(LGU+)신월동 신월사거리점,폐휴대폰,수거함 설치,서울 양천구 가로공원로 105 ,민팃ATM,무상
7526,(LGU+)신천동 삼미시장3호점,폐휴대폰,수거함 설치,경기 시흥시 삼미시장1길 17 ,민팃ATM,무상
7527,(LGU+)신천동 신천역점,폐휴대폰,수거함 설치,대구 동구 송라로 87 ,민팃ATM,무상
7528,(LGU+)신흥동 신동아파라디움점,폐휴대폰,수거함 설치,경기 성남시 수정구 공원로 322 ,민팃ATM,무상
7529,(LGU+)쌍암동 첨단프라자점,폐휴대폰,수거함 설치,광주시 광산구 월계로 217 ,민팃ATM,무상
7530,(LGU+)아라동 아라점,폐휴대폰,수거함 설치,제주 제주시 승천로 82 ,민팃ATM,무상
7531,(LGU+)양재동 포이사거리점,폐휴대폰,수거함 설치,서울 서초구 논현로 71 ,민팃ATM,무상
7532,(LGU+)연산동 시청스마트W상가점,폐휴대폰,수거함 설치,부산 연제구 연수로 103 ,민팃ATM,무상
7533,(LGU+)용담일동 터미널점,폐휴대폰,수거함 설치,제주 제주시 서광로 167 ,민팃ATM,무상
7534,(LGU+)원곡동 보성상가점,폐휴대폰,수거함 설치,경기 안산시 단원구 라성로 48 ,민팃ATM,무상
7535,(LGU+)은행동 샤르망프라자점,폐휴대폰,수거함 설치,경기 시흥시 은계번영길 40 ,민팃ATM,무상
7536,(LGU+)인창동 구리등기소점,폐휴대폰,수거함 설치,경기 구리시 건원대로34번길 9 ,민팃ATM,무상
7537,(LGU+)자양동 뚝섬유원지점,폐휴대폰,수거함 설치,서울 광진구 뚝섬로 523 ,민팃ATM,무상
7538,(LGU+)잠실동 새마을시장입구점,폐휴대폰,수거함 설치,서울 송파구 석촌호수로 80 ,민팃ATM,무상
7539,(LGU+)장덕동 성덕중4거리점,폐휴대폰,수거함 설치,광주 광산구 풍영로 257 ,민팃ATM,무상
7540,(LGU+)중산동 중산마을점,폐휴대폰,수거함 설치,경기 고양시 일산동구 탄중로 429 ,민팃ATM,무상
7541,(LGU+)창동 창동역1번출구점,폐휴대폰,수거함 설치,서울 도봉구 마들로11길 71 ,민팃ATM,무상
7542,(LGU+)천호동 천호역점,폐휴대폰,수거함 설치,서울 강동구 천호대로 997 ,민팃ATM,무상
7543,(LGU+)풍무동 풍무점,폐휴대폰,수거함 설치,경기 김포시 풍무로 96 ,민팃ATM,무상
7544,(LGU+)행신동 서정마을점,폐휴대폰,수거함 설치,경기 고양시 덕양구 중앙로 438 ,민팃ATM,무상
7545,(LGU+)향남읍 행정중앙점,폐휴대폰,수거함 설치,경기 화성시 향남읍 행정중앙2로 33 ,민팃ATM,무상
7546,(LGU+)호계동 평촌학원가점,폐휴대폰,수거함 설치,경기 안양시 동안구 평촌대로 137-1 ,민팃ATM,무상
7547,(LGU+)홍북읍 내포신도시점,폐휴대폰,수거함 설치,충남 홍성군 홍북읍 청사로 36 ,민팃ATM,무상
7548,(LGU+)화명3동 금곡대로점,폐휴대폰,수거함 설치,부산 북구 금곡대로 287 ,민팃ATM,무상
7549,(LGU+)화명동 롯데마트점,폐휴대폰,수거함 설치,부산 북구 금곡대로303번길 2 ,민팃ATM,무상
7550,(LGU+)화정동 화정공원점,폐휴대폰,수거함 설치,경기 고양시 덕양구 화신로 263 ,민팃ATM,무상
7551,(LGU+)가음동 센텀주상가,폐휴대폰,수거함 설치,경남 창원시 성산구 가음정로 59 ,민팃ATM,무상
7552,(LGU+)개포4동 국민은행삼거리점,폐휴대폰,수거함 설치,서울 강남구 개포로 229 ,민팃ATM,무상
7553,(LGU+)계산1동 계산삼거리점,폐휴대폰,수거함 설치,인천 계양구 계양대로 214 ,민팃ATM,무상
7554,(LGU+)고잔2동 안산롯데백화점점,폐휴대폰,수거함 설치,경기 안산시 단원구 고잔1길 16 ,민팃ATM,무상
7555,(LGU+)고잔동 월드타운사거리점,폐휴대폰,수거함 설치,경기 안산시 단원구 광덕대로 174 ,민팃ATM,무상
7556,(LGU+)광정동 산본로데오점,폐휴대폰,수거함 설치,경기 군포시 산본로323번길 16-29 ,민팃ATM,무상
7557,(LGU+)구월1동 구월시장점,폐휴대폰,수거함 설치,인천 남동구 호구포로 781 ,민팃ATM,무상
7558,(LGU+)구월동 구월신세계점,폐휴대폰,수거함 설치,인천 남동구 인하로 497-8 ,민팃ATM,무상
7559,(LGU+)구월동 아시아드점,폐휴대폰,수거함 설치,인천 남동구 인하로 616 ,민팃ATM,무상
7560,(LGU+)금천동 국민은행점,폐휴대폰,수거함 설치,충북 청주시 상당구 수영로 277 ,민팃ATM,무상
7561,(LGU+)금촌동 금릉지하차도점,폐휴대폰,수거함 설치,경기 파주시 금빛로 24-27 ,민팃ATM,무상
7562,(LGU+)당산동 영등포구청점,폐휴대폰,수거함 설치,서울 영등포구 당산로 136-1 ,민팃ATM,무상
7563,(LGU+)대화동 대화사거리점,폐휴대폰,수거함 설치,경기 고양시 일산서구 중앙로 1576 ,민팃ATM,무상
7564,(LGU+)동천동 동천육교점,폐휴대폰,수거함 설치,대구 북구 학정로 421 ,민팃ATM,무상
7565,(LGU+)두정동 먹자골목점,폐휴대폰,수거함 설치,충남 천안시 서북구 두정로 168 ,민팃ATM,무상
7566,(LGU+)망포동 신영통점,폐휴대폰,수거함 설치,경기 수원시 영통구 영통로 124 ,민팃ATM,무상
7567,(LGU+)명장2동 조양상가점,폐휴대폰,수거함 설치,부산시 동래구 반송로273번길 2 ,민팃ATM,무상
7568,(LGU+)무실동 원주시청점,폐휴대폰,수거함 설치,강원 원주시 시청로 74 ,민팃ATM,무상
7569,(LGU+)무전동 통영점,폐휴대폰,수거함 설치,경남 통영시 무전8길 22-16 ,민팃ATM,무상
7570,(LGU+)미아동 미아역5번출구점,폐휴대폰,수거함 설치,서울 강북구 도봉로 187 ,민팃ATM,무상
7571,(LGU+)반송동 솔빛사거리점,폐휴대폰,수거함 설치,경기 화성시 동탄반석로 120 ,민팃ATM,무상
7572,(LGU+)보정동 주민센터점,폐휴대폰,수거함 설치,경기 용인시 기흥구 죽전로 39 ,민팃ATM,무상
7573,(LGU+)본오3동 주민센터점,폐휴대폰,수거함 설치,경기 안산시 상록구 본삼로 39 ,민팃ATM,무상
7574,(LGU+)봉명동 유성온천네거리점,폐휴대폰,수거함 설치,대전 유성구 온천로 45 ,민팃ATM,무상
7575,(LGU+)부여읍 시장입구점,폐휴대폰,수거함 설치,충남 부여군 부여읍 사비로 86 ,민팃ATM,무상
7576,(LGU+)부평4동 부평시장점,폐휴대폰,수거함 설치,인천 부평구 부평4동 440-5 ,민팃ATM,무상
7577,(LGU+)부평동 부평북부역점,폐휴대폰,수거함 설치,인천 부평구 광장로 4 ,민팃ATM,무상
7578,(LGU+)북면 감계점,폐휴대폰,수거함 설치,경남 창원시 의창구 북면 감계로 304 ,민팃ATM,무상
7579,(LGU+)분평동 우체국점,폐휴대폰,수거함 설치,충북 청주시 서원구 월평로 69 ,민팃ATM,무상
7580,(LGU+)불광동 연신내역점,폐휴대폰,수거함 설치,서울 은평구 통일로 850 ,민팃ATM,무상
7581,(LGU+)불당동 더샵사거리점,폐휴대폰,수거함 설치,충남 천안시 서북구 불당26로 77 ,민팃ATM,무상
7582,(LGU+)삼문동 코아상가점,폐휴대폰,수거함 설치,경남 김해시 장유로 232 ,민팃ATM,무상
7583,(LGU+)삼향읍 국민은행점,폐휴대폰,수거함 설치,전남 무안군 삼향읍 남악3로 80 ,민팃ATM,무상
7584,(LGU+)성정동 롯데마트점,폐휴대폰,수거함 설치,충남 천안시 서북구 동서대로 163 ,민팃ATM,무상
7585,(LGU+)세류동 세류점,폐휴대폰,수거함 설치,경기 수원시 권선구 세지로 93 ,민팃ATM,무상
7586,(LGU+)수내동 수내로데오점,폐휴대폰,수거함 설치,경기 성남시 분당구 백현로101번길 17 ,민팃ATM,무상
7587,(LGU+)식사동 스타타워,폐휴대폰,수거함 설치,경기 고양시 일산동구 위시티2로11번길 31 ,민팃ATM,무상
7588,(LGU+)신장동 하남시청점,폐휴대폰,수거함 설치,경기 하남시 대청로 15 ,민팃ATM,무상
7589,(LGU+)쌍용동 롯데마트점,폐휴대폰,수거함 설치,충남 천안시 서북구 월봉로 93 ,민팃ATM,무상
7590,(LGU+)역곡동 역곡농협사거리점,폐휴대폰,수거함 설치,경기 부천시 원미구 지봉로 100 ,민팃ATM,무상
7591,(LGU+)연제동 롯데슈퍼점,폐휴대폰,수거함 설치,광주 북구 양일로 66 ,민팃ATM,무상
7592,(LGU+)연희동 청라점,폐휴대폰,수거함 설치,인천 서구 중봉대로 588 ,민팃ATM,무상
7593,(LGU+)오산동 롯데마트점,폐휴대폰,수거함 설치,경기 오산시 성호대로 89 ,민팃ATM,무상
7594,(LGU+)오창읍 오창프라자점,폐휴대폰,수거함 설치,충북 청주시 청원구 오창읍 중심상업로 7 ,민팃ATM,무상
7595,(LGU+)옥련동 옥련중학교점,폐휴대폰,수거함 설치,인천 연수구 청량로 217 ,민팃ATM,무상
7596,(LGU+)외동 내외시장점,폐휴대폰,수거함 설치,경남 김해시 내외로 80 ,민팃ATM,무상
7597,(LGU+)외동 오로라빌딩점,폐휴대폰,수거함 설치,경남 김해시 내외중앙로 27 ,민팃ATM,무상
7598,(LGU+)용호1동 분포로점,폐휴대폰,수거함 설치,부산 남구 분포로 111 ,민팃ATM,무상
7599,(LGU+)우동 센텀중앙로점,폐휴대폰,수거함 설치,부산 해운대구 센텀중앙로 48 ,민팃ATM,무상
7600,(LGU+)우만2동 우만점,폐휴대폰,수거함 설치,경기 수원시 팔달구 중부대로 245 ,민팃ATM,무상
7601,(LGU+)월계동 컨벤션점,폐휴대폰,수거함 설치,광주시 광산구 첨단중앙로 102 ,민팃ATM,무상
7602,(LGU+)유촌동 버들마을점,폐휴대폰,수거함 설치,광주 서구 상무버들로 28 ,민팃ATM,무상
7603,(LGU+)은천동 은천길점,폐휴대폰,수거함 설치,서울 관악구 은천로 37 ,민팃ATM,무상
7604,(LGU+)이동 한대앞점,폐휴대폰,수거함 설치,경기 안산시 상록구 광덕1로 370 ,민팃ATM,무상
7605,(LGU+)인창동 일신건영점,폐휴대폰,수거함 설치,경기 구리시 동구릉로 95 ,민팃ATM,무상
7606,(LGU+)잠실동 트리지움상가점,폐휴대폰,수거함 설치,서울 송파구 석촌호수로 61 ,민팃ATM,무상
7607,(LGU+)장전2동 부산대학로점,폐휴대폰,수거함 설치,부산 금정구 부산대학로 57 ,민팃ATM,무상
7608,(LGU+)장지동 위례광장로점,폐휴대폰,수거함 설치,서울 송파구 위례광장로 290 ,민팃ATM,무상
7609,(LGU+)재송2동 동부지법점,폐휴대폰,수거함 설치,부산시 해운대구 재반로 117 ,민팃ATM,무상
7610,(LGU+)정왕1동 시화로데오점,폐휴대폰,수거함 설치,경기 시흥시 중심상가3길 22 ,민팃ATM,무상
7611,(LGU+)정왕동 아브뉴프랑점,폐휴대폰,수거함 설치,경기 시흥시 서울대학로278번길 34 ,민팃ATM,무상
7612,(LGU+)정왕본동 정왕역점,폐휴대폰,수거함 설치,경기 시흥시 마유로418번길 18 ,민팃ATM,무상
7613,(LGU+)중3동 중흥마을점,폐휴대폰,수거함 설치,경기 부천시 원미구 길주로 243 ,민팃ATM,무상
7614,(LGU+)중동 유니시티점,폐휴대폰,수거함 설치,경남 창원시 의창구 중동중앙로 47 ,민팃ATM,무상
7615,(LGU+)중동 트리플타워점,폐휴대폰,수거함 설치,경기 부천시 원미구 신흥로 199 ,민팃ATM,무상
7616,(LGU+)중앙동 중앙로점,폐휴대폰,수거함 설치,전남 나주시 중앙로 38-1 ,민팃ATM,무상
7617,(LGU+)중앙동 통영중앙점,폐휴대폰,수거함 설치,경남 통영시 중앙로 150 ,민팃ATM,무상
7618,(LGU+)지족동 반석역점,폐휴대폰,수거함 설치,대전시 유성구 지족로 374 ,민팃ATM,무상
7619,(LGU+)태평동 태평시장입구점,폐휴대폰,수거함 설치,대전 중구 평촌로 111 ,민팃ATM,무상
7620,(LGU+)태화동 태화시장점,폐휴대폰,수거함 설치,울산 중구 화진1길 3 ,민팃ATM,무상
7621,(LGU+)평택동 평택우체국점,폐휴대폰,수거함 설치,경기 평택시 평택2로 37 ,민팃ATM,무상
7622,(LGU+)행신동 가라뫼사거리점,폐휴대폰,수거함 설치,경기 고양시 덕양구 행신로 266 ,민팃ATM,무상
7623,(LGU+)행신동 행신사거리점,폐휴대폰,수거함 설치,경기 고양시 덕양구 충경로 38 ,민팃ATM,무상
7624,(LGU+)향남읍 홈플러스점,폐휴대폰,수거함 설치,경기 화성시 향남읍 향남로 392 ,민팃ATM,무상
7625,(LGU+)화명동 수정역점,폐휴대폰,수거함 설치,부산시 북구 금곡대로 175 ,민팃ATM,무상
7626,(LGU+)화정동 고양경찰서점,폐휴대폰,수거함 설치,경기 고양시 덕양구 중앙로 628 ,민팃ATM,무상
7627,(LGU+)화정동 로데오입구점,폐휴대폰,수거함 설치,경기 고양시 덕양구 화중로72 ,민팃ATM,무상
7628,(LGU+)간석2동 간석래미안점,폐휴대폰,수거함 설치,인천 남동구 석산로 157 ,민팃ATM,무상
7629,(LGU+)거여동 마천사거리점,폐휴대폰,수거함 설치,서울 송파구 거마로 51 ,민팃ATM,무상
7630,(LGU+)고잔동 고잔신한은행점,폐휴대폰,수거함 설치,경기 안산시 단원구 광덕동로 61 ,민팃ATM,무상
7631,(LGU+)공도읍 진사리점,폐휴대폰,수거함 설치,경기 안성시 공도읍 진사길 18 ,민팃ATM,무상
7632,(LGU+)공릉동 공릉역점,폐휴대폰,수거함 설치,서울 노원구 동일로 1077 ,민팃ATM,무상
7633,(LGU+)관양1동 수촌농협점,폐휴대폰,수거함 설치,경기 안양시 동안구 관악대로 287 ,민팃ATM,무상
7634,(LGU+)난곡동 난곡사거리점,폐휴대폰,수거함 설치,서울 관악구 난곡로 310 ,민팃ATM,무상
7635,(LGU+)노량진동 노량진역4번출구점,폐휴대폰,수거함 설치,서울 동작구 노량진로 132 ,민팃ATM,무상
7636,(LGU+)대명동 대명점,폐휴대폰,수거함 설치,대구 남구 월배로 468 ,민팃ATM,무상
7637,(LGU+)대야동 롯데마트점,폐휴대폰,수거함 설치,경기 시흥시 비둘기공원7길 45 ,민팃ATM,무상
7638,(LGU+)대치동 선릉역점,폐휴대폰,수거함 설치,서울 강남구 선릉로 424 ,민팃ATM,무상
7639,(LGU+)덕풍동 하남프라자점,폐휴대폰,수거함 설치,경기 하남시 신장로 156 ,민팃ATM,무상
7640,(LGU+)도당동 도당점,폐휴대폰,수거함 설치,경기 부천시 원미구 옥산로 153 ,민팃ATM,무상
7641,(LGU+)동선동 돈암점,폐휴대폰,수거함 설치,서울 성북구 동소문로 119 ,민팃ATM,무상
7642,(LGU+)동천동 주민센터점,폐휴대폰,수거함 설치,광주시 서구 유림로 100 ,민팃ATM,무상
7643,(LGU+)동춘2동 한양상가점,폐휴대폰,수거함 설치,인천 연수구 앵고개로264번길 10-3 ,민팃ATM,무상
7644,(LGU+)망월동 미사상업지구점,폐휴대폰,수거함 설치,경기 하남시 미사강변대로226번안길 15 ,민팃ATM,무상
7645,(LGU+)문화동 홈플러스점,폐휴대폰,수거함 설치,대전 중구 계백로1686번길 16 ,민팃ATM,무상
7646,(LGU+)미아동 미아사거리역점,폐휴대폰,수거함 설치,서울 강북구 도봉로 45 ,민팃ATM,무상
7647,(LGU+)미아동 수유시장점,폐휴대폰,수거함 설치,서울 강북구 도봉로 247-1 ,민팃ATM,무상
7648,(LGU+)반여3동 반여점,폐휴대폰,수거함 설치,부산 해운대구 재반로 244 ,민팃ATM,무상
7649,(LGU+)병점동 홈플러스점,폐휴대폰,수거함 설치,경기 화성시 떡전골로 60 ,민팃ATM,무상
7650,(LGU+)비전동 소사벌점,폐휴대폰,수거함 설치,경기 평택시 평남로 937 ,민팃ATM,무상
7651,(LGU+)사창동 두진하트리움점,폐휴대폰,수거함 설치,충북 청주시 서원구 사직대로 160 ,민팃ATM,무상
7652,(LGU+)삼계동 파크프라자점,폐휴대폰,수거함 설치,경남 김해시 삼계중앙로 23 ,민팃ATM,무상
7653,(LGU+)서정동 서정리역점,폐휴대폰,수거함 설치,경기 평택시 정암로 4 ,민팃ATM,무상
7654,(LGU+)서정동 송탄출장소점,폐휴대폰,수거함 설치,경기 평택시 관광특구로 37 ,민팃ATM,무상
7655,(LGU+)서초2동 강남역6번출구점,폐휴대폰,수거함 설치,서울 서초구 강남대로 375 ,민팃ATM,무상
7656,(LGU+)선학동 선학역점,폐휴대폰,수거함 설치,인천 연수구 경원대로483번길 14 ,민팃ATM,무상
7657,(LGU+)성정동 극동아파트점,폐휴대폰,수거함 설치,충남 천안시 서북구 서부대로 688 ,민팃ATM,무상
7658,(LGU+)소답동 소답시장점,폐휴대폰,수거함 설치,경남 창원시 의창구 읍성로 58 ,민팃ATM,무상
7659,(LGU+)송도동 더샵퍼스트월드점,폐휴대폰,수거함 설치,인천 연수구 해돋이로 107 ,민팃ATM,무상
7660,(LGU+)송도동 센트럴파크점,폐휴대폰,수거함 설치,인천 연수구 센트럴로 160 ,민팃ATM,무상
7661,(LGU+)수택1동 남양시장점,폐휴대폰,수거함 설치,경기 구리시 검배로 55 ,민팃ATM,무상
7662,(LGU+)수택동 장자호수공원점,폐휴대폰,수거함 설치,경기 구리시 장자대로 80 ,민팃ATM,무상
7663,(LGU+)신곡2동 주민센터점,폐휴대폰,수거함 설치,경기 의정부시 추동로 9 ,민팃ATM,무상
7664,(LGU+)신사동 압구정점,폐휴대폰,수거함 설치,서울 강남구 압구정로 144 ,민팃ATM,무상
7665,(LGU+)신흥동 이마트점,폐휴대폰,수거함 설치,경기 성남시 수정구 수정로 188 ,민팃ATM,무상
7666,(LGU+)심곡본동 부천남부시장점,폐휴대폰,수거함 설치,경기 부천시 소사구 경인로 231 ,민팃ATM,무상
7667,(LGU+)양지동 은행시장점,폐휴대폰,수거함 설치,경기 성남시 수정구 산성대로 527 ,민팃ATM,무상
7668,(LGU+)역동 CGV점,폐휴대폰,수거함 설치,경기 광주시 중앙로 97 ,민팃ATM,무상
7669,(LGU+)연산9동 과정로점,폐휴대폰,수거함 설치,부산 연제구 과정로 230 ,민팃ATM,무상
7670,(LGU+)영등포동 영등포역점,폐휴대폰,수거함 설치,서울 영등포구 영신로19길 5 ,민팃ATM,무상
7671,(LGU+)영화동 KT지사점,폐휴대폰,수거함 설치,경기 수원시 장안구 정조로 957 ,민팃ATM,무상
7672,(LGU+)옥산면 자이아파트,폐휴대폰,수거함 설치,충북 청주시 흥덕구 옥산면 오송가락로 1061 ,민팃ATM,무상
7673,(LGU+)외동 전통시장점,폐휴대폰,수거함 설치,경남 김해시 함박로101번길 16 ,민팃ATM,무상
7674,(LGU+)용현3동 용현점,폐휴대폰,수거함 설치,인천 미추홀구 독배로 426 ,민팃ATM,무상
7675,(LGU+)용현5동 토지금고시장점,폐휴대폰,수거함 설치,인천 미추홀구 토금남로 41-1 ,민팃ATM,무상
7676,(LGU+)용현5동 토지점,폐휴대폰,수거함 설치,인천 미추홀구 낙섬중로 45-1 ,민팃ATM,무상
7677,(LGU+)우동 스펀지앞점,폐휴대폰,수거함 설치,부산 해운대구 중동1로 12 ,민팃ATM,무상
7678,(LGU+)우정읍 조암점,폐휴대폰,수거함 설치,경기 화성시 우정읍 조암남로 20 ,민팃ATM,무상
7679,(LGU+)원곡동 라성호텔점,폐휴대폰,수거함 설치,경기 안산시 단원구 원곡동 847 ,민팃ATM,무상
7680,(LGU+)원미2동 원미시장점,폐휴대폰,수거함 설치,경기 부천시 원미로 97-1 ,민팃ATM,무상
7681,(LGU+)율량동 롯데슈퍼점,폐휴대폰,수거함 설치,충북 청주시 청원구 율봉로168번길 7-1 ,민팃ATM,무상
7682,(LGU+)이동 이동파리바게뜨점,폐휴대폰,수거함 설치,경기 안산시 상록구 도매시장로 37 ,민팃ATM,무상
7683,(LGU+)이촌동 이촌점,폐휴대폰,수거함 설치,서울 용산구 이촌로 248 ,민팃ATM,무상
7684,(LGU+)인창동 구리역점,폐휴대폰,수거함 설치,경기 구리시 경춘로 253 ,민팃ATM,무상
7685,(LGU+)일동 일동GS25점,폐휴대폰,수거함 설치,경기 안산시 상록구 도매시장로 119 ,민팃ATM,무상
7686,(LGU+)장곡동 신협점,폐휴대폰,수거함 설치,경기 시흥시 진말로9번길 2 ,민팃ATM,무상
7687,(LGU+)장전3동 부산대역1번출구끝점,폐휴대폰,수거함 설치,부산 금정구 금정로 60 ,민팃ATM,무상
7688,(LGU+)중계4동 상계역점,폐휴대폰,수거함 설치,서울 노원구 한글비석로 384 ,민팃ATM,무상
7689,(LGU+)중산동 영종하늘신도시점,폐휴대폰,수거함 설치,인천 중구 하늘중앙로195번길 23 ,민팃ATM,무상
7690,(LGU+)창3동 신창시장점,폐휴대폰,수거함 설치,서울 도봉구 덕릉로 236 ,민팃ATM,무상
7691,(LGU+)초량2동 부산역점,폐휴대폰,수거함 설치,부산 동구 중앙대로 211 ,민팃ATM,무상
7692,(LGU+)초전동 초전점,폐휴대폰,수거함 설치,경남 진주시 초전북로 65 ,민팃ATM,무상
7693,(LGU+)태평동 태평동우체국점,폐휴대폰,수거함 설치,경기 성남시 수정구 수정로 115 ,민팃ATM,무상
7694,(LGU+)판암동 판암역점,폐휴대폰,수거함 설치,대전 동구 옥천로 183 ,민팃ATM,무상
7695,(LGU+)팔용동 팔용주민센터점,폐휴대폰,수거함 설치,경남 창원시 의창구 팔용로 438 ,민팃ATM,무상
7696,(LGU+)포천동 신읍점,폐휴대폰,수거함 설치,경기 포천시 중앙로 133 ,민팃ATM,무상
7697,(LGU+)하안동 하안사거리우덕빌딩점,폐휴대폰,수거함 설치,경기 광명시 범안로 1047 ,민팃ATM,무상
7698,(LGU+)화명1동 화명대로점,폐휴대폰,수거함 설치,부산 북구 화명대로 68 ,민팃ATM,무상
7699,(LGU+)화명3동 화명역2점,폐휴대폰,수거함 설치,부산 북구 화명대로 31 ,민팃ATM,무상
7700,(LGU+)화정동 덕양구청점,폐휴대폰,수거함 설치,경기 고양시 덕양구 화중로104번길 30 ,민팃ATM,무상
7701,(LGU+)화정동 화정힐스테이트점,폐휴대폰,수거함 설치,광주 서구 화운로 94 ,민팃ATM,무상
7702,(LGU+)회천1동 덕정역점,폐휴대폰,수거함 설치,경기 양주시 화합로 1355 ,민팃ATM,무상
7703,(LGU+)B LG제우스텔레콤보건소사거리점,폐휴대폰,수거함 설치,전남 목포시 청호로 141 ,민팃ATM,무상
7704,(LGU+)갈마동 갈마네거리점,폐휴대폰,수거함 설치,대전 서구 계룡로 353 ,민팃ATM,무상
7705,(LGU+)갈마동 소방서점,폐휴대폰,수거함 설치,대전 서구 갈마중로 9 ,민팃ATM,무상
7706,(LGU+)감곡면 새마을금고점,폐휴대폰,수거함 설치,충북 음성군 감곡면 장감로 131 ,민팃ATM,무상
7707,(LGU+)개봉동 개봉시장점,폐휴대폰,수거함 설치,서울 구로구 개봉로 63 ,민팃ATM,무상
7708,(LGU+)고촌읍 고촌점,폐휴대폰,수거함 설치,경기 김포시 고촌읍 김포대로 329 ,민팃ATM,무상
7709,(LGU+)곤지암읍 곤지암터미널점,폐휴대폰,수거함 설치,경기 광주시 곤지암읍 곤지암로 43 ,민팃ATM,무상
7710,(LGU+)관저동 구봉마을점,폐휴대폰,수거함 설치,대전 서구 관저중로 92 ,민팃ATM,무상
7711,(LGU+)관저동 하이존점,폐휴대폰,수거함 설치,대전 서구 관저로 157 ,민팃ATM,무상
7712,(LGU+)구례읍 구례경찰서점,폐휴대폰,수거함 설치,전남 구례군 구례읍 로터리길 2 ,민팃ATM,무상
7713,(LGU+)도원동 사거리점,폐휴대폰,수거함 설치,전남 여수시 무선로 6 ,민팃ATM,무상
7714,(LGU+)독산동 독산사거리점,폐휴대폰,수거함 설치,서울 금천구 시흥대로 427 ,민팃ATM,무상
7715,(LGU+)동문동 동부시장점,폐휴대폰,수거함 설치,충남 서산시 시장1로 13 ,민팃ATM,무상
7716,(LGU+)동문동 주민센터점,폐휴대폰,수거함 설치,충남 서산시 안견로 195 ,민팃ATM,무상
7717,(LGU+)동부동 제일문고점,폐휴대폰,수거함 설치,경북 경주시 화랑로 108 ,민팃ATM,무상
7718,(LGU+)목동 우체국점,폐휴대폰,수거함 설치,대전 중구 목중로 1 ,민팃ATM,무상
7719,(LGU+)문흥동 문흥사거리점,폐휴대폰,수거함 설치,광주 북구 서하로 366 ,민팃ATM,무상
7720,(LGU+)미사동 우성미사타워점,폐휴대폰,수거함 설치,경기 하남시 미사강변중앙로 220 ,민팃ATM,무상
7721,(LGU+)반여동 반여1동점,폐휴대폰,수거함 설치,부산시 해운대구 선수촌로 80 ,민팃ATM,무상
7722,(LGU+)배방읍 모산점,폐휴대폰,수거함 설치,충남 아산시 배방읍 모산로 123 ,민팃ATM,무상
7723,(LGU+)변동 변동오거리점,폐휴대폰,수거함 설치,대전 서구 동서대로 1086 ,민팃ATM,무상
7724,(LGU+)비래동 비래동로점,폐휴대폰,수거함 설치,대전 대덕구 비래동로 20 ,민팃ATM,무상
7725,(LGU+)사천동 동아아파트점,폐휴대폰,수거함 설치,충북 청주시 청원구 율봉로 46 ,민팃ATM,무상
7726,(LGU+)산성동 시장입구점,폐휴대폰,수거함 설치,대전 중구 대둔산로408번길 5 ,민팃ATM,무상
7727,(LGU+)삼향읍 남악점,폐휴대폰,수거함 설치,전남 무안군 삼향읍 남악3로 71 ,민팃ATM,무상
7728,(LGU+)상계5동 보람아파트점,폐휴대폰,수거함 설치,서울 노원구 한글비석로52길 4 ,민팃ATM,무상
7729,(LGU+)상대동 도안점,폐휴대폰,수거함 설치,대전 유성구 도안대로 511-7 ,민팃ATM,무상
7730,(LGU+)상동 부영2차아파트4거리점,폐휴대폰,수거함 설치,전남 목포시 옥암로 41 ,민팃ATM,무상
7731,(LGU+)서계동 만리동고개점,폐휴대폰,수거함 설치,서울 용산구 만리재로 140-1 ,민팃ATM,무상
7732,(LGU+)서창동 서창로데오점,폐휴대폰,수거함 설치,인천 남동구 서창남순환로 223 ,민팃ATM,무상
7733,(LGU+)서창동 서창점,폐휴대폰,수거함 설치,인천 남동구 서창남순환로216번길 12 ,민팃ATM,무상
7734,(LGU+)선암동 호남대점,폐휴대폰,수거함 설치,광주 광산구 어등대로 418 ,민팃ATM,무상
7735,(LGU+)송정동 영광통사거리점,폐휴대폰,수거함 설치,광주 광산구 상무대로 258 ,민팃ATM,무상
7736,(LGU+)수유2동 오즈수유점,폐휴대폰,수거함 설치,서울 강북구 한천로 1122 ,민팃ATM,무상
7737,(LGU+)수유동 수유역8번출구점,폐휴대폰,수거함 설치,서울 강북구 도봉로 345 ,민팃ATM,무상
7738,(LGU+)신가동 신가지구사거리점,폐휴대폰,수거함 설치,광주시 광산구 신창로 1 ,민팃ATM,무상
7739,(LGU+)신가동 주공1단지점,폐휴대폰,수거함 설치,광주 광산구 하남대로 289-1 ,민팃ATM,무상
7740,(LGU+)신기동 수협점,폐휴대폰,수거함 설치,전남 여수시 흥국로 70 ,민팃ATM,무상
7741,(LGU+)신당동 약수시장점,폐휴대폰,수거함 설치,서울 중구 동호로 174 ,민팃ATM,무상
7742,(LGU+)신당동 약수역점,폐휴대폰,수거함 설치,서울 중구 다산로 130 ,민팃ATM,무상
7743,(LGU+)신장동 신장시장점,폐휴대폰,수거함 설치,경기 하남시 신평로 65 ,민팃ATM,무상
7744,(LGU+)신현리 현대모닝사이드점,폐휴대폰,수거함 설치,경기 광주시 오포읍 신현로 51 ,민팃ATM,무상
7745,(LGU+)쌍용동 이마트사거리점,폐휴대폰,수거함 설치,충남 천안시 서북구 충무로 175 ,민팃ATM,무상
7746,(LGU+)쌍촌동 518기념공원점,폐휴대폰,수거함 설치,광주시 서구 상무민주로 99-1 ,민팃ATM,무상
7747,(LGU+)양산동 광주은행사거리점,폐휴대폰,수거함 설치,광주 북구 하서로 402 ,민팃ATM,무상
7748,(LGU+)여서동 로터리점,폐휴대폰,수거함 설치,전남 여수시 여서로 168-1 ,민팃ATM,무상
7749,(LGU+)연산동 용해지구점,폐휴대폰,수거함 설치,전남 목포시 용해지구로 79 ,민팃ATM,무상
7750,(LGU+)예천동 호수점,폐휴대폰,수거함 설치,충남 서산시 호수공원9로 14 ,민팃ATM,무상
7751,(LGU+)옥암동 프로모4거리점,폐휴대폰,수거함 설치,전남 목포시 신흥로83번길 27 ,민팃ATM,무상
7752,(LGU+)외동 내외로점,폐휴대폰,수거함 설치,경남 김해시 내외로 14 ,민팃ATM,무상
7753,(LGU+)용문동 유스토리용문점,폐휴대폰,수거함 설치,서울 용산구 효창원로 98 ,민팃ATM,무상
7754,(LGU+)용운동 대전대후문점,폐휴대폰,수거함 설치,대전 동구 대학로 34 ,민팃ATM,무상
7755,(LGU+)용전동 복합터미널홈플러스점,폐휴대폰,수거함 설치,대전 동구 동서대로1695번길 22 ,민팃ATM,무상
7756,(LGU+)읍내동 경찰서사거리점,폐휴대폰,수거함 설치,충남 서산시 고운로 64 ,민팃ATM,무상
7757,(LGU+)읍내동 당진우체국점,폐휴대폰,수거함 설치,충남 당진시 당진중앙2로 170 ,민팃ATM,무상
7758,(LGU+)의정부1동 흥선지하삼거리점,폐휴대폰,수거함 설치,경기 의정부시 평화로 548-1 ,민팃ATM,무상
7759,(LGU+)인헌동 낙성대입구역점,폐휴대폰,수거함 설치,서울 관악구 남부순환로 1952 ,민팃ATM,무상
7760,(LGU+)임학동 임학점,폐휴대폰,수거함 설치,인천 계양구 장제로 867 ,민팃ATM,무상
7761,(LGU+)장전1동 금정로68번길점,폐휴대폰,수거함 설치,부산 금정구 금정로68번길 16 ,민팃ATM,무상
7762,(LGU+)장전동 맥도날드점,폐휴대폰,수거함 설치,부산 금정구 금정로60번길 20 ,민팃ATM,무상
7763,(LGU+)재송1동 재반로점,폐휴대폰,수거함 설치,부산 해운대구 재반로 79-1 ,민팃ATM,무상
7764,(LGU+)정관읍 헬로시티점,폐휴대폰,수거함 설치,부산 기장군 정관읍 정관로 566 ,민팃ATM,무상
7765,(LGU+)주월동 주월주민센터점,폐휴대폰,수거함 설치,광주 남구 회재로 1231 ,민팃ATM,무상
7766,(LGU+)중계동 양지근린공원사거리점,폐휴대폰,수거함 설치,서울 노원구 한글비석로 227 ,민팃ATM,무상
7767,(LGU+)중촌동 선병원점,폐휴대폰,수거함 설치,대전 중구 목중로 22 ,민팃ATM,무상
7768,(LGU+)진건읍 진건점,폐휴대폰,수거함 설치,경기 남양주시 진건읍 진건오남로 83 ,민팃ATM,무상
7769,(LGU+)철원 동송점,폐휴대폰,수거함 설치,강원 철원군 동송읍 금학로 236 ,민팃ATM,무상
7770,(LGU+)치평동 119안전센터점,폐휴대폰,수거함 설치,광주 서구 상무중앙로 71 ,민팃ATM,무상
7771,(LGU+)치평동 치평우체국점,폐휴대폰,수거함 설치,광주 서구 치평로 76 ,민팃ATM,무상
7772,(LGU+)포남동 새마을금고점,폐휴대폰,수거함 설치,강원 강릉시 하평길 20 ,민팃ATM,무상
7773,(LGU+)필동 대한극장점,폐휴대폰,수거함 설치,서울 중구 퇴계로 220 ,민팃ATM,무상
7774,(LGU+)하월곡동 월곡역점,폐휴대폰,수거함 설치,서울 성북구 화랑로 91 ,민팃ATM,무상
7775,(LGU+)학동 수협앞점,폐휴대폰,수거함 설치,전남 여수시 쌍봉로 31 ,민팃ATM,무상
7776,(LGU+)호원1동 망월사역점,폐휴대폰,수거함 설치,경기 의정부시 평화로 220 ,민팃ATM,무상
7777,(LGU+)황오동 경주우체국점,폐휴대폰,수거함 설치,경북 경주시 화랑로 134 ,민팃ATM,무상
7778,(LGU+)효성1동 효성점,폐휴대폰,수거함 설치,인천 계양구 안남로 549 ,민팃ATM,무상
7779,(LGU+)후암동 후암시장점,폐휴대폰,수거함 설치,서울 용산구 후암로30길 1 ,민팃ATM,무상
7780,(LGU+)B LG유스타롯데캐슬점,폐휴대폰,수거함 설치,강원 춘천시 방송길 70 ,민팃ATM,무상
7781,(LGU+)가경동 삼거리점,폐휴대폰,수거함 설치,충북 청주시 흥덕구 가경로 9-1 ,민팃ATM,무상
7782,(LGU+)가경동 청주터미널점,폐휴대폰,수거함 설치,충북 청주시 흥덕구 풍산로 25 ,민팃ATM,무상
7783,(LGU+)가경동 하나병원점,폐휴대폰,수거함 설치,충북 청주시 흥덕구 서현북로 78 ,민팃ATM,무상
7784,(LGU+)간석2동 올리브백화점,폐휴대폰,수거함 설치,인천 남동구 남동대로 886 ,민팃ATM,무상
7785,(LGU+)갈산1동 갈산사거리점,폐휴대폰,수거함 설치,인천 부평구 평천로 334 ,민팃ATM,무상
7786,(LGU+)갈현동 연신내역3점,폐휴대폰,수거함 설치,서울 은평구 통일로87길 7-1 ,민팃ATM,무상
7787,(LGU+)개봉동 개봉역점,폐휴대폰,수거함 설치,서울 구로구 개봉로20길 66 ,민팃ATM,무상
7788,(LGU+)개신동 개신점,폐휴대폰,수거함 설치,충북 청주시 서원구 경신로 40 ,민팃ATM,무상
7789,(LGU+)경안동 경안시장점,폐휴대폰,수거함 설치,경기 광주시 경안로 24 ,민팃ATM,무상
7790,(LGU+)경안동 광주농협점,폐휴대폰,수거함 설치,경기 광주시 중앙로 153 ,민팃ATM,무상
7791,(LGU+)계산1동 계산역2번출구점,폐휴대폰,수거함 설치,인천 계양구 주부토로 537 ,민팃ATM,무상
7792,(LGU+)계산2동 계산역점,폐휴대폰,수거함 설치,인천 계양구 경명대로 1081 ,민팃ATM,무상
7793,(LGU+)고강1동 고강시장점,폐휴대폰,수거함 설치,경기 부천시 역곡로481번길 14 ,민팃ATM,무상
7794,(LGU+)고성읍 고성점,폐휴대폰,수거함 설치,경남 고성군 고성읍 동외로 169 ,민팃ATM,무상
7795,(LGU+)구의동 아차산역1번출구점,폐휴대폰,수거함 설치,서울 광진구 천호대로 659 ,민팃ATM,무상
7796,(LGU+)금촌동 금촌사거리점,폐휴대폰,수거함 설치,경기 파주시 새꽃로 194 ,민팃ATM,무상
7797,(LGU+)기장읍 동부리점,폐휴대폰,수거함 설치,부산 기장군 기장읍 차성동로 93 ,민팃ATM,무상
7798,(LGU+)노원 노원7호선점,폐휴대폰,수거함 설치,서울 노원구 노해로 488 ,민팃ATM,무상
7799,(LGU+)당동 당동점,폐휴대폰,수거함 설치,경기 군포시 고산로250번길 1 ,민팃ATM,무상
7800,(LGU+)대림3동 대림역2점,폐휴대폰,수거함 설치,서울 영등포구 도림로 135 ,민팃ATM,무상
7801,(LGU+)대명동 서부정류장점,폐휴대폰,수거함 설치,대구 남구 대명로 2-3 ,민팃ATM,무상
7802,(LGU+)대명동 안지랑점,폐휴대폰,수거함 설치,대구 남구 대명로 174 ,민팃ATM,무상
7803,(LGU+)대연3동 혁신도시점,폐휴대폰,수거함 설치,부산시 남구 수영로 319 ,민팃ATM,무상
7804,(LGU+)대흥동 천안역점,폐휴대폰,수거함 설치,충남 천안시 동남구 대흥로 227-2 ,민팃ATM,무상
7805,(LGU+)망우동 우림시장점,폐휴대폰,수거함 설치,서울 중랑구 용마산로 497 ,민팃ATM,무상
7806,(LGU+)면목동 사가정역대로점,폐휴대폰,수거함 설치,서울 중랑구 용마산로51길 52 ,민팃ATM,무상
7807,(LGU+)미아동 미아사거리역3번출구점,폐휴대폰,수거함 설치,서울 강북구 도봉로 38-1 ,민팃ATM,무상
7808,(LGU+)박촌동 박촌점,폐휴대폰,수거함 설치,인천 계양구 장제로1009번길 1 ,민팃ATM,무상
7809,(LGU+)봉천동 봉천역점,폐휴대폰,수거함 설치,서울 관악구 남부순환로 1741 ,민팃ATM,무상
7810,(LGU+)부곡동 부곡점,폐휴대폰,수거함 설치,경기 안산시 상록구 부곡로 120 ,민팃ATM,무상
7811,(LGU+)부평5동 부평로데오점,폐휴대폰,수거함 설치,인천 부평구 경원대로 1395 ,민팃ATM,무상
7812,(LGU+)북가좌동 북가좌사거리점,폐휴대폰,수거함 설치,서울 서대문구 응암로 108 ,민팃ATM,무상
7813,(LGU+)불당동 아이파크점,폐휴대폰,수거함 설치,충남 천안시 서북구 검은들3길 52 ,민팃ATM,무상
7814,(LGU+)사직동 제니스점,폐휴대폰,수거함 설치,충북 청주시 서원구 사직대로 268 ,민팃ATM,무상
7815,(LGU+)사직동 중앙시장점,폐휴대폰,수거함 설치,충남 천안시 동남구 사직로 3 ,민팃ATM,무상
7816,(LGU+)사창동 사창사거리점,폐휴대폰,수거함 설치,충북 청주시 서원구 1순환로 661 ,민팃ATM,무상
7817,(LGU+)사창동 사창시장점,폐휴대폰,수거함 설치,충북 청주시 서원구 창신로 47 ,민팃ATM,무상
7818,(LGU+)석사동 KB남춘천점,폐휴대폰,수거함 설치,강원 춘천시 후석로 14 ,민팃ATM,무상
7819,(LGU+)석사동 봄내초등학교점,폐휴대폰,수거함 설치,강원 춘천시 퇴계로 229 ,민팃ATM,무상
7820,(LGU+)선부3동 롯데리아점,폐휴대폰,수거함 설치,경기 안산시 단원구 선부광장1로 62 ,민팃ATM,무상
7821,(LGU+)성사동 원당역점,폐휴대폰,수거함 설치,경기 고양시 덕양구 고양대로 1383-2 ,민팃ATM,무상
7822,(LGU+)성정동 주공5단지점,폐휴대폰,수거함 설치,충남 천안시 서북구 성정로 61 ,민팃ATM,무상
7823,(LGU+)수월동 수양로점,폐휴대폰,수거함 설치,경남 거제시 수양로 458 ,민팃ATM,무상
7824,(LGU+)신부동 태조아파트점,폐휴대폰,수거함 설치,충남 천안시 동남구 터미널9길 28 ,민팃ATM,무상
7825,(LGU+)신안동 교대점,폐휴대폰,수거함 설치,경남 진주시 진양호로 348 ,민팃ATM,무상
7826,(LGU+)쌍용동 컨벤션점,폐휴대폰,수거함 설치,충남 천안시 서북구 미라8길 3 ,민팃ATM,무상
7827,(LGU+)안양1동 롯데리아안양점,폐휴대폰,수거함 설치,경기 안양시 만안구 안양로292번길 27 ,민팃ATM,무상
7828,(LGU+)안양2동 박달점,폐휴대폰,수거함 설치,경기 안양시 만안구 안양로 407 ,민팃ATM,무상
7829,(LGU+)연동 연동대림점,폐휴대폰,수거함 설치,제주 제주시 국기로 13 ,민팃ATM,무상
7830,(LGU+)연동 제원점,폐휴대폰,수거함 설치,제주 제주시 신광로 43 ,민팃ATM,무상
7831,(LGU+)오남읍 두산아파트점,폐휴대폰,수거함 설치,경기 남양주시 오남읍 진건오남로 782 ,민팃ATM,무상
7832,(LGU+)오남읍 진주아파트점,폐휴대폰,수거함 설치,경기 남양주시 오남읍 진건오남로 639 ,민팃ATM,무상
7833,(LGU+)오천읍 서문사거리점,폐휴대폰,수거함 설치,경북 포항시 남구 오천읍 충무로 31 ,민팃ATM,무상
7834,(LGU+)온천동 온천대로점,폐휴대폰,수거함 설치,충남 아산시 온천대로 1479 ,민팃ATM,무상
7835,(LGU+)온천동 온천시장점,폐휴대폰,수거함 설치,충남 아산시 온궁로 25 ,민팃ATM,무상
7836,(LGU+)우산동 말바우점,폐휴대폰,수거함 설치,광주 북구 서방로 89 ,민팃ATM,무상
7837,(LGU+)우암동 사거리점,폐휴대폰,수거함 설치,충북 청주시 청원구 향군로 52 ,민팃ATM,무상
7838,(LGU+)운교동 팔호광장점,폐휴대폰,수거함 설치,강원 춘천시 춘천로 191 ,민팃ATM,무상
7839,(LGU+)운암동 한미쇼핑점,폐휴대폰,수거함 설치,광주 북구 북문대로 97 ,민팃ATM,무상
7840,(LGU+)울진읍 중앙로점,폐휴대폰,수거함 설치,경북 울진군 울진읍 울진중앙로 113-2 ,민팃ATM,무상
7841,(LGU+)원종1동 원종점,폐휴대폰,수거함 설치,경기 부천시 오정구 소사로 750 ,민팃ATM,무상
7842,(LGU+)이도2동 서광양점,폐휴대폰,수거함 설치,제주 제주시 서광로 288 ,민팃ATM,무상
7843,(LGU+)일도이동 인제점,폐휴대폰,수거함 설치,제주 제주시 고마로 86 ,민팃ATM,무상
7844,(LGU+)작전2동 신대사거리점,폐휴대폰,수거함 설치,인천 계양구 계양대로 44 ,민팃ATM,무상
7845,(LGU+)조례동 사거리점,폐휴대폰,수거함 설치,전남 순천시 봉화2길 87 ,민팃ATM,무상
7846,(LGU+)중동 교차로점,폐휴대폰,수거함 설치,충남 공주시 웅진로 180 ,민팃ATM,무상
7847,(LGU+)중앙동 서울대입구역점,폐휴대폰,수거함 설치,서울 관악구 관악로 185 ,민팃ATM,무상
7848,(LGU+)중화동 중화역점,폐휴대폰,수거함 설치,서울 중랑구 동일로 795 ,민팃ATM,무상
7849,(LGU+)증산동 증산역점,폐휴대폰,수거함 설치,서울 은평구 증산로 307 ,민팃ATM,무상
7850,(LGU+)초전동 초전대로점,폐휴대폰,수거함 설치,경남 진주시 대신로475번길 16-17 ,민팃ATM,무상
7851,(LGU+)퇴계동 이편한세상점,폐휴대폰,수거함 설치,강원 춘천시 안마산로 133 ,민팃ATM,무상
7852,(LGU+)학동 학운점,폐휴대폰,수거함 설치,광주 동구 남문로 687 ,민팃ATM,무상
7853,(LGU+)홍천읍 신장대리점,폐휴대폰,수거함 설치,강원 홍천군 홍천읍 신장대로 73 ,민팃ATM,무상
7854,(LGU+)가경동 덕일한마음점,폐휴대폰,수거함 설치,충북 청주시 흥덕구 장구봉로 57-1 ,민팃ATM,무상
7855,(LGU+)개금1동 개금삼거리점,폐휴대폰,수거함 설치,부산 부산진구 가야대로 485 ,민팃ATM,무상
7856,(LGU+)개신동 방통대점,폐휴대폰,수거함 설치,충북 청주시 서원구 모충로 30 ,민팃ATM,무상
7857,(LGU+)개운동 남부시장점,폐휴대폰,수거함 설치,강원 원주시 치악로 1792 ,민팃ATM,무상
7858,(LGU+)고잔동 법조타운점,폐휴대폰,수거함 설치,경기 안산시 단원구 광덕서로 86 ,민팃ATM,무상
7859,(LGU+)광안3동 연수로점,폐휴대폰,수거함 설치,부산 수영구 연수로416번길 2 ,민팃ATM,무상
7860,(LGU+)광양읍 광양병원점,폐휴대폰,수거함 설치,전남 광양시 광양읍 인덕로 987 ,민팃ATM,무상
7861,(LGU+)교동 수원역점,폐휴대폰,수거함 설치,경기 수원시 팔달구 매산로 13 ,민팃ATM,무상
7862,(LGU+)군자동 군자역점,폐휴대폰,수거함 설치,서울 광진구 천호대로 548 ,민팃ATM,무상
7863,(LGU+)금곡동 금산잼월드점,폐휴대폰,수거함 설치,경기 성남시 분당구 돌마로 67 ,민팃ATM,무상
7864,(LGU+)금호동 신금호역점,폐휴대폰,수거함 설치,서울 성동구 금호산길 71 ,민팃ATM,무상
7865,(LGU+)남문로2가 우리은행점,폐휴대폰,수거함 설치,충북 청주시 상당구 성안로 50 ,민팃ATM,무상
7866,(LGU+)남문로2가 철당간점,폐휴대폰,수거함 설치,충북 청주시 상당구 상당로55번길 15 ,민팃ATM,무상
7867,(LGU+)남양동 국민은행점,폐휴대폰,수거함 설치,강원 삼척시 척주로 22 ,민팃ATM,무상
7868,(LGU+)대방동 신대방삼거리역1번출구점,폐휴대폰,수거함 설치,서울 동작구 상도로 80 ,민팃ATM,무상
7869,(LGU+)대학동 대학동점,폐휴대폰,수거함 설치,서울 관악구 대학길 21 ,민팃ATM,무상
7870,(LGU+)도림동 도림사거리점,폐휴대폰,수거함 설치,인천 남동구 도림로11번길 16 ,민팃ATM,무상
7871,(LGU+)독산1동 독산고개점,폐휴대폰,수거함 설치,서울 금천구 시흥대로 471-1 ,민팃ATM,무상
7872,(LGU+)독산2동 독산2호점,폐휴대폰,수거함 설치,서울 금천구 독산로 200 ,민팃ATM,무상
7873,(LGU+)독산동 독산4동주민센터점,폐휴대폰,수거함 설치,서울 금천구 독산로 246 ,민팃ATM,무상
7874,(LGU+)맹동면 동성중점,폐휴대폰,수거함 설치,충북 음성군 맹동면 대하로 281 ,민팃ATM,무상
7875,(LGU+)문현3동 국민은행점,폐휴대폰,수거함 설치,부산 남구 수영로 25 ,민팃ATM,무상
7876,(LGU+)발한동 발한삼거리점,폐휴대폰,수거함 설치,강원 동해시 일출로 2-1 ,민팃ATM,무상
7877,(LGU+)봉곡동 봉곡남로점,폐휴대폰,수거함 설치,경북 구미시 봉곡남로 74 ,민팃ATM,무상
7878,(LGU+)봉천동 관악로점,폐휴대폰,수거함 설치,서울 관악구 관악로 232 ,민팃ATM,무상
7879,(LGU+)봉천동 현대시장점,폐휴대폰,수거함 설치,서울 관악구 은천로 105 ,민팃ATM,무상
7880,(LGU+)부평3동 부평아울렛점,폐휴대폰,수거함 설치,인천 부평구 경원대로 1268 ,민팃ATM,무상
7881,(LGU+)북문로1가 구흥업백화점,폐휴대폰,수거함 설치,충북 청주시 상당구 성안로 24 ,민팃ATM,무상
7882,(LGU+)분평동 주민센터점,폐휴대폰,수거함 설치,충북 청주시 서원구 분평로 32 ,민팃ATM,무상
7883,(LGU+)비산동 만평점,폐휴대폰,수거함 설치,대구 서구 팔달로 170 ,민팃ATM,무상
7884,(LGU+)사당동 관악시장점,폐휴대폰,수거함 설치,서울 동작구 동작대로7길 98 ,민팃ATM,무상
7885,(LGU+)사창동 국민은행점,폐휴대폰,수거함 설치,충북 청주시 서원구 사직대로 111 ,민팃ATM,무상
7886,(LGU+)산수동 두암타운점,폐휴대폰,수거함 설치,광주시 동구 갈마로 46 ,민팃ATM,무상
7887,(LGU+)상도동 성대시장점점,폐휴대폰,수거함 설치,서울 동작구 상도로 102 ,민팃ATM,무상
7888,(LGU+)서창동 LH아파트점,폐휴대폰,수거함 설치,인천 남동구 서창남순환로215번길 35 ,민팃ATM,무상
7889,(LGU+)서천읍 터미널점,폐휴대폰,수거함 설치,충남 서천군 서천읍 서천로 39 ,민팃ATM,무상
7890,(LGU+)송현동 서부정류장4점,폐휴대폰,수거함 설치,대구시 달서구 월배로 453 ,민팃ATM,무상
7891,(LGU+)시흥1동 시흥2호점,폐휴대폰,수거함 설치,서울 금천구 독산로 137 ,민팃ATM,무상
7892,(LGU+)시흥1동 시흥사거리점,폐휴대폰,수거함 설치,서울 금천구 시흥대로 232 ,민팃ATM,무상
7893,(LGU+)시흥5동 은행나무사거리점,폐휴대폰,수거함 설치,서울 금천구 금하로 711 ,민팃ATM,무상
7894,(LGU+)시흥동 시흥홈플러스점,폐휴대폰,수거함 설치,서울 금천구 시흥대로 211 ,민팃ATM,무상
7895,(LGU+)신갈동 신갈오거리점,폐휴대폰,수거함 설치,경기 용인시 기흥구 신갈로 60 ,민팃ATM,무상
7896,(LGU+)신길동 신길삼거리점,폐휴대폰,수거함 설치,서울 영등포구 도신로 258 ,민팃ATM,무상
7897,(LGU+)신대방동 대림사거리점,폐휴대폰,수거함 설치,서울 동작구 시흥대로 658 ,민팃ATM,무상
7898,(LGU+)신림동 르네상스쇼핑몰점,폐휴대폰,수거함 설치,서울 관악구 신림로 358-1 ,민팃ATM,무상
7899,(LGU+)신포동 신포시장점,폐휴대폰,수거함 설치,인천 중구 우현로 41-1 ,민팃ATM,무상
7900,(LGU+)야당동 삼융시네마점,폐휴대폰,수거함 설치,경기 파주시 경의로 1074 ,민팃ATM,무상
7901,(LGU+)오류동 오류점,폐휴대폰,수거함 설치,서울 구로구 오류로8길 60 ,민팃ATM,무상
7902,(LGU+)오치동 오치사거리점,폐휴대폰,수거함 설치,광주 북구 우치로 247 ,민팃ATM,무상
7903,(LGU+)옥포1동 옥포대첩로점,폐휴대폰,수거함 설치,경남 거제시 옥포대첩로 34 ,민팃ATM,무상
7904,(LGU+)온천동 온천역삼거리점,폐휴대폰,수거함 설치,충남 아산시 충무로 6 ,민팃ATM,무상
7905,(LGU+)용당동 사거리점,폐휴대폰,수거함 설치,전남 순천시 삼산로 94 ,민팃ATM,무상
7906,(LGU+)용산1동 용산우체국점,폐휴대폰,수거함 설치,대구시 달서구 용산로 218 ,민팃ATM,무상
7907,(LGU+)월곶동 월곶점,폐휴대폰,수거함 설치,경기 시흥시 월곶중앙로 64 ,민팃ATM,무상
7908,(LGU+)이도1동 중앙로점,폐휴대폰,수거함 설치,제주 제주시 중앙로 76 ,민팃ATM,무상
7909,(LGU+)이도이동 법원점,폐휴대폰,수거함 설치,제주 제주시 중앙로 325 ,민팃ATM,무상
7910,(LGU+)자양동 신자양점,폐휴대폰,수거함 설치,서울 광진구 자양번영로 42 ,민팃ATM,무상
7911,(LGU+)자양동 자양동우체국점,폐휴대폰,수거함 설치,서울 광진구 뚝섬로 642 ,민팃ATM,무상
7912,(LGU+)전민동 세종아파트점,폐휴대폰,수거함 설치,대전 유성구 유성대로 1744 ,민팃ATM,무상
7913,(LGU+)조례동 홈플러스점,폐휴대폰,수거함 설치,전남 순천시 신월큰길 1-4 ,민팃ATM,무상
7914,(LGU+)조리읍 봉일천점,폐휴대폰,수거함 설치,경기 파주시 조리읍 고봉로 1035 ,민팃ATM,무상
7915,(LGU+)주안동 CGV점,폐휴대폰,수거함 설치,인천 미추홀구 미추홀대로 740 ,민팃ATM,무상
7916,(LGU+)중곡동 골목시장점,폐휴대폰,수거함 설치,서울 광진구 면목로 131 ,민팃ATM,무상
7917,(LGU+)중곡동 군자역점,폐휴대폰,수거함 설치,서울 광진구 천호대로 573 ,민팃ATM,무상
7918,(LGU+)중곡동 중곡역3번출구점,폐휴대폰,수거함 설치,서울 광진구 능동로 413-1 ,민팃ATM,무상
7919,(LGU+)중동 사랑병원점,폐휴대폰,수거함 설치,전남 광양시 공영로 65 ,민팃ATM,무상
7920,(LGU+)중동 중동초등학교점,폐휴대폰,수거함 설치,전남 광양시 광장로 103 ,민팃ATM,무상
7921,(LGU+)지산동 송탄시장점,폐휴대폰,수거함 설치,경기 평택시 탄현로 322 ,민팃ATM,무상
7922,(LGU+)천곡동 우리은행점,폐휴대폰,수거함 설치,강원 동해시 중앙로 247 ,민팃ATM,무상
7923,(LGU+)청룡동 서울대점,폐휴대폰,수거함 설치,서울 관악구 관악로 153 ,민팃ATM,무상
7924,(LGU+)풍덕천동 현대그린프라자점,폐휴대폰,수거함 설치,경기 용인시 수지구 풍덕천로 146 ,민팃ATM,무상
7925,(LGU+)해룡면 부영3차점,폐휴대폰,수거함 설치,전남 순천시 해룡면 기적의도서관길 90 ,민팃ATM,무상
7926,(LGU+)향남읍 발안점,폐휴대폰,수거함 설치,경기 화성시 향남읍 3.1만세로 1106 ,민팃ATM,무상
7927,(LGU+)호탄동 가호로점,폐휴대폰,수거함 설치,경남 진주시 가호로 59 ,민팃ATM,무상
7928,(LGU+)갈매동 갈매역점,폐휴대폰,수거함 설치,경기 구리시 갈매중앙로 89-10 ,민팃ATM,무상
7929,(LGU+)감삼동 감삼네거리점,폐휴대폰,수거함 설치,대구 달서구 달구벌대로 1659 ,민팃ATM,무상
7930,(LGU+)감삼동 서남시장점,폐휴대폰,수거함 설치,대구시 달서구 달구벌대로 1649 ,민팃ATM,무상
7931,(LGU+)거모동 도일시장점,폐휴대폰,수거함 설치,경기 시흥시 도일로 129 ,민팃ATM,무상
7932,(LGU+)고잔2동 중앙역점,폐휴대폰,수거함 설치,경기 안산시 단원구 중앙대로 907 ,민팃ATM,무상
7933,(LGU+)공릉동 화랑대역점,폐휴대폰,수거함 설치,서울 노원구 노원로1길 9 ,민팃ATM,무상
7934,(LGU+)관양1동 관양시장점,폐휴대폰,수거함 설치,경기 안양시 동안구 관평로 327 ,민팃ATM,무상
7935,(LGU+)광안4동 광안역6번출구점,폐휴대폰,수거함 설치,부산 수영구 호암로 2 ,민팃ATM,무상
7936,(LGU+)광양읍 백운마트점,폐휴대폰,수거함 설치,전남 광양시 광양읍 칠성로 49 ,민팃ATM,무상
7937,(LGU+)광양읍 오성맨션점,폐휴대폰,수거함 설치,전남 광양시 광양읍 대림오성로 140 ,민팃ATM,무상
7938,(LGU+)구산동 구산사거리점,폐휴대폰,수거함 설치,서울 은평구 서오릉로 195 ,민팃ATM,무상
7939,(LGU+)구월2동 힐스테이트점,폐휴대폰,수거함 설치,인천 남동구 구월로 212 ,민팃ATM,무상
7940,(LGU+)구월4동 모래내시장입구,폐휴대폰,수거함 설치,인천 남동구 호구포로 802 ,민팃ATM,무상
7941,(LGU+)구월동 예술회관역점,폐휴대폰,수거함 설치,인천 남동구 문화로 87 ,민팃ATM,무상
7942,(LGU+)금남로1가 YMCA점,폐휴대폰,수거함 설치,광주 동구 금남로 246 ,민팃ATM,무상
7943,(LGU+)금호동 서구문화센터점,폐휴대폰,수거함 설치,광주 서구 운천로 2 ,민팃ATM,무상
7944,(LGU+)내당동 삼익뉴타운점,폐휴대폰,수거함 설치,대구시 서구 평리로 248 ,민팃ATM,무상
7945,(LGU+)노형동 뜨란채점,폐휴대폰,수거함 설치,제주 제주시 수덕로 41 ,민팃ATM,무상
7946,(LGU+)다사읍 세천리점,폐휴대폰,수거함 설치,대구시 달성군 다사읍 세천로 160 ,민팃ATM,무상
7947,(LGU+)담양읍 터미널점,폐휴대폰,수거함 설치,전남 담양군 담양읍 중앙로 32-1 ,민팃ATM,무상
7948,(LGU+)대동 영남대점,폐휴대폰,수거함 설치,경북 경산시 대학로 291 ,민팃ATM,무상
7949,(LGU+)대명동 명덕네거리점,폐휴대폰,수거함 설치,대구 남구 중앙대로 247 ,민팃ATM,무상
7950,(LGU+)대연동 남구청,폐휴대폰,수거함 설치,부산 남구 못골로 16 ,민팃ATM,무상
7951,(LGU+)덕양동 화정터미널점,폐휴대폰,수거함 설치,경기 고양시 덕양구 화신로260번길 74 ,민팃ATM,무상
7952,(LGU+)덕천2동 덕천1길점,폐휴대폰,수거함 설치,부산 북구 덕천1길 19 ,민팃ATM,무상
7953,(LGU+)도농동 도농점,폐휴대폰,수거함 설치,경기 남양주시 도농로 29 ,민팃ATM,무상
7954,(LGU+)동양동 동양점,폐휴대폰,수거함 설치,인천 계양구 동양로 103 ,민팃ATM,무상
7955,(LGU+)만덕동 신만덕교차로점,폐휴대폰,수거함 설치,부산 북구 덕천로 302 ,민팃ATM,무상
7956,(LGU+)망원동 월드컵시장점,폐휴대폰,수거함 설치,서울 마포구 망원로 79 ,민팃ATM,무상
7957,(LGU+)매산로1가 매산시장점,폐휴대폰,수거함 설치,경기 수원시 팔달구 매산로 12 ,민팃ATM,무상
7958,(LGU+)모충동 서원대점,폐휴대폰,수거함 설치,충북 청주시 서원구 서원남로 42 ,민팃ATM,무상
7959,(LGU+)문창동 부사오거리점,폐휴대폰,수거함 설치,대전 중구 대종로 304 ,민팃ATM,무상
7960,(LGU+)미성동 미성점,폐휴대폰,수거함 설치,서울 관악구 난곡로 229 ,민팃ATM,무상
7961,(LGU+)별내동 아이파크점,폐휴대폰,수거함 설치,경기 남양주시 별내3로 336 ,민팃ATM,무상
7962,(LGU+)봉선동 삼익사거리점,폐휴대폰,수거함 설치,광주시 남구 봉선중앙로 54 ,민팃ATM,무상
7963,(LGU+)사당동 남성시장점,폐휴대폰,수거함 설치,서울 동작구 사당로16길 18 ,민팃ATM,무상
7964,(LGU+)사당동 남성역점,폐휴대폰,수거함 설치,서울 동작구 사당로 218-1 ,민팃ATM,무상
7965,(LGU+)사동 사동점,폐휴대폰,수거함 설치,경북 경산시 백자로 60 ,민팃ATM,무상
7966,(LGU+)삼호동 롯데마트점,폐휴대폰,수거함 설치,경남 양산시 삼호1길 39 ,민팃ATM,무상
7967,(LGU+)서교동 청기와 사거리,폐휴대폰,수거함 설치,서울 마포구 월드컵북로 7 ,민팃ATM,무상
7968,(LGU+)석남동 거북시장점,폐휴대폰,수거함 설치,인천 서구 가정로 201-1 ,민팃ATM,무상
7969,(LGU+)소하동 소하점,폐휴대폰,수거함 설치,경기 광명시 오리로 372 ,민팃ATM,무상
7970,(LGU+)수곡2동 수곡시장점,폐휴대폰,수거함 설치,충북 청주시 서원구 수곡로 56 ,민팃ATM,무상
7971,(LGU+)수유동 빨래골점,폐휴대폰,수거함 설치,서울 강북구 삼양로 308 ,민팃ATM,무상
7972,(LGU+)신길6동 보라매점,폐휴대폰,수거함 설치,서울 영등포구 여의대방로 135 ,민팃ATM,무상
7973,(LGU+)신안동 전남대정문점,폐휴대폰,수거함 설치,광주시 북구 자미로 56 ,민팃ATM,무상
7974,(LGU+)심곡2동 부천북부광장점,폐휴대폰,수거함 설치,경기 부천시 부천로 14 ,민팃ATM,무상
7975,(LGU+)쌍문2동 쌍문세라믹점,폐휴대폰,수거함 설치,서울 도봉구 도당로 2 ,민팃ATM,무상
7976,(LGU+)아주동 아주점,폐휴대폰,수거함 설치,경남 거제시 아주1로2길 30 ,민팃ATM,무상
7977,(LGU+)안양1동 일번가로데오점,폐휴대폰,수거함 설치,경기 안양시 만안구 장내로139번길 34 ,민팃ATM,무상
7978,(LGU+)어방동 인제로점,폐휴대폰,수거함 설치,경남 김해시 인제로 184 ,민팃ATM,무상
7979,(LGU+)엄궁동 엄궁시장점,폐휴대폰,수거함 설치,부산 사상구 낙동대로776번길 8-8 ,민팃ATM,무상
7980,(LGU+)연산9동 토곡점,폐휴대폰,수거함 설치,부산시 연제구 과정로 103 ,민팃ATM,무상
7981,(LGU+)연향동 애플샵,폐휴대폰,수거함 설치,전남 순천시 연향3로 11 ,민팃ATM,무상
7982,(LGU+)영등포동 영등포시장점,폐휴대폰,수거함 설치,서울 영등포구 영중로 52-1 ,민팃ATM,무상
7983,(LGU+)오창읍 홈플러스점,폐휴대폰,수거함 설치,충북 청주시 청원구 오창읍 중심상업로 31-4 ,민팃ATM,무상
7984,(LGU+)옥계동 현진에버빌점,폐휴대폰,수거함 설치,경북 구미시 산호대로31길 18 ,민팃ATM,무상
7985,(LGU+)옥련1동 송도역삼거리점,폐휴대폰,수거함 설치,인천 연수구 비류대로 208 ,민팃ATM,무상
7986,(LGU+)용봉동 북구청점,폐휴대폰,수거함 설치,광주 북구 우치로 80 ,민팃ATM,무상
7987,(LGU+)월계동 월계우체국점,폐휴대폰,수거함 설치,광주시 광산구 첨단중앙로116번길 8 ,민팃ATM,무상
7988,(LGU+)은행동 은행시장점,폐휴대폰,수거함 설치,경기 성남시 중원구 산성대로 492 ,민팃ATM,무상
7989,(LGU+)읍내동 남산소공원점,폐휴대폰,수거함 설치,충남 당진시 당진중앙2로 123 ,민팃ATM,무상
7990,(LGU+)이도2동 구세무서점,폐휴대폰,수거함 설치,제주 제주시 연삼로 401 ,민팃ATM,무상
7991,(LGU+)일산동 구일산시장점,폐휴대폰,수거함 설치,경기 고양시 일산서구 원일로 69 ,민팃ATM,무상
7992,(LGU+)작전2동 작전역4번출구점,폐휴대폰,수거함 설치,인천 계양구 계양대로 64 ,민팃ATM,무상
7993,(LGU+)정왕동 오이도어시장점,폐휴대폰,수거함 설치,경기 시흥시 오이도어시장로 7 ,민팃ATM,무상
7994,(LGU+)조례동 왕조2동주민센터점,폐휴대폰,수거함 설치,전남 순천시 왕궁길 47 ,민팃ATM,무상
7995,(LGU+)주성동 선광로즈웰점,폐휴대폰,수거함 설치,충북 청주시 청원구 율량로 120 ,민팃ATM,무상
7996,(LGU+)중부동 삼일로점,폐휴대폰,수거함 설치,경남 양산시 삼일로 76 ,민팃ATM,무상
7997,(LGU+)중앙1가 내토시장점,폐휴대폰,수거함 설치,충북 제천시 용두천로 117 ,민팃ATM,무상
7998,(LGU+)중앙1가 차없는거리점,폐휴대폰,수거함 설치,충북 제천시 풍양로 99 ,민팃ATM,무상
7999,(LGU+)진천동 월배시장점,폐휴대폰,수거함 설치,대구시 달서구 월배로 111 ,민팃ATM,무상
8000,(LGU+)진평동 구평점,폐휴대폰,수거함 설치,경북 구미시 인동36길 12-1 ,민팃ATM,무상
8001,(LGU+)하소동 사거리점,폐휴대폰,수거함 설치,충북 제천시 용두대로15길 23 ,민팃ATM,무상
8002,(LGU+)하양읍 가톨릭대점,폐휴대폰,수거함 설치,경북 경산시 하양읍 하양로 58 ,민팃ATM,무상
8003,(LGU+)형곡동 형곡네거리점,폐휴대폰,수거함 설치,경북 구미시 신시로 90 ,민팃ATM,무상
8004,(LGU+)홍성읍 명동거리점,폐휴대폰,수거함 설치,충남 홍성군 홍성읍 아문길29번길 85 ,민팃ATM,무상
8005,(LGU+)화도읍 창현점,폐휴대폰,수거함 설치,경기 남양주시 화도읍 창현로 27 ,민팃ATM,무상
8006,(LGU+)화정동 서광주우체국점,폐휴대폰,수거함 설치,광주시 서구 월드컵4강로 93-1 ,민팃ATM,무상
8007,(LGU+)가양동 가양시장점,폐휴대폰,수거함 설치,대전 동구 동서대로1770번길 85 ,민팃ATM,무상
8008,(LGU+)각산동 각산네거리점,폐휴대폰,수거함 설치,대구 동구 안심로 359 ,민팃ATM,무상
8009,(LGU+)계산1동 경인교대점,폐휴대폰,수거함 설치,인천 계양구 계양대로 156 ,민팃ATM,무상
8010,(LGU+)공도읍 스위첸아파트점,폐휴대폰,수거함 설치,경기 안성시 공도읍 공도로 132 ,민팃ATM,무상
8011,(LGU+)구갈동 강남대점,폐휴대폰,수거함 설치,경기 용인시 기흥구 강남로 13 ,민팃ATM,무상
8012,(LGU+)구서1동 구서로점,폐휴대폰,수거함 설치,부산시 금정구 구서로 23 ,민팃ATM,무상
8013,(LGU+)남양읍 남양점,폐휴대폰,수거함 설치,경기 화성시 남양읍 남양시장로 80 ,민팃ATM,무상
8014,(LGU+)남천1동 남천역점,폐휴대폰,수거함 설치,부산 수영구 수영로 392 ,민팃ATM,무상
8015,(LGU+)녹번동 녹번역점,폐휴대폰,수거함 설치,서울 은평구 은평로 233-1 ,민팃ATM,무상
8016,(LGU+)대동 영남대3점,폐휴대폰,수거함 설치,경북 경산시 대학로 329 ,민팃ATM,무상
8017,(LGU+)대명동 영대병원점,폐휴대폰,수거함 설치,대구시 남구 중앙대로 151 ,민팃ATM,무상
8018,(LGU+)대조동 불광역점,폐휴대폰,수거함 설치,서울 은평구 불광로 29-1 ,민팃ATM,무상
8019,(LGU+)대조동 연신내역점,폐휴대폰,수거함 설치,서울 은평구 연서로 220 ,민팃ATM,무상
8020,(LGU+)대천동 명문당사거리점,폐휴대폰,수거함 설치,충남 보령시 중앙로 65 ,민팃ATM,무상
8021,(LGU+)도계동 도계점,폐휴대폰,수거함 설치,경남 창원시 의창구 도계로 67 ,민팃ATM,무상
8022,(LGU+)동선동 성신여대로데오점,폐휴대폰,수거함 설치,서울 성북구 동소문로22길 43 ,민팃ATM,무상
8023,(LGU+)동천동 칠곡프라자점,폐휴대폰,수거함 설치,대구 북구 동암로 96 ,민팃ATM,무상
8024,(LGU+)매산동 매산사거리점,폐휴대폰,수거함 설치,경기 수원시 팔달구 매산로 36 ,민팃ATM,무상
8025,(LGU+)면목동 주민센터점,폐휴대폰,수거함 설치,서울 중랑구 면목로 341 ,민팃ATM,무상
8026,(LGU+)방학1동 방학역점,폐휴대폰,수거함 설치,서울 도봉구 도봉로 729 ,민팃ATM,무상
8027,(LGU+)범일2동 범일로점,폐휴대폰,수거함 설치,부산 동구 범일로 102 ,민팃ATM,무상
8028,(LGU+)법1동 법1동주민센터점,폐휴대폰,수거함 설치,대전 대덕구 계족로663번길 18 ,민팃ATM,무상
8029,(LGU+)봉무동 이시아폴리스점,폐휴대폰,수거함 설치,대구 동구 팔공로51길 17 ,민팃ATM,무상
8030,(LGU+)봉산동 통신골목점,폐휴대폰,수거함 설치,대구 중구 동성로1길 44 ,민팃ATM,무상
8031,(LGU+)부평동 롯데점,폐휴대폰,수거함 설치,인천 부평구 부평문화로 42 ,민팃ATM,무상
8032,(LGU+)비산동 북비산점,폐휴대폰,수거함 설치,대구시 서구 달서로 191 ,민팃ATM,무상
8033,(LGU+)상남동 성원주상가점,폐휴대폰,수거함 설치,경남 창원시 성산구 상남동 45-1 ,민팃ATM,무상
8034,(LGU+)서3동 서동시장점,폐휴대폰,수거함 설치,부산 금정구 서동로 159 ,민팃ATM,무상
8035,(LGU+)세류3동 제로마트사거리점,폐휴대폰,수거함 설치,경기 수원시 권선구 세권로 118 ,민팃ATM,무상
8036,(LGU+)송림6동 송림점,폐휴대폰,수거함 설치,인천 동구 송림로 91 ,민팃ATM,무상
8037,(LGU+)송정동 송정우체국점,폐휴대폰,수거함 설치,광주 광산구 송정로1번길 88 ,민팃ATM,무상
8038,(LGU+)수안동 명륜로점,폐휴대폰,수거함 설치,부산 동래구 명륜로112번길 21 ,민팃ATM,무상
8039,(LGU+)신천동 북시흥농협점,폐휴대폰,수거함 설치,경기 시흥시 시흥대로 1074 ,민팃ATM,무상
8040,(LGU+)신천동 잠실역점,폐휴대폰,수거함 설치,서울 송파구 올림픽로35가길 9 ,민팃ATM,무상
8041,(LGU+)양산동 희망병원점,폐휴대폰,수거함 설치,광주 북구 하서로 427 ,민팃ATM,무상
8042,(LGU+)어방동 인제대점,폐휴대폰,수거함 설치,경남 김해시 인제로 173 ,민팃ATM,무상
8043,(LGU+)영덕동 이마트점,폐휴대폰,수거함 설치,경기 용인시 기흥구 흥덕2로87번길 18 ,민팃ATM,무상
8044,(LGU+)오창읍 터미널점,폐휴대폰,수거함 설치,충북 청주시 청원구 오창읍 오창대로 315 ,민팃ATM,무상
8045,(LGU+)오치동 주공점,폐휴대폰,수거함 설치,광주 북구 서하로 196 ,민팃ATM,무상
8046,(LGU+)온천1동 온천장점,폐휴대폰,수거함 설치,부산시 동래구 온천장로 125 ,민팃ATM,무상
8047,(LGU+)완산동 영천공설시장점,폐휴대폰,수거함 설치,경북 영천시 시장로 61 ,민팃ATM,무상
8048,(LGU+)용두동 용신동주민센터점,폐휴대폰,수거함 설치,서울 동대문구 고산자로 407 ,민팃ATM,무상
8049,(LGU+)용종동 계양구청점,폐휴대폰,수거함 설치,인천 계양구 계양문화로 86 ,민팃ATM,무상
8050,(LGU+)원미동 원미사거리점,폐휴대폰,수거함 설치,경기 부천시 조종로 47 ,민팃ATM,무상
8051,(LGU+)월남동 시네마타운점,폐휴대폰,수거함 설치,경남 창원시 마산합포구 해안대로 7 ,민팃ATM,무상
8052,(LGU+)유천동 버드내점,폐휴대폰,수거함 설치,대전 중구 태평로 12-1 ,민팃ATM,무상
8053,(LGU+)은행동 으능정이거리점,폐휴대폰,수거함 설치,대전 중구 중앙로164번길 21-6 ,민팃ATM,무상
8054,(LGU+)읍내동 읍내점,폐휴대폰,수거함 설치,대구 북구 구암로 101 ,민팃ATM,무상
8055,(LGU+)읍내동 푸르지오점,폐휴대폰,수거함 설치,충남 당진시 북문로 7-3 ,민팃ATM,무상
8056,(LGU+)일광면 일광신도시점,폐휴대폰,수거함 설치,부산시 기장군 일광면 해빛로 13 ,민팃ATM,무상
8057,(LGU+)장기동 장기농협점,폐휴대폰,수거함 설치,경기 김포시 김포한강4로 131 ,민팃ATM,무상
8058,(LGU+)중방동 경산시장점,폐휴대폰,수거함 설치,경북 경산시 중앙로 82 ,민팃ATM,무상
8059,(LGU+)중방동 대구은행점,폐휴대폰,수거함 설치,경북 경산시 중앙로 89 ,민팃ATM,무상
8060,(LGU+)중앙2가 국민은행점,폐휴대폰,수거함 설치,충북 제천시 의림대로 152 ,민팃ATM,무상
8061,(LGU+)중앙2가 위성병원점,폐휴대폰,수거함 설치,충북 제천시 풍양로13길 14 ,민팃ATM,무상
8062,(LGU+)중앙동 중앙사거리점,폐휴대폰,수거함 설치,전남 순천시 연자로 5 ,민팃ATM,무상
8063,(LGU+)중앙동 창원중앙점,폐휴대폰,수거함 설치,경남 창원시 성산구 용지로121번길 22 ,민팃ATM,무상
8064,(LGU+)증평읍 증평우체국점,폐휴대폰,수거함 설치,충북 증평군 증평읍 중앙로 206 ,민팃ATM,무상
8065,(LGU+)진월동 비스포점,폐휴대폰,수거함 설치,광주시 남구 서문대로 739 ,민팃ATM,무상
8066,(LGU+)진월동 씨티병원점,폐휴대폰,수거함 설치,광주 남구 서문대로 661 ,민팃ATM,무상
8067,(LGU+)진천읍 진천농협점,폐휴대폰,수거함 설치,충북 진천군 진천읍 중앙북로 63-1 ,민팃ATM,무상
8068,(LGU+)천호동 천호로데오점,폐휴대폰,수거함 설치,서울 강동구 천호대로157길 41 ,민팃ATM,무상
8069,(LGU+)탄방동 홈플러스점,폐휴대폰,수거함 설치,대전 서구 문정로 68 ,민팃ATM,무상
8070,(LGU+)평택동 명동점,폐휴대폰,수거함 설치,경기 평택시 평택2로 10 ,민팃ATM,무상
8071,(LGU+)평택동 통북점,폐휴대폰,수거함 설치,경기 평택시 중앙로 38 ,민팃ATM,무상
8072,(LGU+)평택동 평택중앙점,폐휴대폰,수거함 설치,경기 평택시 평택2로20번길 20 ,민팃ATM,무상
8073,(LGU+)합성동 롯데시네마점,폐휴대폰,수거함 설치,경남 창원시 마산회원구 합성남로 6 ,민팃ATM,무상
8074,(LGU+)화서동 율현초등학교점,폐휴대폰,수거함 설치,경기 수원시 팔달구 일월로22번길 17 ,민팃ATM,무상
8075,(LGU+)화장동 성산공원점,폐휴대폰,수거함 설치,전남 여수시 무선중앙로 42-1 ,민팃ATM,무상
8076,(LGU+)화지동 시장입구점,폐휴대폰,수거함 설치,충남 논산시 중앙로480번길 11 ,민팃ATM,무상
8077,(LGU+)B LG이지스경복궁점,폐휴대폰,수거함 설치,서울 종로구 자하문로 3 ,민팃ATM,무상
8078,(LGU+)가리봉동 가리봉시장점,폐휴대폰,수거함 설치,서울 구로구 구로동로 9 ,민팃ATM,무상
8079,(LGU+)개신동 농협사거리점,폐휴대폰,수거함 설치,충북 청주시 서원구 복대로 34 ,민팃ATM,무상
8080,(LGU+)공릉동 원자력병원삼거리점,폐휴대폰,수거함 설치,서울 노원구 공릉로 192 ,민팃ATM,무상
8081,(LGU+)괘법동 사상터미널점,폐휴대폰,수거함 설치,부산시 사상구 사상로 216 ,민팃ATM,무상
8082,(LGU+)괴정동 한민시장점,폐휴대폰,수거함 설치,대전 서구 가장로 94 ,민팃ATM,무상
8083,(LGU+)구로동 구로시장맞은편점,폐휴대폰,수거함 설치,서울 구로구 구로동로 109 ,민팃ATM,무상
8084,(LGU+)구로동 구로시장점,폐휴대폰,수거함 설치,서울 구로구 구로동로22길 8-2 ,민팃ATM,무상
8085,(LGU+)난곡동 난곡점,폐휴대폰,수거함 설치,서울 관악구 난곡로 194 ,민팃ATM,무상
8086,(LGU+)남포동3가 부산극장점,폐휴대폰,수거함 설치,부산시 중구 비프광장로 31 ,민팃ATM,무상
8087,(LGU+)노은동 노은광장점,폐휴대폰,수거함 설치,대전시 유성구 은구비남로33번길 51 ,민팃ATM,무상
8088,(LGU+)다산동 지금지구점,폐휴대폰,수거함 설치,경기 남양주시 다산지금로 140 ,민팃ATM,무상
8089,(LGU+)답십리동 답십리역,폐휴대폰,수거함 설치,서울 동대문구 천호대로 281 ,민팃ATM,무상
8090,(LGU+)답십리동 현대시장점,폐휴대폰,수거함 설치,서울 동대문구 전농로 35 ,민팃ATM,무상
8091,(LGU+)당감1동 당감지구대점,폐휴대폰,수거함 설치,부산 부산진구 당감로 23-1 ,민팃ATM,무상
8092,(LGU+)대연3동 경성대점,폐휴대폰,수거함 설치,부산시 남구 용소로 10 ,민팃ATM,무상
8093,(LGU+)대천동 문화의전당점,폐휴대폰,수거함 설치,충남 보령시 대흥로 57 ,민팃ATM,무상
8094,(LGU+)대천동 중앙시장점,폐휴대폰,수거함 설치,충남 보령시 남대천로 46 ,민팃ATM,무상
8095,(LGU+)대청동2가 책방골목점,폐휴대폰,수거함 설치,부산 중구 대청로 92 ,민팃ATM,무상
8096,(LGU+)덕산면 혁신도시점,폐휴대폰,수거함 설치,충북 진천군 덕산면 공원로 4 ,민팃ATM,무상
8097,(LGU+)덕진동 전북대구정문점,폐휴대폰,수거함 설치,전북 전주시 덕진구 명륜4길 13 ,민팃ATM,무상
8098,(LGU+)독산동 남문시장점,폐휴대폰,수거함 설치,서울 금천구 독산로87길 2 ,민팃ATM,무상
8099,(LGU+)둔산동 은하수네거리점,폐휴대폰,수거함 설치,대전 서구 대덕대로 179 ,민팃ATM,무상
8100,(LGU+)명동 을지로입구역점,폐휴대폰,수거함 설치,서울 중구 명동9길 35 ,민팃ATM,무상
8101,(LGU+)모전동 문경시청점,폐휴대폰,수거함 설치,경북 문경시 당교로 172 ,민팃ATM,무상
8102,(LGU+)문화2동 주공아파트점,폐휴대폰,수거함 설치,대전 중구 보문산로161번길 30 ,민팃ATM,무상
8103,(LGU+)봉선동 이마트점,폐휴대폰,수거함 설치,광주 남구 봉선로 184 ,민팃ATM,무상
8104,(LGU+)부사동 부사시장점,폐휴대폰,수거함 설치,대전시 중구 대종로 312 ,민팃ATM,무상
8105,(LGU+)분평동 남부신협점,폐휴대폰,수거함 설치,충북 청주시 서원구 1순환로1107번길 33 ,민팃ATM,무상
8106,(LGU+)사직동 국민시장입구점,폐휴대폰,수거함 설치,부산 동래구 사직북로 31 ,민팃ATM,무상
8107,(LGU+)산남동 우리은행점,폐휴대폰,수거함 설치,충북 청주시 서원구 산남로 54 ,민팃ATM,무상
8108,(LGU+)삼산2동 굴포천역점,폐휴대폰,수거함 설치,인천 부평구 길주로 지하 623 ,민팃ATM,무상
8109,(LGU+)상남동 마디미로점,폐휴대폰,수거함 설치,경남 창원시 성산구 마디미로 10 ,민팃ATM,무상
8110,(LGU+)상남동 상남시장정문점,폐휴대폰,수거함 설치,경남 창원시 성산구 마디미로22번길 12 ,민팃ATM,무상
8111,(LGU+)상동 동신대한방병원점,폐휴대폰,수거함 설치,전남 목포시 백년대로 318 ,민팃ATM,무상
8112,(LGU+)상동 하당광주은행점,폐휴대폰,수거함 설치,전남 목포시 비파로 57 ,민팃ATM,무상
8113,(LGU+)서성동 서문사거리점,폐휴대폰,수거함 설치,경북 상주시 중앙로 191 ,민팃ATM,무상
8114,(LGU+)석관동 석관시장점,폐휴대폰,수거함 설치,서울 성북구 돌곶이로 60 ,민팃ATM,무상
8115,(LGU+)성정동 성정로점,폐휴대폰,수거함 설치,충남 천안시 서북구 쌍용대로 188 ,민팃ATM,무상
8116,(LGU+)송절동 테크노폴리스점,폐휴대폰,수거함 설치,충북 청주시 흥덕구 송화로 178 ,민팃ATM,무상
8117,(LGU+)신곡2동 금오지구대점,폐휴대폰,수거함 설치,경기 의정부시 추동로92번길 11-23 ,민팃ATM,무상
8118,(LGU+)신당동 신당중앙시장점,폐휴대폰,수거함 설치,서울 중구 퇴계로 432-1 ,민팃ATM,무상
8119,(LGU+)신림동 신림역점,폐휴대폰,수거함 설치,서울 관악구 남부순환로 1601 ,민팃ATM,무상
8120,(LGU+)신천동 삼미시장점,폐휴대폰,수거함 설치,경기 시흥시 삼미시장4길 7-1 ,민팃ATM,무상
8121,(LGU+)십정2동 동암남부역점,폐휴대폰,수거함 설치,인천 부평구 동암남로 4 ,민팃ATM,무상
8122,(LGU+)쌍용동 로데오거리점,폐휴대폰,수거함 설치,충남 천안시 서북구 미라8길 37 ,민팃ATM,무상
8123,(LGU+)쌍용동 쌍용사거리점,폐휴대폰,수거함 설치,충남 천안시 서북구 서부대로 361 ,민팃ATM,무상
8124,(LGU+)쌍용동 이마트점,폐휴대폰,수거함 설치,충남 천안시 서북구 차돌들길 7-13 ,민팃ATM,무상
8125,(LGU+)연산동 배산역5번출구점,폐휴대폰,수거함 설치,부산시 연제구 연수로 220-1 ,민팃ATM,무상
8126,(LGU+)영주동 구성오거리점,폐휴대폰,수거함 설치,경북 영주시 구성로 338 ,민팃ATM,무상
8127,(LGU+)영주동 문화의거리1점,폐휴대폰,수거함 설치,경북 영주시 번영로 153 ,민팃ATM,무상
8128,(LGU+)온천2동 동래역점,폐휴대폰,수거함 설치,부산 동래구 중앙대로 1319 ,민팃ATM,무상
8129,(LGU+)원동 오산로데오점,폐휴대폰,수거함 설치,경기 오산시 원동로37번길 41 ,민팃ATM,무상
8130,(LGU+)원동 중앙시장점,폐휴대폰,수거함 설치,대전 동구 대전천동로 534 ,민팃ATM,무상
8131,(LGU+)월평동 선사유적점,폐휴대폰,수거함 설치,대전 서구 청사서로 26 ,민팃ATM,무상
8132,(LGU+)율량동 GS슈퍼점,폐휴대폰,수거함 설치,충북 청주시 청원구 율봉로 134 ,민팃ATM,무상
8133,(LGU+)은행동 성심당네거리점,폐휴대폰,수거함 설치,대전 중구 중앙로156번길 28 ,민팃ATM,무상
8134,(LGU+)일곡동 우체국사거리점,폐휴대폰,수거함 설치,광주 북구 설죽로 518 ,민팃ATM,무상
8135,(LGU+)장안동 장안점,폐휴대폰,수거함 설치,서울 동대문구 답십리로 309 ,민팃ATM,무상
8136,(LGU+)장안동 장한로사거리점,폐휴대폰,수거함 설치,서울 동대문구 장한로 54 ,민팃ATM,무상
8137,(LGU+)전농동 전농시장점,폐휴대폰,수거함 설치,서울 동대문구 전농로 151 ,민팃ATM,무상
8138,(LGU+)점촌동 중앙시장네거리점,폐휴대폰,수거함 설치,경북 문경시 상신로 2 ,민팃ATM,무상
8139,(LGU+)정평동 정평역점,폐휴대폰,수거함 설치,경북 경산시 대학로 46 ,민팃ATM,무상
8140,(LGU+)종로2가 종각역8번출구점,폐휴대폰,수거함 설치,서울 종로구 종로 65 ,민팃ATM,무상
8141,(LGU+)종로5가 종로5가역점,폐휴대폰,수거함 설치,서울 종로구 종로 236 ,민팃ATM,무상
8142,(LGU+)종암동 종암주민센터점,폐휴대폰,수거함 설치,서울 성북구 종암로 99 ,민팃ATM,무상
8143,(LGU+)주례동 주례역점,폐휴대폰,수거함 설치,부산시 사상구 가야대로 278-2 ,민팃ATM,무상
8144,(LGU+)중리동 중리시장입구점,폐휴대폰,수거함 설치,대전 대덕구 중리로64번길 2 ,민팃ATM,무상
8145,(LGU+)진해 석동사거리점,폐휴대폰,수거함 설치,경남 창원시 진해구 냉천로 61 ,민팃ATM,무상
8146,(LGU+)창신동 동대문역2번출구점,폐휴대폰,수거함 설치,서울 종로구 종로 303 ,민팃ATM,무상
8147,(LGU+)창신동 동묘역교차로점,폐휴대폰,수거함 설치,서울 종로구 지봉로 37-1 1층 ,민팃ATM,무상
8148,(LGU+)평화동 김천역점,폐휴대폰,수거함 설치,경북 김천시 김천로 106-1 ,민팃ATM,무상
8149,(LGU+)하월곡동 방천시장입구,폐휴대폰,수거함 설치,서울 성북구 오패산로 103 ,민팃ATM,무상
8150,(LGU+)합성동 마산합성점,폐휴대폰,수거함 설치,경남 창원시 마산회원구 3.15대로 751 ,민팃ATM,무상
8151,(LGU+)합성동 합성사거리점,폐휴대폰,수거함 설치,경남 창원시 마산회원구 3.15대로 784 ,민팃ATM,무상
8152,(LGU+)해남읍 해남점,폐휴대폰,수거함 설치,전남 해남군 해남읍 중앙1로 135 ,민팃ATM,무상
8153,(LGU+)회기동 회기역사거리점,폐휴대폰,수거함 설치,서울 동대문구 이문로 29 ,민팃ATM,무상
8154,(LGU+)가양동 가양대교점,폐휴대폰,수거함 설치,서울 강서구 화곡로 429 ,민팃ATM,무상
8155,(LGU+)거여동 거여역점,폐휴대폰,수거함 설치,서울 송파구 오금로 512 ,민팃ATM,무상
8156,(LGU+)광명동 광명사거리역2번출구점,폐휴대폰,수거함 설치,경기 광명시 오리로 971-1 ,민팃ATM,무상
8157,(LGU+)괴정3동 대티역점,폐휴대폰,수거함 설치,부산 사하구 낙동대로 162 ,민팃ATM,무상
8158,(LGU+)교동 시내점,폐휴대폰,수거함 설치,전남 여수시 통제영2길 9-1 ,민팃ATM,무상
8159,(LGU+)구서2동 두실역점,폐휴대폰,수거함 설치,부산시 금정구 중앙대로 1947 ,민팃ATM,무상
8160,(LGU+)궁동 한빛아파트점,폐휴대폰,수거함 설치,대전 유성구 농대로 23 ,민팃ATM,무상
8161,(LGU+)노동동 노스페이스점,폐휴대폰,수거함 설치,경북 경주시 동성로 110-1 ,민팃ATM,무상
8162,(LGU+)다대동 다대포항역점,폐휴대폰,수거함 설치,부산 사하구 다대로 549 ,민팃ATM,무상
8163,(LGU+)당하동 완정역사거리점,폐휴대폰,수거함 설치,인천 서구 원당대로 660 ,민팃ATM,무상
8164,(LGU+)대연5동 진남로점,폐휴대폰,수거함 설치,부산 남구 진남로 9 ,민팃ATM,무상
8165,(LGU+)대잠동 이동사거리점,폐휴대폰,수거함 설치,경북 포항시 남구 대이로 115 ,민팃ATM,무상
8166,(LGU+)대흥동 북포항우체국점,폐휴대폰,수거함 설치,경북 포항시 북구 중앙상가길 39 ,민팃ATM,무상
8167,(LGU+)대흥동 포항역점,폐휴대폰,수거함 설치,경북 포항시 북구 용당로 92 ,민팃ATM,무상
8168,(LGU+)도봉2동 도봉구청점,폐휴대폰,수거함 설치,서울 도봉구 마들로 665 ,민팃ATM,무상
8169,(LGU+)동교동 홍대역점,폐휴대폰,수거함 설치,서울 마포구 양화로 156 ,민팃ATM,무상
8170,(LGU+)동문동 로데오거리점,폐휴대폰,수거함 설치,충남 서산시 중앙로 33 ,민팃ATM,무상
8171,(LGU+)두산동 황금네거리점,폐휴대폰,수거함 설치,대구시 수성구 동대구로 95 ,민팃ATM,무상
8172,(LGU+)둔산3동 세이브존점,폐휴대폰,수거함 설치,대전 서구 둔산로 214 ,민팃ATM,무상
8173,(LGU+)둔산동 까치네거리점,폐휴대폰,수거함 설치,대전시 서구 둔산남로 99 ,민팃ATM,무상
8174,(LGU+)마곡동 발산역점,폐휴대폰,수거함 설치,서울 강서구 강서로 381 ,민팃ATM,무상
8175,(LGU+)망포동 망포역점,폐휴대폰,수거함 설치,경기 수원시 영통구 태장로 88 ,민팃ATM,무상
8176,(LGU+)매산로1가 수원로터리점,폐휴대폰,수거함 설치,경기 수원시 팔달구 덕영대로 915-1 ,민팃ATM,무상
8177,(LGU+)명륜동 성대입구점,폐휴대폰,수거함 설치,서울 종로구 대명길 41 ,민팃ATM,무상
8178,(LGU+)물금읍 범어리점,폐휴대폰,수거함 설치,경남 양산시 물금읍 범어로 76 ,민팃ATM,무상
8179,(LGU+)방학1동 방학사거리점,폐휴대폰,수거함 설치,서울 도봉구 도봉로 687 ,민팃ATM,무상
8180,(LGU+)범일2동 범일동점,폐휴대폰,수거함 설치,부산 동구 범일로 103 ,민팃ATM,무상
8181,(LGU+)본오3동 KB국민은행상록수역점,폐휴대폰,수거함 설치,경기 안산시 상록구 용신로 390 ,민팃ATM,무상
8182,(LGU+)부원동 아이스퀘어점,폐휴대폰,수거함 설치,경남 김해시 김해대로 2352 ,민팃ATM,무상
8183,(LGU+)부전1동 부전시장점,폐휴대폰,수거함 설치,부산 부산진구 새싹로 7 ,민팃ATM,무상
8184,(LGU+)부평5동 부평로터리점,폐휴대폰,수거함 설치,인천 부평구 시장로 25 ,민팃ATM,무상
8185,(LGU+)산본1동 금정역점,폐휴대폰,수거함 설치,경기 군포시 산본천로226번길 1 ,민팃ATM,무상
8186,(LGU+)산본2동 산본사거리점,폐휴대폰,수거함 설치,경기 군포시 고산로 695 ,민팃ATM,무상
8187,(LGU+)삼도일동 서사라점,폐휴대폰,수거함 설치,제주 제주시 서광로 203 ,민팃ATM,무상
8188,(LGU+)삼방동 삼방점,폐휴대폰,수거함 설치,경남 김해시 활천로267번길 24 ,민팃ATM,무상
8189,(LGU+)삼양동 솔샘시장점,폐휴대폰,수거함 설치,서울 강북구 솔샘로 235 ,민팃ATM,무상
8190,(LGU+)상동 상동사거리점,폐휴대폰,수거함 설치,경기 부천시 상동로 87 ,민팃ATM,무상
8191,(LGU+)상동 초원아파트점,폐휴대폰,수거함 설치,전남 목포시 부흥로 23 ,민팃ATM,무상
8192,(LGU+)상인동 상인네거리점,폐휴대폰,수거함 설치,대구 달서구 월배로 220 ,민팃ATM,무상
8193,(LGU+)석현동 석현삼거리점,폐휴대폰,수거함 설치,전남 목포시 석현로 2 ,민팃ATM,무상
8194,(LGU+)성내동 둔촌시장점,폐휴대폰,수거함 설치,서울 강동구 양재대로 1335 ,민팃ATM,무상
8195,(LGU+)신정동 신정네거리역4번출구점,폐휴대폰,수거함 설치,서울 양천구 중앙로 258 ,민팃ATM,무상
8196,(LGU+)신천동 파리바게뜨점,폐휴대폰,수거함 설치,경기 시흥시 호현로10번길 15-5 ,민팃ATM,무상
8197,(LGU+)여서동 사거리점,폐휴대폰,수거함 설치,전남 여수시 여서1로 62 ,민팃ATM,무상
8198,(LGU+)연산4동 연산점,폐휴대폰,수거함 설치,부산 연제구 고분로 30 ,민팃ATM,무상
8199,(LGU+)연향동 스타벅스점,폐휴대폰,수거함 설치,전남 순천시 연향번영길 118 ,민팃ATM,무상
8200,(LGU+)옥계동 양포입구점,폐휴대폰,수거함 설치,경북 구미시 흥안로 3 ,민팃ATM,무상
8201,(LGU+)옥과면 전남과학대점,폐휴대폰,수거함 설치,전남 곡성군 옥과면 대학로 133 ,민팃ATM,무상
8202,(LGU+)용현동 인하대역점,폐휴대폰,수거함 설치,인천 미추홀구 독배로 311 ,민팃ATM,무상
8203,(LGU+)용호1동 용호사거리점,폐휴대폰,수거함 설치,부산 남구 동명로 137 ,민팃ATM,무상
8204,(LGU+)운남동 주공2단지점,폐휴대폰,수거함 설치,광주시 광산구 목련로273번길 97 ,민팃ATM,무상
8205,(LGU+)운암동 경신여고점,폐휴대폰,수거함 설치,광주 북구 서암대로 31 ,민팃ATM,무상
8206,(LGU+)원평동 구미역점,폐휴대폰,수거함 설치,경북 구미시 구미중앙로 77 ,민팃ATM,무상
8207,(LGU+)정릉동 정릉역2번출구점,폐휴대폰,수거함 설치,서울 성북구 정릉로26길 61 ,민팃ATM,무상
8208,(LGU+)주안동 주안역점,폐휴대폰,수거함 설치,인천 미추홀구 주안로 106 ,민팃ATM,무상
8209,(LGU+)주엽동 강선사거리점,폐휴대폰,수거함 설치,경기 고양시 일산서구 중앙로 1406 ,민팃ATM,무상
8210,(LGU+)중앙동 프리미엄점,폐휴대폰,수거함 설치,경북 포항시 북구 중앙상가길 31-1 ,민팃ATM,무상
8211,(LGU+)진영읍 진영리점,폐휴대폰,수거함 설치,경남 김해시 진영읍 장등로19번길 41 ,민팃ATM,무상
8212,(LGU+)창5동 창동역서측점,폐휴대폰,수거함 설치,서울 도봉구 창5동 74-6번지 ,민팃ATM,무상
8213,(LGU+)창평동 창평점,폐휴대폰,수거함 설치,전남 목포시 수문로 20 ,민팃ATM,무상
8214,(LGU+)천호동 천호역5번출구,폐휴대폰,수거함 설치,서울 강동구 천호대로 1021 ,민팃ATM,무상
8215,(LGU+)충장로3가 다이소점,폐휴대폰,수거함 설치,광주 동구 충장로 80-8 ,민팃ATM,무상
8216,(LGU+)평택동 평택역오거리점,폐휴대폰,수거함 설치,경기 평택시 중앙2로 1 ,민팃ATM,무상
8217,(LGU+)하단2동 하단역점,폐휴대폰,수거함 설치,부산시 사하구 낙동대로 466 ,민팃ATM,무상
8218,(LGU+)학동 부영3단지점,폐휴대폰,수거함 설치,전남 여수시 망마로 36 ,민팃ATM,무상
8219,(LGU+)학동 쌍봉사거리점,폐휴대폰,수거함 설치,전남 여수시 시청로 34 ,민팃ATM,무상
8220,(LGU+)학동 우체국점,폐휴대폰,수거함 설치,전남 여수시 흥국로 15 ,민팃ATM,무상
8221,(LGU+)화곡동 목동사거리점,폐휴대폰,수거함 설치,서울 강서구 등촌로 17 ,민팃ATM,무상
8222,(LGU+)화곡동 화곡역7번출구점,폐휴대폰,수거함 설치,서울 강서구 강서로 171 ,민팃ATM,무상
8223,(LGU+)화장동 롯데마트점,폐휴대폰,수거함 설치,전남 여수시 무선로 203 ,민팃ATM,무상
8224,(LGU+)황성동 농협사거리점,폐휴대폰,수거함 설치,경북 경주시 황성로 15 ,민팃ATM,무상
8225,(LGU+)M LG길동역직영점,폐휴대폰,수거함 설치,서울 강동구 양재대로 1465 ,민팃ATM,무상
8226,(LGU+)고현동 시외버스터미널점,폐휴대폰,수거함 설치,경남 거제시 서문로 67 ,민팃ATM,무상
8227,(LGU+)광정동 산본점,폐휴대폰,수거함 설치,경기 군포시 산본로323번길 16-36 ,민팃ATM,무상
8228,(LGU+)괘법동 사상점,폐휴대폰,수거함 설치,부산 사상구 사상로 206 ,민팃ATM,무상
8229,(LGU+)교1동 현대아파트점,폐휴대폰,수거함 설치,강원 강릉시 교동광장로 137 ,민팃ATM,무상
8230,(LGU+)구서동 중앙대로점,폐휴대폰,수거함 설치,부산 금정구 중앙대로1841번길 23 ,민팃ATM,무상
8231,(LGU+)권선동 롯데마트점,폐휴대폰,수거함 설치,경기 수원시 권선구 동수원로242번길 22 ,민팃ATM,무상
8232,(LGU+)금곡동 미금역7번출구점,폐휴대폰,수거함 설치,경기 성남시 분당구 돌마로 51 ,민팃ATM,무상
8233,(LGU+)남대문로3가 남대문점,폐휴대폰,수거함 설치,서울 중구 남대문로 28 ,민팃ATM,무상
8234,(LGU+)노동동 대왕시네마점,폐휴대폰,수거함 설치,경북 경주시 원효로 106 ,민팃ATM,무상
8235,(LGU+)논현2동 강남구청역점,폐휴대폰,수거함 설치,서울 강남구 선릉로 635 ,민팃ATM,무상
8236,(LGU+)논현동 아이플렉스점,폐휴대폰,수거함 설치,인천 남동구 논고개로123번길 17 ,민팃ATM,무상
8237,(LGU+)당감4동 화승삼성아파트점,폐휴대폰,수거함 설치,부산 부산진구 당감로 61 ,민팃ATM,무상
8238,(LGU+)대연동 경성대역점,폐휴대폰,수거함 설치,부산 남구 수영로 295 ,민팃ATM,무상
8239,(LGU+)대청동 롯데마트점,폐휴대폰,수거함 설치,경남 김해시 삼문로 19 ,민팃ATM,무상
8240,(LGU+)도선동 왕십리역1번출구점,폐휴대폰,수거함 설치,서울 성동구 왕십리로 318 ,민팃ATM,무상
8241,(LGU+)동패동 교하사거리점,폐휴대폰,수거함 설치,경기 파주시 청석로 256 ,민팃ATM,무상
8242,(LGU+)동패동 운정사거리점,폐휴대폰,수거함 설치,경기 파주시 와석순환로 125 ,민팃ATM,무상
8243,(LGU+)마곡동 사이언스파크DP3,폐휴대폰,수거함 설치,서울 강서구 마곡중앙10로 30 ,민팃ATM,무상
8244,(LGU+)무거동 울산대점,폐휴대폰,수거함 설치,울산시 남구 대학로 50 ,민팃ATM,무상
8245,(LGU+)반송동 동탄센트럴점,폐휴대폰,수거함 설치,경기 화성시 동탄지성로 108 ,민팃ATM,무상
8246,(LGU+)반포1동 서초점,폐휴대폰,수거함 설치,서울 서초구 강남대로79길 2 ,민팃ATM,무상
8247,(LGU+)번1동 수유역3번출구점,폐휴대폰,수거함 설치,서울 강북구 도봉로 332 ,민팃ATM,무상
8248,(LGU+)범박동 범박신도시점,폐휴대폰,수거함 설치,경기 부천시 범안로 117 ,민팃ATM,무상
8249,(LGU+)부전2동 서면1번가점,폐휴대폰,수거함 설치,부산 부산진구 중앙대로 689 ,민팃ATM,무상
8250,(LGU+)북부동 남부시장점,폐휴대폰,수거함 설치,경남 양산시 북안남1길 2 ,민팃ATM,무상
8251,(LGU+)사당2동 총신대점,폐휴대폰,수거함 설치,서울 동작구 동작대로 127 ,민팃ATM,무상
8252,(LGU+)사우동 GS슈퍼마켓맞은편점,폐휴대폰,수거함 설치,경기 김포시 사우중로 45 ,민팃ATM,무상
8253,(LGU+)상2동 상사거리점,폐휴대폰,수거함 설치,경기 부천시 상동로 90 ,민팃ATM,무상
8254,(LGU+)상계동 노원역9번출구점,폐휴대폰,수거함 설치,서울 노원구 상계로3길 16 ,민팃ATM,무상
8255,(LGU+)서상동 외국인거리점,폐휴대폰,수거함 설치,경남 김해시 가락로 74-1 ,민팃ATM,무상
8256,(LGU+)서현동 고객감동분당점,폐휴대폰,수거함 설치,경기 성남시 분당구 서현로 190 ,민팃ATM,무상
8257,(LGU+)수안동 충렬대로점,폐휴대폰,수거함 설치,부산시 동래구 충렬대로 250-1 ,민팃ATM,무상
8258,(LGU+)안양5동 우리은행점,폐휴대폰,수거함 설치,경기 안양시 만안구 안양로 259 ,민팃ATM,무상
8259,(LGU+)여의도동 트윈타워점,폐휴대폰,수거함 설치,서울 영등포구 여의대로 128 ,민팃ATM,무상
8260,(LGU+)역동 광주농협점,폐휴대폰,수거함 설치,경기 광주시 중앙로 88 ,민팃ATM,무상
8261,(LGU+)역삼동 강남역점,폐휴대폰,수거함 설치,서울 강남구 테헤란로 119 ,민팃ATM,무상
8262,(LGU+)연산2동 부산시청역점,폐휴대폰,수거함 설치,부산 연제구 중앙대로 1034 ,민팃ATM,무상
8263,(LGU+)영통동 영통역점,폐휴대폰,수거함 설치,경기 수원시 영통구 봉영로 1590 ,민팃ATM,무상
8264,(LGU+)옥동 테마프라자점,폐휴대폰,수거함 설치,경북 안동시 경북대로 412 ,민팃ATM,무상
8265,(LGU+)용산동 충주여고점,폐휴대폰,수거함 설치,충북 충주시 형설로 92 ,민팃ATM,무상
8266,(LGU+)우동 해운대점,폐휴대폰,수거함 설치,부산 해운대구 해운대로 624 ,민팃ATM,무상
8267,(LGU+)인현동 동인천역점,폐휴대폰,수거함 설치,인천 중구 자유공원로 4 ,민팃ATM,무상
8268,(LGU+)자양동 구의역점,폐휴대폰,수거함 설치,서울 광진구 아차산로 360 ,민팃ATM,무상
8269,(LGU+)작전2동 홈플러스옆점,폐휴대폰,수거함 설치,인천 계양구 계양대로 31 ,민팃ATM,무상
8270,(LGU+)잠실동 잠실새내역점,폐휴대폰,수거함 설치,서울 송파구 올림픽로 124 1층 ,민팃ATM,무상
8271,(LGU+)장항동 라페스타점,폐휴대폰,수거함 설치,경기 고양시 일산동구 중앙로1275번길 38-5 ,민팃ATM,무상
8272,(LGU+)전하2동 아이파크점,폐휴대폰,수거함 설치,울산 동구 진성4길 50 ,민팃ATM,무상
8273,(LGU+)정왕1동 시화이마트점,폐휴대폰,수거함 설치,경기 시흥시 중심상가3길 10 ,민팃ATM,무상
8274,(LGU+)조양동 춘천명동점,폐휴대폰,수거함 설치,강원 춘천시 금강로 61 ,민팃ATM,무상
8275,(LGU+)종로3가 탑골공원점,폐휴대폰,수거함 설치,서울 종로구 종로 117-1 ,민팃ATM,무상
8276,(LGU+)중앙동 중앙상가점,폐휴대폰,수거함 설치,전남 순천시 중앙6길 11-2 ,민팃ATM,무상
8277,(LGU+)창1동 쌍문역2번출구점,폐휴대폰,수거함 설치,서울 도봉구 도봉로 464 ,민팃ATM,무상
8278,(LGU+)청라직영점,폐휴대폰,수거함 설치,인천 서구 청라라임로 71 ,민팃ATM,무상
8279,(LGU+)팔용동 창원팔용점,폐휴대폰,수거함 설치,경남 창원시 의창구 의창대로 56 ,민팃ATM,무상
8280,(LGU+)평택동 터미널삼거리점,폐휴대폰,수거함 설치,경기 평택시 평택로32번길 1 ,민팃ATM,무상
8281,(LGU+)하단동 CGV점,폐휴대폰,수거함 설치,부산 사하구 낙동남로 1422 ,민팃ATM,무상
8282,(LGU+)합성동 315대로점,폐휴대폰,수거함 설치,경남 창원시 마산회원구 3·15대로 772 ,민팃ATM,무상
8283,(LGU+)화곡동 화곡역3번출구점,폐휴대폰,수거함 설치,서울 강서구 화곡로 176 ,민팃ATM,무상
8284,(LGU+)화봉동 화봉로점,폐휴대폰,수거함 설치,울산 북구 화봉로 69 ,민팃ATM,무상
8285,(LGU+)고강본동 고강사거리점,폐휴대폰,수거함 설치,경기 부천시 오정구 역곡로 480 ,민팃ATM,무상
8286,(LGU+)고잔2동 안산점,폐휴대폰,수거함 설치,경기 안산시 단원구 고잔1길 17 ,민팃ATM,무상
8287,(LGU+)노형동 제주은행점,폐휴대폰,수거함 설치,제주 제주시 도령로 11 ,민팃ATM,무상
8288,(LGU+)대동 대동오거리점,폐휴대폰,수거함 설치,대전 동구 동대전로 79 ,민팃ATM,무상
8289,(LGU+)대천동 중앙로점,폐휴대폰,수거함 설치,충남 보령시 중앙로 56 ,민팃ATM,무상
8290,(LGU+)대흥동 포항시네마점,폐휴대폰,수거함 설치,경북 포항시 북구 중앙상가길 16 ,민팃ATM,무상
8291,(LGU+)동천동 동천점,폐휴대폰,수거함 설치,대구시 북구 팔거천동로 218 ,민팃ATM,무상
8292,(LGU+)두호동 두호사거리점,폐휴대폰,수거함 설치,경북 포항시 북구 두호로 32 ,민팃ATM,무상
8293,(LGU+)만수동 향촌점,폐휴대폰,수거함 설치,인천 남동구 만수서로 52 ,민팃ATM,무상
8294,(LGU+)매곡동 광주공고점,폐휴대폰,수거함 설치,광주 북구 설죽로 333 ,민팃ATM,무상
8295,(LGU+)명륜동 목포역점,폐휴대폰,수거함 설치,전남 목포시 영산로 97 ,민팃ATM,무상
8296,(LGU+)복대동 지웰시티점,폐휴대폰,수거함 설치,충북 청주시 흥덕구 대농로 47 ,민팃ATM,무상
8297,(LGU+)봉곡동 테마공원점,폐휴대폰,수거함 설치,경북 구미시 봉곡남로 108 ,민팃ATM,무상
8298,(LGU+)불당동 지웰시티몰점,폐휴대폰,수거함 설치,충남 천안시 서북구 불당26로 50 ,민팃ATM,무상
8299,(LGU+)삼산동 문화광장길점,폐휴대폰,수거함 설치,경북 안동시 문화광장길 46 ,민팃ATM,무상
8300,(LGU+)상계동 노원역직영점,폐휴대폰,수거함 설치,서울 노원구 노해로81길 5-6 ,민팃ATM,무상
8301,(LGU+)상인동 남상인네거리점,폐휴대폰,수거함 설치,대구 달서구 월곡로 180 ,민팃ATM,무상
8302,(LGU+)신당동 성서계대점,폐휴대폰,수거함 설치,대구시 달서구 계대동문로 18 ,민팃ATM,무상
8303,(LGU+)신매동 시지광장점,폐휴대폰,수거함 설치,대구시 수성구 달구벌대로 3202 ,민팃ATM,무상
8304,(LGU+)신암동 동구청점,폐휴대폰,수거함 설치,대구 동구 아양로 199 ,민팃ATM,무상
8305,(LGU+)신탄진동 신탄진역점,폐휴대폰,수거함 설치,대전 대덕구 신탄진로 808 ,민팃ATM,무상
8306,(LGU+)여서동 중앙점,폐휴대폰,수거함 설치,전남 여수시 여서1로 81 ,민팃ATM,무상
8307,(LGU+)연수동 신연수점,폐휴대폰,수거함 설치,충북 충주시 계명대로 228 ,민팃ATM,무상
8308,(LGU+)연향동 패션거리점,폐휴대폰,수거함 설치,전남 순천시 연향중앙상가길 19 ,민팃ATM,무상
8309,(LGU+)영등포동 타임스퀘어점,폐휴대폰,수거함 설치,서울 영등포구 영중로 22 ,민팃ATM,무상
8310,(LGU+)은행동 시흥맥도날드점,폐휴대폰,수거함 설치,경기 시흥시 대은로 86 ,민팃ATM,무상
8311,(LGU+)이도이동 제주광양점,폐휴대폰,수거함 설치,제주 제주시 중앙로 222 ,민팃ATM,무상
8312,(LGU+)주안동 주안7동주민센터점,폐휴대폰,수거함 설치,인천 미추홀구 인하로 261 ,민팃ATM,무상
8313,(LGU+)주월동 남구청점,폐휴대폰,수거함 설치,광주 남구 봉선로 2 ,민팃ATM,무상
8314,(LGU+)주중동 국민은행점,폐휴대폰,수거함 설치,충북 청주시 청원구 주성로 263 ,민팃ATM,무상
8315,(LGU+)진월동 궁전제과점,폐휴대폰,수거함 설치,광주 남구 서문대로701번길 2 ,민팃ATM,무상
8316,(LGU+)초지동 초지농협점,폐휴대폰,수거함 설치,경기 안산시 단원구 광덕1로 62 ,민팃ATM,무상
8317,(LGU+)치평동 타임스퀘어점,폐휴대폰,수거함 설치,광주시 서구 상무중앙로 58 ,민팃ATM,무상
8318,(LGU+)가야1동 가야대로점,폐휴대폰,수거함 설치,부산 부산진구 가야대로 590-2 ,민팃ATM,무상
8319,(LGU+)간석3동 간석시장점,폐휴대폰,수거함 설치,인천 남동구 백범로 325-2 ,민팃ATM,무상
8320,(LGU+)갈현동 연신내로데오,폐휴대폰,수거함 설치,서울 은평구 연서로29길 12 ,민팃ATM,무상
8321,(LGU+)거제1동 연제구점,폐휴대폰,수거함 설치,부산 연제구 아시아드대로 96 ,민팃ATM,무상
8322,(LGU+)고현동 거제점,폐휴대폰,수거함 설치,경남 거제시 거제중앙로 1899 ,민팃ATM,무상
8323,(LGU+)광명동 광명사거리역3번출구점,폐휴대폰,수거함 설치,경기 광명시 광명로 894 ,민팃ATM,무상
8324,(LGU+)구월동 길병원사거리점,폐휴대폰,수거함 설치,인천 남동구 인주대로 661 ,민팃ATM,무상
8325,(LGU+)구포동 백양대로점,폐휴대폰,수거함 설치,부산 북구 백양대로 1196 ,민팃ATM,무상
8326,(LGU+)금광동 E편한세상점,폐휴대폰,수거함 설치,경기 성남시 중원구 광명로 337 ,민팃ATM,무상
8327,(LGU+)금촌동 금촌로터리점,폐휴대폰,수거함 설치,경기 파주시 후곡로 1 ,민팃ATM,무상
8328,(LGU+)기장읍 읍내로점,폐휴대폰,수거함 설치,부산 기장군 기장읍 읍내로 110 ,민팃ATM,무상
8329,(LGU+)내서읍 삼계로점,폐휴대폰,수거함 설치,경남 창원시 마산회원구 내서읍 삼계로 12 ,민팃ATM,무상
8330,(LGU+)녹양동 현대APT점,폐휴대폰,수거함 설치,경기 의정부시 비우로 81 ,민팃ATM,무상
8331,(LGU+)다사읍 대실역점,폐휴대폰,수거함 설치,대구 달성군 다사읍 대실역북로1길 15-3 ,민팃ATM,무상
8332,(LGU+)대교동2가 봉래시장점,폐휴대폰,수거함 설치,부산 영도구 태종로 99-1 ,민팃ATM,무상
8333,(LGU+)대안동 갤러리아점,폐휴대폰,수거함 설치,경남 진주시 촉석로 185 ,민팃ATM,무상
8334,(LGU+)대연동 경성대정문점,폐휴대폰,수거함 설치,부산 남구 용소로 5 ,민팃ATM,무상
8335,(LGU+)동대신동2가 국민은행점,폐휴대폰,수거함 설치,부산 서구 구덕로 300 ,민팃ATM,무상
8336,(LGU+)동삼1동 동삼시장점,폐휴대폰,수거함 설치,부산 영도구 웃서발로 77 ,민팃ATM,무상
8337,(LGU+)마전동 마전역1번출구점,폐휴대폰,수거함 설치,인천 서구 완정로 60 ,민팃ATM,무상
8338,(LGU+)만수동 남동초등학교점,폐휴대폰,수거함 설치,인천 남동구 장승남로 40 ,민팃ATM,무상
8339,(LGU+)망우동 망우사거리점,폐휴대폰,수거함 설치,서울 중랑구 망우로 420 ,민팃ATM,무상
8340,(LGU+)명륜동 동래역점,폐휴대폰,수거함 설치,부산 동래구 명륜로129번길 54 ,민팃ATM,무상
8341,(LGU+)명지동 명지점,폐휴대폰,수거함 설치,부산 강서구 명지오션시티4로 60 ,민팃ATM,무상
8342,(LGU+)무전동 무전점,폐휴대폰,수거함 설치,경남 통영시 무전2길 6 ,민팃ATM,무상
8343,(LGU+)문정동 방이시장점,폐휴대폰,수거함 설치,서울 송파구 백제고분로 466 ,민팃ATM,무상
8344,(LGU+)박달1동 박달시장점,폐휴대폰,수거함 설치,경기 안양시 만안구 양화로 135 ,민팃ATM,무상
8345,(LGU+)반림동 반송시장점,폐휴대폰,수거함 설치,경남 창원시 성산구 원이대로473번길 20-3 ,민팃ATM,무상
8346,(LGU+)반송1동 도서관점,폐휴대폰,수거함 설치,부산 해운대구 아랫반송로21번길 21 ,민팃ATM,무상
8347,(LGU+)반포1동 논현점,폐휴대폰,수거함 설치,서울 서초구 신반포로 340 ,민팃ATM,무상
8348,(LGU+)병방동 병방점,폐휴대폰,수거함 설치,인천 계양구 장제로 909 ,민팃ATM,무상
8349,(LGU+)본오3동 상록롯데마트점,폐휴대폰,수거함 설치,경기 안산시 상록구 샘골로 147 ,민팃ATM,무상
8350,(LGU+)부전2동 NC백화점입구점,폐휴대폰,수거함 설치,부산 부산진구 서전로 24 ,민팃ATM,무상
8351,(LGU+)부전2동 롯데백화점입구점,폐휴대폰,수거함 설치,부산 부산진구 서면로 57 ,민팃ATM,무상
8352,(LGU+)부평1동 경원대로점,폐휴대폰,수거함 설치,인천 부평구 경원대로 1412 ,민팃ATM,무상
8353,(LGU+)사직2동 사직북로점,폐휴대폰,수거함 설치,부산 동래구 사직북로 5 ,민팃ATM,무상
8354,(LGU+)삼문동 장유점,폐휴대폰,수거함 설치,경남 김해시 능동로149번길 8 ,민팃ATM,무상
8355,(LGU+)삼성1동 코엑스점,폐휴대폰,수거함 설치,서울 강남구 영동대로 513 ,민팃ATM,무상
8356,(LGU+)삼호동 삼호점,폐휴대폰,수거함 설치,경남 양산시 서창로 171 ,민팃ATM,무상
8357,(LGU+)상남동 상남시장점,폐휴대폰,수거함 설치,경남 창원시 성산구 마디미로27번길 4 ,민팃ATM,무상
8358,(LGU+)상남동 창원점,폐휴대폰,수거함 설치,경남 창원시 성산구 단정로 32 ,민팃ATM,무상
8359,(LGU+)상대원동 상대원시장점,폐휴대폰,수거함 설치,경기 성남시 중원구 금상로 5-1 ,민팃ATM,무상
8360,(LGU+)상인동 우리은행네거리점,폐휴대폰,수거함 설치,대구 달서구 월배로 174 ,민팃ATM,무상
8361,(LGU+)새솔동 송산그린시티점,폐휴대폰,수거함 설치,경기 화성시 수노을중앙로 146 ,민팃ATM,무상
8362,(LGU+)석사동 투탑시티점,폐휴대폰,수거함 설치,강원 춘천시 지석로 85 ,민팃ATM,무상
8363,(LGU+)선부동 선부역점,폐휴대폰,수거함 설치,경기 안산시 단원구 선부광장1로 38 ,민팃ATM,무상
8364,(LGU+)성사동 원당시장점,폐휴대폰,수거함 설치,경기 고양시 덕양구 호국로790번길 17 ,민팃ATM,무상
8365,(LGU+)성수동 성수역점,폐휴대폰,수거함 설치,서울 성동구 아차산로 96 ,민팃ATM,무상
8366,(LGU+)소하동 소하로사거리점,폐휴대폰,수거함 설치,경기 광명시 금하로 458 ,민팃ATM,무상
8367,(LGU+)송산2동 민락이마트점,폐휴대폰,수거함 설치,경기 의정부시 오목로205번길 1 ,민팃ATM,무상
8368,(LGU+)송정동 송정대로점,폐휴대폰,수거함 설치,경북 구미시 송정대로 64 ,민팃ATM,무상
8369,(LGU+)수서동 수서역점,폐휴대폰,수거함 설치,서울 강남구 밤고개로1길 10 ,민팃ATM,무상
8370,(LGU+)수영동 팔도시장점,폐휴대폰,수거함 설치,부산 수영구 수영로705번길 1 ,민팃ATM,무상
8371,(LGU+)수유동 강북종합시장점,폐휴대폰,수거함 설치,서울 강북구 한천로 1056 ,민팃ATM,무상
8372,(LGU+)수유동 수유역5번출구점,폐휴대폰,수거함 설치,서울 강북구 도봉로 327 ,민팃ATM,무상
8373,(LGU+)수진동 중파사거리점,폐휴대폰,수거함 설치,경기 성남시 수정구 수정로 144 ,민팃ATM,무상
8374,(LGU+)신길동 대신시장점,폐휴대폰,수거함 설치,서울 영등포구 도신로 229 ,민팃ATM,무상
8375,(LGU+)신천동 삼미시장2호점,폐휴대폰,수거함 설치,경기 시흥시 삼미시장2길 24 ,민팃ATM,무상
8376,(LGU+)암사동 암사역점,폐휴대폰,수거함 설치,서울 강동구 올림픽로 769 ,민팃ATM,무상
8377,(LGU+)양주 고읍지구점,폐휴대폰,수거함 설치,경기 양주시 고읍남로 15 ,민팃ATM,무상
8378,(LGU+)역곡2동 역곡북부사거리점,폐휴대폰,수거함 설치,경기 부천시 원미구 역곡로 7 ,민팃ATM,무상
8379,(LGU+)역촌동 구산역점,폐휴대폰,수거함 설치,서울 은평구 서오릉로 139 ,민팃ATM,무상
8380,(LGU+)연산4동 연산역점,폐휴대폰,수거함 설치,부산 연제구 반송로 13 ,민팃ATM,무상
8381,(LGU+)염창동 증미산점,폐휴대폰,수거함 설치,서울 강서구 양천로 583 ,민팃ATM,무상
8382,(LGU+)오천읍 문덕점,폐휴대폰,수거함 설치,경북 포항시 남구 오천읍 원동로 51-1 ,민팃ATM,무상
8383,(LGU+)와부읍 덕소점,폐휴대폰,수거함 설치,경기 남양주시 와부읍 덕소로 89-1 ,민팃ATM,무상
8384,(LGU+)왕길동 롯데시네마점,폐휴대폰,수거함 설치,인천 서구 완정로 159 ,민팃ATM,무상
8385,(LGU+)용답동 용답로데오점,폐휴대폰,수거함 설치,서울 성동구 용답29길 23 ,민팃ATM,무상
8386,(LGU+)의정부1동 구터미널점,폐휴대폰,수거함 설치,경기 의정부시 태평로 102 ,민팃ATM,무상
8387,(LGU+)이곡동 국민연금사거리점,폐휴대폰,수거함 설치,대구 달서구 성서로 420 ,민팃ATM,무상
8388,(LGU+)인의동 인동가산로점,폐휴대폰,수거함 설치,경북 구미시 인동북길 127 ,민팃ATM,무상
8389,(LGU+)장림1동 장림시장점,폐휴대폰,수거함 설치,부산 사하구 장림번영로 25 ,민팃ATM,무상
8390,(LGU+)중방동 다이소점,폐휴대폰,수거함 설치,경북 경산시 중앙로 73 ,민팃ATM,무상
8391,(LGU+)중산동 중산사거리점,폐휴대폰,수거함 설치,경기 고양시 일산동구 고양대로 739 ,민팃ATM,무상
8392,(LGU+)지산동 동아백화점,폐휴대폰,수거함 설치,대구 수성구 지범로 171 ,민팃ATM,무상
8393,(LGU+)진천동 진천네거리점,폐휴대폰,수거함 설치,대구 달서구 월배로 80 ,민팃ATM,무상
8394,(LGU+)창전동 이천성당점,폐휴대폰,수거함 설치,경기 이천시 중리천로33번길 4 ,민팃ATM,무상
8395,(LGU+)청량리동 청량리역3번출구점,폐휴대폰,수거함 설치,서울 동대문구 왕산로 209 ,민팃ATM,무상
8396,(LGU+)청천동 영아다방사거리점,폐휴대폰,수거함 설치,인천 부평구 세월천로 47 ,민팃ATM,무상
8397,(LGU+)하대1동 모덕로점,폐휴대폰,수거함 설치,경남 진주시 모덕로 254 ,민팃ATM,무상
8398,(LGU+)학익2동 학익사거리점,폐휴대폰,수거함 설치,인천 미추홀구 소성로 136 ,민팃ATM,무상
8399,(LGU+)학장동 학장중학교점,폐휴대폰,수거함 설치,부산 사상구 대동로 95 ,민팃ATM,무상
8400,(LGU+)해운동 경남대점,폐휴대폰,수거함 설치,경남 창원시 마산합포구 3.15대로 2 ,민팃ATM,무상
8401,(LGU+)화곡동 강서구청점,폐휴대폰,수거함 설치,서울 강서구 화곡로 322 ,민팃ATM,무상
8402,(LGU+)화곡동 까치산역1번출구점,폐휴대폰,수거함 설치,서울 강서구 강서로 52 ,민팃ATM,무상
8403,(LGU+)화정동 대주피오레점,폐휴대폰,수거함 설치,광주시 서구 화정로 126 ,민팃ATM,무상
8404,(LGU+)UNTACT_STORE_종각점,폐휴대폰,수거함 설치,서울 종로구 종로 19 ,민팃ATM,무상
8405,(LGU+)UNTACT_STORE_충장로점,폐휴대폰,수거함 설치,광주시 동구 충장로 93-3 충장로2가 ,민팃ATM,무상
8406,(LGU+)가경동 롯데마트점,폐휴대폰,수거함 설치,충북 청주시 흥덕구 풍년로 166 ,민팃ATM,무상
8407,(LGU+)가경동 홈플러스점,폐휴대폰,수거함 설치,충북 청주시 흥덕구 가경로 9-19 ,민팃ATM,무상
8408,(LGU+)가좌3동 해오름도서관점,폐휴대폰,수거함 설치,인천 서구 원적로 85 ,민팃ATM,무상
8409,(LGU+)가좌동 경상대점,폐휴대폰,수거함 설치,경남 진주시 진주대로 514 ,민팃ATM,무상
8410,(LGU+)강서동 터미널점,폐휴대폰,수거함 설치,충북 청주시 흥덕구 2순환로 1240 ,민팃ATM,무상
8411,(LGU+)고잔동 안산점,폐휴대폰,수거함 설치,경기 안산시 단원구 중앙대로 929 ,민팃ATM,무상
8412,(LGU+)구월동 예술로점,폐휴대폰,수거함 설치,인천 남동구 예술로 126 ,민팃ATM,무상
8413,(LGU+)권선동 수원시청점,폐휴대폰,수거함 설치,경기 수원시 권선구 권광로 149 ,민팃ATM,무상
8414,(LGU+)금촌동 금릉역점,폐휴대폰,수거함 설치,경기 파주시 금빛로 24 ,민팃ATM,무상
8415,(LGU+)길동 길동사거리점,폐휴대폰,수거함 설치,서울 강동구 양재대로 1441 ,민팃ATM,무상
8416,(LGU+)길음동 길음역점,폐휴대폰,수거함 설치,서울 성북구 길음로 6 ,민팃ATM,무상
8417,(LGU+)도화동 삼성아파트점,폐휴대폰,수거함 설치,서울 마포구 도화길 26 ,민팃ATM,무상
8418,(LGU+)동두천 어수사거리점,폐휴대폰,수거함 설치,경기 동두천시 어수로 93 ,민팃ATM,무상
8419,(LGU+)동문동 광장점,폐휴대폰,수거함 설치,충남 서산시 고운로 153 ,민팃ATM,무상
8420,(LGU+)동문동 터미널점,폐휴대폰,수거함 설치,충남 서산시 안견로 185 ,민팃ATM,무상
8421,(LGU+)두암동 무등도서관점,폐휴대폰,수거함 설치,광주 북구 동문대로 157 ,민팃ATM,무상
8422,(LGU+)둔산동 시청역점,폐휴대폰,수거함 설치,대전시 서구 둔산중로 50 ,민팃ATM,무상
8423,(LGU+)명륜동 목포중앙점,폐휴대폰,수거함 설치,전남 목포시 영산로 93-1 ,민팃ATM,무상
8424,(LGU+)모종동 아산터미널점,폐휴대폰,수거함 설치,충남 아산시 번영로 220 ,민팃ATM,무상
8425,(LGU+)무실동 고객지원센터원주점,폐휴대폰,수거함 설치,강원 원주시 능라동길 31 ,민팃ATM,무상
8426,(LGU+)문산리 문산점,폐휴대폰,수거함 설치,경기 파주시 문산읍 문향로 74 ,민팃ATM,무상
8427,(LGU+)방화동 방화사거리점,폐휴대폰,수거함 설치,서울 강서구 양천로 72 ,민팃ATM,무상
8428,(LGU+)배방읍 주민센터점,폐휴대폰,수거함 설치,충남 아산시 배방읍 모산로 103 ,민팃ATM,무상
8429,(LGU+)범어동 범어동점,폐휴대폰,수거함 설치,대구 수성구 달구벌대로 2506 ,민팃ATM,무상
8430,(LGU+)봉명동 아이파크점,폐휴대폰,수거함 설치,충북 청주시 흥덕구 백봉로223번길 7 ,민팃ATM,무상
8431,(LGU+)비하동 자이아파트점,폐휴대폰,수거함 설치,충북 청주시 흥덕구 2순환로 1084 ,민팃ATM,무상
8432,(LGU+)산격동 산격시장점,폐휴대폰,수거함 설치,대구 북구 동북로 172 ,민팃ATM,무상
8433,(LGU+)산곡동 롯데마트점,폐휴대폰,수거함 설치,인천 부평구 마장로 320 ,민팃ATM,무상
8434,(LGU+)상계6.7동 노원구청점,폐휴대폰,수거함 설치,서울 노원구 상계로3길 16 ,민팃ATM,무상
8435,(LGU+)상동 CGV사거리점,폐휴대폰,수거함 설치,전남 목포시 백년대로 292 ,민팃ATM,무상
8436,(LGU+)서원동 신림로점,폐휴대폰,수거함 설치,서울 관악구 신림로 313 ,민팃ATM,무상
8437,(LGU+)서초동 우성아파트사거리점,폐휴대폰,수거함 설치,서울 서초구 강남대로 321 ,민팃ATM,무상
8438,(LGU+)석남1동 석남점,폐휴대폰,수거함 설치,인천 서구 가정로308번길 2 ,민팃ATM,무상
8439,(LGU+)송도동 밀레니엄점,폐휴대폰,수거함 설치,인천 연수구 컨벤시아대로 69 ,민팃ATM,무상
8440,(LGU+)송천동 솔내로점,폐휴대폰,수거함 설치,전북 전주시 덕진구 솔내로 184 ,민팃ATM,무상
8441,(LGU+)송촌동 먹자골목점,폐휴대폰,수거함 설치,대전 대덕구 계족산로81번길 59 ,민팃ATM,무상
8442,(LGU+)신기동 시전삼거리점,폐휴대폰,수거함 설치,전남 여수시 새터로 57 ,민팃ATM,무상
8443,(LGU+)신음동 시청로점,폐휴대폰,수거함 설치,경북 김천시 신음새동네길 1 ,민팃ATM,무상
8444,(LGU+)신정동 목동역점,폐휴대폰,수거함 설치,서울 양천구 목동로 201 ,민팃ATM,무상
8445,(LGU+)안양동 안양신한은행점,폐휴대폰,수거함 설치,경기 안양시 만안구 안양로292번길 8 ,민팃ATM,무상
8446,(LGU+)여좌동 고객지원센터진해점,폐휴대폰,수거함 설치,경남 창원시 진해구 충장로 119 ,민팃ATM,무상
8447,(LGU+)역북동 용인처인직영,폐휴대폰,수거함 설치,경기 용인시 처인구 명지로60번길 8-12 ,민팃ATM,무상
8448,(LGU+)연수동 구연수점,폐휴대폰,수거함 설치,충북 충주시 번영대로 113 ,민팃ATM,무상
8449,(LGU+)연수동 연수초점,폐휴대폰,수거함 설치,충북 충주시 갱고개로 184 ,민팃ATM,무상
8450,(LGU+)연향동 미스터피자점,폐휴대폰,수거함 설치,전남 순천시 연향번영길 147 ,민팃ATM,무상
8451,(LGU+)예산읍 추사거리점,폐휴대폰,수거함 설치,충남 예산군 예산읍 예산로202번길 6 ,민팃ATM,무상
8452,(LGU+)오송읍 만수리점,폐휴대폰,수거함 설치,충북 청주시 흥덕구 오송읍 오송생명5로 179 ,민팃ATM,무상
8453,(LGU+)온천동 유엘시티점,폐휴대폰,수거함 설치,충남 아산시 충무로 22 ,민팃ATM,무상
8454,(LGU+)용암동 농협사거리점,폐휴대폰,수거함 설치,충북 청주시 상당구 월평로 192 ,민팃ATM,무상
8455,(LGU+)원내동 진잠네거리점,폐휴대폰,수거함 설치,대전 유성구 원내로 38 ,민팃ATM,무상
8456,(LGU+)원평동 구미중앙로점,폐휴대폰,수거함 설치,경북 구미시 구미중앙로13길 12 ,민팃ATM,무상
8457,(LGU+)월곡동 월곡지구대점,폐휴대폰,수거함 설치,광주 광산구 사암로 266-1 ,민팃ATM,무상
8458,(LGU+)월평동 백합네거리점,폐휴대폰,수거함 설치,대전 서구 청사서로 46 ,민팃ATM,무상
8459,(LGU+)읍내동 가원예식장점,폐휴대폰,수거함 설치,충남 당진시 당진중앙2로 211-5 ,민팃ATM,무상
8460,(LGU+)응암동 은평구청사거리점,폐휴대폰,수거함 설치,서울 은평구 은평로 173 ,민팃ATM,무상
8461,(LGU+)인창동 고객지원센터구리점,폐휴대폰,수거함 설치,경기 구리시 경춘로 223 ,민팃ATM,무상
8462,(LGU+)장안동 장한평역점,폐휴대폰,수거함 설치,서울 동대문구 장한로 3 ,민팃ATM,무상
8463,(LGU+)정관읍 정관점,폐휴대폰,수거함 설치,부산 기장군 정관읍 정관로 561 ,민팃ATM,무상
8464,(LGU+)주례2동 냉정역점,폐휴대폰,수거함 설치,부산시 사상구 가야대로 372 ,민팃ATM,무상
8465,(LGU+)주안6동 석바위점,폐휴대폰,수거함 설치,인천 미추홀구 경원대로 856 ,민팃ATM,무상
8466,(LGU+)중동 고객지원센터부천점,폐휴대폰,수거함 설치,경기 부천시 길주로 205 ,민팃ATM,무상
8467,(LGU+)중동 호반아파트점,폐휴대폰,수거함 설치,전남 광양시 광장로 135 ,민팃ATM,무상
8468,(LGU+)중앙동 자유시장점,폐휴대폰,수거함 설치,강원 원주시 중앙시장길 11 ,민팃ATM,무상
8469,(LGU+)창천동 연세대점,폐휴대폰,수거함 설치,서울 서대문구 연세로 27-1 ,민팃ATM,무상
8470,(LGU+)철산동 고객지원센터광명점,폐휴대폰,수거함 설치,경기 광명시 철산로 13 ,민팃ATM,무상
8471,(LGU+)청룡동 서울대입구역3번출구점,폐휴대폰,수거함 설치,서울 관악구 관악로 169 ,민팃ATM,무상
8472,(LGU+)취암동 터미널본점,폐휴대폰,수거함 설치,충남 논산시 계백로 1000 ,민팃ATM,무상
8473,(LGU+)칠금동 터미널점,폐휴대폰,수거함 설치,충북 충주시 봉계1길 58 ,민팃ATM,무상
8474,(LGU+)탄방동 애플센터점,폐휴대폰,수거함 설치,대전 서구 계룡로 639 ,민팃ATM,무상
8475,(LGU+)태평동 중파점,폐휴대폰,수거함 설치,경기 성남시 수정구 수정로 141-1 ,민팃ATM,무상
8476,(LGU+)평거동 평거점,폐휴대폰,수거함 설치,경남 진주시 남강로309번길 44 ,민팃ATM,무상
8477,(LGU+)학동 흥국체육관점,폐휴대폰,수거함 설치,전남 여수시 흥국로 58 ,민팃ATM,무상
8478,(LGU+)해룡면 신대점,폐휴대폰,수거함 설치,전남 순천시 해룡면 신대로 116 ,민팃ATM,무상
8479,(LGU+)호원2동 회룡역서부점,폐휴대폰,수거함 설치,경기 의정부시 외미로 100 ,민팃ATM,무상
8480,(LGU+)화정동 염주사거리점,폐휴대폰,수거함 설치,광주 서구 염화로 89 ,민팃ATM,무상
8481,(LGU+)황상동 인동점,폐휴대폰,수거함 설치,경북 구미시 인동가산로 17 ,민팃ATM,무상
8482,(LGU+)가경동 형석1차아파트,폐휴대폰,수거함 설치,충북 청주시 흥덕구 가경로161번길 3 ,민팃ATM,무상
8483,(LGU+)갈산동 갈산사거리점,폐휴대폰,수거함 설치,인천 부평구 주부토로 223 ,민팃ATM,무상
8484,(LGU+)계산2동 계산동우체국점,폐휴대폰,수거함 설치,인천 계양구 경명대로 1063 ,민팃ATM,무상
8485,(LGU+)고잔2동 중앙약국점,폐휴대폰,수거함 설치,경기 안산시 단원구 예술대학로 11 ,민팃ATM,무상
8486,(LGU+)광이로 광명뉴타운점,폐휴대폰,수거함 설치,경기 광명시 오리로 951 ,민팃ATM,무상
8487,(LGU+)괴정동 롯데백화점,폐휴대폰,수거함 설치,대전 서구 계룡로 590 ,민팃ATM,무상
8488,(LGU+)구로동 남구로역5번출구점,폐휴대폰,수거함 설치,서울 구로구 도림로 5 ,민팃ATM,무상
8489,(LGU+)금학동 대학로점,폐휴대폰,수거함 설치,강원 강릉시 금성로42번길 12 ,민팃ATM,무상
8490,(LGU+)금호동 시영5단지점,폐휴대폰,수거함 설치,광주 서구 운천로 34 ,민팃ATM,무상
8491,(LGU+)남중동 북부시장점,폐휴대폰,수거함 설치,전북 익산시 인북로 253 ,민팃ATM,무상
8492,(LGU+)내덕동 농협점,폐휴대폰,수거함 설치,충북 청주시 청원구 상당로 305 ,민팃ATM,무상
8493,(LGU+)노량진동 노량진컵밥거리점,폐휴대폰,수거함 설치,서울 동작구 노량진로 162 ,민팃ATM,무상
8494,(LGU+)노형동 노형로타리점,폐휴대폰,수거함 설치,제주 제주시 노형로 407 ,민팃ATM,무상
8495,(LGU+)노형동 사거리점,폐휴대폰,수거함 설치,제주 제주시 월랑로10길 2 ,민팃ATM,무상
8496,(LGU+)도화동 마포역2번출구다이와호텔점,폐휴대폰,수거함 설치,서울 마포구 마포대로 67 ,민팃ATM,무상
8497,(LGU+)동천동 서광주농협점,폐휴대폰,수거함 설치,광주 서구 하남대로 704 ,민팃ATM,무상
8498,(LGU+)동탄7동 동탄호수공원점,폐휴대폰,수거함 설치,경기 화성시 동탄순환대로 127-27 ,민팃ATM,무상
8499,(LGU+)두암동 홈플러스점,폐휴대폰,수거함 설치,광주 북구 동문대로 186 ,민팃ATM,무상
8500,(LGU+)두정동 푸르지오사거리점,폐휴대폰,수거함 설치,충남 천안시 서북구 오성2길 38 ,민팃ATM,무상
8501,(LGU+)마전동 검단사거리점,폐휴대폰,수거함 설치,인천 서구 검단로 485 ,민팃ATM,무상
8502,(LGU+)만수5동 모래내점,폐휴대폰,수거함 설치,인천 남동구 구월로 279 ,민팃ATM,무상
8503,(LGU+)만수동 만수소방서점,폐휴대폰,수거함 설치,인천 남동구 백범로 210 ,민팃ATM,무상
8504,(LGU+)명지동 국제로점,폐휴대폰,수거함 설치,부산 강서구 명지국제8로 229 ,민팃ATM,무상
8505,(LGU+)목감동 목감신도시점,폐휴대폰,수거함 설치,경기 시흥시 목감우회로 45 ,민팃ATM,무상
8506,(LGU+)복대동 롯데리아점,폐휴대폰,수거함 설치,충북 청주시 흥덕구 진재로 54 ,민팃ATM,무상
8507,(LGU+)봉선동 사거리점,폐휴대폰,수거함 설치,광주 남구 봉선로 157 ,민팃ATM,무상
8508,(LGU+)부평1동 부평문화로점,폐휴대폰,수거함 설치,인천 부평구 부평문화로 54 ,민팃ATM,무상
8509,(LGU+)분평동 롯데리아점,폐휴대폰,수거함 설치,충북 청주시 서원구 월평로 4 ,민팃ATM,무상
8510,(LGU+)비산동 신비로점,폐휴대폰,수거함 설치,경북 구미시 수출대로3길 111 ,민팃ATM,무상
8511,(LGU+)산정동 보건소사거리점,폐휴대폰,수거함 설치,전남 목포시 청호로 141 ,민팃ATM,무상
8512,(LGU+)산정동 북항점,폐휴대폰,수거함 설치,전남 목포시 청호로 175 ,민팃ATM,무상
8513,(LGU+)삼천동 롯데슈퍼점,폐휴대폰,수거함 설치,전북 전주시 완산구 용리로 45 ,민팃ATM,무상
8514,(LGU+)삼향읍 남악신도시점,폐휴대폰,수거함 설치,전남 무안군 삼향읍 대죽동로 43 ,민팃ATM,무상
8515,(LGU+)삼호읍 대불점,폐휴대폰,수거함 설치,전남 영암군 삼호읍 대불주거5로 6 ,민팃ATM,무상
8516,(LGU+)상대동 진주시청점,폐휴대폰,수거함 설치,경남 진주시 동진로 196 ,민팃ATM,무상
8517,(LGU+)상동 터미널점,폐휴대폰,수거함 설치,전남 목포시 영산로 509 ,민팃ATM,무상
8518,(LGU+)서문동 로데오점,폐휴대폰,수거함 설치,충북 청주시 상당구 사직대로 360-1 ,민팃ATM,무상
8519,(LGU+)서원동 신림중앙점,폐휴대폰,수거함 설치,서울 관악구 남부순환로 1596 ,민팃ATM,무상
8520,(LGU+)석봉동 농협사거리점,폐휴대폰,수거함 설치,대전 대덕구 대덕대로 1606 ,민팃ATM,무상
8521,(LGU+)소사본동 소사종합시장점,폐휴대폰,수거함 설치,경기 부천시 소삼로 21 ,민팃ATM,무상
8522,(LGU+)송천동 이마트점,폐휴대폰,수거함 설치,전북 전주시 덕진구 세병서로 18 ,민팃ATM,무상
8523,(LGU+)신동 원광대대학로점,폐휴대폰,수거함 설치,전북 익산시 무왕로 882 ,민팃ATM,무상
8524,(LGU+)신월동 신월7동점,폐휴대폰,수거함 설치,서울 양천구 지양로 73 ,민팃ATM,무상
8525,(LGU+)신창동 신창우체국점,폐휴대폰,수거함 설치,광주 광산구 신창로 64 ,민팃ATM,무상
8526,(LGU+)신흥동 신흥사거리점,폐휴대폰,수거함 설치,경기 성남시 수정구 산성대로 251 ,민팃ATM,무상
8527,(LGU+)심곡본1동 부천남부시장점,폐휴대폰,수거함 설치,경기 부천시 경인로 206 ,민팃ATM,무상
8528,(LGU+)쌍용동 광혜당약국점,폐휴대폰,수거함 설치,충남 천안시 서북구 봉명로 35 ,민팃ATM,무상
8529,(LGU+)쌍용동 충무이마트점,폐휴대폰,수거함 설치,충남 천안시 서북구 충무로 188 ,민팃ATM,무상
8530,(LGU+)엄사면 엄사네거리점,폐휴대폰,수거함 설치,충남 계룡시 엄사면 번영로 34 ,민팃ATM,무상
8531,(LGU+)연수2동 대동월드점,폐휴대폰,수거함 설치,인천 연수구 용담로 148 ,민팃ATM,무상
8532,(LGU+)연수동 연수역점,폐휴대폰,수거함 설치,인천 연수구 먼우금로 190 ,민팃ATM,무상
8533,(LGU+)오전동 나자로점,폐휴대폰,수거함 설치,경기 의왕시 오전로 209 ,민팃ATM,무상
8534,(LGU+)요촌동 사거리점,폐휴대폰,수거함 설치,전북 김제시 동서로 177 ,민팃ATM,무상
8535,(LGU+)우암동 청대점,폐휴대폰,수거함 설치,충북 청주시 청원구 직지대로 887 ,민팃ATM,무상
8536,(LGU+)운천 금강볼링장점,폐휴대폰,수거함 설치,충북 청주시 흥덕구 사운로 233 ,민팃ATM,무상
8537,(LGU+)운천동 농협점,폐휴대폰,수거함 설치,충북 청주시 흥덕구 사운로 257 ,민팃ATM,무상
8538,(LGU+)율량동 청주여고점,폐휴대폰,수거함 설치,충북 청주시 청원구 율봉로 185 ,민팃ATM,무상
8539,(LGU+)율하동 율하2지구점,폐휴대폰,수거함 설치,경남 김해시 율하6로 64 ,민팃ATM,무상
8540,(LGU+)의정부 민락2지구점,폐휴대폰,수거함 설치,경기 의정부시 오목로225번길 169 ,민팃ATM,무상
8541,(LGU+)일동 안산대학교점,폐휴대폰,수거함 설치,경기 안산시 상록구 안산대학로 105 ,민팃ATM,무상
8542,(LGU+)장덕동 호수공원점,폐휴대폰,수거함 설치,광주 광산구 장신로 82 ,민팃ATM,무상
8543,(LGU+)장동 대방디엠씨피점,폐휴대폰,수거함 설치,전북 전주시 덕진구 기지로 77 ,민팃ATM,무상
8544,(LGU+)정림동 정림삼거리점,폐휴대폰,수거함 설치,대전 서구 정림로 72 ,민팃ATM,무상
8545,(LGU+)정왕1동 시화공고점,폐휴대폰,수거함 설치,경기 시흥시 군서로6번길 9-1 ,민팃ATM,무상
8546,(LGU+)정왕1동 정왕시장점,폐휴대폰,수거함 설치,경기 시흥시 정왕시장길 52 ,민팃ATM,무상
8547,(LGU+)조치원읍 시장점,폐휴대폰,수거함 설치,세종 조치원읍 새내로 92 ,민팃ATM,무상
8548,(LGU+)죽곡리 대실역점,폐휴대폰,수거함 설치,대구 달성군 다사읍 달구벌대로 874 ,민팃ATM,무상
8549,(LGU+)중1동 현대점,폐휴대폰,수거함 설치,경기 부천시 석천로169번길 30 ,민팃ATM,무상
8550,(LGU+)중리동 중리네거리점,폐휴대폰,수거함 설치,대전 대덕구 계족산로 2 ,민팃ATM,무상
8551,(LGU+)지산동 초록도서관점,폐휴대폰,수거함 설치,경기 평택시 지산로 59 ,민팃ATM,무상
8552,(LGU+)철산 철산역2점,폐휴대폰,수거함 설치,경기 광명시 디지털로 17 ,민팃ATM,무상
8553,(LGU+)충무동 우체국점,폐휴대폰,수거함 설치,전남 여수시 충무1길 2 ,민팃ATM,무상
8554,(LGU+)충무동 중앙시장점,폐휴대폰,수거함 설치,경남 창원시 진해구 충장로 108 ,민팃ATM,무상
8555,(LGU+)충의동 충주농협점,폐휴대폰,수거함 설치,충북 충주시 충인3길 1 ,민팃ATM,무상
8556,(LGU+)치평동 상무역점,폐휴대폰,수거함 설치,광주 서구 상무평화로 79 ,민팃ATM,무상
8557,(LGU+)평리동 서구청점,폐휴대폰,수거함 설치,대구 서구 국채보상로 254 ,민팃ATM,무상
8558,(LGU+)포곡읍 둔전점,폐휴대폰,수거함 설치,경기 용인시 처인구 포곡읍 포곡로 114 ,민팃ATM,무상
8559,(LGU+)호매실동 호매실엔루체점,폐휴대폰,수거함 설치,경기 수원시 권선구 호매실로104번길 90 ,민팃ATM,무상
8560,(LGU+)화곡동 우장산역점,폐휴대폰,수거함 설치,서울 강서구 강서로 254 ,민팃ATM,무상
8561,(LGU+)화정동 세이브존점,폐휴대폰,수거함 설치,경기 고양시 덕양구 화정로 47 ,민팃ATM,무상
8562,(LGU+)효자동 전주농협사거리점,폐휴대폰,수거함 설치,전북 전주시 완산구 용머리로 64 ,민팃ATM,무상
8563,(LGU+)흑석동 중앙대점,폐휴대폰,수거함 설치,서울 동작구 흑석로 110-1 ,민팃ATM,무상
8564,(LGU+)가정1동 서경백화점점,폐휴대폰,수거함 설치,인천 서구 가정로 372 ,민팃ATM,무상
8565,(LGU+)가좌2동 가좌시장점,폐휴대폰,수거함 설치,인천 서구 장고개로337번길 16 ,민팃ATM,무상
8566,(LGU+)가좌동 건지공원점,폐휴대폰,수거함 설치,인천 서구 건지로 402 ,민팃ATM,무상
8567,(LGU+)갈월동 숙대입구역점,폐휴대폰,수거함 설치,서울 용산구 한강대로 289 ,민팃ATM,무상
8568,(LGU+)감정동 감정점,폐휴대폰,수거함 설치,경기 김포시 중봉1로 9 ,민팃ATM,무상
8569,(LGU+)강정동 신시가지점,폐휴대폰,수거함 설치,제주 서귀포시 월드컵로 8 ,민팃ATM,무상
8570,(LGU+)강화읍 강화읍점,폐휴대폰,수거함 설치,인천 강화군 강화읍 강화대로 395 ,민팃ATM,무상
8571,(LGU+)검암동 검암점,폐휴대폰,수거함 설치,인천 서구 승학로 515 ,민팃ATM,무상
8572,(LGU+)구래동 구래역4번출구점,폐휴대폰,수거함 설치,경기 김포시 김포한강9로76번길 47 ,민팃ATM,무상
8573,(LGU+)구래동 나비마을사거리점,폐휴대폰,수거함 설치,경기 김포시 김포한강8로 386 ,민팃ATM,무상
8574,(LGU+)구래동 반도유보라점,폐휴대폰,수거함 설치,경기 김포시 김포한강4로 521 ,민팃ATM,무상
8575,(LGU+)구래동 애비뉴스완점,폐휴대폰,수거함 설치,경기 김포시 솔터로 22 ,민팃ATM,무상
8576,(LGU+)구산동 구산역3번출구점,폐휴대폰,수거함 설치,서울 은평구 연서로 137 ,민팃ATM,무상
8577,(LGU+)금왕읍 금왕농협점,폐휴대폰,수거함 설치,충북 음성군 금왕읍 무극로 291 ,민팃ATM,무상
8578,(LGU+)노형동 남녕로점,폐휴대폰,수거함 설치,제주 제주시 남녕로 25 ,민팃ATM,무상
8579,(LGU+)노형동 신시가지점,폐휴대폰,수거함 설치,제주 제주시 연북로 34 ,민팃ATM,무상
8580,(LGU+)당하동 동문아파트후문사거리점,폐휴대폰,수거함 설치,인천 서구 원당대로 840 ,민팃ATM,무상
8581,(LGU+)당하동 원당점,폐휴대폰,수거함 설치,인천 서구 원당대로 860 ,민팃ATM,무상
8582,(LGU+)도남동 도남로점,폐휴대폰,수거함 설치,제주 제주시 도남로 56 ,민팃ATM,무상
8583,(LGU+)도련동 삼화지구점,폐휴대폰,수거함 설치,제주 제주시 건주로6길 2 ,민팃ATM,무상
8584,(LGU+)동교동 고객지원센터 직영점,폐휴대폰,수거함 설치,서울 마포구 양화로 178-5 ,민팃ATM,무상
8585,(LGU+)동문동 중앙로점,폐휴대폰,수거함 설치,충남 서산시 중앙로 76 ,민팃ATM,무상
8586,(LGU+)동천동 화성센트럴파크점,폐휴대폰,수거함 설치,대구 북구 대천로 94 ,민팃ATM,무상
8587,(LGU+)마송리 하나로마트점,폐휴대폰,수거함 설치,경기 김포시 통진읍 김포대로 2214 ,민팃ATM,무상
8588,(LGU+)마전동 동아아파트사거리점,폐휴대폰,수거함 설치,인천 서구 완정로 35 ,민팃ATM,무상
8589,(LGU+)면목동 면목역점,폐휴대폰,수거함 설치,서울 중랑구 면목로 414 ,민팃ATM,무상
8590,(LGU+)명일동 명일역점,폐휴대폰,수거함 설치,서울 강동구 양재대로 1626 ,민팃ATM,무상
8591,(LGU+)미사동 미사역5번출구점,폐휴대폰,수거함 설치,경기 하남시 미사강변동로 100 ,민팃ATM,무상
8592,(LGU+)미아동 삼양시장점,폐휴대폰,수거함 설치,서울 강북구 솔매로 59 ,민팃ATM,무상
8593,(LGU+)백석동 새마을금고점,폐휴대폰,수거함 설치,충남 천안시 서북구 한들3로 85-85 ,민팃ATM,무상
8594,(LGU+)봉명동 리베라점,폐휴대폰,수거함 설치,대전 유성구 계룡로 60 ,민팃ATM,무상
8595,(LGU+)사우동 BYC점,폐휴대폰,수거함 설치,경기 김포시 사우중로 49 ,민팃ATM,무상
8596,(LGU+)산동읍 신당로점,폐휴대폰,수거함 설치,경북 구미시 산동읍 신당1로3길 17-3 ,민팃ATM,무상
8597,(LGU+)삼양동 삼화지구점,폐휴대폰,수거함 설치,제주 제주시 건주로4길 6-8 ,민팃ATM,무상
8598,(LGU+)상계동 마들역점,폐휴대폰,수거함 설치,서울 노원구 동일로 1530 ,민팃ATM,무상
8599,(LGU+)상동 세이브존점,폐휴대폰,수거함 설치,경기 부천시 상동로 112 ,민팃ATM,무상
8600,(LGU+)상일동 아르테온점,폐휴대폰,수거함 설치,서울 강동구 고덕로 390 ,민팃ATM,무상
8601,(LGU+)석적읍 부영아파트점,폐휴대폰,수거함 설치,경북 칠곡군 석적읍 유학로 34 ,민팃ATM,무상
8602,(LGU+)성내동 강동구청역점,폐휴대폰,수거함 설치,서울 강동구 천호옛길 14 ,민팃ATM,무상
8603,(LGU+)수정2동 부산진역점,폐휴대폰,수거함 설치,부산 동구 중앙대로 379 ,민팃ATM,무상
8604,(LGU+)심곡2동 부천북부역점,폐휴대폰,수거함 설치,경기 부천시 부일로 484 ,민팃ATM,무상
8605,(LGU+)아라동 아라지구점,폐휴대폰,수거함 설치,제주 제주시 중앙로 568 ,민팃ATM,무상
8606,(LGU+)안락2동 안락로점,폐휴대폰,수거함 설치,부산 동래구 안락로 136 ,민팃ATM,무상
8607,(LGU+)연동 신광로점,폐휴대폰,수거함 설치,제주 제주시 삼무로 18 ,민팃ATM,무상
8608,(LGU+)연동 신제주점,폐휴대폰,수거함 설치,제주 제주시 도령로 73 ,민팃ATM,무상
8609,(LGU+)연희동 주민센터점,폐휴대폰,수거함 설치,인천 서구 간촌로 4 ,민팃ATM,무상
8610,(LGU+)오정동 OBS점,폐휴대폰,수거함 설치,경기 부천시 오정로 249 ,민팃ATM,무상
8611,(LGU+)용담이동 용문점,폐휴대폰,수거함 설치,제주 제주시 용문로 157 ,민팃ATM,무상
8612,(LGU+)용암동 동남지구점,폐휴대폰,수거함 설치,충북 청주시 상당구 중고개로 129 ,민팃ATM,무상
8613,(LGU+)용암동 롯데마트점,폐휴대폰,수거함 설치,충북 청주시 상당구 중고개로 181 ,민팃ATM,무상
8614,(LGU+)용암동 부영아파트점,폐휴대폰,수거함 설치,충북 청주시 상당구 중흥로 181 ,민팃ATM,무상
8615,(LGU+)운서동 운서점,폐휴대폰,수거함 설치,인천 중구 흰바위로 45 ,민팃ATM,무상
8616,(LGU+)운암동 예술고사거리점,폐휴대폰,수거함 설치,광주 북구 서강로 108 ,민팃ATM,무상
8617,(LGU+)운양동 운양점,폐휴대폰,수거함 설치,경기 김포시 김포한강11로 288-5 ,민팃ATM,무상
8618,(LGU+)율량동 신한은행점,폐휴대폰,수거함 설치,충북 청주시 청원구 율봉로 101 ,민팃ATM,무상
8619,(LGU+)음성읍 문화사거리점,폐휴대폰,수거함 설치,충북 음성군 음성읍 수정로 59 ,민팃ATM,무상
8620,(LGU+)응암동 응암이마트점,폐휴대폰,수거함 설치,서울 은평구 은평로 99 ,민팃ATM,무상
8621,(LGU+)의정부1동 의정부중앙로점,폐휴대폰,수거함 설치,경기 의정부시 시민로121번길 52 ,민팃ATM,무상
8622,(LGU+)이도이동 동광양점,폐휴대폰,수거함 설치,제주 제주시 동광로8길 3 ,민팃ATM,무상
8623,(LGU+)이도일동 보성시장점,폐휴대폰,수거함 설치,제주 제주시 중앙로 180 ,민팃ATM,무상
8624,(LGU+)일도 화인점,폐휴대폰,수거함 설치,제주 제주시 동문로 70 ,민팃ATM,무상
8625,(LGU+)일도1동 칠성로점,폐휴대폰,수거함 설치,제주 제주시 관덕로11길 18 ,민팃ATM,무상
8626,(LGU+)일도이동 인제사거리점,폐휴대폰,수거함 설치,제주 제주시 동광로 115 ,민팃ATM,무상
8627,(LGU+)자양동 건대입구역5번출구점,폐휴대폰,수거함 설치,서울 광진구 능동로 95 ,민팃ATM,무상
8628,(LGU+)조천읍 함덕점,폐휴대폰,수거함 설치,제주 제주시 조천읍 신북로 529 ,민팃ATM,무상
8629,(LGU+)창선동1가 창선치안센터점,폐휴대폰,수거함 설치,부산 중구 광복로 54-2 ,민팃ATM,무상
8630,(LGU+)청당동 행정타운점,폐휴대폰,수거함 설치,충남 천안시 동남구 청수11로 18 ,민팃ATM,무상
8631,(LGU+)청량리동 금강제화점,폐휴대폰,수거함 설치,서울 동대문구 왕산로 193 ,민팃ATM,무상
8632,(LGU+)태안읍 신터미널점,폐휴대폰,수거함 설치,충남 태안군 태안읍 동백로 304 ,민팃ATM,무상
8633,(LGU+)풍무동 풍무동점,폐휴대폰,수거함 설치,경기 김포시 유현로 232 ,민팃ATM,무상
8634,(LGU+)한림읍 한림리점,폐휴대폰,수거함 설치,제주 제주시 한림읍 한림중앙로 42 ,민팃ATM,무상
8635,(LGU+)항동 푸른수목원맞은편점,폐휴대폰,수거함 설치,서울 구로구 서해안로 2118 ,민팃ATM,무상
8636,(LGU+)행당동 무학여고점,폐휴대폰,수거함 설치,서울 성동구 고산자로 201 ,민팃ATM,무상
8637,(LGU+)호계동 범계역2번출구점,폐휴대폰,수거함 설치,경기 안양시 동안구 평촌대로223번길 64 ,민팃ATM,무상
8638,(LGU+)호암동 힐데스하임점,폐휴대폰,수거함 설치,충북 충주시 호암토성2로 7 ,민팃ATM,무상
8639,(LGU+)홍제동 홍제시장점,폐휴대폰,수거함 설치,서울 서대문구 통일로 437-1 ,민팃ATM,무상
8640,(LGU+)화곡동 화곡역6번출구점,폐휴대폰,수거함 설치,서울 강서구 화곡로 154 ,민팃ATM,무상
8641,(LGU+)화북일동 남문점,폐휴대폰,수거함 설치,제주 제주시 일주동로 185 ,민팃ATM,무상
8642,(LGU+)화북일동 화북점,폐휴대폰,수거함 설치,제주 제주시 일주동로 250 ,민팃ATM,무상
8643,(LGU+)가능1동 주민센터점,폐휴대폰,수거함 설치,경기 의정부시 신흥로 356 ,민팃ATM,무상
8644,(LGU+)강일동 리버파크점,폐휴대폰,수거함 설치,서울 강동구 아리수로93길 9 ,민팃ATM,무상
8645,(LGU+)공도읍 공도점,폐휴대폰,수거함 설치,경기 안성시 공도읍 공도로 78 ,민팃ATM,무상
8646,(LGU+)관양2동 인덕원점,폐휴대폰,수거함 설치,경기 안양시 동안구 흥안대로 520 ,민팃ATM,무상
8647,(LGU+)권선동 권선시장점,폐휴대폰,수거함 설치,경기 수원시 권선구 세권로 197 ,민팃ATM,무상
8648,(LGU+)권선동 권선이마트점,폐휴대폰,수거함 설치,경기 수원시 권선구 덕영대로1201번길 36 ,민팃ATM,무상
8649,(LGU+)궐동 궐동2호점,폐휴대폰,수거함 설치,경기 오산시 궐리사로 81 ,민팃ATM,무상
8650,(LGU+)금곡동 롯데시네마점,폐휴대폰,수거함 설치,경기 수원시 권선구 금곡로 205 ,민팃ATM,무상
8651,(LGU+)금곡동 칠보마을점,폐휴대폰,수거함 설치,경기 수원시 권선구 금곡로102번길 30 ,민팃ATM,무상
8652,(LGU+)금광동 단대쇼핑점,폐휴대폰,수거함 설치,경기 성남시 중원구 산성대로372번길 11 ,민팃ATM,무상
8653,(LGU+)금암동 세교점,폐휴대폰,수거함 설치,경기 오산시 수청로 199 ,민팃ATM,무상
8654,(LGU+)다산동 롯데캐슬점,폐휴대폰,수거함 설치,경기 남양주시 다산순환로 350 ,민팃ATM,무상
8655,(LGU+)대천동 대천점,폐휴대폰,수거함 설치,경기 안성시 안성맞춤대로 1061-1 ,민팃ATM,무상
8656,(LGU+)도원동 도원네거리점,폐휴대폰,수거함 설치,대구 달서구 도원로 24 ,민팃ATM,무상
8657,(LGU+)만수동 만수시장점,폐휴대폰,수거함 설치,인천 남동구 만수로 63 ,민팃ATM,무상
8658,(LGU+)매산로1가 AK프라자점,폐휴대폰,수거함 설치,경기 수원시 팔달구 덕영대로 933 ,민팃ATM,무상
8659,(LGU+)매산로1가 수원역로데오점,폐휴대폰,수거함 설치,경기 수원시 팔달구 향교로 3 ,민팃ATM,무상
8660,(LGU+)매탄3동 영통구청점,폐휴대폰,수거함 설치,경기 수원시 영통구 효원로 393 ,민팃ATM,무상
8661,(LGU+)명일동 명일빌딩점,폐휴대폰,수거함 설치,서울 강동구 동남로75길 19 ,민팃ATM,무상
8662,(LGU+)반송동 나루마을점,폐휴대폰,수거함 설치,경기 화성시 동탄솔빛로 58 ,민팃ATM,무상
8663,(LGU+)반송동 동탄은행사거리점,폐휴대폰,수거함 설치,경기 화성시 동탄지성로 125 ,민팃ATM,무상
8664,(LGU+)방학1동 홈플러스앞점,폐휴대폰,수거함 설치,서울 도봉구 도봉로 677 ,민팃ATM,무상
8665,(LGU+)범서읍 구영리점,폐휴대폰,수거함 설치,울산 울주군 범서읍 점촌3길 10-1 ,민팃ATM,무상
8666,(LGU+)범서읍 구영점,폐휴대폰,수거함 설치,울산 울주군 범서읍 구영로 94 ,민팃ATM,무상
8667,(LGU+)별내동 신안인스빌점,폐휴대폰,수거함 설치,경기 남양주시 별내5로5번길 1 ,민팃ATM,무상
8668,(LGU+)병점동 병점진안점,폐휴대폰,수거함 설치,경기 화성시 효행로 1060 ,민팃ATM,무상
8669,(LGU+)병점동 진안점,폐휴대폰,수거함 설치,경기 화성시 효행로 1069 ,민팃ATM,무상
8670,(LGU+)비전동 미니스탑점,폐휴대폰,수거함 설치,경기 평택시 평남로 709 ,민팃ATM,무상
8671,(LGU+)삼동 부곡시장점,폐휴대폰,수거함 설치,경기 의왕시 부곡시장길 23 ,민팃ATM,무상
8672,(LGU+)삼산동 롯데백화점점,폐휴대폰,수거함 설치,울산 남구 삼산로 274 ,민팃ATM,무상
8673,(LGU+)삼산동 삼산중로점,폐휴대폰,수거함 설치,울산 남구 삼산중로74번길 25 ,민팃ATM,무상
8674,(LGU+)삼산동 현대백화점점,폐휴대폰,수거함 설치,울산 남구 삼산로267번길 6-12 ,민팃ATM,무상
8675,(LGU+)서정동 롯데시네마점,폐휴대폰,수거함 설치,경기 평택시 관광특구로 13 ,민팃ATM,무상
8676,(LGU+)송내동 신시가지사거리점,폐휴대폰,수거함 설치,경기 동두천시 지행로 50 ,민팃ATM,무상
8677,(LGU+)송내동 지행역사거리점,폐휴대폰,수거함 설치,경기 동두천시 지행로 59 ,민팃ATM,무상
8678,(LGU+)송산1동 용현프라자옆점,폐휴대폰,수거함 설치,경기 의정부시 오목로 17 ,민팃ATM,무상
8679,(LGU+)송죽동 경기일보점,폐휴대폰,수거함 설치,경기 수원시 장안구 경수대로 971 ,민팃ATM,무상
8680,(LGU+)수진동 중앙점,폐휴대폰,수거함 설치,경기 성남시 수정구 수정로 122 ,민팃ATM,무상
8681,(LGU+)신암동 평화시장점,폐휴대폰,수거함 설치,대구 동구 아양로 57-1 ,민팃ATM,무상
8682,(LGU+)안중읍 안중점,폐휴대폰,수거함 설치,경기 평택시 안중읍 안중로 130 ,민팃ATM,무상
8683,(LGU+)안중읍 터미널점,폐휴대폰,수거함 설치,경기 평택시 안중읍 안현로서8길 21 ,민팃ATM,무상
8684,(LGU+)안중읍 현화점,폐휴대폰,수거함 설치,경기 평택시 안중읍 안현로서6길 58 ,민팃ATM,무상
8685,(LGU+)양평읍 양평시장점,폐휴대폰,수거함 설치,경기 양평군 양평읍 양평시장길 31 ,민팃ATM,무상
8686,(LGU+)영통1동 영통우체국점,폐휴대폰,수거함 설치,경기 수원시 영통구 봉영로 1612 ,민팃ATM,무상
8687,(LGU+)영통2동 망포역점,폐휴대폰,수거함 설치,경기 수원시 영통구 덕영대로1555번길 13 ,민팃ATM,무상
8688,(LGU+)영통2동 영통역점,폐휴대폰,수거함 설치,경기 수원시 영통구 봉영로 1569 ,민팃ATM,무상
8689,(LGU+)영통동 매탄점,폐휴대폰,수거함 설치,경기 수원시 영통구 매탄로 151 ,민팃ATM,무상
8690,(LGU+)영화동 정자시장점,폐휴대폰,수거함 설치,경기 수원시 장안구 수성로262번길 3 ,민팃ATM,무상
8691,(LGU+)오산동 오산점,폐휴대폰,수거함 설치,경기 오산시 성호대로 67 ,민팃ATM,무상
8692,(LGU+)옥수동 옥수역점,폐휴대폰,수거함 설치,서울 성동구 독서당로40길 37 ,민팃ATM,무상
8693,(LGU+)온의동 터미널점,폐휴대폰,수거함 설치,강원 춘천시 경춘로 2350 ,민팃ATM,무상
8694,(LGU+)원동 오산시청점,폐휴대폰,수거함 설치,경기 오산시 성호대로 130 ,민팃ATM,무상
8695,(LGU+)원동 오산원점,폐휴대폰,수거함 설치,경기 오산시 대원로 18 ,민팃ATM,무상
8696,(LGU+)원동 원동이마트점,폐휴대폰,수거함 설치,경기 오산시 밀머리로 8 ,민팃ATM,무상
8697,(LGU+)율전동 성균관대점,폐휴대폰,수거함 설치,경기 수원시 장안구 덕영대로 449 ,민팃ATM,무상
8698,(LGU+)율전동 율전점,폐휴대폰,수거함 설치,경기 수원시 장안구 서부로 2129-1 ,민팃ATM,무상
8699,(LGU+)율하동 율하광장점,폐휴대폰,수거함 설치,대구 동구 안심로22길 46 ,민팃ATM,무상
8700,(LGU+)의정부 망월사교차로점,폐휴대폰,수거함 설치,경기 의정부시 평화로 206 ,민팃ATM,무상
8701,(LGU+)의정부1동 행복로점,폐휴대폰,수거함 설치,경기 의정부시 행복로 3 ,민팃ATM,무상
8702,(LGU+)의정부2동 의정부역서부광장점,폐휴대폰,수거함 설치,경기 의정부시 시민로 81 ,민팃ATM,무상
8703,(LGU+)이충동 장당점,폐휴대폰,수거함 설치,경기 평택시 송탄로 66 ,민팃ATM,무상
8704,(LGU+)인계동 못골시장점,폐휴대폰,수거함 설치,경기 수원시 팔달구 중부대로 36 ,민팃ATM,무상
8705,(LGU+)인계동 인계점,폐휴대폰,수거함 설치,경기 수원시 팔달구 권광로 204 ,민팃ATM,무상
8706,(LGU+)전하2동 울산시장점,폐휴대폰,수거함 설치,울산 동구 진성14길 96 ,민팃ATM,무상
8707,(LGU+)정자3동 정자점,폐휴대폰,수거함 설치,경기 수원시 장안구 대평로 80 ,민팃ATM,무상
8708,(LGU+)중계1동 은행사거리점,폐휴대폰,수거함 설치,서울 노원구 한글비석로 263 ,민팃ATM,무상
8709,(LGU+)중곡동 신성시장점,폐휴대폰,수거함 설치,서울 광진구 용마산로 46 ,민팃ATM,무상
8710,(LGU+)진접읍 롯데시네마점,폐휴대폰,수거함 설치,경기 남양주시 진접읍 해밀예당1로 40 ,민팃ATM,무상
8711,(LGU+)진접읍 장현초교점,폐휴대폰,수거함 설치,경기 남양주시 진접읍 장현로 83 ,민팃ATM,무상
8712,(LGU+)천곡동 신한은행점,폐휴대폰,수거함 설치,강원 동해시 중앙로 235 ,민팃ATM,무상
8713,(LGU+)청계동 동탄점,폐휴대폰,수거함 설치,경기 화성시 동탄대로시범길 142 ,민팃ATM,무상
8714,(LGU+)파장동 파장사거리점,폐휴대폰,수거함 설치,경기 수원시 장안구 파장로68번길 2 ,민팃ATM,무상
8715,(LGU+)파장동 파장시장점,폐휴대폰,수거함 설치,경기 수원시 장안구 파장로82번길 3 ,민팃ATM,무상
8716,(LGU+)팔달로2가 팔달문점,폐휴대폰,수거함 설치,경기 수원시 팔달구 정조로 785 ,민팃ATM,무상
8717,(LGU+)팔달로3가 팔달로3점,폐휴대폰,수거함 설치,경기 수원시 팔달구 정조로 767-3 ,민팃ATM,무상
8718,(LGU+)향남읍 롯데시네마점,폐휴대폰,수거함 설치,경기 화성시 향남읍 상신하길로298번길 7-21 ,민팃ATM,무상
8719,(LGU+)향남읍 스타벅스점,폐휴대폰,수거함 설치,경기 화성시 향남읍 발안로 113 ,민팃ATM,무상
8720,(LGU+)향남읍 오투그란데점,폐휴대폰,수거함 설치,경기 화성시 향남읍 행정중앙2로 67 ,민팃ATM,무상
8721,(LGU+)호계1동 뱅뱅사거리점,폐휴대폰,수거함 설치,경기 안양시 동안구 경수대로 544 ,민팃ATM,무상
8722,(LGU+)호계동 에일린의뜰점,폐휴대폰,수거함 설치,울산 북구 호계매곡1로 54 ,민팃ATM,무상
8723,(LGU+)호원2동 회룡역점,폐휴대폰,수거함 설치,경기 의정부시 평화로 381 ,민팃ATM,무상
8724,(LGU+)화서1동 화서점,폐휴대폰,수거함 설치,경기 수원시 팔달구 팔달로 115 ,민팃ATM,무상
8725,(LGU+)화정동 동구과학대점,폐휴대폰,수거함 설치,울산 동구 대학길 33 ,민팃ATM,무상
8726,(LGU+)회천1동 덕정동점,폐휴대폰,수거함 설치,경기 양주시 회정로 107 ,민팃ATM,무상
8727,(LGU+)회천3동 주민센터점,폐휴대폰,수거함 설치,경기 양주시 회정로 134 ,민팃ATM,무상
8728,(LGU+)회천4동 옥정M타워점,폐휴대폰,수거함 설치,경기 양주시 회천남로 88 ,민팃ATM,무상
8729,(LGU+)가락동 개롱역점,폐휴대폰,수거함 설치,서울 송파구 오금로 400 ,민팃ATM,무상
8730,(LGU+)가야1동 한신센타뷰점,폐휴대폰,수거함 설치,부산 부산진구 가야대로 597 ,민팃ATM,무상
8731,(LGU+)고흥읍 파리바게트사거리점,폐휴대폰,수거함 설치,전남 고흥군 고흥읍 봉황길 45 ,민팃ATM,무상
8732,(LGU+)김량장동 용인CGV점,폐휴대폰,수거함 설치,경기 용인시 처인구 금령로 86 ,민팃ATM,무상
8733,(LGU+)김량장동 용인중앙시장점,폐휴대폰,수거함 설치,경기 용인시 처인구 금령로 96 ,민팃ATM,무상
8734,(LGU+)남가좌동 백련시장점,폐휴대폰,수거함 설치,서울 서대문구 증가로 140 ,민팃ATM,무상
8735,(LGU+)남내동 중앙시장본점,폐휴대폰,수거함 설치,전남 순천시 중앙로 90 ,민팃ATM,무상
8736,(LGU+)내외동 함박로점,폐휴대폰,수거함 설치,경남 김해시 함박로101번길 6 ,민팃ATM,무상
8737,(LGU+)논현동 언주역점,폐휴대폰,수거함 설치,서울 강남구 논현로 607 ,민팃ATM,무상
8738,(LGU+)단계동 국민은행점,폐휴대폰,수거함 설치,강원 원주시 봉화로 36 ,민팃ATM,무상
8739,(LGU+)대치2동 삼성역점,폐휴대폰,수거함 설치,서울 강남구 테헤란로 532 ,민팃ATM,무상
8740,(LGU+)대치동 대치역7번출구점,폐휴대폰,수거함 설치,서울 강남구 삼성로 155 ,민팃ATM,무상
8741,(LGU+)대치동 은마아파트사거리점,폐휴대폰,수거함 설치,서울 강남구 삼성로 238 ,민팃ATM,무상
8742,(LGU+)덕이동 하이파크시티점,폐휴대폰,수거함 설치,경기 고양시 일산서구 하이파크2로 42 ,민팃ATM,무상
8743,(LGU+)덕천동 만덕대로점,폐휴대폰,수거함 설치,부산 북구 만덕대로16번길 17 ,민팃ATM,무상
8744,(LGU+)도원동 도원시장점,폐휴대폰,수거함 설치,대구 달서구 한실로 99 ,민팃ATM,무상
8745,(LGU+)동백동 백현마을점,폐휴대폰,수거함 설치,경기 용인시 기흥구 동백7로 79 ,민팃ATM,무상
8746,(LGU+)두정동 두정역점,폐휴대폰,수거함 설치,충남 천안시 서북구 봉정로 347 ,민팃ATM,무상
8747,(LGU+)망원동 망원우체국점,폐휴대폰,수거함 설치,서울 마포구 월드컵로 103-1 ,민팃ATM,무상
8748,(LGU+)망원동 시장점,폐휴대폰,수거함 설치,서울 마포구 월드컵로13길 50 ,민팃ATM,무상
8749,(LGU+)명륜동 대명거리입구점,폐휴대폰,수거함 설치,서울 종로구 대명길 4 ,민팃ATM,무상
8750,(LGU+)명지동 명지국제신도시점,폐휴대폰,수거함 설치,부산 강서구 명지국제5로 42 ,민팃ATM,무상
8751,(LGU+)목동동 산내마을점,폐휴대폰,수거함 설치,경기 파주시 청암로17번길 31 ,민팃ATM,무상
8752,(LGU+)문정동 장지역점,폐휴대폰,수거함 설치,서울 송파구 새말로8길 29 ,민팃ATM,무상
8753,(LGU+)미사동 미사역8번출구점,폐휴대폰,수거함 설치,경기 하남시 미사강변동로 70 ,민팃ATM,무상
8754,(LGU+)반여동 선수촌아파트입구점,폐휴대폰,수거함 설치,부산 해운대구 선수촌로 105-1 ,민팃ATM,무상
8755,(LGU+)백석동 백석역점,폐휴대폰,수거함 설치,경기 고양시 일산동구 중앙로 1047 ,민팃ATM,무상
8756,(LGU+)벌리동_삼천포점,폐휴대폰,수거함 설치,경남 사천시 주공로 26 ,민팃ATM,무상
8757,(LGU+)별내동 별내로데오점,폐휴대폰,수거함 설치,경기 남양주시 별내중앙로 64 ,민팃ATM,무상
8758,(LGU+)보라동 민속촌입구점,폐휴대폰,수거함 설치,경기 용인시 기흥구 한보라1로 14 ,민팃ATM,무상
8759,(LGU+)부전2동 부산점,폐휴대폰,수거함 설치,부산 부산진구 중앙대로 700 ,민팃ATM,무상
8760,(LGU+)부전동 새싹로점,폐휴대폰,수거함 설치,부산 부산진구 새싹로 12 ,민팃ATM,무상
8761,(LGU+)불당동 물총새공원점,폐휴대폰,수거함 설치,충남 천안시 서북구 불당34길 25-6 ,민팃ATM,무상
8762,(LGU+)산곡동 폴리1차점,폐휴대폰,수거함 설치,경기 의정부시 세석로 20 ,민팃ATM,무상
8763,(LGU+)삼송동 삼송점,폐휴대폰,수거함 설치,경기 고양시 덕양구 동송로 61 ,민팃ATM,무상
8764,(LGU+)삼평동 판교역점,폐휴대폰,수거함 설치,경기 성남시 분당구 대왕판교로606번길 39 ,민팃ATM,무상
8765,(LGU+)상대원동 금빛그랑메종점,폐휴대폰,수거함 설치,경기 성남시 중원구 금상로 72 ,민팃ATM,무상
8766,(LGU+)상현1동 아이파크점,폐휴대폰,수거함 설치,경기 용인시 수지구 만현로 102-1 ,민팃ATM,무상
8767,(LGU+)서교동 홍익대점,폐휴대폰,수거함 설치,서울 마포구 홍익로 5 ,민팃ATM,무상
8768,(LGU+)서대신동3가 부산은행점,폐휴대폰,수거함 설치,부산 서구 구덕로 327 ,민팃ATM,무상
8769,(LGU+)서초3동 서초점,폐휴대폰,수거함 설치,서울 서초구 효령로46길 5 ,민팃ATM,무상
8770,(LGU+)석촌동 송파역점,폐휴대폰,수거함 설치,서울 송파구 송파대로 367 ,민팃ATM,무상
8771,(LGU+)석촌동 엄마손백화점점,폐휴대폰,수거함 설치,서울 송파구 가락로 111 ,민팃ATM,무상
8772,(LGU+)성당동 성당시장점,폐휴대폰,수거함 설치,대구 남구 성당로 188 ,민팃ATM,무상
8773,(LGU+)성복동 데이파크점,폐휴대폰,수거함 설치,경기 용인시 수지구 수지로 119 ,민팃ATM,무상
8774,(LGU+)성수동 성수2가점,폐휴대폰,수거함 설치,서울 성동구 아차산로7길 4 ,민팃ATM,무상
8775,(LGU+)수유동 광산사거리점,폐휴대폰,수거함 설치,서울 강북구 노해로 88 ,민팃ATM,무상
8776,(LGU+)신원동 광장점,폐휴대폰,수거함 설치,경기 고양시 덕양구 신원로 40-44 ,민팃ATM,무상
8777,(LGU+)야당동 한빛마을점,폐휴대폰,수거함 설치,경기 파주시 와석순환로 78 ,민팃ATM,무상
8778,(LGU+)야탑동 BYC점,폐휴대폰,수거함 설치,경기 성남시 분당구 성남대로 912 ,민팃ATM,무상
8779,(LGU+)야탑동 NC점,폐휴대폰,수거함 설치,경기 성남시 분당구 야탑로81번길 10 ,민팃ATM,무상
8780,(LGU+)양재1동 양재역점,폐휴대폰,수거함 설치,서울 서초구 강남대로 221 ,민팃ATM,무상
8781,(LGU+)양재동 시민의숲역3번출구점,폐휴대폰,수거함 설치,서울 서초구 강남대로 48-6 ,민팃ATM,무상
8782,(LGU+)역촌동 역촌역점,폐휴대폰,수거함 설치,서울 은평구 서오릉로 71 ,민팃ATM,무상
8783,(LGU+)역촌동 응암역점,폐휴대폰,수거함 설치,서울 은평구 은평로 63 ,민팃ATM,무상
8784,(LGU+)영도 영도소방서점,폐휴대폰,수거함 설치,부산 영도구 태종로 112 ,민팃ATM,무상
8785,(LGU+)영통2동 망포우체국,폐휴대폰,수거함 설치,경기 수원시 영통구 영통로217번길 5 ,민팃ATM,무상
8786,(LGU+)와동동 가람마을점,폐휴대폰,수거함 설치,경기 파주시 미래로 610 ,민팃ATM,무상
8787,(LGU+)읍내동 회전교차로점,폐휴대폰,수거함 설치,충남 당진시 당진중앙2로 106 ,민팃ATM,무상
8788,(LGU+)이문동 외대역점,폐휴대폰,수거함 설치,서울 동대문구 휘경로 14 ,민팃ATM,무상
8789,(LGU+)인계동 수원시청점,폐휴대폰,수거함 설치,경기 수원시 팔달구 효원로 269 ,민팃ATM,무상
8790,(LGU+)일산동 후곡코오롱아파트점,폐휴대폰,수거함 설치,경기 고양시 일산서구 일산로 531 ,민팃ATM,무상
8791,(LGU+)장항동 웨스턴농협점,폐휴대폰,수거함 설치,경기 고양시 일산동구 정발산로 33 ,민팃ATM,무상
8792,(LGU+)주교동 원당시장점,폐휴대폰,수거함 설치,경기 고양시 덕양구 호국로 803 ,민팃ATM,무상
8793,(LGU+)주엽동 삼부르네상스점,폐휴대폰,수거함 설치,경기 고양시 일산서구 중앙로 1425 ,민팃ATM,무상
8794,(LGU+)죽전1동 죽전사거리점,폐휴대폰,수거함 설치,경기 용인시 수지구 대지로 28 ,민팃ATM,무상
8795,(LGU+)중동 동백점,폐휴대폰,수거함 설치,경기 용인시 기흥구 동백중앙로 283 ,민팃ATM,무상
8796,(LGU+)중리동 이천터미널점,폐휴대폰,수거함 설치,경기 이천시 이섭대천로 1207 ,민팃ATM,무상
8797,(LGU+)중앙동 SC제일은행점,폐휴대폰,수거함 설치,강원 원주시 중앙로 104 ,민팃ATM,무상
8798,(LGU+)중앙동 국민은행점,폐휴대폰,수거함 설치,강원 원주시 중앙로 113-1 ,민팃ATM,무상
8799,(LGU+)중앙동 로데오점,폐휴대폰,수거함 설치,강원 속초시 중앙로 145-1 ,민팃ATM,무상
8800,(LGU+)증포동 증포사거리점,폐휴대폰,수거함 설치,경기 이천시 증신로 131 ,민팃ATM,무상
8801,(LGU+)지정면 기업도시점,폐휴대폰,수거함 설치,강원 원주시 지정면 신지정로 216 ,민팃ATM,무상
8802,(LGU+)창전동 로데오점,폐휴대폰,수거함 설치,경기 이천시 서희로 58 ,민팃ATM,무상
8803,(LGU+)탄현동 삼익아파트점,폐휴대폰,수거함 설치,경기 고양시 일산서구 산현로 11 ,민팃ATM,무상
8804,(LGU+)탄현동 탄현사거리점,폐휴대폰,수거함 설치,경기 고양시 일산서구 일현로 38 ,민팃ATM,무상
8805,(LGU+)평화동 경복궁아파트점,폐휴대폰,수거함 설치,전북 전주시 완산구 평화로 120 ,민팃ATM,무상
8806,(LGU+)풍납동 풍납시장점,폐휴대폰,수거함 설치,서울 송파구 바람드리길 55 ,민팃ATM,무상
8807,(LGU+)풍덕천동 로얄스포츠센터점,폐휴대폰,수거함 설치,경기 용인시 수지구 풍덕천로 119 ,민팃ATM,무상
8808,(LGU+)풍덕천동 수지구청역점,폐휴대폰,수거함 설치,경기 용인시 수지구 풍덕천로 112 ,민팃ATM,무상
8809,(LGU+)풍동 풍동점,폐휴대폰,수거함 설치,경기 고양시 일산동구 숲속마을로 26 ,민팃ATM,무상
8810,(LGU+)형곡동 차병원점,폐휴대폰,수거함 설치,경북 구미시 신시로 73 ,민팃ATM,무상
8811,(LGU+)홍문동 여주시청점,폐휴대폰,수거함 설치,경기 여주시 세종로 11 ,민팃ATM,무상
8812,(LGU+)홍제동 유천점,폐휴대폰,수거함 설치,강원 강릉시 선수촌로 77 ,민팃ATM,무상
8813,(LGU+)UNTACT STORE 서면점,폐휴대폰,수거함 설치,부산 부산진구 중앙대로692번길 21 ,민팃ATM,무상
8814,(LGU+)가락본동 사거리점,폐휴대폰,수거함 설치,서울 송파구 송이로 87 ,민팃ATM,무상
8815,(LGU+)가산동 하모니마트점,폐휴대폰,수거함 설치,서울시 금천구 가산로 113 ,민팃ATM,무상
8816,(LGU+)가음동 가음정전통시장점,폐휴대폰,수거함 설치,경남 창원시 성산구 원이대로 863번길 32 ,민팃ATM,무상
8817,(LGU+)갈마동 태평소국밥점,폐휴대폰,수거함 설치,대전 서구 신갈마로 176 ,민팃ATM,무상
8818,(LGU+)감일동 스윗시티10단지점,폐휴대폰,수거함 설치,경기 하남시 신우실로 61 ,민팃ATM,무상
8819,(LGU+)관교동 관교점,폐휴대폰,수거함 설치,인천 미추홀구 문화로 51 ,민팃ATM,무상
8820,(LGU+)관평동 관평농협점,폐휴대폰,수거함 설치,대전 유성구 테크노4로 119 ,민팃ATM,무상
8821,(LGU+)광복동 광복로점,폐휴대폰,수거함 설치,부산 중구 광복로 69 ,민팃ATM,무상
8822,(LGU+)괘법동_사상로점,폐휴대폰,수거함 설치,부산 사상구 사상로 249 ,민팃ATM,무상
8823,(LGU+)구운동 서수원점,폐휴대폰,수거함 설치,경기 수원시 권선구 구운중로4번길 10 ,민팃ATM,무상
8824,(LGU+)금산읍 중부시장점,폐휴대폰,수거함 설치,충남 금산군 금산읍 비범로 18-1 ,민팃ATM,무상
8825,(LGU+)금호동 금남시장점,폐휴대폰,수거함 설치,서울 성동구 장터길 49-1 ,민팃ATM,무상
8826,(LGU+)남외동 병영사거리점,폐휴대폰,수거함 설치,울산 중구 번영로 582 ,민팃ATM,무상
8827,(LGU+)남외동 병영오거리점,폐휴대폰,수거함 설치,울산 중구 번영로 568 ,민팃ATM,무상
8828,(LGU+)남포동4가 남포문고점,폐휴대폰,수거함 설치,부산 중구 구덕로 42-1 ,민팃ATM,무상
8829,(LGU+)논현2동 호구포점,폐휴대폰,수거함 설치,인천 남동구 호구포로 220 ,민팃ATM,무상
8830,(LGU+)논현고잔동 라페스타점,폐휴대폰,수거함 설치,인천 남동구 논고개로 71 ,민팃ATM,무상
8831,(LGU+)달동 달점,폐휴대폰,수거함 설치,울산 남구 신정로 35 ,민팃ATM,무상
8832,(LGU+)대연5동_못골시장점,폐휴대폰,수거함 설치,부산 남구 수영로 201 ,민팃ATM,무상
8833,(LGU+)덕계동 덕계시장점,폐휴대폰,수거함 설치,경남 양산시 덕계로 76 ,민팃ATM,무상
8834,(LGU+)동부동 옥류사거리점,폐휴대폰,수거함 설치,울산 동구 동해안로 25 ,민팃ATM,무상
8835,(LGU+)동삭동 동삭점,폐휴대폰,수거함 설치,경기 평택시 동삭1로 22번길 19-15 ,민팃ATM,무상
8836,(LGU+)동삼1동 절영로점,폐휴대폰,수거함 설치,부산 영도구 절영로 560 ,민팃ATM,무상
8837,(LGU+)동성로3가 중앙파출소점,폐휴대폰,수거함 설치,대구 중구 동성로 1 ,민팃ATM,무상
8838,(LGU+)마두동 백마학원가점,폐휴대폰,수거함 설치,경기 고양시 일산동구 일산로 207 ,민팃ATM,무상
8839,(LGU+)만년동 만년남로점,폐휴대폰,수거함 설치,대전 서구 만년남로 9 ,민팃ATM,무상
8840,(LGU+)만수동 만수역점,폐휴대폰,수거함 설치,인천 남동구 백범로 123 ,민팃ATM,무상
8841,(LGU+)매탄동 아주대삼거리점,폐휴대폰,수거함 설치,경기 수원시 영통구 중부대로 260 ,민팃ATM,무상
8842,(LGU+)무거동 신복로터리점,폐휴대폰,수거함 설치,울산 남구 대학로 163 ,민팃ATM,무상
8843,(LGU+)무거동 울산대학교점,폐휴대폰,수거함 설치,울산 남구 대학로 94 ,민팃ATM,무상
8844,(LGU+)문래동 문래힐스테이트점,폐휴대폰,수거함 설치,서울 영등포구 선유로 59 ,민팃ATM,무상
8845,(LGU+)반구2동 반구점,폐휴대폰,수거함 설치,울산 중구 화합로 437 ,민팃ATM,무상
8846,(LGU+)반송2동 윗반송점,폐휴대폰,수거함 설치,부산 해운대구 신반송로 194 ,민팃ATM,무상
8847,(LGU+)반여3동_전통시장점,폐휴대폰,수거함 설치,부산 해운대구 재반로 252 ,민팃ATM,무상
8848,(LGU+)범서읍 천상중앙길점,폐휴대폰,수거함 설치,울산 울주군 범서읍 천상중앙길 96 ,민팃ATM,무상
8849,(LGU+)복수동행정복지센터점,폐휴대폰,수거함 설치,대전 서구 복수동로 60 ,민팃ATM,무상
8850,(LGU+)북삼읍 인평리점,폐휴대폰,수거함 설치,경북 칠곡군 북삼읍 금오대로 287 ,민팃ATM,무상
8851,(LGU+)삼산동 평창현대점,폐휴대폰,수거함 설치,울산 남구 돋질로 300 ,민팃ATM,무상
8852,(LGU+)상도동 장승배기역3번출구점,폐휴대폰,수거함 설치,서울 동작구 상도로 174 ,민팃ATM,무상
8853,(LGU+)상모동 상모프라자점,폐휴대폰,수거함 설치,경북 구미시 상사서로 55 ,민팃ATM,무상
8854,(LGU+)상인동 롯데백화점후문점,폐휴대폰,수거함 설치,대구 달서구 월곡로 265 ,민팃ATM,무상
8855,(LGU+)서귀동 동명점,폐휴대폰,수거함 설치,제주특별자치도 서귀포시 중정로 76-2 ,민팃ATM,무상
8856,(LGU+)서부동 방어진순환로점,폐휴대폰,수거함 설치,울산 동구 방어진순환도로 1128 ,민팃ATM,무상
8857,(LGU+)성건동 중앙시장점,폐휴대폰,수거함 설치,경북 경주시 금성로 290 ,민팃ATM,무상
8858,(LGU+)성남동 먹자골목점,폐휴대폰,수거함 설치,울산 중구 젊음의거리 29-16 ,민팃ATM,무상
8859,(LGU+)성남동 젊음의거리점,폐휴대폰,수거함 설치,울산 중구 젊음의거리 38 ,민팃ATM,무상
8860,(LGU+)송도동 인피니티점,폐휴대폰,수거함 설치,인천 연수구 해돋이로151번길 4 ,민팃ATM,무상
8861,(LGU+)수성동 수성시장점,폐휴대폰,수거함 설치,대구 수성구 명덕로 432 ,민팃ATM,무상
8862,(LGU+)수완동 하나로점,폐휴대폰,수거함 설치,광주 광산구 장신로147번길 6-2 ,민팃ATM,무상
8863,(LGU+)신장동 신장사거리점,폐휴대폰,수거함 설치,경기 하남시 신평로 49 ,민팃ATM,무상
8864,(LGU+)신정1동 신정시장점,폐휴대폰,수거함 설치,울산 남구 중앙로 259 ,민팃ATM,무상
8865,(LGU+)신정동 공업탑로터리점,폐휴대폰,수거함 설치,울산 남구 삼산로 17 ,민팃ATM,무상
8866,(LGU+)신정동 수암시장점,폐휴대폰,수거함 설치,울산 남구 수암로 118-3 ,민팃ATM,무상
8867,(LGU+)신천동 호계점,폐휴대폰,수거함 설치,울산 북구 제내2길 2 ,민팃ATM,무상
8868,(LGU+)신흥동 성남의료원점,폐휴대폰,수거함 설치,경기 성남시 수정구 수정로 162 ,민팃ATM,무상
8869,(LGU+)야음동 수암로점,폐휴대폰,수거함 설치,울산 남구 수암로 129 ,민팃ATM,무상
8870,(LGU+)양정1동_부산여대점,폐휴대폰,수거함 설치,부산 부산진구 중앙대로 895 ,민팃ATM,무상
8871,(LGU+)언남동 구성주민센터,폐휴대폰,수거함 설치,경기도 용인시 기흥구 구성로 80 ,민팃ATM,무상
8872,(LGU+)언양읍 언양터미널점,폐휴대폰,수거함 설치,울산 울주군 언양읍 헌양길 12 ,민팃ATM,무상
8873,(LGU+)연산동 연산더샵점,폐휴대폰,수거함 설치,부산 연제구 연수로 142 ,민팃ATM,무상
8874,(LGU+)영화동 북문점,폐휴대폰,수거함 설치,경기 수원시 장안구 정조로922번길 2 ,민팃ATM,무상
8875,(LGU+)오산동 동탄역점,폐휴대폰,수거함 설치,경기 화성시 동탄역로 150 ,민팃ATM,무상
8876,(LGU+)옥계동 옥계북로입구점,폐휴대폰,수거함 설치,경북 구미시 옥계북로 5 ,민팃ATM,무상
8877,(LGU+)옥길동 GGV점,폐휴대폰,수거함 설치,경기 부천시 옥길로 116 ,민팃ATM,무상
8878,(LGU+)왜관읍 왜관역점,폐휴대폰,수거함 설치,경북 칠곡군 왜관읍 중앙로6길 2 ,민팃ATM,무상
8879,(LGU+)용이동 용죽초사거리점,폐휴대폰,수거함 설치,경기 평택시 용죽3로 25 ,민팃ATM,무상
8880,(LGU+)용현동 숭의점,폐휴대폰,수거함 설치,인천 미추홀구 인주대로 74 ,민팃ATM,무상
8881,(LGU+)원천동 광교점,폐휴대폰,수거함 설치,경기 수원시 영통구 광교호수공원로 20 ,민팃ATM,무상
8882,(LGU+)은행동 성심당점,폐휴대폰,수거함 설치,대전 중구 대종로480번길 7 ,민팃ATM,무상
8883,(LGU+)인의동 인동대로점,폐휴대폰,수거함 설치,경북 구미시 인동북길 83 ,민팃ATM,무상
8884,(LGU+)일산동 일산점,폐휴대폰,수거함 설치,울산 동구 방어진순환도로 645 ,민팃ATM,무상
8885,(LGU+)장암동 장암상가거리점,폐휴대폰,수거함 설치,경기 의정부시 회룡로192번길 38 ,민팃ATM,무상
8886,(LGU+)좌1동_대동상가점,폐휴대폰,수거함 설치,부산 해운대구 좌동순환로 174 ,민팃ATM,무상
8887,(LGU+)중동 복사골아파트사거리점,폐휴대폰,수거함 설치,경기 부천시 부흥로 224 ,민팃ATM,무상
8888,(LGU+)중부동 양산역6길점,폐휴대폰,수거함 설치,경남 양산시 양산역6길 22 ,민팃ATM,무상
8889,(LGU+)지산동 송탄우체국점,폐휴대폰,수거함 설치,경기 평택시 탄현로327번길 95-8 ,민팃ATM,무상
8890,(LGU+)청학동 연수롯데마트점,폐휴대폰,수거함 설치,인천 연수구 청능대로 93 ,민팃ATM,무상
8891,(LGU+)충무공동 진주혁신도시점,폐휴대폰,수거함 설치,경남 진주시 사들로 91 ,민팃ATM,무상
8892,(LGU+)친절한컴퍼니,폐휴대폰,수거함 설치,대전 대덕구 동춘당로 187 ,민팃ATM,무상
8893,(LGU+)탄방동 한가람네거리점,폐휴대폰,수거함 설치,대전 서구 탄방로 3 ,민팃ATM,무상
8894,(LGU+)하양읍 호반우미린점,폐휴대폰,수거함 설치,경북 경산시 하양읍 서사도리로 80 ,민팃ATM,무상
8895,(LGU+)학익동 학산사거리점,폐휴대폰,수거함 설치,인천 미추홀구 매소홀로 355 ,민팃ATM,무상
8896,(LGU+)형곡동 형곡점,폐휴대폰,수거함 설치,경북 구미시 신시로 49 ,민팃ATM,무상
8897,(LGU+)호계동 범계역점,폐휴대폰,수거함 설치,경기 안양시 동안구 평촌대로223번길 49 ,민팃ATM,무상
8898,(LGU+)화곡동 까치시장점,폐휴대폰,수거함 설치,서울 강서구 강서로 64 ,민팃ATM,무상
8899,(LGU+)후평동 농협사거리점,폐휴대폰,수거함 설치,강원 춘천시 후석로 295 ,민팃ATM,무상
8900,(KT)CPK 미아사거리역점,폐휴대폰,수거함 설치,서울 강북구 도봉로 53 ,민팃ATM,무상
8901,(KT)CPK 수락산역점,폐휴대폰,수거함 설치,서울 노원구 동일로 1673 ,민팃ATM,무상
8902,(KT)CPK 쌍문역점,폐휴대폰,수거함 설치,서울 도봉구 도봉로 475-1 ,민팃ATM,무상
8903,(KT)CPK 홍대입구역점,폐휴대폰,수거함 설치,서울 마포구 양화로18안길 7 ,민팃ATM,무상
8904,(KT)DHP 관철 2호점,폐휴대폰,수거함 설치,서울 종로구 종로12길 15 ,민팃ATM,무상
8905,(KT)HJY고양백마점,폐휴대폰,수거함 설치,경기 고양시 일산동구 일산로 208 ,민팃ATM,무상
8906,(KT)HJY그랑서울종각점,폐휴대폰,수거함 설치,서울 종로구 종로 33 ,민팃ATM,무상
8907,(KT)M&S건대직영점,폐휴대폰,수거함 설치,서울 광진구 능동로 109 ,민팃ATM,무상
8908,(KT)M&S모래내직영점,폐휴대폰,수거함 설치,인천 남동구 구월로 272 ,민팃ATM,무상
8909,(KT)가로수길점,폐휴대폰,수거함 설치,서울 강남구 도산대로 127 ,민팃ATM,무상
8910,(KT)가우리엔터프라이즈 중앙로점,폐휴대폰,수거함 설치,대전 중구 은행동 76-12 ,민팃ATM,무상
8911,(KT)강남교보타워점,폐휴대폰,수거함 설치,서울 서초구 강남대로 453 ,민팃ATM,무상
8912,(KT)강한 인창점,폐휴대폰,수거함 설치,경기 구리시 건원대로 36 ,민팃ATM,무상
8913,(KT)까치산역점,폐휴대폰,수거함 설치,서울 강서구 강서로 47 ,민팃ATM,무상
8914,(KT)노량진점,폐휴대폰,수거함 설치,서울 동작구 노량진로 162 ,민팃ATM,무상
8915,(KT)니즈 진접점,폐휴대폰,수거함 설치,경기 남양주시 진접읍 해밀예당1로 30 ,민팃ATM,무상
8916,(KT)다경 치평점,폐휴대폰,수거함 설치,광주 서구 치평로 86 ,민팃ATM,무상
8917,(KT)다온모바일 상인점,폐휴대폰,수거함 설치,대구 달서구 월배로 201 ,민팃ATM,무상
8918,(KT)더제이모바일 세븐밸리점,폐휴대폰,수거함 설치,대구 북구 동암로 90 ,민팃ATM,무상
8919,(KT)더킹컴퍼니 굽은다리역점,폐휴대폰,수거함 설치,서울 강동구 양재대로 1566 ,민팃ATM,무상
8920,(KT)더킹컴퍼니 대백광장점,폐휴대폰,수거함 설치,대구 중구 동성로 22 ,민팃ATM,무상
8921,(KT)동성로점,폐휴대폰,수거함 설치,대구 중구 동성로 2 ,민팃ATM,무상
8922,(KT)동원 이도본점,폐휴대폰,수거함 설치,제주 제주시 중앙로 243 ,민팃ATM,무상
8923,(KT)디액션 로데오광장점,폐휴대폰,수거함 설치,경기 의정부시 행복로 2 ,민팃ATM,무상
8924,(KT)디에이치커뮤니케이션 쥬디스점,폐휴대폰,수거함 설치,부산 부산진구 중앙대로 694 ,민팃ATM,무상
8925,(KT)리테일앤컴퍼니 건대랜드마크점,폐휴대폰,수거함 설치,서울 광진구 능동로 91 ,민팃ATM,무상
8926,(KT)리테일앤컴퍼니 성수점,폐휴대폰,수거함 설치,서울 성동구 아차산로7길 2 ,민팃ATM,무상
8927,(KT)모바일 최강 중앙로 사거리점,폐휴대폰,수거함 설치,강원 원주시 원일로 116 ,민팃ATM,무상
8928,(KT)모바일피플 남악본점,폐휴대폰,수거함 설치,전남 무안군 삼향읍 남악3로 71 ,민팃ATM,무상
8929,(KT)모아폰 망원점,폐휴대폰,수거함 설치,서울 마포구 월드컵로13길 14 ,민팃ATM,무상
8930,(KT)반야검암1호점,폐휴대폰,수거함 설치,인천 서구 승학로 516 ,민팃ATM,무상
8931,(KT)반야정보통신 시흥사거리점,폐휴대폰,수거함 설치,서울 금천구 시흥대로 236 ,민팃ATM,무상
8932,(KT)브로 화정점,폐휴대폰,수거함 설치,경기 고양시 덕양구 화신로260번길 58 ,민팃ATM,무상
8933,(KT)삼산점,폐휴대폰,수거함 설치,울산 남구 삼산로 277 ,민팃ATM,무상
8934,(KT)서해텔레콤 홍성오관리점,폐휴대폰,수거함 설치,충남 홍성군 홍성읍 아문길29번길 78 ,민팃ATM,무상
8935,(KT)선광 대연점,폐휴대폰,수거함 설치,부산 남구 진남로 8 ,민팃ATM,무상
8936,(KT)성대미디어점,폐휴대폰,수거함 설치,서울 종로구 대명길 46 ,민팃ATM,무상
8937,(KT)세븐업 호평중앙점,폐휴대폰,수거함 설치,경기 남양주시 늘을2로 26 ,민팃ATM,무상
8938,(KT)세일즈전략매장 선릉점,폐휴대폰,수거함 설치,서울 강남구 선릉로 515 ,민팃ATM,무상
8939,(KT)세일즈전략매장 수유점,폐휴대폰,수거함 설치,서울 강북구 도봉로 313 ,민팃ATM,무상
8940,(KT)순천점,폐휴대폰,수거함 설치,전남 순천시 연향중앙상가길9 ,민팃ATM,무상
8941,(KT)슈퍼스타 수정로점,폐휴대폰,수거함 설치,경기 성남시 수정구 수정로 122 ,민팃ATM,무상
8942,(KT)신천역점,폐휴대폰,수거함 설치,서울 송파구 올림픽로 124 ,민팃ATM,무상
8943,(KT)씨에스원플러스 미금역점,폐휴대폰,수거함 설치,경기 성남시 분당구 성남대로 151 ,민팃ATM,무상
8944,(KT)아이피피 대농로점,폐휴대폰,수거함 설치,충북 청주시 흥덕구 대농로 48 ,민팃ATM,무상
8945,(KT)아이피피 시청점,폐휴대폰,수거함 설치,대전 서구 둔산로 134 ,민팃ATM,무상
8946,(KT)아이피피 월평점,폐휴대폰,수거함 설치,대전 서구 청사로 120 ,민팃ATM,무상
8947,(KT)에스엠 남포점,폐휴대폰,수거함 설치,부산 중구 구덕로 52 ,민팃ATM,무상
8948,(KT)에이치커넥션 미아역1호점,폐휴대폰,수거함 설치,서울 강북구 도봉로 178 ,민팃ATM,무상
8949,(KT)에이티엔씨 명동중앙점,폐휴대폰,수거함 설치,경기 평택시 평택2로 9-3 ,민팃ATM,무상
8950,(KT)엘에스컴퍼니 부산대1호점,폐휴대폰,수거함 설치,부산 금정구 금정로68번길 5 ,민팃ATM,무상
8951,(KT)엠엔케이 남포점,폐휴대폰,수거함 설치,부산 중구 중구로 15-1 ,민팃ATM,무상
8952,(KT)오목교점,폐휴대폰,수거함 설치,서울 양천구 목동동로 293 ,민팃ATM,무상
8953,(KT)올포원텔레콤 강남역점,폐휴대폰,수거함 설치,서울 강남구 테헤란로 101 ,민팃ATM,무상
8954,(KT)원에스 동묘역점,폐휴대폰,수거함 설치,서울 종로구 종로 337 ,민팃ATM,무상
8955,(KT)위드 여천점,폐휴대폰,수거함 설치,전남 여수시 흥국로 61 ,민팃ATM,무상
8956,(KT)유엔아이 성신로데오점,폐휴대폰,수거함 설치,서울 성북구 동소문로22길 30 ,민팃ATM,무상
8957,(KT)유토피아 평내점,폐휴대폰,수거함 설치,경기 남양주시 평내로29번길 41 ,민팃ATM,무상
8958,(KT)주안컴퍼니 가재울뉴타운점,폐휴대폰,수거함 설치,서울 서대문구 증가로 144 ,민팃ATM,무상
8959,(KT)주안컴퍼니 역촌점,폐휴대폰,수거함 설치,서울 은평구 진흥로 105 ,민팃ATM,무상
8960,(KT)참모바일 범물역점,폐휴대폰,수거함 설치,대구 수성구 지범로 192 ,민팃ATM,무상
8961,(KT)친절텔레콤 신도림점,폐휴대폰,수거함 설치,서울 구로구 경인로 661 ,민팃ATM,무상
8962,(KT)케이텔레콤 신서점,폐휴대폰,수거함 설치,대구 동구 안심로 366 ,민팃ATM,무상
8963,(KT)탑클래스 모바일 구의역점,폐휴대폰,수거함 설치,서울 광진구 아차산로 380 ,민팃ATM,무상
8964,(KT)탑클래스 모바일 왕십리역점,폐휴대폰,수거함 설치,서울 성동구 왕십리로 319 ,민팃ATM,무상
8965,(KT)펜타CA 고양소매 주엽역점,폐휴대폰,수거함 설치,경기 고양시 일산서구 중앙로 1437 ,민팃ATM,무상
8966,(KT)펜타CA 외대점,폐휴대폰,수거함 설치,서울 동대문구 휘경로 7 ,민팃ATM,무상
8967,(KT)하이팀 구산역점,폐휴대폰,수거함 설치,서울 은평구 서오릉로 139 ,민팃ATM,무상
8968,(LGU+)가산동 가산디지털단지점,폐휴대폰,수거함 설치,서울 금천구 가산디지털1로 168 ,민팃ATM,무상
8969,(LGU+)개포동 개포동역점,폐휴대폰,수거함 설치,서울 강남구 개포로 506 ,민팃ATM,무상
8970,(LGU+)남양읍 화성시청점,폐휴대폰,수거함 설치,경기 화성시 남양읍 시청로 119 ,민팃ATM,무상
8971,(LGU+)다산동 새봄초교점,폐휴대폰,수거함 설치,경기 남양주시 다산순환로 420 ,민팃ATM,무상
8972,(LGU+)대치4동 한티역점,폐휴대폰,수거함 설치,서울시 강남구 선릉로 320 ,민팃ATM,무상
8973,(LGU+)성정동 구상골사거리점,폐휴대폰,수거함 설치,충남 천안시 서북구 백석로 236 ,민팃ATM,무상
8974,(LGU+)신부동 터미널점,폐휴대폰,수거함 설치,충남 천안시 동남구 충절로 6 ,민팃ATM,무상
8975,(LGU+)장곡동 장곡역점,폐휴대폰,수거함 설치,경기 시흥시 장현장곡로 2 ,민팃ATM,무상
8976,(LGU+)중동_부천시청역4번출구점,폐휴대폰,수거함 설치,경기 부천시 길주로 189 ,민팃ATM,무상
8977,LG전자베스트샵 강서본점,폐휴대폰,수거함 설치,서울 강서구 공항대로 431 ,민팃ATM,무상
8978,LG전자베스트샵 남청주본점,폐휴대폰,수거함 설치,충북 청주시 서원구 1순환로 1138 ,민팃ATM,무상
8979,LG전자베스트샵 동광주점,폐휴대폰,수거함 설치,광주 북구 동문대로 144 ,민팃ATM,무상
8980,LG전자베스트샵 동교점,폐휴대폰,수거함 설치,서울 마포구 신촌로 6 ,민팃ATM,무상
8981,LG전자베스트샵 부평구청점,폐휴대폰,수거함 설치,인천 부평구 길주로 520 ,민팃ATM,무상
8982,LG전자베스트샵 상남본점,폐휴대폰,수거함 설치,경남 창원시 성산구 중앙대로100번길 13 ,민팃ATM,무상
8983,LG전자베스트샵 울산본점,폐휴대폰,수거함 설치,울산 남구 삼산동 1612-1 ,민팃ATM,무상
8984,LG전자베스트샵 평택본점,폐휴대폰,수거함 설치,경기 평택시 평택로 311 ,민팃ATM,무상
8985,(KT)DRC 성신로데오점,폐휴대폰,수거함 설치,서울 성북구 동소문로20나길 22 ,민팃ATM,무상
8986,(KT)경진텔레콤 개금점,폐휴대폰,수거함 설치,부산 부산진구 가야대로 488 ,민팃ATM,무상
8987,(KT)경진텔레콤 명륜점,폐휴대폰,수거함 설치,부산 동래구 온천천로 165 ,민팃ATM,무상
8988,(KT)나무 반송점,폐휴대폰,수거함 설치,부산 해운대구 아랫반송로 17-2 ,민팃ATM,무상
8989,(KT)나무 범일점,폐휴대폰,수거함 설치,부산 동구 범일로102번길 2 ,민팃ATM,무상
8990,(KT)나무 부전점,폐휴대폰,수거함 설치,부산 부산진구 중앙대로 765-1 ,민팃ATM,무상
8991,(KT)나무 서면일번가점,폐휴대폰,수거함 설치,부산 부산진구 중앙대로 691 ,민팃ATM,무상
8992,(KT)나무 서면점,폐휴대폰,수거함 설치,부산 부산진구 동천로 103 ,민팃ATM,무상
8993,(KT)나무 해운대점,폐휴대폰,수거함 설치,부산 해운대구 중동1로 26 ,민팃ATM,무상
8994,(KT)더블유 덕천2호점,폐휴대폰,수거함 설치,부산 북구 백양대로 1191 ,민팃ATM,무상
8995,(KT)더블유 덕천점,폐휴대폰,수거함 설치,부산 북구 덕천1길 15-1 ,민팃ATM,무상
8996,(KT)더블유 모라점,폐휴대폰,수거함 설치,부산 사상구 백양대로 893 ,민팃ATM,무상
8997,(KT)더블유 수정점,폐휴대폰,수거함 설치,부산 북구 학사로 8 ,민팃ATM,무상
8998,(KT)더위너 경상대점,폐휴대폰,수거함 설치,경남 진주시 진주대로 510 ,민팃ATM,무상
8999,(KT)더위너 대안2점,폐휴대폰,수거함 설치,경남 진주시 진주대로 1065 ,민팃ATM,무상
9000,(KT)더위너 대안점,폐휴대폰,수거함 설치,경남 진주시 촉석로190번길 12-1 ,민팃ATM,무상
9001,(KT)더위너 장대점,폐휴대폰,수거함 설치,경남 진주시 진양호로 558 ,민팃ATM,무상
9002,(KT)더킹 남포2호점,폐휴대폰,수거함 설치,부산 중구 광복로 35-1 ,민팃ATM,무상
9003,(KT)더킹 남포점,폐휴대폰,수거함 설치,부산 중구 구덕로 72 ,민팃ATM,무상
9004,(KT)디에이치커뮤니케이션 개금점,폐휴대폰,수거함 설치,부산 부산진구 가야대로 476 ,민팃ATM,무상
9005,(KT)디에이치커뮤니케이션 경성대점,폐휴대폰,수거함 설치,부산 남구 수영로 294 ,민팃ATM,무상
9006,(KT)디에이치커뮤니케이션 서면1호점,폐휴대폰,수거함 설치,부산 부산진구 중앙대로680번가길 38 ,민팃ATM,무상
9007,(KT)디에이치커뮤니케이션 서면2호점,폐휴대폰,수거함 설치,부산 부산진구 중앙대로 700 ,민팃ATM,무상
9008,(KT)디에이치커뮤니케이션 수영점,폐휴대폰,수거함 설치,부산 수영구 수영로 712 ,민팃ATM,무상
9009,(KT)디에이치커뮤니케이션 해운대점,폐휴대폰,수거함 설치,부산 해운대구 중동1로 33-1 ,민팃ATM,무상
9010,(KT)라인 서면점,폐휴대폰,수거함 설치,부산 부산진구 동천로 65 ,민팃ATM,무상
9011,(KT)라인 전포카페거리점,폐휴대폰,수거함 설치,부산 부산진구 동천로 74 ,민팃ATM,무상
9012,(KT)보인 종로점,폐휴대폰,수거함 설치,서울 종로구 종로 111-1 ,민팃ATM,무상
9013,(KT)씨엘 경성대점,폐휴대폰,수거함 설치,부산 남구 수영로 312 ,민팃ATM,무상
9014,(KT)씨엘 광복점,폐휴대폰,수거함 설치,부산 중구 광복로 89-1 ,민팃ATM,무상
9015,(KT)씨엘 괘법점,폐휴대폰,수거함 설치,부산 사상구 사상로 200 ,민팃ATM,무상
9016,(KT)씨엘 기장점,폐휴대폰,수거함 설치,부산 기장군 기장읍 차성동로 73 ,민팃ATM,무상
9017,(KT)씨엘 남포점,폐휴대폰,수거함 설치,부산 중구 비프광장로 25 ,민팃ATM,무상
9018,(KT)씨엘 당감점,폐휴대폰,수거함 설치,부산 부산진구 동평로 86 ,민팃ATM,무상
9019,(KT)씨엘 서면점,폐휴대폰,수거함 설치,부산 부산진구 가야대로784번길 36 ,민팃ATM,무상
9020,(KT)씨엘 수안점,폐휴대폰,수거함 설치,부산 동래구 충렬대로 204 ,민팃ATM,무상
9021,(KT)씨엘 연산점,폐휴대폰,수거함 설치,부산 연제구 월드컵대로 126 ,민팃ATM,무상
9022,(KT)씨엘 용호2호점,폐휴대폰,수거함 설치,부산 남구 분포로 113 ,민팃ATM,무상
9023,(KT)씨엘 젊음의거리점,폐휴대폰,수거함 설치,부산 북구 백양대로 1200 ,민팃ATM,무상
9024,(KT)씨엘 화명2점,폐휴대폰,수거함 설치,부산 북구 금곡대로 287 ,민팃ATM,무상
9025,(KT)에스비엠 화명대로점,폐휴대폰,수거함 설치,부산 북구 화명대로 68 ,민팃ATM,무상
9026,(KT)에스엠 괘법점,폐휴대폰,수거함 설치,부산 사상구 사상로 251 ,민팃ATM,무상
9027,(KT)에스엠 율하2호점,폐휴대폰,수거함 설치,경남 김해시 율하6로 55 ,민팃ATM,무상
9028,(KT)에스엠 율하점,폐휴대폰,수거함 설치,경남 김해시 율하3로 65 ,민팃ATM,무상
9029,(KT)에스엠 화명점,폐휴대폰,수거함 설치,부산 북구 화명신도시로 133 ,민팃ATM,무상
9030,(KT)에스엠커뮤니케이션 남천점,폐휴대폰,수거함 설치,부산 수영구 남천바다로10번길 61 ,민팃ATM,무상
9031,(KT)에스엠커뮤니케이션 동래점,폐휴대폰,수거함 설치,부산 동래구 명륜로129번길 45 ,민팃ATM,무상
9032,(KT)에스엠커뮤니케이션 부산대점,폐휴대폰,수거함 설치,부산 금정구 금정로68번길 22 ,민팃ATM,무상
9033,(KT)에스엠커뮤니케이션 부전점,폐휴대폰,수거함 설치,부산 부산진구 새싹로 12-1 ,민팃ATM,무상
9034,(KT)에스엠커뮤니케이션 수영2호점,폐휴대폰,수거함 설치,부산 수영구 연수로 415 ,민팃ATM,무상
9035,(KT)에스엠커뮤니케이션 일광점,폐휴대폰,수거함 설치,부산 기장군 일광면 해빛1로 5 ,민팃ATM,무상
9036,(KT)엘에스컴퍼니 과정로점,폐휴대폰,수거함 설치,부산 연제구 과정로 311 ,민팃ATM,무상
9037,(KT)엘에스컴퍼니 부산대2호점,폐휴대폰,수거함 설치,부산 금정구 장전온천천로 47 ,민팃ATM,무상
9038,(KT)엘에스컴퍼니 부산대역점,폐휴대폰,수거함 설치,부산 금정구 금정로68번길 41 ,민팃ATM,무상
9039,(KT)엘에스컴퍼니 사직점,폐휴대폰,수거함 설치,부산 동래구 사직북로 9 ,민팃ATM,무상
9040,(KT)엘에스컴퍼니 서창로점,폐휴대폰,수거함 설치,경남 양산시 서창로 185 ,민팃ATM,무상
9041,(KT)엘에스컴퍼니 수안점,폐휴대폰,수거함 설치,부산 동래구 충렬대로 250 ,민팃ATM,무상
9042,(KT)엘에스컴퍼니 연산1호점,폐휴대폰,수거함 설치,부산 연제구 중앙대로 1113 ,민팃ATM,무상
9043,(KT)엘에스컴퍼니 연산2호점,폐휴대폰,수거함 설치,부산 연제구 연수로 103 ,민팃ATM,무상
9044,(KT)이지케이 달동점,폐휴대폰,수거함 설치,울산 남구 삼산로 136 ,민팃ATM,무상
9045,(KT)이지케이 동구일산점,폐휴대폰,수거함 설치,울산 동구 방어진순환도로 652 ,민팃ATM,무상
9046,(KT)이지케이 삼산점,폐휴대폰,수거함 설치,울산 남구 돋질로302번길 39 ,민팃ATM,무상
9047,(KT)이지케이 애플성남점,폐휴대폰,수거함 설치,울산 중구 시계탑거리 33 ,민팃ATM,무상
9048,(KT)이지케이 옥동점,폐휴대폰,수거함 설치,울산 남구 문수로 377 ,민팃ATM,무상
9049,(KT)이지케이 호계점,폐휴대폰,수거함 설치,울산 북구 호계로 332-1 ,민팃ATM,무상
9050,(KT)주식회사 에이엔컴퍼니 서면2호점,폐휴대폰,수거함 설치,부산 부산진구 가야대로 785 ,민팃ATM,무상
9051,(KT)주식회사 에이엔컴퍼니 서면점,폐휴대폰,수거함 설치,부산 부산진구 중앙대로692번길 25 ,민팃ATM,무상
9052,(KT)준텔레콤 반림점,폐휴대폰,수거함 설치,경남 창원시 성산구 원이대로473번길 9 ,민팃ATM,무상
9053,(KT)준텔레콤 상남2점,폐휴대폰,수거함 설치,경남 창원시 성산구 마디미로15번길 3 ,민팃ATM,무상
9054,(KT)준텔레콤 상남3점,폐휴대폰,수거함 설치,경남 창원시 성산구 마디미로3번길 17 ,민팃ATM,무상
9055,(KT)준텔레콤 상남점,폐휴대폰,수거함 설치,경남 창원시 성산구 원이대로 652 ,민팃ATM,무상
9056,(KT)준텔레콤 팔용점,폐휴대폰,수거함 설치,경남 창원시 의창구 팔용로 438 ,민팃ATM,무상
9057,(KT)준텔레콤 합성2점,폐휴대폰,수거함 설치,경남 창원시 마산회원구 3.15대로 750 ,민팃ATM,무상
9058,(KT)준텔레콤 합성점,폐휴대폰,수거함 설치,경남 창원시 마산회원구 3.15대로 768 ,민팃ATM,무상
9059,(KT)케이컴퍼니 안락점,폐휴대폰,수거함 설치,부산 동래구 안락로 20-1 ,민팃ATM,무상
9060,(KT)케이컴퍼니 온천장점,폐휴대폰,수거함 설치,부산 금정구 온천장로 129 ,민팃ATM,무상
9061,(KT)폰드림 서면2호점,폐휴대폰,수거함 설치,부산 부산진구 중앙대로692번길 6 ,민팃ATM,무상
9062,(KT)폰드림 서면3호점,폐휴대폰,수거함 설치,부산 부산진구 중앙대로 703 ,민팃ATM,무상
9063,(KT)폰드림 좌동점,폐휴대폰,수거함 설치,부산 해운대구 세실로 75 ,민팃ATM,무상
9064,(KT)푸른소나무 삼정점,폐휴대폰,수거함 설치,경남 김해시 활천로36번길 29 ,민팃ATM,무상
9065,(KT)푸른소나무 외동점,폐휴대폰,수거함 설치,경남 김해시 내외중앙로 53 ,민팃ATM,무상
9066,(KT)피앤월드 노원2호점,폐휴대폰,수거함 설치,서울 노원구 상계로 69 ,민팃ATM,무상
9067,(KT)피앤월드 혜화역점,폐휴대폰,수거함 설치,서울 종로구 명륜2가 24-4 ,민팃ATM,무상
9068,(KT)한성컴퍼니 경성대점,폐휴대폰,수거함 설치,부산 남구 용소로 8 ,민팃ATM,무상
9069,(KT)혜진통신 미남역점,폐휴대폰,수거함 설치,부산 동래구 아시아드대로228번길 6 ,민팃ATM,무상
9070,(KT)혜진통신 연산2호점,폐휴대폰,수거함 설치,부산 연제구 반송로 9-1 ,민팃ATM,무상
9071,(KT)혜진통신 연산점,폐휴대폰,수거함 설치,부산 연제구 중앙대로 1091 ,민팃ATM,무상
9072,(KT) 주안컴퍼니 응암시장점,폐휴대폰,수거함 설치,서울 은평구 응암로 247 ,민팃ATM,무상
9073,(KT)DRC 종로5가 1호점,폐휴대폰,수거함 설치,서울 종로구 종로 213 ,민팃ATM,무상
9074,(KT)HJY 적선점,폐휴대폰,수거함 설치,서울 종로구 자하문로2길 4 ,민팃ATM,무상
9075,(KT)HJY대흥점,폐휴대폰,수거함 설치,서울 마포구 대흥로 183 ,민팃ATM,무상
9076,(KT)HJY불광역점,폐휴대폰,수거함 설치,서울 은평구 통일로 736 ,민팃ATM,무상
9077,(KT)HJY홍제역점,폐휴대폰,수거함 설치,서울 서대문구 통일로 435-2 ,민팃ATM,무상
9078,(KT)SA 감천점,폐휴대폰,수거함 설치,부산 사하구 감천로 46 ,민팃ATM,무상
9079,(KT)SA 괴정점,폐휴대폰,수거함 설치,부산 사하구 낙동대로 207 ,민팃ATM,무상
9080,(KT)SA 남포점,폐휴대폰,수거함 설치,부산 중구 남포길 4 ,민팃ATM,무상
9081,(KT)SA 다대점,폐휴대폰,수거함 설치,부산 사하구 다대로429번길 15 ,민팃ATM,무상
9082,(KT)SA 당리점,폐휴대폰,수거함 설치,부산 사하구 낙동대로 401 ,민팃ATM,무상
9083,(KT)SA 부산진역점,폐휴대폰,수거함 설치,부산 동구 중앙대로 373-1 ,민팃ATM,무상
9084,(KT)SA 수정점,폐휴대폰,수거함 설치,부산 동구 중앙대로371번길 9 ,민팃ATM,무상
9085,(KT)SA 신평점,폐휴대폰,수거함 설치,부산 사하구 장평로 299 ,민팃ATM,무상
9086,(KT)SA 아이스퀘어점,폐휴대폰,수거함 설치,경남 김해시 김해대로 2342 ,민팃ATM,무상
9087,(KT)SA 하단점,폐휴대폰,수거함 설치,부산 사하구 낙동대로 442 ,민팃ATM,무상
9088,(KT)XCIX 은행사거리본점,폐휴대폰,수거함 설치,서울 노원구 한글비석로 245 ,민팃ATM,무상
9089,(KT)거성크루 경희대삼거리점,폐휴대폰,수거함 설치,서울 동대문구 경희대로 1 ,민팃ATM,무상
9090,(KT)거성크루 한남오거리점,폐휴대폰,수거함 설치,서울 용산구 대사관로 76 ,민팃ATM,무상
9091,(KT)공일공 보문점,폐휴대폰,수거함 설치,서울 성북구 보문로 115 ,민팃ATM,무상
9092,(KT)내외 아현점,폐휴대폰,수거함 설치,서울 마포구 굴레방로 13 ,민팃ATM,무상
9093,(KT)다락 동부이촌동점,폐휴대폰,수거함 설치,서울 용산구 이촌로 248 ,민팃ATM,무상
9094,(KT)더스토리부산 초량점,폐휴대폰,수거함 설치,부산 동구 중앙대로 207 ,민팃ATM,무상
9095,(KT)더킹 광복중앙로점,폐휴대폰,수거함 설치,부산 중구 광복중앙로 21 ,민팃ATM,무상
9096,(KT)더킹 대청점,폐휴대폰,수거함 설치,부산 중구 대청로 91 ,민팃ATM,무상
9097,(KT)더킹 하단점,폐휴대폰,수거함 설치,부산 사하구 하신중앙로 350 ,민팃ATM,무상
9098,(KT)럭스프라자 상동점,폐휴대폰,수거함 설치,전남 목포시 신흥로 28 ,민팃ATM,무상
9099,(KT)메가텔레콤 마포역점,폐휴대폰,수거함 설치,서울 마포구 마포대로 53 ,민팃ATM,무상
9100,(KT)메가텔레콤 신촌연세대점,폐휴대폰,수거함 설치,서울 서대문구 연세로 29 ,민팃ATM,무상
9101,(KT)보인 동묘2호점,폐휴대폰,수거함 설치,서울 종로구 종로 374 ,민팃ATM,무상
9102,(KT)보인 동묘역점,폐휴대폰,수거함 설치,서울 종로구 종로 336 ,민팃ATM,무상
9103,(KT)보인 종각점,폐휴대폰,수거함 설치,서울 종로구 종로 72 ,민팃ATM,무상
9104,(KT)보인 종로2호점,폐휴대폰,수거함 설치,서울 종로구 종로 87-1 ,민팃ATM,무상
9105,(KT)브로 광화문 남대문점,폐휴대폰,수거함 설치,서울 중구 퇴계로 45 ,민팃ATM,무상
9106,(KT)브로 금촌역점,폐휴대폰,수거함 설치,경기 파주시 금촌동 58-1번지 ,민팃ATM,무상
9107,(KT)브로 일산후곡점,폐휴대폰,수거함 설치,경기 고양시 일산서구 일산로 571 ,민팃ATM,무상
9108,(KT)브로 탄현점,폐휴대폰,수거함 설치,경기 고양시 일산서구 일현로 42 ,민팃ATM,무상
9109,(KT)비룡 가재울점,폐휴대폰,수거함 설치,서울 서대문구 거북골로14길 32 ,민팃ATM,무상
9110,(KT)새암 성신여대역점,폐휴대폰,수거함 설치,서울 성북구 아리랑로 16 ,민팃ATM,무상
9111,(KT)씨엘 괴정점,폐휴대폰,수거함 설치,부산 사하구 사하로 197 ,민팃ATM,무상
9112,(KT)씨엘 두실점,폐휴대폰,수거함 설치,부산 금정구 중앙대로 1943 ,민팃ATM,무상
9113,(KT)씨엘 부산대점,폐휴대폰,수거함 설치,부산 금정구 장전온천천로 57 ,민팃ATM,무상
9114,(KT)씨엘 좌동점,폐휴대폰,수거함 설치,부산 해운대구 세실로 64 ,민팃ATM,무상
9115,(KT)아우라 웨스턴돔점,폐휴대폰,수거함 설치,경기 고양시 일산동구 정발산로 24 ,민팃ATM,무상
9116,(KT)아이제이플러스 독산,폐휴대폰,수거함 설치,서울 금천구 시흥대로 415 ,민팃ATM,무상
9117,(KT)아이티의형제들 건대화양점,폐휴대폰,수거함 설치,서울 광진구 능동로 135 ,민팃ATM,무상
9118,(KT)에스엠 광복2호점,폐휴대폰,수거함 설치,부산 중구 광복로 47-1 ,민팃ATM,무상
9119,(KT)에스엠 남포2호점,폐휴대폰,수거함 설치,부산 중구 구덕로 40-1 ,민팃ATM,무상
9120,(KT)에스엠 덕천점,폐휴대폰,수거함 설치,부산 북구 백양대로 1198 ,민팃ATM,무상
9121,(KT)에스엠 사직점,폐휴대폰,수거함 설치,부산 동래구 사직북로19번길 3 ,민팃ATM,무상
9122,(KT)에스엠 수영점,폐휴대폰,수거함 설치,부산 수영구 수영로705번길 1 ,민팃ATM,무상
9123,(KT)에스엠 영도2호점,폐휴대폰,수거함 설치,부산 영도구 남항로 41 ,민팃ATM,무상
9124,(KT)에스엠 영도점,폐휴대폰,수거함 설치,부산 영도구 태종로 106 ,민팃ATM,무상
9125,(KT)에스엠 외동점,폐휴대폰,수거함 설치,경남 김해시 내외중앙로 27 ,민팃ATM,무상
9126,(KT)에이쓰리 가좌본점,폐휴대폰,수거함 설치,경기 고양시 일산서구 가좌4로 2 ,민팃ATM,무상
9127,(KT)에이쓰리 서정점,폐휴대폰,수거함 설치,경기 고양시 덕양구 중앙로 450 ,민팃ATM,무상
9128,(KT)에이쓰리 탄현점,폐휴대폰,수거함 설치,경기 고양시 일산서구 일현로 97-11 ,민팃ATM,무상
9129,(KT)에이치커넥션 노원역2호점,폐휴대폰,수거함 설치,서울 노원구 노해로83길 21 ,민팃ATM,무상
9130,(KT)에이치커넥션 미아역2호,폐휴대폰,수거함 설치,서울특별시 강북구 도봉로 187 ,민팃ATM,무상
9131,(KT)에이치커넥션 창동본점,폐휴대폰,수거함 설치,서울 도봉구 노해로63길 84 ,민팃ATM,무상
9132,(KT)에이티엔씨 대천점,폐휴대폰,수거함 설치,경기 안성시 안성맞춤대로 1062 ,민팃ATM,무상
9133,(KT)에이티엔씨 동탄청계점,폐휴대폰,수거함 설치,경기 화성시 동탄대로시범길 148-16 ,민팃ATM,무상
9134,(KT)엠엔케이 수정점,폐휴대폰,수거함 설치,부산 동구 고관로 123 ,민팃ATM,무상
9135,(KT)엠엔케이 장림점,폐휴대폰,수거함 설치,부산 사하구 장림번영로 29 ,민팃ATM,무상
9136,(KT)엠엔케이 충무점,폐휴대폰,수거함 설치,부산 서구 구덕로 115-1 ,민팃ATM,무상
9137,(KT)엠텔레콤 원당점,폐휴대폰,수거함 설치,경기 고양시 덕양구 호국로 804 ,민팃ATM,무상
9138,(KT)영진랜드 수유역점,폐휴대폰,수거함 설치,서울 강북구 도봉로89길 1 ,민팃ATM,무상
9139,(KT)와이케이 을지로입구역점,폐휴대폰,수거함 설치,서울 중구 명동3길 40 ,민팃ATM,무상
9140,(KT)유엔아이 종로3가점,폐휴대폰,수거함 설치,서울 종로구 종로 114 ,민팃ATM,무상
9141,(KT)일등통신 강북구청사거리점,폐휴대폰,수거함 설치,서울 강북구 도봉로 363 ,민팃ATM,무상
9142,(KT)일등통신 행당점,폐휴대폰,수거함 설치,서울 성동구 고산자로 207 ,민팃ATM,무상
9143,(KT)진서정보통신 방학도깨비시장점,폐휴대폰,수거함 설치,서울 도봉구 도당로13길 9 ,민팃ATM,무상
9144,(KT)케이에스원네트웍스 창동역점,폐휴대폰,수거함 설치,서울 도봉구 마들로11길 71 ,민팃ATM,무상
9145,(KT)탑클래스 모바일 동대문역점,폐휴대폰,수거함 설치,서울 종로구 창신길 1 ,민팃ATM,무상
9146,(KT)탑클래스 모바일 장한평역점,폐휴대폰,수거함 설치,서울 동대문구 장한로 3 ,민팃ATM,무상
9147,(KT)퍼스트아이엔씨 신대방삼거리점,폐휴대폰,수거함 설치,서울 동작구 여의대방로22길 144 ,민팃ATM,무상
9148,(KT)펜타CA 건대점,폐휴대폰,수거함 설치,서울 광진구 동일로20길 72 ,민팃ATM,무상
9149,(KT)펜타CA 고양소매 행신역점,폐휴대폰,수거함 설치,경기 고양시 덕양구 충장로 26 ,민팃ATM,무상
9150,(KT)펜타CA 광나루점,폐휴대폰,수거함 설치,서울 광진구 천호대로 808 ,민팃ATM,무상
9151,(KT)펜타CA 금호점,폐휴대폰,수거함 설치,서울 성동구 독서당로 302 ,민팃ATM,무상
9152,(KT)펜타CA 서대문역점,폐휴대폰,수거함 설치,서울 서대문구 통일로 137 ,민팃ATM,무상
9153,(KT)펜타CA 서울시청점,폐휴대폰,수거함 설치,서울 중구 무교로 14 ,민팃ATM,무상
9154,(KT)플랜 수유시장점,폐휴대폰,수거함 설치,서울 강북구 도봉로 251 ,민팃ATM,무상
9155,(KT)피앤월드 쌍문2호점,폐휴대폰,수거함 설치,서울 도봉구 해등로 198 ,민팃ATM,무상
9156,(KT)피앤월드 쌍문점,폐휴대폰,수거함 설치,서울 도봉구 해등로 190 ,민팃ATM,무상
9157,(KT)피앤월드 종각점,폐휴대폰,수거함 설치,서울 종로구 우정국로 38-1 ,민팃ATM,무상
9158,(KT)피앤월드 중화역점,폐휴대폰,수거함 설치,서울 중랑구 동일로 795 ,민팃ATM,무상
9159,(KT)한울정보통신 상동원예점,폐휴대폰,수거함 설치,전남 목포시 영산로 575 ,민팃ATM,무상
9160,(KT)KTF블루컴 합덕점,폐휴대폰,수거함 설치,충남 당진시 합덕읍 합우로 143 ,민팃ATM,무상
9161,(KT)RS텔레콤 대방점,폐휴대폰,수거함 설치,경남 창원시 성산구 가양로124번길 23 ,민팃ATM,무상
9162,(KT)RS텔레콤 해운1점,폐휴대폰,수거함 설치,경남 창원시 마산합포구 해안대로 10 ,민팃ATM,무상
9163,(KT)RS텔레콤 해운2점,폐휴대폰,수거함 설치,경남 창원시 마산합포구 월영동2길 2 ,민팃ATM,무상
9164,(KT)RS텔레콤 해운3점,폐휴대폰,수거함 설치,경남 창원시 마산합포구 가포로 1 ,민팃ATM,무상
9165,(KT)SP컴퍼니 첨단점,폐휴대폰,수거함 설치,광주 광산구 첨단중앙로 96 ,민팃ATM,무상
9166,(KT)가람 전하점,폐휴대폰,수거함 설치,울산 동구 진성14길 114 ,민팃ATM,무상
9167,(KT)경남직영 합성점,폐휴대폰,수거함 설치,경남 창원시 마산회원구 3.15대로 742 ,민팃ATM,무상
9168,(KT)고래커뮤니케이션 수암로점,폐휴대폰,수거함 설치,울산 남구 수암로 120-1 ,민팃ATM,무상
9169,(KT)굿타임뷰 용암월평로점,폐휴대폰,수거함 설치,충북 청주시 상당구 월평로 172 ,민팃ATM,무상
9170,(KT)금동 정관2호점,폐휴대폰,수거함 설치,부산 기장군 정관읍 정관로 561 ,민팃ATM,무상
9171,(KT)나이스포스 소원 상인점,폐휴대폰,수거함 설치,대구 달서구 월곡로 261-1 ,민팃ATM,무상
9172,(KT)논산KTF 중앙로점,폐휴대폰,수거함 설치,충남 논산시 중앙로 415 ,민팃ATM,무상
9173,(KT)다경 상무역점,폐휴대폰,수거함 설치,광주 서구 상무중앙로 7 ,민팃ATM,무상
9174,(KT)다원통신 상남점,폐휴대폰,수거함 설치,경남 창원시 성산구 원이대로 664 ,민팃ATM,무상
9175,(KT)다원통신 송학점,폐휴대폰,수거함 설치,경남 창원시 진해구 벚꽃로 82 ,민팃ATM,무상
9176,(KT)도시락프라자 도계점,폐휴대폰,수거함 설치,경남 창원시 의창구 태복산로3번길 42 ,민팃ATM,무상
9177,(KT)디에스원 당감점,폐휴대폰,수거함 설치,부산 부산진구 동평로 109 ,민팃ATM,무상
9178,(KT)디에이치앤피 무거점,폐휴대폰,수거함 설치,울산 남구 대학로 165 ,민팃ATM,무상
9179,(KT)룩스텔레콤 대안점,폐휴대폰,수거함 설치,경남 진주시 진양호로527번길 4 ,민팃ATM,무상
9180,(KT)마루 대동사거리점,폐휴대폰,수거함 설치,부산 해운대구 좌동순환로 182 ,민팃ATM,무상
9181,(KT)만리장성 고속터미널역점,폐휴대폰,수거함 설치,서울 서초구 신반포로 189 ,민팃ATM,무상
9182,(KT)모바일 최강 기업도시점,폐휴대폰,수거함 설치,강원 원주시 지정면 신지정로 322 ,민팃ATM,무상
9183,(KT)모바일 최강 단구점,폐휴대폰,수거함 설치,강원 원주시 서원대로 406 ,민팃ATM,무상
9184,(KT)부강텔레콤 명지신도시점,폐휴대폰,수거함 설치,부산 강서구 명지오션시티4로 81 ,민팃ATM,무상
9185,(KT)부산 증산점,폐휴대폰,수거함 설치,경남 양산시 물금읍 청운로 185 ,민팃ATM,무상
9186,(KT)블루문 공업탑점,폐휴대폰,수거함 설치,울산 남구 삼산로 12 ,민팃ATM,무상
9187,(KT)비앤티 타임월드1호점,폐휴대폰,수거함 설치,대전 서구 둔산로 30 ,민팃ATM,무상
9188,(KT)서해텔레콤 보령중앙점,폐휴대폰,수거함 설치,충남 보령시 남대천로 42 ,민팃ATM,무상
9189,(KT)세븐업 면목역점,폐휴대폰,수거함 설치,서울 중랑구 겸재로 180 ,민팃ATM,무상
9190,(KT)수(Su) 물금점,폐휴대폰,수거함 설치,경남 양산시 물금읍 범어로 70 ,민팃ATM,무상
9191,(KT)신성텔레콤 지웰시티점,폐휴대폰,수거함 설치,충북 청주시 흥덕구 대농로 47-1 ,민팃ATM,무상
9192,(KT)씨엘 동부점,폐휴대폰,수거함 설치,부산 기장군 기장읍 읍내로 106 ,민팃ATM,무상
9193,(KT)씨엘 삼계점,폐휴대폰,수거함 설치,경남 김해시 삼계중앙로 34 ,민팃ATM,무상
9194,(KT)씨엘 외동점,폐휴대폰,수거함 설치,경남 김해시 함박로101번길 20 ,민팃ATM,무상
9195,(KT)씨엘 용호점,폐휴대폰,수거함 설치,부산 남구 동명로 139 ,민팃ATM,무상
9196,(KT)씨엘 화명점,폐휴대폰,수거함 설치,부산 북구 금곡대로285번길 5 ,민팃ATM,무상
9197,(KT)에스와이 죽곡점,폐휴대폰,수거함 설치,대구 달성군 다사읍 달구벌대로 864 ,민팃ATM,무상
9198,(KT)에스제이컴퍼니 거창점,폐휴대폰,수거함 설치,경남 거창군 거창읍 중앙로 125-1 ,민팃ATM,무상
9199,(KT)에이티엔씨 송탄출장소점,폐휴대폰,수거함 설치,경기 평택시 관광특구로 20 ,민팃ATM,무상
9200,(KT)에이플러스 신연수점,폐휴대폰,수거함 설치,충북 충주시 갱고개로 150 ,민팃ATM,무상
9201,(KT)엘에프컴퍼니 동탄역점,폐휴대폰,수거함 설치,경기 화성시 동탄역로 150 ,민팃ATM,무상
9202,(KT)엠브이지 송정점,폐휴대폰,수거함 설치,울산 북구 박상진12로 11 ,민팃ATM,무상
9203,(KT)엠에이치컴퍼니 성남동아케이드,폐휴대폰,수거함 설치,울산 중구 젊음의거리 33 ,민팃ATM,무상
9204,(KT)엠에이치컴퍼니 시청점,폐휴대폰,수거함 설치,울산 남구 중앙로 251 ,민팃ATM,무상
9205,(KT)엠에이치컴퍼니 화봉점,폐휴대폰,수거함 설치,울산 북구 화산중앙로 86 ,민팃ATM,무상
9206,(KT)영남 삼산점,폐휴대폰,수거함 설치,울산 남구 화합로 144 ,민팃ATM,무상
9207,(KT)와이비 대안점,폐휴대폰,수거함 설치,경남 진주시 촉석로186번길 7 ,민팃ATM,무상
9208,(KT)울산 반구점,폐휴대폰,수거함 설치,울산 중구 화합로 429-1 ,민팃ATM,무상
9209,(KT)울산 병영점,폐휴대폰,수거함 설치,울산 중구 곽남길 4 ,민팃ATM,무상
9210,(KT)울산 삼산1호점,폐휴대폰,수거함 설치,울산 남구 삼산로267번길 6-15 ,민팃ATM,무상
9211,(KT)울산 성남2호점,폐휴대폰,수거함 설치,울산 중구 젊음의거리 77 ,민팃ATM,무상
9212,(KT)울산 성남점,폐휴대폰,수거함 설치,울산 중구 젊음의2거리 33 ,민팃ATM,무상
9213,(KT)위드 상동사거리점,폐휴대폰,수거함 설치,경기 부천시 상동로 87 ,민팃ATM,무상
9214,(KT)이룸텔레콤 둔산점,폐휴대폰,수거함 설치,대전 서구 대덕대로 182 ,민팃ATM,무상
9215,(KT)일번모바일 서면롯데점,폐휴대폰,수거함 설치,부산 부산진구 가야대로 773-1 ,민팃ATM,무상
9216,(KT)정성텔레콤 죽림점,폐휴대폰,수거함 설치,경남 통영시 광도면 죽림2로 76-55 ,민팃ATM,무상
9217,(KT)제이에이치앤씨 달동점,폐휴대폰,수거함 설치,울산 남구 신정로 32 ,민팃ATM,무상
9218,(KT)제이에이치앤씨 매곡점,폐휴대폰,수거함 설치,울산 북구 매산로 15 ,민팃ATM,무상
9219,(KT)제이에이치앤씨 병영로점,폐휴대폰,수거함 설치,울산 중구 병영로 2 ,민팃ATM,무상
9220,(KT)제이에이치앤씨 삼산점,폐휴대폰,수거함 설치,울산 남구 삼산로267번길 6-6 ,민팃ATM,무상
9221,(KT)제이에이치앤씨 상안점,폐휴대폰,수거함 설치,울산 북구 신답로 36 ,민팃ATM,무상
9222,(KT)제이에이치앤씨 태화점,폐휴대폰,수거함 설치,울산 중구 유곡로 7 ,민팃ATM,무상
9223,(KT)제이에이치앤씨 호계로점,폐휴대폰,수거함 설치,울산 북구 호계로 314 ,민팃ATM,무상
9224,(KT)제이지 대농로점,폐휴대폰,수거함 설치,충북 청주시 흥덕구 대농로 39 ,민팃ATM,무상
9225,(KT)주식회사 다래 역곡CGV점,폐휴대폰,수거함 설치,경기 부천시 경인로 505 ,민팃ATM,무상
9226,(KT)최우수모바일 칠암점,폐휴대폰,수거함 설치,경남 진주시 동진로 34 ,민팃ATM,무상
9227,(KT)케이모바일 시장길점,폐휴대폰,수거함 설치,충남 아산시 시장길 32 ,민팃ATM,무상
9228,(KT)케이원 오송점,폐휴대폰,수거함 설치,충북 청주시 흥덕구 오송읍 오송생명로 194 ,민팃ATM,무상
9229,(KT)케이텔레콤 상남점,폐휴대폰,수거함 설치,경남 창원시 성산구 마디미로31번길 4 ,민팃ATM,무상
9230,(KT)큐피드 현대중동점,폐휴대폰,수거함 설치,경기 부천시 석천로177번길 29 ,민팃ATM,무상
9231,(KT)태양 당진점,폐휴대폰,수거함 설치,충남 당진시 당진중앙2로 95-11 ,민팃ATM,무상
9232,(KT)텔나라네트웍 단양점,폐휴대폰,수거함 설치,충북 단양군 단양읍 도전2로 2 ,민팃ATM,무상
9233,(KT)텔나라네트웍 오창점,폐휴대폰,수거함 설치,충북 청주시 청원구 오창읍 중심상업로 27 ,민팃ATM,무상
9234,(KT)텔나라네트웍 증평점,폐휴대폰,수거함 설치,충북 증평군 증평읍 중앙로 217 ,민팃ATM,무상
9235,(KT)텔나라네트웍 칠금점,폐휴대폰,수거함 설치,충북 충주시 봉계1길 64 ,민팃ATM,무상
9236,(KT)트랜드모바일 은구비로점,폐휴대폰,수거함 설치,대전 유성구 은구비로 36 ,민팃ATM,무상
9237,(KT)티지브이 감계점,폐휴대폰,수거함 설치,경남 창원시 의창구 북면 감계로 300 ,민팃ATM,무상
9238,(KT)티지브이 회원점,폐휴대폰,수거함 설치,경남 창원시 마산회원구 북성로 106 ,민팃ATM,무상
9239,(KT)퍼펙트 전대후문점,폐휴대폰,수거함 설치,광주 북구 우치로 82 ,민팃ATM,무상
9240,(KT)프리엠 송정점,폐휴대폰,수거함 설치,광주 광산구 상무대로 249-1 ,민팃ATM,무상
9241,(KT)플러스컴 중앙점,폐휴대폰,수거함 설치,경남 창원시 성산구 용지로133번길 1 ,민팃ATM,무상
9242,(KT)한국통신프리텔중앙 고현점,폐휴대폰,수거함 설치,경남 거제시 서문로 64 ,민팃ATM,무상
9243,(KT)한빛정보통신 풍암점,폐휴대폰,수거함 설치,광주 서구 풍암중앙로 43 ,민팃ATM,무상
9244,(KT)혜담 하대점,폐휴대폰,수거함 설치,경남 진주시 도동로 237 ,민팃ATM,무상
9245,(KT)AG컴퍼니 초량점,폐휴대폰,수거함 설치,부산 동구 중앙대로 231 ,민팃ATM,무상
9246,(KT)M&S 대연직영점,폐휴대폰,수거함 설치,부산 남구 수영로 200-1 ,민팃ATM,무상
9247,(KT)뉴굿타임 부산대점,폐휴대폰,수거함 설치,부산 금정구 금강로 264 ,민팃ATM,무상
9248,(KT)대세통신 조례점,폐휴대폰,수거함 설치,전남 순천시 태봉길 1 ,민팃ATM,무상
9249,(KT)무적모바일 운정산내점,폐휴대폰,수거함 설치,경기 파주시 책향기로 573 ,민팃ATM,무상
9250,(KT)브로 광화문 한성대점,폐휴대폰,수거함 설치,서울 성북구 동소문로 16 ,민팃ATM,무상
9251,(KT)세븐업 노원 상계역점,폐휴대폰,수거함 설치,서울 노원구 한글비석로20길 23-16 ,민팃ATM,무상
9252,(KT)씨엘사직점,폐휴대폰,수거함 설치,부산 연제구 아시아드대로 91 ,민팃ATM,무상
9253,(KT)엘에스컴퍼니 명륜점,폐휴대폰,수거함 설치,부산 동래구 명륜로129번길 20 ,민팃ATM,무상
9254,(KT)응암역 투자매장,폐휴대폰,수거함 설치,서울 은평구 은평로 82 ,민팃ATM,무상
9255,(KT)펜타CA 홍대클럽점,폐휴대폰,수거함 설치,서울 마포구 어울마당로 80 ,민팃ATM,무상
9256,(KT)플러스컴_양덕본점,폐휴대폰,수거함 설치,경남 창원시 마산회원구 율림교로 12 ,민팃ATM,무상
9257,(KT)하와이모바일 마들역점,폐휴대폰,수거함 설치,서울 노원구 동일로 1538 ,민팃ATM,무상
9258,(KT)하이원 무거점,폐휴대폰,수거함 설치,울산 남구 대학로94번길 5-1 ,민팃ATM,무상
9259,DMC타워 1층 로비,폐휴대폰,수거함 설치,서울 마포구 성암로 189 ,민팃ATM,무상
9260,알맹상점 마포점,폐휴대폰,수거함 설치,서울 마포구 월드컵로25길 47 ,민팃ATM,무상
9261,삼성디지털프라자 3호광장점,중소폐가전,수거함 설치,전남 목포시 용당로 210 ,삼성디지털프라자,무상
9262,삼성디지털프라자 강릉점,중소폐가전,수거함 설치,강원도 강릉시 경강로 2380 ,삼성디지털프라자,무상
9263,삼성디지털프라자 공주신관점,중소폐가전,수거함 설치,충청남도 공주시 번영1로 145 ,삼성디지털프라자,무상
9264,삼성디지털프라자 관저점,중소폐가전,수거함 설치,대전광역시 유성구 계백로 953 ,삼성디지털프라자,무상
9265,삼성디지털프라자 광천점,중소폐가전,수거함 설치,광주광역시 서구 죽봉대로 22번길 6 ,삼성디지털프라자,무상
9266,삼성디지털프라자 논산점,중소폐가전,수거함 설치,충청남도 논산시 논산대로 330 ,삼성디지털프라자,무상
9267,삼성디지털프라자 단계점,중소폐가전,수거함 설치,강원도 원주시 북원로 2384 ,삼성디지털프라자,무상
9268,삼성디지털프라자 당진본점,중소폐가전,수거함 설치,충청남도 당진시 동부로 200 ,삼성디지털프라자,무상
9269,삼성디지털프라자 대전본점,중소폐가전,수거함 설치,대전광역시 서구 대덕대로 254 ,삼성디지털프라자,무상
9270,삼성디지털프라자 동대전본점,중소폐가전,수거함 설치,대전광역시 대덕구 동서대로 1751 ,삼성디지털프라자,무상
9271,삼성디지털프라자 백제점,중소폐가전,수거함 설치,충남 공주시 웅진로 231 ,삼성디지털프라자,무상
9272,삼성디지털프라자 부사점,중소폐가전,수거함 설치,대전광역시 중구 대종로 282 ,삼성디지털프라자,무상
9273,삼성디지털프라자 북대전점,중소폐가전,수거함 설치,대전광역시 유성구 테크노중앙로 39 ,삼성디지털프라자,무상
9274,삼성디지털프라자 세종본점,중소폐가전,수거함 설치,세종특별자치시 갈매로 58 ,삼성디지털프라자,무상
9275,삼성디지털프라자 송탄점,중소폐가전,수거함 설치,경기 평택시 경기대로 1228 ,삼성디지털프라자,무상
9276,삼성디지털프라자 원성점,중소폐가전,수거함 설치,충남 천안시 동남구 충절로 164 ,삼성디지털프라자,무상
9277,삼성디지털프라자 원주본점,중소폐가전,수거함 설치,강원도 원주시 무실밤골길 29 ,삼성디지털프라자,무상
9278,삼성디지털프라자 유성점,중소폐가전,수거함 설치,대전광역시 유성구 계룡로 111 ,삼성디지털프라자,무상
9279,삼성디지털프라자 율량본점,중소폐가전,수거함 설치,충청북도 청주시 청원구 공항로 229 ,삼성디지털프라자,무상
9280,삼성디지털프라자 이천증포본점,중소폐가전,수거함 설치,경기도 이천시 증신로 130 ,삼성디지털프라자,무상
9281,삼성디지털프라자 장흥점,중소폐가전,수거함 설치,전남 장흥군 장흥읍 부동로 14 ,삼성디지털프라자,무상
9282,삼성디지털프라자 춘천점,중소폐가전,수거함 설치,강원도 춘천시 경춘로 2333 ,삼성디지털프라자,무상
9283,삼성디지털프라자 충주본점,중소폐가전,수거함 설치,충청북도 충주시 금봉대로 182 ,삼성디지털프라자,무상
9284,삼성디지털프라자 평택본점,중소폐가전,수거함 설치,경기도 안성시 공도읍 서동대로 3864 ,삼성디지털프라자,무상
9285,삼성디지털프라자 평택세교본점,중소폐가전,수거함 설치,경기도 평택시 평택로 305 ,삼성디지털프라자,무상
9286,삼성디지털프라자 가야점,중소폐가전,수거함 설치,부산광역시 부산진구 가야대로 582 ,삼성디지털프라자,무상
9287,삼성디지털프라자 강릉옥천점,중소폐가전,수거함 설치,강원도 강릉시 율곡로 2849 ,삼성디지털프라자,무상
9288,삼성디지털프라자 광산본점,중소폐가전,수거함 설치,광주 광산구 사암로 327 ,삼성디지털프라자,무상
9289,삼성디지털프라자 광안점,중소폐가전,수거함 설치,부산광역시 수영구 수영로 469 ,삼성디지털프라자,무상
9290,삼성디지털프라자 광양점,중소폐가전,수거함 설치,전남 광양시 백운로 1025 ,삼성디지털프라자,무상
9291,삼성디지털프라자 구미본점,중소폐가전,수거함 설치,경상북도 구미시 구미대로 244 ,삼성디지털프라자,무상
9292,삼성디지털프라자 금정점,중소폐가전,수거함 설치,부산광역시 금정구 중앙대로 1715 ,삼성디지털프라자,무상
9293,삼성디지털프라자 나주점,중소폐가전,수거함 설치,전라남도 나주시 영산로 5390 ,삼성디지털프라자,무상
9294,삼성디지털프라자 남광주점,중소폐가전,수거함 설치,광주광역시 남구 대남대로 161 ,삼성디지털프라자,무상
9295,삼성디지털프라자 남대구본점,중소폐가전,수거함 설치,대구광역시 달서구 구마로 259 ,삼성디지털프라자,무상
9296,삼성디지털프라자 남순천점,중소폐가전,수거함 설치,전라남도 순천시 팔마로 207 ,삼성디지털프라자,무상
9297,삼성디지털프라자 남원점,중소폐가전,수거함 설치,전라북도 남원시 충정로 108 ,삼성디지털프라자,무상
9298,삼성디지털프라자 남전주점,중소폐가전,수거함 설치,전북 전주시 완산구 백제대로 58 ,삼성디지털프라자,무상
9299,삼성디지털프라자 남포점,중소폐가전,수거함 설치,부산광역시 중구 구덕로 33 ,삼성디지털프라자,무상
9300,삼성디지털프라자 단구점,중소폐가전,수거함 설치,강원도 원주시 서원대로 446 ,삼성디지털프라자,무상
9301,삼성디지털프라자 대연점,중소폐가전,수거함 설치,부산광역시 남구 수영로 186 ,삼성디지털프라자,무상
9302,삼성디지털프라자 도계점,중소폐가전,수거함 설치,경상남도 창원시 의창구 우곡로 2 ,삼성디지털프라자,무상
9303,삼성디지털프라자 동광주본점,중소폐가전,수거함 설치,광주광역시 북구 동문대로 176 ,삼성디지털프라자,무상
9304,삼성디지털프라자 동대구본점,중소폐가전,수거함 설치,대구광역시 수성구 동대구로 110 ,삼성디지털프라자,무상
9305,삼성디지털프라자 동래본점,중소폐가전,수거함 설치,부산 동래구 중앙대로 1271 ,삼성디지털프라자,무상
9306,삼성디지털프라자 동울산점,중소폐가전,수거함 설치,울산광역시 동구 방어진순환도로 665 ,삼성디지털프라자,무상
9307,삼성디지털프라자 마곡본점,중소폐가전,수거함 설치,서울시 강서구 공항대로 73 ,삼성디지털프라자,무상
9308,삼성디지털프라자 마산본점,중소폐가전,수거함 설치,경상남도 창원시 마산회원구 3·15대로 673 ,삼성디지털프라자,무상
9309,삼성디지털프라자 목포점,중소폐가전,수거함 설치,전라남도 목포시 백년대로 284 ,삼성디지털프라자,무상
9310,삼성디지털프라자 밀양점,중소폐가전,수거함 설치,경상남도 밀양시 백민로 68 ,삼성디지털프라자,무상
9311,삼성디지털프라자 부산본점,중소폐가전,수거함 설치,부산 부산진구 신천대로 246 ,삼성디지털프라자,무상
9312,삼성디지털프라자 북울산본점,중소폐가전,수거함 설치,울산광역시 북구 진장유통로 65 ,삼성디지털프라자,무상
9313,삼성디지털프라자 북전주점,중소폐가전,수거함 설치,전북 전주시 덕진구 과학로 21 ,삼성디지털프라자,무상
9314,삼성디지털프라자 북포항본점,중소폐가전,수거함 설치,경상북도 포항시 북구 소티재로 56 ,삼성디지털프라자,무상
9315,삼성디지털프라자 사상본점,중소폐가전,수거함 설치,부산 사상구 광장로 35 ,삼성디지털프라자,무상
9316,삼성디지털프라자 사하본점,중소폐가전,수거함 설치,부산광역시 사하구 낙동대로 439 ,삼성디지털프라자,무상
9317,삼성디지털프라자 삼성대치본점,중소폐가전,수거함 설치,서울 강남구 영동대로 237 ,삼성디지털프라자,무상
9318,삼성디지털프라자 삼천점,중소폐가전,수거함 설치,전라북도 전주시 완산구 백제대로 58 ,삼성디지털프라자,무상
9319,삼성디지털프라자 삼천포점,중소폐가전,수거함 설치,경상남도 사천시 중앙로 151 ,삼성디지털프라자,무상
9320,삼성디지털프라자 상무본점,중소폐가전,수거함 설치,광주광역시 서구 상무대로 732 ,삼성디지털프라자,무상
9321,삼성디지털프라자 상인역점,중소폐가전,수거함 설치,대구 달서구 월배로 227 ,삼성디지털프라자,무상
9322,삼성디지털프라자 상주점,중소폐가전,수거함 설치,경상북도 상주시 상서문2길 110 ,삼성디지털프라자,무상
9323,삼성디지털프라자 서경주점,중소폐가전,수거함 설치,경상북도 경주시 금성로 249 ,삼성디지털프라자,무상
9324,삼성디지털프라자 서귀포본점,중소폐가전,수거함 설치,제주특별자치도 서귀포시 일주서로 17 ,삼성디지털프라자,무상
9325,삼성디지털프라자 서대구본점,중소폐가전,수거함 설치,대구광역시 달서구 달구벌대로 1652 ,삼성디지털프라자,무상
9326,삼성디지털프라자 서산본점,중소폐가전,수거함 설치,충청남도 서산시 고운로 6-6 ,삼성디지털프라자,무상
9327,삼성디지털프라자 서울산본점,중소폐가전,수거함 설치,울산광역시 남구 울밀로 2884 ,삼성디지털프라자,무상
9328,삼성디지털프라자 석사점,중소폐가전,수거함 설치,강원도 춘천시 후석로 17 ,삼성디지털프라자,무상
9329,삼성디지털프라자 성서본점,중소폐가전,수거함 설치,대구광역시 달서구 달구벌대로 1351 ,삼성디지털프라자,무상
9330,삼성디지털프라자 센텀점,중소폐가전,수거함 설치,부산광역시 해운대구 해운대로 201 ,삼성디지털프라자,무상
9331,삼성디지털프라자 속초점,중소폐가전,수거함 설치,강원 속초시 동해대로 4141 ,삼성디지털프라자,무상
9332,삼성디지털프라자 송천점,중소폐가전,수거함 설치,전라북도 전주시 덕진구 송천중앙로 192 ,삼성디지털프라자,무상
9333,삼성디지털프라자 수송점,중소폐가전,수거함 설치,전라북도 군산시 월명로 194 ,삼성디지털프라자,무상
9334,삼성디지털프라자 수완점,중소폐가전,수거함 설치,광주광역시 광산구 장신로 158 ,삼성디지털프라자,무상
9335,삼성디지털프라자 순천본점,중소폐가전,수거함 설치,전라남도 순천시 봉화로 279 ,삼성디지털프라자,무상
9336,삼성디지털프라자 양산본점,중소폐가전,수거함 설치,경상남도 양산시 물금읍 범구1길 29 ,삼성디지털프라자,무상
9337,삼성디지털프라자 여수본점,중소폐가전,수거함 설치,전라남도 여수시 좌수영로 348 ,삼성디지털프라자,무상
9338,삼성디지털프라자 여천점,중소폐가전,수거함 설치,전라남도 여수시 시청로 57 ,삼성디지털프라자,무상
9339,삼성디지털프라자 연제점,중소폐가전,수거함 설치,부산광역시 연제구 중앙대로 1024 ,삼성디지털프라자,무상
9340,삼성디지털프라자 영천점,중소폐가전,수거함 설치,경상북도 영천시 완산로 69 ,삼성디지털프라자,무상
9341,삼성디지털프라자 용인기흥본점,중소폐가전,수거함 설치,경기도 용인시 기흥구 신고매로 59 ,삼성디지털프라자,무상
9342,삼성디지털프라자 익산본점,중소폐가전,수거함 설치,전라북도 익산시 무왕로 951-6 ,삼성디지털프라자,무상
9343,삼성디지털프라자 장림점,중소폐가전,수거함 설치,부산 사하구 을숙도대로 679 ,삼성디지털프라자,무상
9344,삼성디지털프라자 장유점,중소폐가전,수거함 설치,경상남도 김해시 삼문로 16 ,삼성디지털프라자,무상
9345,삼성디지털프라자 정읍점,중소폐가전,수거함 설치,전북 정읍시 서부산업도로 333 ,삼성디지털프라자,무상
9346,삼성디지털프라자 제주인화본점,중소폐가전,수거함 설치,제주특별자치도 제주시 연삼로 633 ,삼성디지털프라자,무상
9347,삼성디지털프라자 제주점,중소폐가전,수거함 설치,제주특별자치도 제주시 도령로 119 ,삼성디지털프라자,무상
9348,삼성디지털프라자 중대전본점,중소폐가전,수거함 설치,대전광역시 중구 계백로 1679 ,삼성디지털프라자,무상
9349,삼성디지털프라자 진주성점,중소폐가전,수거함 설치,경상남도 진주시 남강로 639 ,삼성디지털프라자,무상
9350,삼성디지털프라자 진해점,중소폐가전,수거함 설치,경상남도 창원시 진해구 진해대로 915 ,삼성디지털프라자,무상
9351,삼성디지털프라자 창원본점,중소폐가전,수거함 설치,경상남도 창원시 성산구 용지로 112 ,삼성디지털프라자,무상
9352,삼성디지털프라자 천안점,중소폐가전,수거함 설치,충청남도 천안시 서북구 서부대로 354 ,삼성디지털프라자,무상
9353,삼성디지털프라자 첨단점,중소폐가전,수거함 설치,광주광역시 광산구 임방울대로 828 ,삼성디지털프라자,무상
9354,삼성디지털프라자 청주본점,중소폐가전,수거함 설치,충북 청주시 서원구 1순환로 1066 ,삼성디지털프라자,무상
9355,삼성디지털프라자 통영점,중소폐가전,수거함 설치,경상남도 통영시 무전대로 55 ,삼성디지털프라자,무상
9356,삼성디지털프라자 포항본점,중소폐가전,수거함 설치,경상북도 포항시 남구 포스코대로 439 ,삼성디지털프라자,무상
9357,삼성디지털프라자 하남미사본점,중소폐가전,수거함 설치,경기도 하남시 미사대로 442 ,삼성디지털프라자,무상
9358,삼성디지털프라자 해운대본점,중소폐가전,수거함 설치,부산광역시 해운대구 좌동로53번길 41 ,삼성디지털프라자,무상
9359,삼성디지털프라자 효목점,중소폐가전,수거함 설치,대구광역시 동구 화랑로 171 ,삼성디지털프라자,무상
9360,LG베스트샵 마산본점,중소폐가전,수거함 설치,경상남도 창원시 마산회원구 3·15대로 625 ,LG베스트샵,무상
9361,LG베스트샵 창원역점,중소폐가전,수거함 설치,경상남도 창원시 의창구 창원대로 1 ,LG베스트샵,무상
9362,LG베스트샵 충렬사점,중소폐가전,수거함 설치,부산광역시 동래구 충렬대로350번길 2 ,LG베스트샵,무상
9363,LG베스트샵 통영점,중소폐가전,수거함 설치,경상남도 통영시 중앙로 328 ,LG베스트샵,무상
9364,LG베스트샵 하단점,중소폐가전,수거함 설치,부산광역시 사하구 낙동대로 427 ,LG베스트샵,무상
9365,LG베스트샵 합포점,중소폐가전,수거함 설치,경상남도 창원시 마산합포구 해안대로 234 ,LG베스트샵,무상
9366,LG베스트샵 화명점,중소폐가전,수거함 설치,부산광역시 북구 금곡대로 260 ,LG베스트샵,무상
9367,삼성디지털프라자 간석점,중소폐가전,수거함 설치,인천광역시 부평구 경원대로 1005 ,삼성디지털프라자,무상
9368,삼성디지털프라자 강남본점,중소폐가전,수거함 설치,서울 강남구 도산대로 336 ,삼성디지털프라자,무상
9369,삼성디지털프라자 강동점,중소폐가전,수거함 설치,서울특별시 강동구 천호대로 1117 ,삼성디지털프라자,무상
9370,삼성디지털프라자 강서본점,중소폐가전,수거함 설치,서울특별시 강서구 공항대로 571 ,삼성디지털프라자,무상
9371,삼성디지털프라자 개봉점,중소폐가전,수거함 설치,서울특별시 구로구 경인로 368 ,삼성디지털프라자,무상
9372,삼성디지털프라자 계양본점,중소폐가전,수거함 설치,인천광역시 계양구 계양대로 58 ,삼성디지털프라자,무상
9373,삼성디지털프라자 공릉점,중소폐가전,수거함 설치,서울특별시 노원구 동일로 1092 ,삼성디지털프라자,무상
9374,삼성디지털프라자 관악봉천점,중소폐가전,수거함 설치,서울특별시 관악구 남부순환로 1719 ,삼성디지털프라자,무상
9375,삼성디지털프라자 광명소하본점,중소폐가전,수거함 설치,경기도 광명시 금하로 454 ,삼성디지털프라자,무상
9376,삼성디지털프라자 광주점,중소폐가전,수거함 설치,경기도 광주시 이배재로 5 ,삼성디지털프라자,무상
9377,삼성디지털프라자 광진점,중소폐가전,수거함 설치,서울특별시 광진구 능동로 252 ,삼성디지털프라자,무상
9378,삼성디지털프라자 구로점,중소폐가전,수거함 설치,서울특별시 구로구 가마산로 267 ,삼성디지털프라자,무상
9379,삼성디지털프라자 구리점,중소폐가전,수거함 설치,경기도 구리시 경춘로 270 ,삼성디지털프라자,무상
9380,삼성디지털프라자 권선본점,중소폐가전,수거함 설치,경기도 수원시 권선구 경수대로 283 ,삼성디지털프라자,무상
9381,삼성디지털프라자 금오본점,중소폐가전,수거함 설치,경기도 의정부시 호국로 1588 ,삼성디지털프라자,무상
9382,삼성디지털프라자 금천점,중소폐가전,수거함 설치,서울특별시 금천구 시흥대로 357 ,삼성디지털프라자,무상
9383,삼성디지털프라자 김포본점,중소폐가전,수거함 설치,경기도 김포시 풍무로 237 ,삼성디지털프라자,무상
9384,삼성디지털프라자 남동점,중소폐가전,수거함 설치,인천시 남동구 인주대로 621 ,삼성디지털프라자,무상
9385,삼성디지털프라자 남인천본점,중소폐가전,수거함 설치,인천광역시 남동구 인주대로 875 ,삼성디지털프라자,무상
9386,삼성디지털프라자 노원본점,중소폐가전,수거함 설치,서울특별시 노원구 동일로 1637 ,삼성디지털프라자,무상
9387,삼성디지털프라자 덕양본점,중소폐가전,수거함 설치,경기 고양시 덕양구 중앙로 472 ,삼성디지털프라자,무상
9388,삼성디지털프라자 도곡점,중소폐가전,수거함 설치,서울특별시 강남구 언주로 201 ,삼성디지털프라자,무상
9389,삼성디지털프라자 도봉쌍문본점,중소폐가전,수거함 설치,서울특별시 도봉구 도봉로 565 ,삼성디지털프라자,무상
9390,삼성디지털프라자 도화점,중소폐가전,수거함 설치,인천광역시 남구 경인로 262 ,삼성디지털프라자,무상
9391,삼성디지털프라자 마포본점,중소폐가전,수거함 설치,서울시 마포구 토정로 299 ,삼성디지털프라자,무상
9392,삼성디지털프라자 만수점,중소폐가전,수거함 설치,인천광역시 남동구 백범로 187 ,삼성디지털프라자,무상
9393,삼성디지털프라자 문정점,중소폐가전,수거함 설치,서울시 송파구 송파대로 155 ,삼성디지털프라자,무상
9394,삼성디지털프라자 미아점,중소폐가전,수거함 설치,서울특별시 강북구 도봉로 120 ,삼성디지털프라자,무상
9395,삼성디지털프라자 방배점,중소폐가전,수거함 설치,서울특별시 서초구 방배로 120 ,삼성디지털프라자,무상
9396,삼성디지털프라자 별내점,중소폐가전,수거함 설치,경기도 남양주시 불암로 105 ,삼성디지털프라자,무상
9397,삼성디지털프라자 부천중동본점,중소폐가전,수거함 설치,경기도 부천시 길주로 254 ,삼성디지털프라자,무상
9398,삼성디지털프라자 부평본점,중소폐가전,수거함 설치,인천시 부평구 길주로 504 ,삼성디지털프라자,무상
9399,삼성디지털프라자 북수원점,중소폐가전,수거함 설치,경기 수원시 장안구 경수대로 791 ,삼성디지털프라자,무상
9400,삼성디지털프라자 분당점,중소폐가전,수거함 설치,경기 성남시 분당구 황새울로311번길 28 ,삼성디지털프라자,무상
9401,삼성디지털프라자 삼선교점,중소폐가전,수거함 설치,서울특별시 성북구 동소문로 47 ,삼성디지털프라자,무상
9402,삼성디지털프라자 삼송점,중소폐가전,수거함 설치,경기도 고양시 고양대로 1984 ,삼성디지털프라자,무상
9403,삼성디지털프라자 상도점,중소폐가전,수거함 설치,서울특별시 동작구 상도로 241 ,삼성디지털프라자,무상
9404,삼성디지털프라자 서일산점,중소폐가전,수거함 설치,경기도 고양시 일산서구 중앙로 1582 ,삼성디지털프라자,무상
9405,삼성디지털프라자 서초본점,중소폐가전,수거함 설치,서울특별시 서초구 서초대로52길 12 ,삼성디지털프라자,무상
9406,삼성디지털프라자 성남본점,중소폐가전,수거함 설치,경기도 성남시 수정구 산성대로 81 ,삼성디지털프라자,무상
9407,삼성디지털프라자 송파점,중소폐가전,수거함 설치,서울특별시 송파구 오금로 218 ,삼성디지털프라자,무상
9408,삼성디지털프라자 수색점,중소폐가전,수거함 설치,서울특별시 은평구 수색로 245 ,삼성디지털프라자,무상
9409,삼성디지털프라자 수지점,중소폐가전,수거함 설치,경기도 용인시 수지구 문정로 9 ,삼성디지털프라자,무상
9410,삼성디지털프라자 시화점,중소폐가전,수거함 설치,경기도 시흥시 평안상가4길 17 ,삼성디지털프라자,무상
9411,삼성디지털프라자 신림점,중소폐가전,수거함 설치,서울특별시 관악구 신림로 386 ,삼성디지털프라자,무상
9412,삼성디지털프라자 신정점,중소폐가전,수거함 설치,서울특별시 양천구 신월로 308 ,삼성디지털프라자,무상
9413,삼성디지털프라자 안산고잔본점,중소폐가전,수거함 설치,경기 안산시 상록구 광덕1로 342 ,삼성디지털프라자,무상
9414,삼성디지털프라자 안양본점,중소폐가전,수거함 설치,경기도 안양시 동안구 시민대로 203 ,삼성디지털프라자,무상
9415,삼성디지털프라자 연수송도본점,중소폐가전,수거함 설치,인천 연수구 경원대로 294 ,삼성디지털프라자,무상
9416,삼성디지털프라자 영등포본점,중소폐가전,수거함 설치,서울특별시 영등포구 신길로33길 18 ,삼성디지털프라자,무상
9417,삼성디지털프라자 영통본점,중소폐가전,수거함 설치,경기도 수원시 영통구 덕영대로 1477 ,삼성디지털프라자,무상
9418,삼성디지털프라자 왕십리점,중소폐가전,수거함 설치,서울특별시 성동구 고산자로 217 ,삼성디지털프라자,무상
9419,삼성디지털프라자 용산점,중소폐가전,수거함 설치,서울특별시 용산구 한강대로 314 ,삼성디지털프라자,무상
9420,삼성디지털프라자 운정점,중소폐가전,수거함 설치,경기도 파주시 미래로 304 ,삼성디지털프라자,무상
9421,삼성디지털프라자 은평불광본점,중소폐가전,수거함 설치,서울특별시 은평구 통일로 760 ,삼성디지털프라자,무상
9422,삼성디지털프라자 의왕점,중소폐가전,수거함 설치,경기도 의왕시 경수대로 377 ,삼성디지털프라자,무상
9423,삼성디지털프라자 의정부본점,중소폐가전,수거함 설치,경기도 의정부시 평화로 456 ,삼성디지털프라자,무상
9424,삼성디지털프라자 인천논현점,중소폐가전,수거함 설치,인천광역시 남동구 논고개로 101 ,삼성디지털프라자,무상
9425,삼성디지털프라자 일산본점,중소폐가전,수거함 설치,경기도 고양시 일산동구 중앙로 1219 ,삼성디지털프라자,무상
9426,삼성디지털프라자 장안점,중소폐가전,수거함 설치,경기도 수원시 장안구 장안로 73 ,삼성디지털프라자,무상
9427,삼성디지털프라자 진접점,중소폐가전,수거함 설치,경기도 남양주시 오남읍 진건오남로 952 ,삼성디지털프라자,무상
9428,삼성디지털프라자 평촌점,중소폐가전,수거함 설치,경기도 안양시 동안구 흥안대로 398 ,삼성디지털프라자,무상
9429,삼성디지털프라자 홍대본점,중소폐가전,수거함 설치,서울특별시 마포구 양화로 171 ,삼성디지털프라자,무상
9430,LG베스트샵 가야점,중소폐가전,수거함 설치,부산광역시 부산진구 가야대로 512 ,LG베스트샵,무상
9431,LG베스트샵 거제수월점,중소폐가전,수거함 설치,경상남도 거제시 수양로 493 ,LG베스트샵,무상
9432,LG베스트샵 경화점,중소폐가전,수거함 설치,경상남도 창원시 진해구 충장로 386 ,LG베스트샵,무상
9433,LG베스트샵 광양중마점,중소폐가전,수거함 설치,전라남도 광양시 중마중앙로 20 ,LG베스트샵,무상
9434,LG베스트샵 괴정점,중소폐가전,수거함 설치,부산광역시 사하구 낙동대로 220 ,LG베스트샵,무상
9435,LG베스트샵 구미본점,중소폐가전,수거함 설치,경상북도 구미시 구미대로 200 ,LG베스트샵,무상
9436,LG베스트샵 금정점,중소폐가전,수거함 설치,부산광역시 금정구 무학송로 93 ,LG베스트샵,무상
9437,LG베스트샵 김천점,중소폐가전,수거함 설치,경상북도 김천시 시청로 59 ,LG베스트샵,무상
9438,LG베스트샵 김해내동점,중소폐가전,수거함 설치,경상남도 김해시 구지로 30 ,LG베스트샵,무상
9439,LG베스트샵 김해본점,중소폐가전,수거함 설치,경상남도 김해시 김해대로 2294 ,LG베스트샵,무상
9440,LG베스트샵 내서점,중소폐가전,수거함 설치,경상남도 창원시 마산회원구 내서읍 함마대로 2798 ,LG베스트샵,무상
9441,LG베스트샵 노서점,중소폐가전,수거함 설치,경상북도 경주시 금성로 253 ,LG베스트샵,무상
9442,LG베스트샵 달서본점,중소폐가전,수거함 설치,대구광역시 달서구 월배로 37 ,LG베스트샵,무상
9443,LG베스트샵 대연점,중소폐가전,수거함 설치,부산광역시 남구 수영로 178 ,LG베스트샵,무상
9444,LG베스트샵 덕계점,중소폐가전,수거함 설치,경상남도 양산시 웅상대로 832 ,LG베스트샵,무상
9445,LG베스트샵 덕천점,중소폐가전,수거함 설치,부산광역시 북구 만덕대로 53 ,LG베스트샵,무상
9446,LG베스트샵 동대전본점,중소폐가전,수거함 설치,대전광역시 동구 한밭대로 1269 ,LG베스트샵,무상
9447,LG베스트샵 동래본점,중소폐가전,수거함 설치,부산광역시 동래구 중앙대로 1375 ,LG베스트샵,무상
9448,LG베스트샵 동울산점,중소폐가전,수거함 설치,울산광역시 동구 방어진순환도로 670 ,LG베스트샵,무상
9449,LG베스트샵 명곡점,중소폐가전,수거함 설치,경상남도 창원시 의창구 원이대로285번길 2 ,LG베스트샵,무상
9450,LG베스트샵 범어점,중소폐가전,수거함 설치,대구광역시 수성구 달구벌대로 2495 ,LG베스트샵,무상
9451,LG베스트샵 부산교대역점,중소폐가전,수거함 설치,부산광역시 연제구 중앙대로 1242 ,LG베스트샵,무상
9452,LG베스트샵 부산본점,중소폐가전,수거함 설치,부산광역시 부산진구 새싹로 71 ,LG베스트샵,무상
9453,LG베스트샵 부산역점,중소폐가전,수거함 설치,부산광역시 동구 중앙대로 182 ,LG베스트샵,무상
9454,LG베스트샵 북울산본점,중소폐가전,수거함 설치,울산광역시 북구 염포로 168 ,LG베스트샵,무상
9455,LG베스트샵 사상본점,중소폐가전,수거함 설치,부산광역시 사상구 사상로 201 ,LG베스트샵,무상
9456,LG베스트샵 사천점,중소폐가전,수거함 설치,경상남도 사천시 사천읍 옥산로 9 ,LG베스트샵,무상
9457,LG베스트샵 삼천포점,중소폐가전,수거함 설치,경상남도 사천시 중앙로 123 ,LG베스트샵,무상
9458,LG베스트샵 상남본점,중소폐가전,수거함 설치,경상남도 창원시 성산구 중앙대로100번길 13 ,LG베스트샵,무상
9459,LG베스트샵 서귀포점,중소폐가전,수거함 설치,제주특별자치도 서귀포시 일주동로 8612 ,LG베스트샵,무상
9460,LG베스트샵 서대구본점,중소폐가전,수거함 설치,대구광역시 달서구 달구벌대로 1646 ,LG베스트샵,무상
9461,LG베스트샵 센텀점,중소폐가전,수거함 설치,부산광역시 해운대구 해운대로 203 ,LG베스트샵,무상
9462,LG베스트샵 송현점,중소폐가전,수거함 설치,대구광역시 달서구 구마로 256 ,LG베스트샵,무상
9463,LG베스트샵 양산본점,중소폐가전,수거함 설치,경상남도 양산시 물금읍 범구로 45 ,LG베스트샵,무상
9464,LG베스트샵 양산북정점,중소폐가전,수거함 설치,경상남도 양산시 양산대로 915 ,LG베스트샵,무상
9465,LG베스트샵 언양점,중소폐가전,수거함 설치,울산광역시 울주군 삼남읍 중평로 65 ,LG베스트샵,무상
9466,LG베스트샵 영도점,중소폐가전,수거함 설치,부산광역시 영도구 대교로 16 ,LG베스트샵,무상
9467,LG베스트샵 용봉점,중소폐가전,수거함 설치,광주광역시 북구 설죽로 242 ,LG베스트샵,무상
9468,LG베스트샵 용원점,중소폐가전,수거함 설치,경상남도 창원시 진해구 용원로 39 ,LG베스트샵,무상
9469,LG베스트샵 우현점,중소폐가전,수거함 설치,경상북도 포항시 북구 중앙로 438 ,LG베스트샵,무상
9470,LG베스트샵 울산달동점,중소폐가전,수거함 설치,울산광역시 남구 삼산로 154 ,LG베스트샵,무상
9471,LG베스트샵 울산본점,중소폐가전,수거함 설치,울산광역시 남구 화합로 166 ,LG베스트샵,무상
9472,LG베스트샵 울산중구점,중소폐가전,수거함 설치,울산광역시 중구 번영로 483 ,LG베스트샵,무상
9473,LG베스트샵 원대점,중소폐가전,수거함 설치,전라북도 익산시 무왕로 945 ,LG베스트샵,무상
9474,LG베스트샵 유성온천점,중소폐가전,수거함 설치,대전광역시 유성구 대학로 2 ,LG베스트샵,무상
9475,LG베스트샵 율하점,중소폐가전,수거함 설치,대구광역시 동구 안심로 55 ,LG베스트샵,무상
9476,LG베스트샵 익산어양점,중소폐가전,수거함 설치,전라북도 익산시 하나로 418 ,LG베스트샵,무상
9477,LG베스트샵 인동점,중소폐가전,수거함 설치,경상북도 구미시 인동남길 24 ,LG베스트샵,무상
9478,LG베스트샵 인후점,중소폐가전,수거함 설치,전라북도 전주시 덕진구 건산로 188 ,LG베스트샵,무상
9479,LG베스트샵 장림점,중소폐가전,수거함 설치,부산광역시 사하구 을숙도대로 675 ,LG베스트샵,무상
9480,LG베스트샵 전주송천본점,중소폐가전,수거함 설치,전라북도 전주시 덕진구 송천중앙로 252 ,LG베스트샵,무상
9481,LG베스트샵 정관점,중소폐가전,수거함 설치,부산광역시 기장군 정관읍 정관8로 28 ,LG베스트샵,무상
9482,LG베스트샵 정읍점,중소폐가전,수거함 설치,전라북도 정읍시 서부산업도로 328 ,LG베스트샵,무상
9483,LG베스트샵 제주본점,중소폐가전,수거함 설치,제주특별자치도 제주시 도령로 36 ,LG베스트샵,무상
9484,LG베스트샵 제주삼도점,중소폐가전,수거함 설치,제주특별자치도 제주시 서사로 29 ,LG베스트샵,무상
9485,LG베스트샵 제주이도점,중소폐가전,수거함 설치,제주특별자치도 제주시 연삼로 419 ,LG베스트샵,무상
9486,LG베스트샵 조례본점,중소폐가전,수거함 설치,전라남도 순천시 백강로 296 ,LG베스트샵,무상
9487,LG베스트샵 진영점,중소폐가전,수거함 설치,경상남도 김해시 진영읍 김해대로 338 ,LG베스트샵,무상
9488,LG베스트샵 진월점,중소폐가전,수거함 설치,광주광역시 남구 서문대로 718 ,LG베스트샵,무상
9489,LG베스트샵 진주성점,중소폐가전,수거함 설치,경상남도 진주시 진양호로 484 ,LG베스트샵,무상
9490,LG베스트샵 진주시청점,중소폐가전,수거함 설치,경상남도 진주시 동진로 230 ,LG베스트샵,무상
9491,LG베스트샵 첨단점,중소폐가전,수거함 설치,광주광역시 북구 앰코로 2 ,LG베스트샵,무상
9492,LG베스트샵 칠곡본점,중소폐가전,수거함 설치,대구광역시 북구 칠곡중앙대로 365 ,LG베스트샵,무상
9493,LG베스트샵 침산점,중소폐가전,수거함 설치,대구광역시 북구 침산로 76 ,LG베스트샵,무상
9494,LG베스트샵 판암점,중소폐가전,수거함 설치,대전광역시 동구 옥천로 122 ,LG베스트샵,무상
9495,LG베스트샵 포항본점,중소폐가전,수거함 설치,경상북도 포항시 남구 포스코대로 433 ,LG베스트샵,무상
9496,LG베스트샵 하당점,중소폐가전,수거함 설치,전남 목포시 삼향천로 2 ,LG베스트샵,무상
9497,LG베스트샵 해남점,중소폐가전,수거함 설치,전라남도 해남군 해남읍 남부순환로 163 ,LG베스트샵,무상
9498,LG베스트샵 해운대점,중소폐가전,수거함 설치,부산광역시 해운대구 해운대로767번길 7 ,LG베스트샵,무상
9499,LG베스트샵 호계점,중소폐가전,수거함 설치,울산광역시 북구 신답로 23 ,LG베스트샵,무상
9500,LG베스트샵 황금본점,중소폐가전,수거함 설치,대구광역시 수성구 동대구로 112 ,LG베스트샵,무상
9501,LG베스트샵 황성점,중소폐가전,수거함 설치,경상북도 경주시 원화로 525 ,LG베스트샵,무상
9502,LG베스트샵 3호 광장점,중소폐가전,수거함 설치,전라남도 목포시 용당로 207 ,LG베스트샵,무상
9503,LG베스트샵 계양본점,중소폐가전,수거함 설치,인천광역시 계양구 계양대로 52 ,LG베스트샵,무상
9504,LG베스트샵 고잔점,중소폐가전,수거함 설치,경기도 안산시 단원구 광덕1로 171 ,LG베스트샵,무상
9505,LG베스트샵 공주점,중소폐가전,수거함 설치,충청남도 공주시 번영1로 36 ,LG베스트샵,무상
9506,LG베스트샵 관저점,중소폐가전,수거함 설치,대전광역시 서구 계백로 896 ,LG베스트샵,무상
9507,LG베스트샵 광교점,중소폐가전,수거함 설치,경기도 용인시 기흥구 중부대로 1-1 ,LG베스트샵,무상
9508,LG베스트샵 광산본점,중소폐가전,수거함 설치,광주광역시 광산구 목련로 101 ,LG베스트샵,무상
9509,LG베스트샵 군산경암점,중소폐가전,수거함 설치,전라북도 군산시 조촌로 177 ,LG베스트샵,무상
9510,LG베스트샵 군산본점,중소폐가전,수거함 설치,전라북도 군산시 월명로 212 ,LG베스트샵,무상
9511,LG베스트샵 나주점,중소폐가전,수거함 설치,전라남도 나주시 영산로 5414 ,LG베스트샵,무상
9512,LG베스트샵 남광주점,중소폐가전,수거함 설치,광주광역시 남구 대남대로 109 ,LG베스트샵,무상
9513,LG베스트샵 남수원본점,중소폐가전,수거함 설치,경기도 수원시 권선구 경수대로 271 ,LG베스트샵,무상
9514,LG베스트샵 남원점,중소폐가전,수거함 설치,전라북도 남원시 의총로 99 ,LG베스트샵,무상
9515,LG베스트샵 남평택본점,중소폐가전,수거함 설치,경기도 안성시 공도읍 진건중길 5 ,LG베스트샵,무상
9516,LG베스트샵 논산점,중소폐가전,수거함 설치,충청남도 논산시 중앙로 388 ,LG베스트샵,무상
9517,LG베스트샵 당진점,중소폐가전,수거함 설치,충청남도 당진시 당진중앙1로 195 ,LG베스트샵,무상
9518,LG베스트샵 덕양본점,중소폐가전,수거함 설치,경기도 고양시 덕양구 화중로 48 ,LG베스트샵,무상
9519,LG베스트샵 덕연점,중소폐가전,수거함 설치,전라남도 순천시 팔마로 197-6 ,LG베스트샵,무상
9520,LG베스트샵 덕진점,중소폐가전,수거함 설치,전라북도 전주시 덕진구 기린대로 576 ,LG베스트샵,무상
9521,LG베스트샵 동광주점,중소폐가전,수거함 설치,광주광역시 북구 동문대로 144 ,LG베스트샵,무상
9522,LG베스트샵 동탄본점,중소폐가전,수거함 설치,경기도 화성시 동탄대로 557-9 ,LG베스트샵,무상
9523,LG베스트샵 둔산점,중소폐가전,수거함 설치,대전광역시 서구 문예로 3 ,LG베스트샵,무상
9524,LG베스트샵 둔산중앙본점,중소폐가전,수거함 설치,대전광역시 서구 대덕대로 232 ,LG베스트샵,무상
9525,LG베스트샵 목포상동본점,중소폐가전,수거함 설치,전남 목포시 백년대로 282 ,LG베스트샵,무상
9526,LG베스트샵 발안점,중소폐가전,수거함 설치,경기도 화성시 향남읍 삼천병마로 295 ,LG베스트샵,무상
9527,LG베스트샵 병점점,중소폐가전,수거함 설치,경기도 화성시 효행로 963 ,LG베스트샵,무상
9528,LG베스트샵 봉담점,중소폐가전,수거함 설치,경기도 화성시 봉담읍 효행로 295 ,LG베스트샵,무상
9529,LG베스트샵 북천안본점,중소폐가전,수거함 설치,충청남도 천안시 서북구 동서대로 141 ,LG베스트샵,무상
9530,LG베스트샵 비산점,중소폐가전,수거함 설치,경기도 안양시 동안구 관악대로 236 ,LG베스트샵,무상
9531,LG베스트샵 산본점,중소폐가전,수거함 설치,경기도 군포시 산본천로 56 ,LG베스트샵,무상
9532,LG베스트샵 삼송점,중소폐가전,수거함 설치,경기도 고양시 덕양구 고양대로 1982 ,LG베스트샵,무상
9533,LG베스트샵 상록수점,중소폐가전,수거함 설치,경기도 안산시 상록구 용신로 364 ,LG베스트샵,무상
9534,LG베스트샵 서광주본점,중소폐가전,수거함 설치,광주광역시 서구 상무대로 886 ,LG베스트샵,무상
9535,LG베스트샵 서대전점,중소폐가전,수거함 설치,대전광역시 중구 서문로 133 ,LG베스트샵,무상
9536,LG베스트샵 서산예천점,중소폐가전,수거함 설치,충청남도 서산시 남부순환로 1045 ,LG베스트샵,무상
9537,LG베스트샵 서안산본점,중소폐가전,수거함 설치,경기도 안산시 단원구 선부광장로 33 ,LG베스트샵,무상
9538,LG베스트샵 서전주점,중소폐가전,수거함 설치,전라북도 전주시 완산구 용머리로 10 ,LG베스트샵,무상
9539,LG베스트샵 세종본점,중소폐가전,수거함 설치,세종특별자치시 한누리대로 306 ,LG베스트샵,무상
9540,LG베스트샵 세종시청점,중소폐가전,수거함 설치,세종특별자치시 한누리대로 2275 ,LG베스트샵,무상
9541,LG베스트샵 송도본점,중소폐가전,수거함 설치,인천광역시 연수구 하모니로178번길 22 ,LG베스트샵,무상
9542,LG베스트샵 송탄점,중소폐가전,수거함 설치,경기도 평택시 경기대로 1251 ,LG베스트샵,무상
9543,LG베스트샵 수완점,중소폐가전,수거함 설치,광주광역시 광산구 장신로147번길 6-12 ,LG베스트샵,무상
9544,LG베스트샵 수원본점,중소폐가전,수거함 설치,경기도 수원시 팔달구 인계동 1127 ,LG베스트샵,무상
9545,LG베스트샵 수지점,중소폐가전,수거함 설치,경기도 용인시 수지구 수지로 125 ,LG베스트샵,무상
9546,LG베스트샵 시화점,중소폐가전,수거함 설치,경기도 시흥시 정왕대로 230 ,LG베스트샵,무상
9547,LG베스트샵 신동탄점,중소폐가전,수거함 설치,경기도 화성시 노작로 207 ,LG베스트샵,무상
9548,LG베스트샵 아산본점,중소폐가전,수거함 설치,충청남도 아산시 온천대로 1660 ,LG베스트샵,무상
9549,LG베스트샵 안성점,중소폐가전,수거함 설치,경기도 안성시 중앙로 254 ,LG베스트샵,무상
9550,LG베스트샵 안양점,중소폐가전,수거함 설치,경기도 안양시 만안구 안양로 242 ,LG베스트샵,무상
9551,LG베스트샵 여수미평점,중소폐가전,수거함 설치,전라남도 여수시 좌수영로 341 ,LG베스트샵,무상
9552,LG베스트샵 여수시청점,중소폐가전,수거함 설치,전라남도 여수시 시청로 7 ,LG베스트샵,무상
9553,LG베스트샵 영통점,중소폐가전,수거함 설치,경기도 수원시 영통구 덕영대로 1513 ,LG베스트샵,무상
9554,LG베스트샵 예산터미널점,중소폐가전,수거함 설치,충청남도 예산군 예산읍 산성리 192-1 ,LG베스트샵,무상
9555,LG베스트샵 오산본점,중소폐가전,수거함 설치,경기도 오산시 원동로 30-4 ,LG베스트샵,무상
9556,LG베스트샵 오정점,중소폐가전,수거함 설치,경기도 부천시 소사로 693 ,LG베스트샵,무상
9557,LG베스트샵 용인시청점,중소폐가전,수거함 설치,경기도 용인시 처인구 중부대로 1289 ,LG베스트샵,무상
9558,LG베스트샵 운정점,중소폐가전,수거함 설치,경기도 파주시 미래로 319 ,LG베스트샵,무상
9559,LG베스트샵 은계점,중소폐가전,수거함 설치,경기도 시흥시 은행고길 2 ,LG베스트샵,무상
9560,LG베스트샵 의왕점,중소폐가전,수거함 설치,경기도 의왕시 경수대로391번길 1 ,LG베스트샵,무상
9561,LG베스트샵 인천본점,중소폐가전,수거함 설치,인천광역시 미추홀구 인주대로 482 ,LG베스트샵,무상
9562,LG베스트샵 일산본점,중소폐가전,수거함 설치,경기도 고양시 일산동구 중앙로 1312 ,LG베스트샵,무상
9563,LG베스트샵 전주본점,중소폐가전,수거함 설치,전라북도 전주시 완산구 백제대로 450 ,LG베스트샵,무상
9564,LG베스트샵 정자사거리점,중소폐가전,수거함 설치,경기도 수원시 장안구 장안로 72 ,LG베스트샵,무상
9565,LG베스트샵 죽전본점,중소폐가전,수거함 설치,경기도 용인시 수지구 용구대로 2768 ,LG베스트샵,무상
9566,LG베스트샵 중동점,중소폐가전,수거함 설치,경기도 부천시 길주로 285 ,LG베스트샵,무상
9567,LG베스트샵 청라점,중소폐가전,수거함 설치,인천광역시 서구 국제대로 237 ,LG베스트샵,무상
9568,LG베스트샵 평촌본점,중소폐가전,수거함 설치,경기도 안양시 동안구 흥안대로 427 ,LG베스트샵,무상
9569,LG베스트샵 평택본점,중소폐가전,수거함 설치,경기도 평택시 평택로 311 ,LG베스트샵,무상
9570,LG베스트샵 풍무점,중소폐가전,수거함 설치,경기도 김포시 김포대로 733 ,LG베스트샵,무상
9571,LG베스트샵 행신점,중소폐가전,수거함 설치,경기도 고양시 덕양구 충장로 126 ,LG베스트샵,무상
9572,LG베스트샵 가좌석남점,중소폐가전,수거함 설치,인천광역시 서구 가정로 185 ,LG베스트샵,무상
9573,LG베스트샵 간석점,중소폐가전,수거함 설치,인천광역시 부평구 경원대로 1009 ,LG베스트샵,무상
9574,LG베스트샵 강릉본점,중소폐가전,수거함 설치,강원도 강릉시 경강로 2368 ,LG베스트샵,무상
9575,LG베스트샵 강릉옥천점,중소폐가전,수거함 설치,강원도 강릉시 율곡로 2853 ,LG베스트샵,무상
9576,LG베스트샵 강북본점,중소폐가전,수거함 설치,서울 강북구 도봉로 109 ,LG베스트샵,무상
9577,LG베스트샵 강화점,중소폐가전,수거함 설치,인천광역시 강화군 강화읍 강화대로 284 ,LG베스트샵,무상
9578,LG베스트샵 건대입구점,중소폐가전,수거함 설치,서울특별시 광진구 아차산로 302 ,LG베스트샵,무상
9579,LG베스트샵 검단점,중소폐가전,수거함 설치,인천광역시 서구 서곶로 798 ,LG베스트샵,무상
9580,LG베스트샵 계산점,중소폐가전,수거함 설치,인천광역시 계양구 계산새로 61 ,LG베스트샵,무상
9581,LG베스트샵 광진본점,중소폐가전,수거함 설치,서울특별시 광진구 천호대로 567 ,LG베스트샵,무상
9582,LG베스트샵 구리역점,중소폐가전,수거함 설치,경기 구리시 경춘로 254 ,LG베스트샵,무상
9583,LG베스트샵 금오본점,중소폐가전,수거함 설치,경기도 의정부시 호국로1519번길 2-5 ,LG베스트샵,무상
9584,LG베스트샵 김포한강점,중소폐가전,수거함 설치,경기도 김포시 김포한강4로 507 ,LG베스트샵,무상
9585,LG베스트샵 남동구청점,중소폐가전,수거함 설치,인천광역시 남동구 소래로 668 ,LG베스트샵,무상
9586,LG베스트샵 남청주본점,중소폐가전,수거함 설치,충청북도 청주시 서원구 1순환로 1138 ,LG베스트샵,무상
9587,LG베스트샵 노원본점,중소폐가전,수거함 설치,서울 노원구 동일로 1105-2 ,LG베스트샵,무상
9588,LG베스트샵 단계점,중소폐가전,수거함 설치,강원도 원주시 북원로 2376 ,LG베스트샵,무상
9589,LG베스트샵 단구점,중소폐가전,수거함 설치,강원도 원주시 서원대로 416 ,LG베스트샵,무상
9590,LG베스트샵 대화점,중소폐가전,수거함 설치,경기도 고양시 일산서구 중앙로 1547 ,LG베스트샵,무상
9591,LG베스트샵 도화점,중소폐가전,수거함 설치,인천광역시 미추홀구 주안로 8 ,LG베스트샵,무상
9592,LG베스트샵 동교점,중소폐가전,수거함 설치,서울 마포구 신촌로 6 ,LG베스트샵,무상
9593,LG베스트샵 동두천점,중소폐가전,수거함 설치,경기 동두천시 평화로 2345 ,LG베스트샵,무상
9594,LG베스트샵 동해점,중소폐가전,수거함 설치,강원도 동해시 중앙로 222 ,LG베스트샵,무상
9595,LG베스트샵 무실점,중소폐가전,수거함 설치,강원도 원주시 능라동길 49 ,LG베스트샵,무상
9596,LG베스트샵 문경점,중소폐가전,수거함 설치,경상북도 문경시 당교로 256 ,LG베스트샵,무상
9597,LG베스트샵 미사본점,중소폐가전,수거함 설치,경기도 하남시 미사대로 446 ,LG베스트샵,무상
9598,LG베스트샵 미아사거리점,중소폐가전,수거함 설치,서울 성북구 동소문로 324 ,LG베스트샵,무상
9599,LG베스트샵 백석점,중소폐가전,수거함 설치,경기도 고양시 일산동구 중앙로 1074 ,LG베스트샵,무상
9600,LG베스트샵 별내점,중소폐가전,수거함 설치,경기 남양주시 순화궁로 337 ,LG베스트샵,무상
9601,LG베스트샵 봉천점,중소폐가전,수거함 설치,서울특별시 관악구 양녕로 6 ,LG베스트샵,무상
9602,LG베스트샵 부평구청점,중소폐가전,수거함 설치,인천광역시 부평구 길주로 520 ,LG베스트샵,무상
9603,LG베스트샵 분당본점,중소폐가전,수거함 설치,경기 성남시 분당구 서현로 170 ,LG베스트샵,무상
9604,LG베스트샵 불광본점,중소폐가전,수거함 설치,서울특별시 은평구 불광로 41 ,LG베스트샵,무상
9605,LG베스트샵 산남점,중소폐가전,수거함 설치,충청북도 청주시 서원구 산남로 3 ,LG베스트샵,무상
9606,LG베스트샵 삼척점,중소폐가전,수거함 설치,강원도 삼척시 중앙로 266 ,LG베스트샵,무상
9607,LG베스트샵 상계점,중소폐가전,수거함 설치,서울 노원구 동일로 1597 ,LG베스트샵,무상
9608,LG베스트샵 상도점,중소폐가전,수거함 설치,서울특별시 동작구 상도로 254 ,LG베스트샵,무상
9609,LG베스트샵 상주점,중소폐가전,수거함 설치,경상북도 상주시 동수2길 8 ,LG베스트샵,무상
9610,LG베스트샵 서울양평점,중소폐가전,수거함 설치,서울 영등포구 선유로 173 ,LG베스트샵,무상
9611,LG베스트샵 서청주점,중소폐가전,수거함 설치,충청북도 청주시 흥덕구 2순환로 1073 ,LG베스트샵,무상
9612,LG베스트샵 서초본점,중소폐가전,수거함 설치,서울특별시 서초구 반포대로 33 ,LG베스트샵,무상
9613,LG베스트샵 석사점,중소폐가전,수거함 설치,강원도 춘천시 영서로 2099 ,LG베스트샵,무상
9614,LG베스트샵 성남시청점,중소폐가전,수거함 설치,경기 성남시 중원구 성남대로 993 ,LG베스트샵,무상
9615,LG베스트샵 소하본점,중소폐가전,수거함 설치,경기 광명시 오리로 514 ,LG베스트샵,무상
9616,LG베스트샵 속초점,중소폐가전,수거함 설치,강원도 속초시 동해대로 4109 ,LG베스트샵,무상
9617,LG베스트샵 송우점,중소폐가전,수거함 설치,경기 포천시 소흘읍 호국로 556 ,LG베스트샵,무상
9618,LG베스트샵 송파점,중소폐가전,수거함 설치,서울특별시 송파구 송파대로 476 ,LG베스트샵,무상
9619,LG베스트샵 쌍문본점,중소폐가전,수거함 설치,서울시 도봉구 도봉로 555 ,LG베스트샵,무상
9620,LG베스트샵 안동본점,중소폐가전,수거함 설치,경상북도 안동시 경북대로 396 ,LG베스트샵,무상
9621,LG베스트샵 양주점,중소폐가전,수거함 설치,경기도 양주시 평화로 1497 ,LG베스트샵,무상
9622,LG베스트샵 양천본점,중소폐가전,수거함 설치,서울특별시 양천구 신월로 328 ,LG베스트샵,무상
9623,LG베스트샵 역촌점,중소폐가전,수거함 설치,서울특별시 은평구 연서로 143 ,LG베스트샵,무상
9624,LG베스트샵 염리점,중소폐가전,수거함 설치,서울 마포구 백범로 130 ,LG베스트샵,무상
9625,LG베스트샵 영주점,중소폐가전,수거함 설치,경상북도 영주시 가흥로 297 ,LG베스트샵,무상
9626,LG베스트샵 용두점,중소폐가전,수거함 설치,서울 동대문구 고산자로 402 ,LG베스트샵,무상
9627,LG베스트샵 용암점,중소폐가전,수거함 설치,충청북도 청주시 상당구 중고개로 155 ,LG베스트샵,무상
9628,LG베스트샵 율량점,중소폐가전,수거함 설치,충청북도 청주시 청원구 사천로17번길 37 ,LG베스트샵,무상
9629,LG베스트샵 은평점,중소폐가전,수거함 설치,서울특별시 은평구 은평로 153 ,LG베스트샵,무상
9630,LG베스트샵 의정부점,중소폐가전,수거함 설치,경기도 의정부시 평화로 453 ,LG베스트샵,무상
9631,LG베스트샵 이수역점,중소폐가전,수거함 설치,서울시 동작구 동작대로 89 ,LG베스트샵,무상
9632,LG베스트샵 이천본점,중소폐가전,수거함 설치,경기도 이천시 이섭대천로 1430 ,LG베스트샵,무상
9633,LG베스트샵 제천청전점,중소폐가전,수거함 설치,충청북도 제천시 의림대로 251 ,LG베스트샵,무상
9634,LG베스트샵 중랑점,중소폐가전,수거함 설치,서울특별시 중랑구 망우로 436 ,LG베스트샵,무상
9635,LG베스트샵 진접오남점,중소폐가전,수거함 설치,경기 남양주시 오남읍 진건오남로 968 ,LG베스트샵,무상
9636,LG베스트샵 진천중앙점,중소폐가전,수거함 설치,충청북도 진천군 진천읍 문화로 200-21 ,LG베스트샵,무상
9637,LG베스트샵 창전점,중소폐가전,수거함 설치,경기도 이천시 경충대로 2574 ,LG베스트샵,무상
9638,LG베스트샵 춘천퇴계점,중소폐가전,수거함 설치,강원도 춘천시 춘천로 18 ,LG베스트샵,무상
9639,LG베스트샵 충주본점,중소폐가전,수거함 설치,충청북도 충주시 탄금대로 139 ,LG베스트샵,무상
9640,LG베스트샵 평내점,중소폐가전,수거함 설치,경기도 남양주시 경춘로 1329 ,LG베스트샵,무상
9641,LG베스트샵 강동본점,중소폐가전,수거함 설치,서울특별시 강동구 양재대로 1449 ,LG베스트샵,무상
9642,LG베스트샵 강서본점,중소폐가전,수거함 설치,서울특별시 강서구 공항대로 431 ,LG베스트샵,무상
9643,LG베스트샵 거여점,중소폐가전,수거함 설치,서울특별시 송파구 오금로 507 ,LG베스트샵,무상
9644,LG베스트샵 관악점,중소폐가전,수거함 설치,서울 관악구 봉천로 210 ,LG베스트샵,무상
9645,LG베스트샵 구로본점,중소폐가전,수거함 설치,서울 구로구 경인로 405 ,LG베스트샵,무상
9646,LG베스트샵 금천본점,중소폐가전,수거함 설치,서울 금천구 시흥대로 398 ,LG베스트샵,무상
9647,LG베스트샵 대치본점,중소폐가전,수거함 설치,서울 강남구 영동대로 202 ,LG베스트샵,무상
9648,LG베스트샵 모란역점,중소폐가전,수거함 설치,경기 성남시 중원구 둔촌대로 100 ,LG베스트샵,무상
9649,LG베스트샵 목동점,중소폐가전,수거함 설치,서울특별시 양천구 오목로 332 ,LG베스트샵,무상
9650,LG베스트샵 문래점,중소폐가전,수거함 설치,서울 영등포구 당산로 37 ,LG베스트샵,무상
9651,LG베스트샵 미금점,중소폐가전,수거함 설치,경기도 성남시 분당구 성남대로 151 ,LG베스트샵,무상
9652,LG베스트샵 반포점,중소폐가전,수거함 설치,서울 서초구 신반포로 165 ,LG베스트샵,무상
9653,LG베스트샵 강남본점,중소폐가전,수거함 설치,서울시 강남구 청담동 86-1 ,LG베스트샵,무상
9654,KT플라자 화정점,폐휴대폰,수거함 설치,울산광역시 동구 대학길 49 ,KT대리점,무상
9655,KT플라자 구영로점,폐휴대폰,수거함 설치,울산광역시 울주군 범서읍 구영로 94 엠프라자 ,KT대리점,무상
9656,KT플라자 단구점,폐휴대폰,수거함 설치,강원도 원주시 서원대로 392 ,KT대리점,무상
9657,KT플라자 광산점,폐휴대폰,수거함 설치,광주광역시 광산구 임방울대로 342 ,KT대리점,무상
9658,KT플라자 광주점,폐휴대폰,수거함 설치,광주광역시 동구 충장로 94-3 ,KT대리점,무상
9659,KT플라자 광주중앙점,폐휴대폰,수거함 설치,광주광역시 동구 중앙로 168 ,KT대리점,무상
9660,KT플라자 금호점,폐휴대폰,수거함 설치,광주광역시 서구 금화로 90 동해빌딩 ,KT대리점,무상
9661,KT플라자 나운점,폐휴대폰,수거함 설치,전라북도 군산시 대학로 269 ,KT대리점,무상
9662,KT플라자 남악점,폐휴대폰,수거함 설치,전라남도 무안군 삼향읍 대죽서로15번길 38 ,KT대리점,무상
9663,KT플라자 노형드림점,폐휴대폰,수거함 설치,제주특별자치도 제주시 도령로 7 ,KT대리점,무상
9664,KT플라자 노형점,폐휴대폰,수거함 설치,제주특별자치도 제주시 월랑로 40 ,KT대리점,무상
9665,KT플라자 목포상동점,폐휴대폰,수거함 설치,전라남도 목포시 비파로 60 ,KT대리점,무상
9666,KT플라자 목포역점,폐휴대폰,수거함 설치,전라남도 목포시 영산로 95 ,KT대리점,무상
9667,KT플라자 봉선중앙점,폐휴대폰,수거함 설치,광주광역시 남구 봉선로 158 남양빌딩 ,KT대리점,무상
9668,KT플라자 상무점,폐휴대폰,수거함 설치,광주광역시 서구 상무중앙로 71 ,KT대리점,무상
9669,KT플라자 수송점,폐휴대폰,수거함 설치,전라북도 군산시 월명로 252 ,KT대리점,무상
9670,KT플라자 신대점,폐휴대폰,수거함 설치,전라남도 순천시 신대로 116 ,KT대리점,무상
9671,KT플라자 여수충무점,폐휴대폰,수거함 설치,전라남도 여수시 중앙로 35 ,KT대리점,무상
9672,KT플라자 연동점,폐휴대폰,수거함 설치,제주특별자치도 제주시 노연로 110 ,KT대리점,무상
9673,KT플라자 연향점,폐휴대폰,수거함 설치,전라남도 순천시 연향3로 27 ,KT대리점,무상
9674,KT플라자 영등점,폐휴대폰,수거함 설치,전라북도 익산시 무왕로 1038 ,KT대리점,무상
9675,KT플라자 용해점,폐휴대폰,수거함 설치,전라남도 목포시 포미로 16 ,KT대리점,무상
9676,KT플라자 인후점,폐휴대폰,수거함 설치,전라북도 전주시 덕진구 안덕원로 258-1 ,KT대리점,무상
9677,KT플라자 전북대점,폐휴대폰,수거함 설치,전라북도 전주시 덕진구 명륜4길 11 ,KT대리점,무상
9678,KT플라자 전주혁신점,폐휴대폰,수거함 설치,전라북도 전주시 덕진구 기지로 77 대방디엠시티 ,KT대리점,무상
9679,KT플라자 제주중앙점,폐휴대폰,수거함 설치,제주특별자치도 제주시 중앙로 70 ,KT대리점,무상
9680,KT플라자 조례점,폐휴대폰,수거함 설치,전라남도 순천시 신월큰길 1-4 ,KT대리점,무상
9681,KT플라자 평화점,폐휴대폰,수거함 설치,전라북도 전주시 완산구 모악로 4760 ,KT대리점,무상
9682,KT플라자 가경점,폐휴대폰,수거함 설치,충청북도 청주시 흥덕구 풍산로 6 ,KT대리점,무상
9683,KT플라자 가오점,폐휴대폰,수거함 설치,대전광역시 동구 동구청로 95 ,KT대리점,무상
9684,KT플라자 감삼점,폐휴대폰,수거함 설치,대구광역시 달서구 달구벌대로 1666 ,KT대리점,무상
9685,KT플라자 경주중앙점,폐휴대폰,수거함 설치,경상북도 경주시 화랑로 118 ,KT대리점,무상
9686,KT플라자 경주황성점,폐휴대폰,수거함 설치,경상북도 경주시 황성로 21 ,KT대리점,무상
9687,KT플라자 고현점,폐휴대폰,수거함 설치,경상남도 거제시 거제중앙로 1891 ,KT대리점,무상
9688,KT플라자 공주대점,폐휴대폰,수거함 설치,충청남도 공주시 공주대학로 98 ,KT대리점,무상
9689,KT플라자 관저점,폐휴대폰,수거함 설치,대전광역시 서구 관저중로 84 ,KT대리점,무상
9690,KT플라자 관저중로점,폐휴대폰,수거함 설치,대전광역시 서구 관저중로 98 ,KT대리점,무상
9691,KT플라자 관평점,폐휴대폰,수거함 설치,대전광역시 유성구 테크노중앙로 40 ,KT대리점,무상
9692,KT플라자 구미역점,폐휴대폰,수거함 설치,경상북도 구미시 구미중앙로 79-1 ,KT대리점,무상
9693,KT플라자 구미옥계점,폐휴대폰,수거함 설치,경상북도 구미시 옥계북로 21 ,KT대리점,무상
9694,KT플라자 구미인동점,폐휴대폰,수거함 설치,경상북도 구미시 인동가산로 33 ,KT대리점,무상
9695,KT플라자 구미진평점,폐휴대폰,수거함 설치,경상북도 구미시 인동36길 20 ,KT대리점,무상
9696,KT플라자 김천역점,폐휴대폰,수거함 설치,경상북도 김천시 김천로 108 ,KT대리점,무상
9697,KT플라자 김천중앙점,폐휴대폰,수거함 설치,경상북도 김천시 시청로 65 ,KT대리점,무상
9698,KT플라자 노은점,폐휴대폰,수거함 설치,대전광역시 유성구 은구비남로33번길 5 ,KT대리점,무상
9699,KT플라자 당진중앙점,폐휴대폰,수거함 설치,충청남도 당진시 당진중앙2로 103-8 진원스타타워 ,KT대리점,무상
9700,KT플라자 대구은행역점,폐휴대폰,수거함 설치,대구광역시 수성구 달구벌대로 2280 ,KT대리점,무상
9701,KT플라자 대실역점,폐휴대폰,수거함 설치,대구광역시 달성군 다사읍 달구벌대로 877 엠비프라자 ,KT대리점,무상
9702,KT플라자 대천점,폐휴대폰,수거함 설치,충청남도 보령시 상설시장길 29 ,KT대리점,무상
9703,KT플라자 대천중앙로점,폐휴대폰,수거함 설치,충청남도 보령시 중앙로 101 ,KT대리점,무상
9704,KT플라자 동광양점,폐휴대폰,수거함 설치,전라남도 광양시 광장로 142 ,KT대리점,무상
9705,KT플라자 동구청점,폐휴대폰,수거함 설치,대구광역시 동구 아양로 199 ,KT대리점,무상
9706,KT플라자 동성로점,폐휴대폰,수거함 설치,대구광역시 중구 동성로 2 ,KT대리점,무상
9707,KT플라자 동천점,폐휴대폰,수거함 설치,대구광역시 북구 학정로 415 ,KT대리점,무상
9708,KT플라자 두호점,폐휴대폰,수거함 설치,경상북도 포항시 북구 두호로 26 ,KT대리점,무상
9709,KT플라자 둔산타임월드점,폐휴대폰,수거함 설치,대전광역시 서구 대덕대로 223 ,KT대리점,무상
9710,KT플라자 문정로점,폐휴대폰,수거함 설치,대전광역시 서구 문정로 96 ,KT대리점,무상
9711,KT플라자 문화점,폐휴대폰,수거함 설치,대전광역시 중구 계백로 1686번길 16 ,KT대리점,무상
9712,KT플라자 불당점,폐휴대폰,수거함 설치,충청남도 천안시 서북구 불당21로 71 정석프라자 ,KT대리점,무상
9713,KT플라자 산격점,폐휴대폰,수거함 설치,대구광역시 북구 동북로 172 ,KT대리점,무상
9714,KT플라자 삼계점,폐휴대폰,수거함 설치,경상남도 창원시 마산회원구 내서읍 삼계로 7 ,KT대리점,무상
9715,KT플라자 상남점,폐휴대폰,수거함 설치,경상남도 창원시 성산구 마디미로 22번길 12 노블레스상가 ,KT대리점,무상
9716,KT플라자 상인롯데점,폐휴대폰,수거함 설치,대구광역시 달서구 상인서로 94 ,KT대리점,무상
9717,KT플라자 서산동부시장점,폐휴대폰,수거함 설치,충청남도 서산시 시장1로 15 ,KT대리점,무상
9718,KT플라자 서산중앙점,폐휴대폰,수거함 설치,충청남도 서산시 시장6로 32 ,KT대리점,무상
9719,KT플라자 성서계명대점,폐휴대폰,수거함 설치,대구광역시 달서구 계대동문로 6-1 ,KT대리점,무상
9720,KT플라자 세종중앙점,폐휴대폰,수거함 설치,세종특별자치시 보듬3로 95 ,KT대리점,무상
9721,KT플라자 세종첫마을점,폐휴대폰,수거함 설치,세종특별자치시 한누리대로 201 ,KT대리점,무상
9722,KT플라자 송촌점,폐휴대폰,수거함 설치,대전광역시 대덕구 계족산로81번길 60 에스파스빌딩 ,KT대리점,무상
9723,KT플라자 순천점,폐휴대폰,수거함 설치,전라남도 순천시 연향중앙상가길 9 ,KT대리점,무상
9724,KT플라자 순천중앙로점,폐휴대폰,수거함 설치,전라남도 순천시 중앙6길 11 ,KT대리점,무상
9725,KT플라자 시네마점,폐휴대폰,수거함 설치,경상북도 포항시 북구 중앙상가길 18-1 ,KT대리점,무상
9726,KT플라자 시지점,폐휴대폰,수거함 설치,대구광역시 수성구 달구벌대로 3205 ,KT대리점,무상
9727,KT플라자 신부점,폐휴대폰,수거함 설치,충청남도 천안시 동남구 충절로 16 ,KT대리점,무상
9728,KT플라자 신월성점,폐휴대폰,수거함 설치,대구광역시 달서구 조암로 24 A동 ,KT대리점,무상
9729,KT플라자 아산터미널점,폐휴대폰,수거함 설치,충청남도 아산시 번영로 224 ,KT대리점,무상
9730,KT플라자 안동옥동점,폐휴대폰,수거함 설치,경상북도 안동시 광명로 171-1 ,KT대리점,무상
9731,KT플라자 안동점,폐휴대폰,수거함 설치,경상북도 안동시 경북대로 391 ,KT대리점,무상
9732,KT플라자 안동중앙점,폐휴대폰,수거함 설치,경상북도 안동시 문화광장길 40 ,KT대리점,무상
9733,KT플라자 안동홈플러스점,폐휴대폰,수거함 설치,경상북도 안동시 경동로 662 ,KT대리점,무상
9734,KT플라자 영남대점,폐휴대폰,수거함 설치,경상북도 경산시 대학로 285 ,KT대리점,무상
9735,KT플라자 온양온천점,폐휴대폰,수거함 설치,충청남도 아산시 충무로 7-1 ,KT대리점,무상
9736,KT플라자 유성점,폐휴대폰,수거함 설치,대전광역시 유성구 대학로 1 ,KT대리점,무상
9737,KT플라자 율하점,폐휴대폰,수거함 설치,대구광역시 동구 안심로 22길 40-5 ,KT대리점,무상
9738,KT플라자 은행점,폐휴대폰,수거함 설치,대전광역시 중구 중앙로164번길 18 ,KT대리점,무상
9739,KT플라자 죽전점,폐휴대폰,수거함 설치,대구광역시 달서구 달구벌대로 1530 301동 ,KT대리점,무상
9740,KT플라자 중문점,폐휴대폰,수거함 설치,충청북도 청주시 서원구 1순환로 666 ,KT대리점,무상
9741,KT플라자 지산점,폐휴대폰,수거함 설치,대구광역시 수성구 지범로 183 ,KT대리점,무상
9742,KT플라자 진주중안점,폐휴대폰,수거함 설치,경상남도 진주시 비봉로34번길 16 ,KT대리점,무상
9743,KT플라자 진주혁신점,폐휴대폰,수거함 설치,경상남도 진주시 충의로 30 SH타워 ,KT대리점,무상
9744,KT플라자 청수점,폐휴대폰,수거함 설치,충청남도 천안시 동남구 청수4로 16 ,KT대리점,무상
9745,KT플라자 청주중앙점,폐휴대폰,수거함 설치,충청북도 청주시 상당로81번길 19 ,KT대리점,무상
9746,KT플라자 충주충인점,폐휴대폰,수거함 설치,충청북도 충주시 중앙로 73 ,KT대리점,무상
9747,KT플라자 칠곡운암점,폐휴대폰,수거함 설치,대구광역시 북구 구암로 135 ,KT대리점,무상
9748,KT플라자 테크노점,폐휴대폰,수거함 설치,대전광역시 유성구 테크노4로 141 테크노크리닉 ,KT대리점,무상
9749,KT플라자 포항효자점,폐휴대폰,수거함 설치,경상북도 포항시 남구 효자동 효성로25 ,KT대리점,무상
9750,KT플라자 학동점,폐휴대폰,수거함 설치,전라남도 여수시 망마로 42 ,KT대리점,무상
9751,KT플라자 황금점,폐휴대폰,수거함 설치,대구광역시 수성구 청수로45길 32 ,KT대리점,무상
9752,KT플라자 반림점,폐휴대폰,수거함 설치,경상남도 창원시 성산구 반송로 144 ,KT대리점,무상
9753,KT플라자 삼산점,폐휴대폰,수거함 설치,울산광역시 남구 삼산로 277 ,KT대리점,무상
9754,KT플라자 용호점,폐휴대폰,수거함 설치,경상남도 창원시 성산구 원이대로 587 정우상가 ,KT대리점,무상
9755,KT플라자 울산대학로점,폐휴대폰,수거함 설치,울산광역시 남구 대학로 96 ,KT대리점,무상
9756,KT플라자 울산성남점,폐휴대폰,수거함 설치,울산광역시 중구 젊음의거리 49 ,KT대리점,무상
9757,KT플라자 전하아이파크점,폐휴대폰,수거함 설치,울산광역시 동구 봉수로 270 ,KT대리점,무상
9758,KT플라자 창원중앙점,폐휴대폰,수거함 설치,경상남도 창원시 성산구 용지로113번길 2 ,KT대리점,무상
9759,KT플라자 구서역점,폐휴대폰,수거함 설치,부산광역시 금정구 구서로 10 ,KT대리점,무상
9760,KT플라자 김해삼계점,폐휴대폰,수거함 설치,경상남도 김해시 삼계중앙로 31 ,KT대리점,무상
9761,KT플라자 김해외동점,폐휴대폰,수거함 설치,경상남도 김해시 함박로 102 ,KT대리점,무상
9762,KT플라자 대연점,폐휴대폰,수거함 설치,부산광역시 남구 수영로 200-1 ,KT대리점,무상
9763,KT플라자 반여점,폐휴대폰,수거함 설치,부산광역시 해운대구 재반로 199 ,KT대리점,무상
9764,KT플라자 양산남부시장점,폐휴대폰,수거함 설치,경상남도 양산시 중앙로 144 ,KT대리점,무상
9765,KT플라자 양산이마트점,폐휴대폰,수거함 설치,경상남도 양산시 양산역1길 14 ,KT대리점,무상
9766,KT플라자 양정점,폐휴대폰,수거함 설치,부산광역시 부산진구 중앙대로 897 ,KT대리점,무상
9767,KT플라자 정관로점,폐휴대폰,수거함 설치,부산광역시 기장군 정관면 정관로 560 ,KT대리점,무상
9768,KT플라자 해운대역점,폐휴대폰,수거함 설치,부산광역시 해운대구 해운대로 601 에이치스위트 ,KT대리점,무상
9769,KT플라자 해운대장산역점,폐휴대폰,수거함 설치,부산광역시 해운대구 해운대로 814 ,KT대리점,무상
9770,KT플라자 호계점,폐휴대폰,수거함 설치,울산광역시 북구 호계로 280 ,KT대리점,무상
9771,KT플라자 화명대로점,폐휴대폰,수거함 설치,부산광역시 북구 화명대로 34 ,KT대리점,무상
9772,KT플라자 화명역점,폐휴대폰,수거함 설치,부산광역시 북구 금곡대로285번길 19 ,KT대리점,무상
9773,KT플라자 가좌점,폐휴대폰,수거함 설치,인천광역시 서구 가좌동 건지로 402 ,KT대리점,무상
9774,KT플라자 광교상현역점,폐휴대폰,수거함 설치,경기도 용인시 수지구 광교중앙로 311 희성빌딩 ,KT대리점,무상
9775,KT플라자 광명점,폐휴대폰,수거함 설치,경기도 광명시 광명로 898 ,KT대리점,무상
9776,KT플라자 광복로점,폐휴대폰,수거함 설치,부산광역시 중구 광복로 67 ,KT대리점,무상
9777,KT플라자 구래점,폐휴대폰,수거함 설치,경기도 김포시 김포한강9로 95 센터프라자 ,KT대리점,무상
9778,KT플라자 구로디지털점,폐휴대폰,수거함 설치,서울특별시 구로구 디지털로34길 55 ,KT대리점,무상
9779,KT플라자 구로지밸리점,폐휴대폰,수거함 설치,서울특별시 구로구 디지털로 288 대륭포스트타워1차 ,KT대리점,무상
9780,KT플라자 구월점,폐휴대폰,수거함 설치,인천광역시 남동구 인하로489번길 28 ,KT대리점,무상
9781,KT플라자 김량장점,폐휴대폰,수거함 설치,경기도 용인시 처인구 금령로 96 ,KT대리점,무상
9782,KT플라자 낙성대점,폐휴대폰,수거함 설치,서울특별시 관악구 남부순환로 1909 ,KT대리점,무상
9783,KT플라자 난곡점,폐휴대폰,수거함 설치,서울특별시 관악구 법원단지길 12 ,KT대리점,무상
9784,KT플라자 노량진점,폐휴대폰,수거함 설치,서울특별시 동작구 노량진로 162 ,KT대리점,무상
9785,KT플라자 동대신점,폐휴대폰,수거함 설치,부산광역시 서구 구덕로 320 ,KT대리점,무상
9786,KT플라자 동백점,폐휴대폰,수거함 설치,경기도 용인시 기흥구 동백중앙로 175 ,KT대리점,무상
9787,KT플라자 동탄나루마을점,폐휴대폰,수거함 설치,경기도 화성시 동탄솔빛로 68 계림개발 ,KT대리점,무상
9788,KT플라자 동탄센트럴파크점,폐휴대폰,수거함 설치,경기도 화성시 동탄지성로 104 ,KT대리점,무상
9789,KT플라자 동탄역점,폐휴대폰,수거함 설치,경기도 화성시 동탄대로 489 우성KTX타워 ,KT대리점,무상
9790,KT플라자 동탄호수공원점,폐휴대폰,수거함 설치,경기도 화성시 동탄순환대로 127-17 우성메디피아 ,KT대리점,무상
9791,KT플라자 명지국제신도시점,폐휴대폰,수거함 설치,부산광역시 강서구 명지국제8로 246 ,KT대리점,무상
9792,KT플라자 모란점,폐휴대폰,수거함 설치,경기도 성남시 중원구 성남대로 1142 ,KT대리점,무상
9793,KT플라자 모래내점,폐휴대폰,수거함 설치,인천광역시 남동구 구월로 272 파크빌딩 ,KT대리점,무상
9794,KT플라자 범계점,폐휴대폰,수거함 설치,경기도 안양시 동안구 시민대로 161 ,KT대리점,무상
9795,KT플라자 보정점,폐휴대폰,수거함 설치,경기도 용인시 기흥구 죽전로 39 ,KT대리점,무상
9796,KT플라자 본오점,폐휴대폰,수거함 설치,경기도 안산시 상록구 샘골로 120 ,KT대리점,무상
9797,KT플라자 부천남부역점,폐휴대폰,수거함 설치,경기도 부천시 소사구 경인로 236 ,KT대리점,무상
9798,KT플라자 부천상동점,폐휴대폰,수거함 설치,경기도 부천시 원미구 상동로 90 ,KT대리점,무상
9799,KT플라자 부천역점,폐휴대폰,수거함 설치,경기도 부천시 부천로 16 ,KT대리점,무상
9800,KT플라자 부평문화거리점,폐휴대폰,수거함 설치,인천광역시 부평구 부평대로12번길 17 ,KT대리점,무상
9801,KT플라자 사우점,폐휴대폰,수거함 설치,경기도 김포시 사우중로 88 ,KT대리점,무상
9802,KT플라자 산본점,폐휴대폰,수거함 설치,경기도 군포시 산본로323번길 16-14 ,KT대리점,무상
9803,KT플라자 상현점,폐휴대폰,수거함 설치,경기도 용인시 수지구 만현로 102 ,KT대리점,무상
9804,KT플라자 서울대점,폐휴대폰,수거함 설치,서울특별시 관악구 관악로 198 ,KT대리점,무상
9805,KT플라자 서창점,폐휴대폰,수거함 설치,인천광역시 남동구 서창남순환로 223 아페리온 ,KT대리점,무상
9806,KT플라자 서현역점,폐휴대폰,수거함 설치,경기도 성남시 분당구 분당로53번길 21 ,KT대리점,무상
9807,KT플라자 석남역점,폐휴대폰,수거함 설치,인천광역시 가정로 237-1 ,KT대리점,무상
9808,KT플라자 석바위점,폐휴대폰,수거함 설치,인천광역시 미추홀구 경원대로 863 ,KT대리점,무상
9809,KT플라자 송내역점,폐휴대폰,수거함 설치,경기도 부천시 소사구 송내대로 35 ,KT대리점,무상
9810,KT플라자 송도점,폐휴대폰,수거함 설치,인천광역시 연수구 신송로125번길 13 ,KT대리점,무상
9811,KT플라자 수내역점,폐휴대폰,수거함 설치,경기도 성남시 분당구 백현로101번길 16 ,KT대리점,무상
9812,KT플라자 수내푸른마을점,폐휴대폰,수거함 설치,경기도 성남시 분당구 돌마로366번길 42 동한프라자 ,KT대리점,무상
9813,KT플라자 수원매탄점,폐휴대폰,수거함 설치,경기도 수원시 중부대로 259 ,KT대리점,무상
9814,KT플라자 수지구청점,폐휴대폰,수거함 설치,경기도 용인시 수지구 풍덕천로 140 ,KT대리점,무상
9815,KT플라자 수진역점,폐휴대폰,수거함 설치,경기도 성남시 중원구 광명로 120 대연빌딩 ,KT대리점,무상
9816,KT플라자 신림점,폐휴대폰,수거함 설치,서울특별시 관악구 신림로 360-1 ,KT대리점,무상
9817,KT플라자 신영통점,폐휴대폰,수거함 설치,경기도 수원시 영통구 영통로 136 ,KT대리점,무상
9818,KT플라자 안산역점,폐휴대폰,수거함 설치,경기도 안산시 단원구 중앙대로 453 ,KT대리점,무상
9819,KT플라자 안산중앙역점,폐휴대폰,수거함 설치,경기도 안산시 단원구 예술대학로 9 ,KT대리점,무상
9820,KT플라자 안성중앙점,폐휴대폰,수거함 설치,경기도 안성시 중앙로 393 ,KT대리점,무상
9821,KT플라자 안양일번가점,폐휴대폰,수거함 설치,경기도 안양시 만안구 안양로292번길 13 ,KT대리점,무상
9822,KT플라자 역곡점,폐휴대폰,수거함 설치,경기도 부천시 원미구 부일로 749번길 4 ,KT대리점,무상
9823,KT플라자 영통구청점,폐휴대폰,수거함 설치,경기도 수원시 영통구 효원로 397 중앙프라자 ,KT대리점,무상
9824,KT플라자 영통역점,폐휴대폰,수거함 설치,경기도 수원시 영통구 반달로 22 ,KT대리점,무상
9825,KT플라자 오리점,폐휴대폰,수거함 설치,경기도 성남시 분당구 성남대로 34 ,KT대리점,무상
9826,KT플라자 오산중앙점,폐휴대폰,수거함 설치,경기도 오산시 성호대로 93 ,KT대리점,무상
9827,KT플라자 옥련점,폐휴대폰,수거함 설치,인천광역시 연수구 옥련동 462-136 ,KT대리점,무상
9828,KT플라자 용현점,폐휴대폰,수거함 설치,인천광역시 남구 낙섬중로35번길 1 ,KT대리점,무상
9829,KT플라자 우장산역점,폐휴대폰,수거함 설치,서울특별시 강서구 강서로 251 ,KT대리점,무상
9830,KT플라자 운양점,폐휴대폰,수거함 설치,경기도 김포시 운양동 김포한강11로 288-31 에이스프라자 ,KT대리점,무상
9831,KT플라자 원종점,폐휴대폰,수거함 설치,경기도 부천시 소사로 712 ,KT대리점,무상
9832,KT플라자 이수역점,폐휴대폰,수거함 설치,서울특별시 동작구 동작대로 127 ,KT대리점,무상
9833,KT플라자 인계점,폐휴대폰,수거함 설치,경기도 수원시 팔달구 권광로 184 ,KT대리점,무상
9834,KT플라자 인천논현점,폐휴대폰,수거함 설치,인천광역시 남동구 논고개로 87 ,KT대리점,무상
9835,KT플라자 중앙대점,폐휴대폰,수거함 설치,서울특별시 동작구 서달로10길 2 ,KT대리점,무상
9836,KT플라자 철산점,폐휴대폰,수거함 설치,경기도 광명시 철산로 23 대광빌딩 ,KT대리점,무상
9837,KT플라자 청라커낼웨이점,폐휴대폰,수거함 설치,인천광역시 서구 청라라임로 57 영화블렌하임 ,KT대리점,무상
9838,KT플라자 평택역점,폐휴대폰,수거함 설치,경기도 평택시 평택로32번길 2 ,KT대리점,무상
9839,KT플라자 하단역점,폐휴대폰,수거함 설치,부산광역시 사하구 낙동남로 1424 ,KT대리점,무상
9840,KT플라자 하안점,폐휴대폰,수거함 설치,경기도 광명시 하안로 295 ,KT대리점,무상
9841,KT플라자 화서점,폐휴대폰,수거함 설치,경기도 수원시 팔달로 117 ,KT대리점,무상
9842,KT플라자 가로수길점,폐휴대폰,수거함 설치,서울특별시 강남구 도산대로 127 ,KT대리점,무상
9843,KT플라자 가양역점,폐휴대폰,수거함 설치,서울특별시 강서구 양천로 460 ,KT대리점,무상
9844,KT플라자 강남대로점,폐휴대폰,수거함 설치,서울특별시 서초구 서초동 1328-11 대우도시에빛 ,KT대리점,무상
9845,KT플라자 강남역점,폐휴대폰,수거함 설치,서울특별시 강남구 테헤란로 120 ,KT대리점,무상
9846,KT플라자 강동역점,폐휴대폰,수거함 설치,서울특별시 강동구 천호대로1107 ,KT대리점,무상
9847,KT플라자 강릉임당점,폐휴대폰,수거함 설치,강원도 강릉시 경강로 2102 ,KT대리점,무상
9848,KT플라자 과천점,폐휴대폰,수거함 설치,경기도 과천시 중앙로 131(중앙동) 현대빌딩 ,KT대리점,무상
9849,KT플라자 교대역점,폐휴대폰,수거함 설치,서울특별시 서초구 서초대로 286 서초프라자 ,KT대리점,무상
9850,KT플라자 까치산역점,폐휴대폰,수거함 설치,서울특별시 강서구 강서로 47 ,KT대리점,무상
9851,KT플라자 당산점,폐휴대폰,수거함 설치,서울특별시 영등포구 양평로 52 ,KT대리점,무상
9852,KT플라자 대림역점,폐휴대폰,수거함 설치,서울특별시 영등포구 도림로 135 건설스마트빌딩 ,KT대리점,무상
9853,KT플라자 마천사거리점,폐휴대폰,수거함 설치,서울특별시 송파구 마천로 264 ,KT대리점,무상
9854,KT플라자 목동역점,폐휴대폰,수거함 설치,서울특별시 양천구 목동로 201 ,KT대리점,무상
9855,KT플라자 삼전점,폐휴대폰,수거함 설치,서울특별시 송파구 백제고분로 204 ,KT대리점,무상
9856,KT플라자 석사점,폐휴대폰,수거함 설치,강원도 춘천시 지석로 85 ,KT대리점,무상
9857,KT플라자 선릉사거리점,폐휴대폰,수거함 설치,서울 강남구 선릉로 515 동인빌딩 ,KT대리점,무상
9858,KT플라자 선릉점,폐휴대폰,수거함 설치,서울특별시 강남구 선릉로 424 ,KT대리점,무상
9859,KT플라자 성내점,폐휴대폰,수거함 설치,서울특별시 강동구 양재대로 1339 ,KT대리점,무상
9860,KT플라자 신길뉴타운점,폐휴대폰,수거함 설치,서울특별시 영등포구 신길로 28길 9 ,KT대리점,무상
9861,KT플라자 신길점,폐휴대폰,수거함 설치,서울특별시 영등포구 도신로60길 2 ,KT대리점,무상
9862,KT플라자 신논현점,폐휴대폰,수거함 설치,서울특별시 서초구 강남대로 495 ,KT대리점,무상
9863,KT플라자 신정네거리역점,폐휴대폰,수거함 설치,서울특별시 양천구 중앙로 274 ,KT대리점,무상
9864,KT플라자 신천역점,폐휴대폰,수거함 설치,서울특별시 송파구 올림픽로 124 ,KT대리점,무상
9865,KT플라자 양재시민의숲점,폐휴대폰,수거함 설치,서울특별시 서초구 마방로2길 94 ,KT대리점,무상
9866,KT플라자 여의도역점,폐휴대폰,수거함 설치,서울특별시 영등포구 국제금융로2길 37 ,KT대리점,무상
9867,KT플라자 역삼점,폐휴대폰,수거함 설치,서울특별시 강남구 테헤란로 139-1 ,KT대리점,무상
9868,KT플라자 영등포구청역점,폐휴대폰,수거함 설치,서울특별시 영등포구 당산로 132 ,KT대리점,무상
9869,KT플라자 오목교점,폐휴대폰,수거함 설치,서울특별시 양천구 목동동로 293 ,KT대리점,무상
9870,KT플라자 원주단계점,폐휴대폰,수거함 설치,강원도 원주시 서원대로 161 ,KT대리점,무상
9871,KT플라자 천호점,폐휴대폰,수거함 설치,서울특별시 강동구 올림픽로 660 ,KT대리점,무상
9872,KT플라자 하남신장점,폐휴대폰,수거함 설치,경기도 하남시 신평로 53 ,KT대리점,무상
9873,KT플라자 홍천중앙점,폐휴대폰,수거함 설치,강원도 홍천군 홍천읍 신장대로 74 ,KT대리점,무상
9874,KT플라자 화곡역점,폐휴대폰,수거함 설치,서울특별시 강서구 화곡로 164 ,KT대리점,무상
9875,KT플라자 후평점,폐휴대폰,수거함 설치,강원도 춘천시 후석로 309 ,KT대리점,무상
9876,KT플라자 건대점,폐휴대폰,수거함 설치,서울특별시 광진구 능동로 109 ,KT대리점,무상
9877,KT플라자 광화문역점,폐휴대폰,수거함 설치,서울특별시 종로구 새문안로9길 29 ,KT대리점,무상
9878,KT플라자 구리리맥스점,폐휴대폰,수거함 설치,경기도 구리시 경춘로 239 리맥스빌딩 ,KT대리점,무상
9879,KT플라자 구의역점,폐휴대폰,수거함 설치,서울특별시 광진구 아차산로 401 ,KT대리점,무상
9880,KT플라자 도농로점,폐휴대폰,수거함 설치,경기도 남양주시 도농로 29 부영프라자 ,KT대리점,무상
9881,KT플라자 면목역점,폐휴대폰,수거함 설치,서울특별시 중랑구 면목로 422 ,KT대리점,무상
9882,KT플라자 상봉역점,폐휴대폰,수거함 설치,서울특별시 중랑구 망우로 306 ,KT대리점,무상
9883,KT플라자 서울역점,폐휴대폰,수거함 설치,서울특별시 중구 세종대로 15 ,KT대리점,무상
9884,KT플라자 성대미디어점,폐휴대폰,수거함 설치,서울특별시 종로구 대명길 46 ,KT대리점,무상
9885,KT플라자 성신여대역점,폐휴대폰,수거함 설치,서울특별시 성북구 동소문로 116 ,KT대리점,무상
9886,KT플라자 신당점,폐휴대폰,수거함 설치,서울특별시 중구 퇴계로 434 ,KT대리점,무상
9887,KT플라자 신용산역점,폐휴대폰,수거함 설치,서울특별시 용산구 한강대로95 래미안용산더센트럴 ,KT대리점,무상
9888,KT플라자 신촌역점,폐휴대폰,수거함 설치,서울특별시 마포구 백범로 3 ,KT대리점,무상
9889,KT플라자 옥정신도시점,폐휴대폰,수거함 설치,경기도 양주시 회천남로 92 ,KT대리점,무상
9890,KT플라자 원주무실점,폐휴대폰,수거함 설치,강원도 원주시 시청로 96 ,KT대리점,무상
9891,KT플라자 을지로점,폐휴대폰,수거함 설치,서울특별시 중구 명동7길 25 ,KT대리점,무상
9892,KT플라자 의정부로데오점,폐휴대폰,수거함 설치,경기도 의정부시 행복로 31 ,KT대리점,무상
9893,KT플라자 의정부역점,폐휴대폰,수거함 설치,경기도 의정부시 시민로 121 ,KT대리점,무상
9894,KT플라자 전농점,폐휴대폰,수거함 설치,서울특별시 사가정로 122 ,KT대리점,무상
9895,KT플라자 정릉점,폐휴대폰,수거함 설치,서울특별시 성북구 보국문로 43 ,KT대리점,무상
9896,KT플라자 가좌역점,폐휴대폰,수거함 설치,서울특별시 서대문구 수색로 32 ,KT대리점,무상
9897,KT플라자 공릉시장점,폐휴대폰,수거함 설치,서울특별시 노원구 동일로 1028 ,KT대리점,무상
9898,KT플라자 구파발점,폐휴대폰,수거함 설치,서울특별시 은평구 진관2로 19 휴먼프라자 ,KT대리점,무상
9899,KT플라자 금릉역점,폐휴대폰,수거함 설치,경기도 파주시 금빛로 24-17 월드프라자 ,KT대리점,무상
9900,KT플라자 노원역점,폐휴대폰,수거함 설치,서울특별시 노원구 동일로 1382 올림피아빌딩 ,KT대리점,무상
9901,KT플라자 마두역점,폐휴대폰,수거함 설치,경기도 고양시 일산동구 마두동 798-5 월드프라자 ,KT대리점,무상
9902,KT플라자 먹골역점,폐휴대폰,수거함 설치,서울특별시 중랑구 동일로 890 ,KT대리점,무상
9903,KT플라자 삼양로점,폐휴대폰,수거함 설치,서울특별시 강북구 솔샘로 260 ,KT대리점,무상
9904,KT플라자 상암점,폐휴대폰,수거함 설치,서울특별시 마포구 매봉산로 75 ,KT대리점,무상
9905,KT플라자 수유점,폐휴대폰,수거함 설치,서울특별시 강북구 도봉로 342 ,KT대리점,무상
9906,KT플라자 신촌로터리점,폐휴대폰,수거함 설치,서울특별시 서대문구 신촌로 109 신촌르메이에르타운5 103-1호 ,KT대리점,무상
9907,KT플라자 쌍문역점,폐휴대폰,수거함 설치,서울특별시 도봉구 도봉로 476 삼성쉐르빌퍼스티빌딩 ,KT대리점,무상
9908,KT플라자 연신내역점,폐휴대폰,수거함 설치,서울특별시 은평구 통일로 842 ,KT대리점,무상
9909,KT플라자 원흥역점,폐휴대폰,수거함 설치,경기도 고양시 덕양구 권율대로 672 ,KT대리점,무상
9910,KT플라자 응암역점,폐휴대폰,수거함 설치,서울특별시 은평구 은평로 63 ,KT대리점,무상
9911,KT플라자 일산점,폐휴대폰,수거함 설치,경기도 고양시 일산동구 중앙로 1275번길 38-15 삼희포시즌프라자 ,KT대리점,무상
9912,KT플라자 중계아울렛점,폐휴대폰,수거함 설치,서울특별시 노원구 동일로204가길 34 씨앤미빌딩 ,KT대리점,무상
9913,KT플라자 청량리점,폐휴대폰,수거함 설치,서울특별시 동대문구 홍릉로 6-2 ,KT대리점,무상
9914,KT플라자 화정역점,폐휴대폰,수거함 설치,경기도 고양시 덕양구 화정로 65-1 ,KT대리점,무상
9915,월성우방타운,중소폐가전,수거함 설치,대구 달서구 학산로2길 11 ,공동주택(아파트 등),무상
9916,운암동롯데캐슬,중소폐가전,수거함 설치,광주 북구 서강로54번길 32 ,공동주택(아파트 등),무상
9917,태전삼성아파트,중소폐가전,수거함 설치,대구 북구 칠곡중앙대로52길 19 ,공동주택(아파트 등),무상
9918,운암동롯데캐슬,중소폐가전,수거함 설치,광주 북구 서강로54번길 10 ,공동주택(아파트 등),무상
9919,롯데하이마트 평촌점,중소폐가전,수거함 설치,"경기 안양시 동안구 흥안대로 435, (호계동,평촌하이마트) ",롯데하이마트,무상
9920,롯데하이마트 평택롯데마트점,중소폐가전,수거함 설치,"경기 평택시 평택5로 30, (합정동,롯데마트평택점) ",롯데하이마트,무상
9921,롯데하이마트 평택세교점,중소폐가전,수거함 설치,경기 평택시 경기대로 669 ,롯데하이마트,무상
9922,롯데하이마트 평택점,중소폐가전,수거함 설치,"경기 평택시 용이동 468-5 (합정동,하이마트) ",롯데하이마트,무상
9923,롯데하이마트 포천점,중소폐가전,수거함 설치,"경기 포천시 호국로 1411, (어룡동) ",롯데하이마트,무상
9924,롯데하이마트 풍무점,중소폐가전,수거함 설치,"경기 김포시 김포대로 735, (풍무동) ",롯데하이마트,무상
9925,롯데하이마트 하남미사점,중소폐가전,수거함 설치,경기 하남시 미사대로 480 ,롯데하이마트,무상
9926,롯데하이마트 하당점,중소폐가전,수거함 설치,"전남 목포시 통일대로 32, (상동,하이마트하당점) ",롯데하이마트,무상
9927,롯데하이마트 하양점,중소폐가전,수거함 설치,"경북 경산시 하양읍 하양역길 7, (금락리) ",롯데하이마트,무상
9928,롯데하이마트 한강신도시점,중소폐가전,수거함 설치,경기 김포시 김포한강1로 75 ,롯데하이마트,무상
9929,롯데하이마트 합포점,중소폐가전,수거함 설치,"경남 창원시 마산합포구 해안대로 242, (신포동1가,하이마트) ",롯데하이마트,무상
9930,롯데하이마트 해운대점,중소폐가전,수거함 설치,"부산 해운대구 해운대로767번길 8, (중동) ",롯데하이마트,무상
9931,롯데하이마트 행신역점,중소폐가전,수거함 설치,경기 고양시 덕양구 소원로 97 ,롯데하이마트,무상
9932,롯데하이마트 현풍점,중소폐가전,수거함 설치,"대구 달성군 현풍면 테크노대로 15, (중리) ",롯데하이마트,무상
9933,롯데하이마트 홍대입구역점,중소폐가전,수거함 설치,"서울 마포구 양화로 123, (서교동) ",롯데하이마트,무상
9934,롯데하이마트 홍성점,중소폐가전,수거함 설치,"충남 홍성군 홍성읍 내포로 153, (옥암리) ",롯데하이마트,무상
9935,롯데하이마트 홍천점,중소폐가전,수거함 설치,"강원 홍천군 홍천읍 홍천로 316, (희망리) ",롯데하이마트,무상
9936,롯데하이마트 화곡점,중소폐가전,수거함 설치,서울 양천구 화곡로 99 ,롯데하이마트,무상
9937,롯데하이마트 화명롯데마트점,중소폐가전,수거함 설치,"부산 북구 화명대로 47, (화명동,롯데마트) ",롯데하이마트,무상
9938,롯데하이마트 화순점,중소폐가전,수거함 설치,"전남 화순군 화순읍 쌍충로 66, ( 삼천리,하이마트) ",롯데하이마트,무상
9939,롯데하이마트 화정롯데마트점,중소폐가전,수거함 설치,"경기 고양시 덕양구 화중로 66, (화정동,롯데마트) ",롯데하이마트,무상
9940,롯데하이마트 황금점,중소폐가전,수거함 설치,대구 수성구 동대구로 124 ,롯데하이마트,무상
9941,롯데하이마트 황성점,중소폐가전,수거함 설치,"경북 경주시 원지길 46, (용강동) ",롯데하이마트,무상
9942,롯데하이마트 회룡역점,중소폐가전,수거함 설치,경기 의정부시 평화로 394 ,롯데하이마트,무상
9943,롯데하이마트 효문점,중소폐가전,수거함 설치,"울산 북구 명촌23길 1, (진장동,하이마트) ",롯데하이마트,무상
9944,롯데하이마트 효자점,중소폐가전,수거함 설치,"전북 전주시 완산구 백제대로 106, (효자동1가,하이마트) ",롯데하이마트,무상
9945,롯데하이마트 효천점,중소폐가전,수거함 설치,"전북 전주시 완산구 쑥고개로 364, (효자동2가) ",롯데하이마트,무상
9946,롯데하이마트 주안점,중소폐가전,수거함 설치,"인천 미추홀구 경원대로 757, (주안동,(주)하이마트) ",롯데하이마트,무상
9947,롯데하이마트 주엽점,중소폐가전,수거함 설치,"경기 고양시 일산서구 중앙로 1388, 태영프라자(주엽동,태영프라자) ",롯데하이마트,무상
9948,롯데하이마트 죽전점,중소폐가전,수거함 설치,"대구 달서구 달구벌대로 1567, (죽전동) ",롯데하이마트,무상
9949,롯데하이마트 중계롯데마트점,중소폐가전,수거함 설치,"서울 노원구 노원로 330, (중계동,롯데마트) ",롯데하이마트,무상
9950,롯데하이마트 증평점,중소폐가전,수거함 설치,"충북 증평군 증평읍 북부두름길 4, ( 장동리,하이마트) ",롯데하이마트,무상
9951,롯데하이마트 지산점,중소폐가전,수거함 설치,"경북 구미시 야은로 668, (지산동) ",롯데하이마트,무상
9952,롯데하이마트 진영점,중소폐가전,수거함 설치,경남 김해시 진영읍 김해대로 350 ,롯데하이마트,무상
9953,롯데하이마트 진장롯데마트점,중소폐가전,수거함 설치,"울산 북구 진장유통로 64, (진장동,롯데마트) ",롯데하이마트,무상
9954,롯데하이마트 진접점,중소폐가전,수거함 설치,경기 남양주시 진접읍 진건오남로 986 ,롯데하이마트,무상
9955,롯데하이마트 진주성점,중소폐가전,수거함 설치,"경남 진주시 진양호로 518, (본성동) ",롯데하이마트,무상
9956,롯데하이마트 진천점,중소폐가전,수거함 설치,"충북 진천군 진천읍 문화로 239, ( 벽암리,하이마트) ",롯데하이마트,무상
9957,롯데하이마트 진해롯데마트점,중소폐가전,수거함 설치,"경남 창원시 진해구 진해대로 762, (석동,롯데마트) ",롯데하이마트,무상
9958,롯데하이마트 진해점,중소폐가전,수거함 설치,"경남 창원시 진해구 충장로 382, (이동,하이마트) ",롯데하이마트,무상
9959,롯데하이마트 창동점,중소폐가전,수거함 설치,"서울 도봉구 노해로 397, (창동,하이마트종합전자백화점) ",롯데하이마트,무상
9960,롯데하이마트 창원중앙롯데마트맥스점,중소폐가전,수거함 설치,경남 창원시 성산구 중앙대로 123 ,롯데하이마트,무상
9961,롯데하이마트 천호역점,중소폐가전,수거함 설치,서울 송파구 올림픽로 619 롯데하이마트 천호역점 ,롯데하이마트,무상
9962,롯데하이마트 철산역점,중소폐가전,수거함 설치,"경기 광명시 철산로 22, (철산동,하이마트) ",롯데하이마트,무상
9963,롯데하이마트 청구점,중소폐가전,수거함 설치,"서울 중구 다산로 210, (신당동) ",롯데하이마트,무상
9964,롯데하이마트 청라롯데마트점,중소폐가전,수거함 설치,"인천 서구 청라커낼로 252, (청라동,청라롯데캐슬) ",롯데하이마트,무상
9965,롯데하이마트 청량리롯데마트점,중소폐가전,수거함 설치,"서울 동대문구 왕산로 214, (전농동,청량리역,롯데백화점) ",롯데하이마트,무상
9966,롯데하이마트 청주롯데마트점,중소폐가전,수거함 설치,"충북 청주시 흥덕구 풍산로 15, (가경동,대우메가폴리스) ",롯데하이마트,무상
9967,롯데하이마트 청주육거리점,중소폐가전,수거함 설치,충북 청주시 상당구 상당로 30 ,롯데하이마트,무상
9968,롯데하이마트 청주터미널점,중소폐가전,수거함 설치,"충북 청주시 흥덕구 강서로 126, (강서동) ",롯데하이마트,무상
9969,롯데하이마트 춘천롯데마트점,중소폐가전,수거함 설치,"강원 춘천시 방송길 84, (온의동,롯데마트) ",롯데하이마트,무상
9970,롯데하이마트 춘천점,중소폐가전,수거함 설치,"강원 춘천시 후석로 6, (석사동) ",롯데하이마트,무상
9971,롯데하이마트 충주롯데마트점,중소폐가전,수거함 설치,"충북 충주시 봉계1길 49, (칠금동,충주공용버스터미널) ",롯데하이마트,무상
9972,롯데하이마트 충주연수점,중소폐가전,수거함 설치,"충북 충주시 계명대로 214, (연수동,하이마트) ",롯데하이마트,무상
9973,롯데하이마트 칠곡점,중소폐가전,수거함 설치,"대구 북구 동천로23길 68, (동천동) ",롯데하이마트,무상
9974,롯데하이마트 침산점,중소폐가전,수거함 설치,"대구 북구 중앙대로 598, (침산동) ",롯데하이마트,무상
9975,롯데하이마트 탄금점,중소폐가전,수거함 설치,"충북 충주시 탄금대로 149, (봉방동,(주)하이마트) ",롯데하이마트,무상
9976,롯데하이마트 탄현점,중소폐가전,수거함 설치,경기 고양시 일산서구 경의로 858(덕이동) ,롯데하이마트,무상
9977,롯데하이마트 태백점,중소폐가전,수거함 설치,"강원 태백시 광장로 3, (황지동) ",롯데하이마트,무상
9978,롯데하이마트 태안점,중소폐가전,수거함 설치,"충남 태안군 태안읍 동백로 252, ( 남문리,하이마트) ",롯데하이마트,무상
9979,롯데하이마트 테크노밸리점,중소폐가전,수거함 설치,"대전 유성구 테크노중앙로 31, (관평동) ",롯데하이마트,무상
9980,롯데하이마트 통영점,중소폐가전,수거함 설치,"경남 통영시 무전대로 61, (무전동,하이마트) ",롯데하이마트,무상
9981,롯데하이마트 판교롯데마트점,중소폐가전,수거함 설치,"경기 성남시 분당구 대왕판교로606번길 58, (삼평동,판교푸르지오월드마크) ",롯데하이마트,무상
9982,롯데하이마트 판암점,중소폐가전,수거함 설치,"대전 동구 옥천로 87, (판암동,하이마트) ",롯데하이마트,무상
9983,롯데하이마트 평내점,중소폐가전,수거함 설치,"경기 남양주시 경춘로1350번길 1, 5호 필지(평내동,하이마트) ",롯데하이마트,무상
9984,롯데하이마트 평리점,중소폐가전,수거함 설치,"대구 서구 국채보상로 228, (평리동) ",롯데하이마트,무상
9985,롯데하이마트 울산대점,중소폐가전,수거함 설치,울산 남구 대학로 153 (무거동) ,롯데하이마트,무상
9986,롯데하이마트 울산롯데마트점,중소폐가전,수거함 설치,"울산 남구 삼산로 74, (달동,롯데마트울산점) ",롯데하이마트,무상
9987,롯데하이마트 울산점,중소폐가전,수거함 설치,"울산 남구 삼산로 238, (달동) ",롯데하이마트,무상
9988,롯데하이마트 웅상롯데마트점,중소폐가전,수거함 설치,"경남 양산시 삼호1길 34, (삼호동,롯데마트) ",롯데하이마트,무상
9989,롯데하이마트 원성점,중소폐가전,수거함 설치,"충남 천안시 동남구 충절로 223, (원성동,하이마트) ",롯데하이마트,무상
9990,롯데하이마트 원주롯데마트점,중소폐가전,수거함 설치,"강원 원주시 봉화로 1, (단계동,AK플라자) ",롯데하이마트,무상
9991,롯데하이마트 월드컵롯데마트점,중소폐가전,수거함 설치,"광주 서구 금화로 240, (풍암동,월드컵경기장) ",롯데하이마트,무상
9992,롯데하이마트 월드타워점,중소폐가전,수거함 설치,"서울 송파구 올림픽로 300, 롯데월드몰 3층  쇼핑몰(신천동) ",롯데하이마트,무상
9993,롯데하이마트 월배점,중소폐가전,수거함 설치,대구 달서구 월배로 59 (진천동) ,롯데하이마트,무상
9994,롯데하이마트 유성점,중소폐가전,수거함 설치,"대전 유성구 유성대로 808, (장대동,하이마트) ",롯데하이마트,무상
9995,롯데하이마트 유천점,중소폐가전,수거함 설치,"대전 중구 계백로 1538, (유천동) ",롯데하이마트,무상
9996,롯데하이마트 율량점,중소폐가전,수거함 설치,충북 청주시 청원구 주성로 158 ,롯데하이마트,무상
9997,롯데하이마트 율하점,중소폐가전,수거함 설치,"대구 동구 안심로 58, (율하동) ",롯데하이마트,무상
9998,롯데하이마트 은평롯데몰점,중소폐가전,수거함 설치,서울 은평구 통일로 1050 ,롯데하이마트,무상
9999,롯데하이마트 은평점,중소폐가전,수거함 설치,"서울 은평구 은평로 148, (응암동) ",롯데하이마트,무상
10000,롯데하이마트 의왕롯데마트점,중소폐가전,수거함 설치,"경기 의왕시 계원대학로 7, (내손동,롯데마트) ",롯데하이마트,무상
10001,롯데하이마트 의왕점,중소폐가전,수거함 설치,"경기 의왕시 경수대로 365, (오전동,하이마트) ",롯데하이마트,무상
10002,롯데하이마트 의정부점,중소폐가전,수거함 설치,"경기 의정부시 시민로 54, (의정부동) ",롯데하이마트,무상
10003,롯데하이마트 이천점,중소폐가전,수거함 설치,"경기 이천시 경충대로 2537, (진리동) ",롯데하이마트,무상
10004,롯데하이마트 익산롯데마트점,중소폐가전,수거함 설치,"전북 익산시 무왕로 1053, (영등동,롯데마트) ",롯데하이마트,무상
10005,롯데하이마트 인동점,중소폐가전,수거함 설치,경북 구미시 인동북길 59 ,롯데하이마트,무상
10006,롯데하이마트 인천교점,중소폐가전,수거함 설치,"인천 동구 봉수대로 77, (송림동) ",롯데하이마트,무상
10007,롯데하이마트 인화점,중소폐가전,수거함 설치,"전북 익산시 서동로 43, (인화동2가,하이마트인화점) ",롯데하이마트,무상
10008,롯데하이마트 인후점,중소폐가전,수거함 설치,"전북 전주시 덕진구 안덕원로 276, (인후동1가) ",롯데하이마트,무상
10009,롯데하이마트 일도점,중소폐가전,수거함 설치,"제주 제주시 연삼로 423, (이도이동,하이마트일도점) ",롯데하이마트,무상
10010,롯데하이마트 작전점,중소폐가전,수거함 설치,"인천 계양구 계양대로 15, (작전동) ",롯데하이마트,무상
10011,롯데하이마트 잠실점,중소폐가전,수거함 설치,"서울 송파구 올림픽로 240, (잠실동,롯데월드) ",롯데하이마트,무상
10012,롯데하이마트 장량점,중소폐가전,수거함 설치,"경북 포항시 북구 천마로 23, (양덕동) ",롯데하이마트,무상
10013,롯데하이마트 장림점,중소폐가전,수거함 설치,"부산 사하구 다대로 213, (장림동) ",롯데하이마트,무상
10014,롯데하이마트 장유점,중소폐가전,수거함 설치,"경남 김해시 번화2로 47, (대청동) ",롯데하이마트,무상
10015,롯데하이마트 장한평점,중소폐가전,수거함 설치,서울 성동구 천호대로 394 (용답동) ,롯데하이마트,무상
10016,롯데하이마트 전주롯데마트점,중소폐가전,수거함 설치,"전북 전주시 완산구 우전로 240, (효자동2가,롯데마트) ",롯데하이마트,무상
10017,롯데하이마트 정관점,중소폐가전,수거함 설치,"부산 기장군 정관면 정관6로 45, (매학리) ",롯데하이마트,무상
10018,롯데하이마트 정림점,중소폐가전,수거함 설치,"대전 서구 계백로 1338, (정림동,하이마트정림동점) ",롯데하이마트,무상
10019,롯데하이마트 정왕역점,중소폐가전,수거함 설치,"경기 시흥시 정왕신길로 193, (정왕동) ",롯데하이마트,무상
10020,롯데하이마트 정읍롯데마트점,중소폐가전,수거함 설치,"전북 정읍시 벚꽃로 85, (농소동,롯데마트) ",롯데하이마트,무상
10021,롯데하이마트 정읍점,중소폐가전,수거함 설치,"전북 정읍시 서부산업도로 351, (연지동,하이마트) ",롯데하이마트,무상
10022,롯데하이마트 정자사거리점,중소폐가전,수거함 설치,"경기 수원시 장안구 수성로 286, (영화동) ",롯데하이마트,무상
10023,롯데하이마트 정자점,중소폐가전,수거함 설치,"경기 성남시 분당구 불정로 162, (정자동) ",롯데하이마트,무상
10024,롯데하이마트 제주롯데마트점,중소폐가전,수거함 설치,"제주 제주시 연북로 1, (노형동,롯데마트) ",롯데하이마트,무상
10025,롯데하이마트 제주점,중소폐가전,수거함 설치,"제주 제주시 서사로 15, (삼도이동) ",롯데하이마트,무상
10026,롯데하이마트 제천점,중소폐가전,수거함 설치,충북 제천시 의림대로 261 ,롯데하이마트,무상
10027,롯데하이마트 조례점,중소폐가전,수거함 설치,"전남 순천시 백강로 290, 하이마트(조례동,하이마트) ",롯데하이마트,무상
10028,롯데하이마트 조치원점,중소폐가전,수거함 설치,"세종 조치원읍 문화2길 1, (침산리) ",롯데하이마트,무상
10029,롯데하이마트 종암점,중소폐가전,수거함 설치,"서울 성북구 종암로 114, (종암동,하이마트종암점) ",롯데하이마트,무상
10030,롯데하이마트 안성롯데마트점,중소폐가전,수거함 설치,"경기 안성시 공도읍 서동대로 4478, ( 양기리,롯데마트) ",롯데하이마트,무상
10031,롯데하이마트 안성점,중소폐가전,수거함 설치,"경기 안성시 중앙로 264, (석정동) ",롯데하이마트,무상
10032,롯데하이마트 안양대교점,중소폐가전,수거함 설치,"경기 안양시 만안구 안양로 385, (안양동) ",롯데하이마트,무상
10033,롯데하이마트 안양점,중소폐가전,수거함 설치,"경기 안양시 만안구 안양로 244, (안양동) ",롯데하이마트,무상
10034,롯데하이마트 안중점,중소폐가전,수거함 설치,"경기 평택시 안중읍 경성1길 5, ( 안중리,하이마트) ",롯데하이마트,무상
10035,롯데하이마트 압구정점,중소폐가전,수거함 설치,"서울 강남구 도산대로 173, (신사동) ",롯데하이마트,무상
10036,롯데하이마트 양산점,중소폐가전,수거함 설치,경남 양산시 서일동1길 16 (중부동) ,롯데하이마트,무상
10037,롯데하이마트 양주LF스퀘어점,중소폐가전,수거함 설치,경기 양주시 평화로 1593 1층 양주LF스퀘어 ,롯데하이마트,무상
10038,롯데하이마트 양평롯데마트점,중소폐가전,수거함 설치,"서울 영등포구 선유로 138, (양평동3가) ",롯데하이마트,무상
10039,롯데하이마트 양평점,중소폐가전,수거함 설치,"경기 양평군 양평읍 남북로 67, (공흥리) ",롯데하이마트,무상
10040,롯데하이마트 언양점,중소폐가전,수거함 설치,"울산 울주군 삼남면 중평로 41, (교동리) ",롯데하이마트,무상
10041,롯데하이마트 여수점,중소폐가전,수거함 설치,"전남 여수시 좌수영로 432, (미평동,하이마트) ",롯데하이마트,무상
10042,롯데하이마트 여주점,중소폐가전,수거함 설치,"경기 여주시 세종로 107, (홍문동) ",롯데하이마트,무상
10043,롯데하이마트 여천롯데마트점,중소폐가전,수거함 설치,"전남 여수시 무선로 187, (선원동,롯데마트여천점) ",롯데하이마트,무상
10044,롯데하이마트 여천점,중소폐가전,수거함 설치,"전남 여수시 도원로 281, 12호(학동,하이마트여천점) ",롯데하이마트,무상
10045,롯데하이마트 역곡점,중소폐가전,수거함 설치,"경기 부천시 경인로 535, (괴안동,하이마트) ",롯데하이마트,무상
10046,롯데하이마트 연산점,중소폐가전,수거함 설치,"부산 연제구 과정로 180, (연산동) ",롯데하이마트,무상
10047,롯데하이마트 연수롯데마트점,중소폐가전,수거함 설치,"인천 연수구 청능대로 87, (청학동,롯데마트연수점) ",롯데하이마트,무상
10048,롯데하이마트 연수점,중소폐가전,수거함 설치,"인천 연수구 청능대로 64, (동춘동) ",롯데하이마트,무상
10049,롯데하이마트 연향점,중소폐가전,수거함 설치,"전남 순천시 충효로 55, (연향동,하이마트) ",롯데하이마트,무상
10050,롯데하이마트 영대병원네거리점,중소폐가전,수거함 설치,"대구 남구 봉덕로 23, (봉덕동) ",롯데하이마트,무상
10051,롯데하이마트 영도점,중소폐가전,수거함 설치,"부산 영도구 태종로 105, (대교동2가,하이마트) ",롯데하이마트,무상
10052,롯데하이마트 영등점,중소폐가전,수거함 설치,"전북 익산시 무왕로 989, (영등동,하이마트) ",롯데하이마트,무상
10053,롯데하이마트 영등포구청역점,중소폐가전,수거함 설치,서울 영등포구 영등포로 115(당산동2가) ,롯데하이마트,무상
10054,롯데하이마트 영종도롯데마트점,중소폐가전,수거함 설치,"인천 중구 흰바위로 51, (운서동,롯데마트) ",롯데하이마트,무상
10055,롯데하이마트 영종점,중소폐가전,수거함 설치,인천 중구 자연대로 145 ,롯데하이마트,무상
10056,롯데하이마트 영주점,중소폐가전,수거함 설치,경북 영주시 영주로 77 ,롯데하이마트,무상
10057,롯데하이마트 영천점,중소폐가전,수거함 설치,"경북 영천시 완산로 62, (완산동) ",롯데하이마트,무상
10058,롯데하이마트 예산점,중소폐가전,수거함 설치,"충남 예산군 예산읍 금오대로 84, (산성리) ",롯데하이마트,무상
10059,롯데하이마트 오광장점,중소폐가전,수거함 설치,"경북 포항시 북구 포스코대로 284, (죽도동) ",롯데하이마트,무상
10060,롯데하이마트 오리점,중소폐가전,수거함 설치,"경기 성남시 분당구 구미로 5, (구미동) ",롯데하이마트,무상
10061,롯데하이마트 오목교점,중소폐가전,수거함 설치,"서울 양천구 신목로 106, (목동) ",롯데하이마트,무상
10062,롯데하이마트 오산롯데마트점,중소폐가전,수거함 설치,"경기 오산시 경기대로 271, (오산동,롯데마트오산점) ",롯데하이마트,무상
10063,롯데하이마트 오산점,중소폐가전,수거함 설치,"경기 오산시 경기대로 224, (원동,하이마트오산점) ",롯데하이마트,무상
10064,롯데하이마트 오정점,중소폐가전,수거함 설치,"경기 부천시 소사로 672, (여월동,하이마트오정점) ",롯데하이마트,무상
10065,롯데하이마트 오창점,중소폐가전,수거함 설치,충북 청주시 청원구 오창읍 중심상업1로 8-9 ,롯데하이마트,무상
10066,롯데하이마트 오천점,중소폐가전,수거함 설치,"경북 포항시 남구 오천읍 하원로 57, 롯데하이마트( 원리,롯데하이마트) ",롯데하이마트,무상
10067,롯데하이마트 옥정점,중소폐가전,수거함 설치,경기 양주시 고덕로 357 롯데하이마트 옥정점 ,롯데하이마트,무상
10068,롯데하이마트 옥포점,중소폐가전,수거함 설치,"경남 거제시 거제대로 3710, (옥포동,하이마트) ",롯데하이마트,무상
10069,롯데하이마트 왜관점,중소폐가전,수거함 설치,"경북 칠곡군 왜관읍 중앙로 76, (왜관리) ",롯데하이마트,무상
10070,롯데하이마트 용봉점,중소폐가전,수거함 설치,"광주 북구 설죽로 241, (용봉동) ",롯데하이마트,무상
10071,롯데하이마트 용산아이파크몰점,중소폐가전,수거함 설치,서울 용산구 한강대로23길 55 아이파크몰 리빙파크 7층 ,롯데하이마트,무상
10072,롯데하이마트 용인구성점,중소폐가전,수거함 설치,경기 용인시 기흥구 용구대로 2444 롯데하이마트 용인구성점 ,롯데하이마트,무상
10073,롯데하이마트 용인점,중소폐가전,수거함 설치,"경기 용인시 처인구 중부대로 1287, (역북동) ",롯데하이마트,무상
10074,롯데하이마트 용전점,중소폐가전,수거함 설치,"대전 동구 한밭대로 1262, (용전동) ",롯데하이마트,무상
10075,롯데하이마트 우현점,중소폐가전,수거함 설치,"경북 포항시 북구 새천년대로 906, (우현동,우현빌딩) ",롯데하이마트,무상
10076,롯데하이마트 성남시청점,중소폐가전,수거함 설치,"경기 성남시 중원구 성남대로 981, (여수동) ",롯데하이마트,무상
10077,롯데하이마트 성서점,중소폐가전,수거함 설치,"대구 달서구 달구벌대로 1300, (이곡동) ",롯데하이마트,무상
10078,롯데하이마트 성정롯데마트점,중소폐가전,수거함 설치,"충남 천안시 서북구 성정두정로 1, (성정동,롯데마트성정점) ",롯데하이마트,무상
10079,롯데하이마트 세종시청점,중소폐가전,수거함 설치,세종 한누리대로 2165 상가A동 1층 ,롯데하이마트,무상
10080,롯데하이마트 세종점,중소폐가전,수거함 설치,"세종 갈매로 363, (어진동) ",롯데하이마트,무상
10081,롯데하이마트 센텀점,중소폐가전,수거함 설치,"부산 해운대구 해운대로 207, (재송동,하이마트) ",롯데하이마트,무상
10082,롯데하이마트 소사점,중소폐가전,수거함 설치,"경기 부천시 소사로 245, 소사하이마트(소사본동,소사하이마트) ",롯데하이마트,무상
10083,롯데하이마트 소하점,중소폐가전,수거함 설치,"경기 광명시 오리로 506, (소하동) ",롯데하이마트,무상
10084,롯데하이마트 속초점,중소폐가전,수거함 설치,"강원 속초시 동해대로 4133, (조양동) ",롯데하이마트,무상
10085,롯데하이마트 송도롯데마트점,중소폐가전,수거함 설치,"인천 연수구 컨벤시아대로 177, 송도롯데마트(송도동,롯데마트) ",롯데하이마트,무상
10086,롯데하이마트 송우점,중소폐가전,수거함 설치,"경기 포천시 소흘읍 솔모루로 26, (송우리) ",롯데하이마트,무상
10087,롯데하이마트 송정점,중소폐가전,수거함 설치,"강원 강릉시 경강로 2385, (송정동) ",롯데하이마트,무상
10088,롯데하이마트 송천롯데마트맥스점,중소폐가전,수거함 설치,전북 전주시 덕진구 송천중앙로 82 2층 롯데하이마트 송천롯데마트맥스점 ,롯데하이마트,무상
10089,롯데하이마트 송천점,중소폐가전,수거함 설치,전북 전주시 덕진구 송천중앙로 247 ,롯데하이마트,무상
10090,롯데하이마트 송탄점,중소폐가전,수거함 설치,"경기 평택시 서정역로36번길 107, (이충동) ",롯데하이마트,무상
10091,롯데하이마트 송파롯데마트점,중소폐가전,수거함 설치,"서울 송파구 중대로 80, (문정동,문정프라자) ",롯데하이마트,무상
10092,롯데하이마트 송현점,중소폐가전,수거함 설치,"대구 달서구 구마로 244, (송현동) ",롯데하이마트,무상
10093,롯데하이마트 수송점,중소폐가전,수거함 설치,"전북 군산시 공단대로 240, (수송동) ",롯데하이마트,무상
10094,롯데하이마트 수완롯데마트점,중소폐가전,수거함 설치,"광주 광산구 장신로 98, (장덕동,롯데마트) ",롯데하이마트,무상
10095,롯데하이마트 수완점,중소폐가전,수거함 설치,"광주 광산구 장신로 91, (장덕동) ",롯데하이마트,무상
10096,롯데하이마트 수원롯데몰점,중소폐가전,수거함 설치,"경기 수원시 권선구 세화로 134, (서둔동,롯데몰수원점) ",롯데하이마트,무상
10097,롯데하이마트 수원점,중소폐가전,수거함 설치,경기 수원시 권선구 경수대로 386 ,롯데하이마트,무상
10098,롯데하이마트 수지롯데몰점,중소폐가전,수거함 설치,"경기 용인시 수지구 성복2로 38(성복동,롯데몰성복점) ",롯데하이마트,무상
10099,롯데하이마트 수지점,중소폐가전,수거함 설치,"경기 용인시 수지구 포은대로 317, (풍덕천동,하이마트) ",롯데하이마트,무상
10100,롯데하이마트 수진점,중소폐가전,수거함 설치,"경기 성남시 수정구 산성대로 229, (신흥동) ",롯데하이마트,무상
10101,롯데하이마트 시화롯데마트점,중소폐가전,수거함 설치,"경기 시흥시 마유로238번길 26, (정왕동) ",롯데하이마트,무상
10102,롯데하이마트 시흥롯데마트점,중소폐가전,수거함 설치,"경기 시흥시 비둘기공원로 28, (대야동,롯데마트시흥점) ",롯데하이마트,무상
10103,롯데하이마트 시흥배곧롯데마트점,중소폐가전,수거함 설치,"경기 시흥시 서울대학로278번길 67,롯데마트(시흥배곧점) ",롯데하이마트,무상
10104,롯데하이마트 신길점,중소폐가전,수거함 설치,"서울 영등포구 신길로 141, (신길동) ",롯데하이마트,무상
10105,롯데하이마트 신도시고잔점,중소폐가전,수거함 설치,"경기 안산시 단원구 광덕대로 198, (고잔동,하이마트안산점) ",롯데하이마트,무상
10106,롯데하이마트 신림점,중소폐가전,수거함 설치,서울 관악구 봉천로 224(신림동) ,롯데하이마트,무상
10107,롯데하이마트 신방점,중소폐가전,수거함 설치,"충남 천안시 동남구 남부대로 92(신방동,자동차원형복원전문점) ",롯데하이마트,무상
10108,롯데하이마트 신월성점,중소폐가전,수거함 설치,대구 달서구 조암로 23 (월성동) ,롯데하이마트,무상
10109,롯데하이마트 신정점,중소폐가전,수거함 설치,"울산 남구 중앙로 147, (신정동,하이마트(주)) ",롯데하이마트,무상
10110,롯데하이마트 신제주점,중소폐가전,수거함 설치,제주 제주시 도령로 16 ,롯데하이마트,무상
10111,롯데하이마트 신천점,중소폐가전,수거함 설치,"경기 시흥시 수인로 3299, (신천동) ",롯데하이마트,무상
10112,롯데하이마트 신흥점,중소폐가전,수거함 설치,"경기 성남시 수정구 수정로 228, (신흥동) ",롯데하이마트,무상
10113,롯데하이마트 쌍문점,중소폐가전,수거함 설치,서울 도봉구 도봉로 539 ,롯데하이마트,무상
10114,롯데하이마트 쌍용점,중소폐가전,수거함 설치,"충남 천안시 서북구 불당대로 280, (쌍용동,(주)하이마트) ",롯데하이마트,무상
10115,롯데하이마트 아산점,중소폐가전,수거함 설치,충남 아산시 온천대로 1684 ,롯데하이마트,무상
10116,롯데하이마트 아산터미널롯데마트점,중소폐가전,수거함 설치,충남 아산시 번영로 225 ,롯데하이마트,무상
10117,롯데하이마트 아차산역점,중소폐가전,수거함 설치,"서울 광진구 천호대로 670, 썬타워빌딩(구의동,썬-타워빌딩) ",롯데하이마트,무상
10118,롯데하이마트 안동옥동점,중소폐가전,수거함 설치,"경북 안동시 경북대로 360, (옥동) ",롯데하이마트,무상
10119,롯데하이마트 안산롯데마트점,중소폐가전,수거함 설치,경기 안산시 상록구 항가울로 422 ,롯데하이마트,무상
10120,롯데하이마트 안산롯데백화점점,중소폐가전,수거함 설치,경기 안산시 단원구 중앙대로 873 롯데백화점 안산점 신관 4층 ,롯데하이마트,무상
10121,롯데하이마트 안산선부점,중소폐가전,수거함 설치,경기 안산시 단원구 선부광장로 41 ,롯데하이마트,무상
10122,롯데하이마트 안산터미널점,중소폐가전,수거함 설치,"경기 안산시 상록구 항가울로 410, (성포동,안산종합버스터미널) ",롯데하이마트,무상
10123,롯데하이마트 부평점,중소폐가전,수거함 설치,"인천 부평구 부흥로 277, (부평동) ",롯데하이마트,무상
10124,롯데하이마트 북변점,중소폐가전,수거함 설치,경기 김포시 김포대로 1121 ,롯데하이마트,무상
10125,롯데하이마트 북수원점,중소폐가전,수거함 설치,"경기 수원시 장안구 경수대로1008번길 4, (송죽동,하이마트) ",롯데하이마트,무상
10126,롯데하이마트 분당서현점,중소폐가전,수거함 설치,경기 성남시 분당구 서현로 323 (서현동) ,롯데하이마트,무상
10127,롯데하이마트 분평점,중소폐가전,수거함 설치,충북 청주시 서원구 1순환로 1120 하이마트 ,롯데하이마트,무상
10128,롯데하이마트 불광점,중소폐가전,수거함 설치,"서울 은평구 통일로 766, (불광동,하이마트) ",롯데하이마트,무상
10129,롯데하이마트 비산사거리점,중소폐가전,수거함 설치,"경기 안양시 동안구 경수대로 909, (비산동) ",롯데하이마트,무상
10130,롯데하이마트 비산점,중소폐가전,수거함 설치,"경기 안양시 동안구 관악대로 275, (비산동,하이마트) ",롯데하이마트,무상
10131,롯데하이마트 사당점,중소폐가전,수거함 설치,"서울 동작구 동작대로 77, (사당동) ",롯데하이마트,무상
10132,롯데하이마트 사상롯데마트점,중소폐가전,수거함 설치,"부산 사상구 낙동대로 733, (엄궁동,롯데마트엄궁점) ",롯데하이마트,무상
10133,롯데하이마트 사상점,중소폐가전,수거함 설치,"부산 사상구 광장로 25, (괘법동) ",롯데하이마트,무상
10134,롯데하이마트 사천점,중소폐가전,수거함 설치,"경남 사천시 사천읍 옥산로 5, (수석리) ",롯데하이마트,무상
10135,롯데하이마트 사하롯데마트점,중소폐가전,수거함 설치,"부산 사하구 을숙도대로 610, (장림동,롯데마트) ",롯데하이마트,무상
10136,롯데하이마트 산본점,중소폐가전,수거함 설치,"경기 군포시 고산로 714, (산본동,하이마트) ",롯데하이마트,무상
10137,롯데하이마트 삼산롯데마트점,중소폐가전,수거함 설치,"인천 부평구 길주로 623, (삼산동,대덕리치아노) ",롯데하이마트,무상
10138,롯데하이마트 삼선교점,중소폐가전,수거함 설치,"서울 성북구 동소문로 62, (동소문동3가) ",롯데하이마트,무상
10139,롯데하이마트 삼척점,중소폐가전,수거함 설치,강원 삼척시 사대안길 66 ,롯데하이마트,무상
10140,롯데하이마트 삼천포점,중소폐가전,수거함 설치,"경남 사천시 중앙로 111, (벌리동,하이마트) ",롯데하이마트,무상
10141,롯데하이마트 삼화점,중소폐가전,수거함 설치,제주 제주시 연삼로 888(도련일동) ,롯데하이마트,무상
10142,롯데하이마트 상계점,중소폐가전,수거함 설치,"서울 노원구 동일로 1641, (상계동,하이마트) ",롯데하이마트,무상
10143,롯데하이마트 상남점,중소폐가전,수거함 설치,"경남 창원시 성산구 마디미로22번길 17, (상남동,하이마트) ",롯데하이마트,무상
10144,롯데하이마트 상도점,중소폐가전,수거함 설치,"서울 동작구 상도로 237, (상도동,(주)하이마트상도점) ",롯데하이마트,무상
10145,롯데하이마트 상록수점,중소폐가전,수거함 설치,"경기 안산시 상록구 용신로 359, (본오동) ",롯데하이마트,무상
10146,롯데하이마트 상무롯데마트맥스점,중소폐가전,수거함 설치,광주 서구 시청로 40 3층 롯데하이마트 ,롯데하이마트,무상
10147,롯데하이마트 상무점,중소폐가전,수거함 설치,"광주 서구 상무대로 820, (치평동,하이마트상무점) ",롯데하이마트,무상
10148,롯데하이마트 상봉점,중소폐가전,수거함 설치,"서울 중랑구 망우로 399, (망우동,하이마트) ",롯데하이마트,무상
10149,롯데하이마트 상암월드컵점,중소폐가전,수거함 설치,"서울 마포구 월드컵북로 295, (상암동,상암동하이마트) ",롯데하이마트,무상
10150,롯데하이마트 상일IC점,중소폐가전,수거함 설치,서울 강동구 천호대로 1473 롯데하이마트 ,롯데하이마트,무상
10151,롯데하이마트 상주점,중소폐가전,수거함 설치,"경북 상주시 경상대로 3085, (무양동) ",롯데하이마트,무상
10152,롯데하이마트 서곡점,중소폐가전,수거함 설치,"전북 전주시 완산구 온고을로 202, (효자동3가,하이마트서곡점) ",롯데하이마트,무상
10153,롯데하이마트 서구청점,중소폐가전,수거함 설치,"인천 서구 서곶로 326, (심곡동,하이마트서구점) ",롯데하이마트,무상
10154,롯데하이마트 서귀포점,중소폐가전,수거함 설치,"제주 서귀포시 일주동로 8631, 하이마트(동홍동) ",롯데하이마트,무상
10155,롯데하이마트 서대전롯데마트점,중소폐가전,수거함 설치,"대전 유성구 유성대로 26-37, (원내동,롯데마트서대전점) ",롯데하이마트,무상
10156,롯데하이마트 서산롯데마트점,중소폐가전,수거함 설치,"충남 서산시 충의로 27, (예천동) ",롯데하이마트,무상
10157,롯데하이마트 서산점,중소폐가전,수거함 설치,충남 서산시 남부순환로 1034 ,롯데하이마트,무상
10158,롯데하이마트 서수원점,중소폐가전,수거함 설치,"경기 수원시 권선구 서부로 1864, (구운동,서수원점하이마트) ",롯데하이마트,무상
10159,롯데하이마트 서울역롯데마트점,중소폐가전,수거함 설치,"서울 중구 한강대로 405, (봉래동2가,경부고속철도서울민자역사) ",롯데하이마트,무상
10160,롯데하이마트 서청주롯데마트점,중소폐가전,수거함 설치,"충북 청주시 흥덕구 2순환로 1004, (비하동,롯데아울렛청주점) ",롯데하이마트,무상
10161,롯데하이마트 석관점,중소폐가전,수거함 설치,"서울 성북구 한천로 573, (석관동,롯데하이마트석관점) ",롯데하이마트,무상
10162,롯데하이마트 석남점,중소폐가전,수거함 설치,"인천 서구 가정로 284, (석남동,석남점하이마트) ",롯데하이마트,무상
10163,롯데하이마트 석사롯데마트점,중소폐가전,수거함 설치,"강원 춘천시 세실로 108, (석사동,롯데마트석사점) ",롯데하이마트,무상
10164,롯데하이마트 동두천롯데마트점,중소폐가전,수거함 설치,"경기 동두천시 평화로2169번길 21, (송내동) ",롯데하이마트,무상
10165,롯데하이마트 동두천점,중소폐가전,수거함 설치,"경기 동두천시 평화로 2333, (지행동,동두천하이마트) ",롯데하이마트,무상
10166,롯데하이마트 동래점,중소폐가전,수거함 설치,부산 동래구 중앙대로 1393 ,롯데하이마트,무상
10167,롯데하이마트 동인천점,중소폐가전,수거함 설치,"인천 중구 인중로 129, (신생동,하이마트) ",롯데하이마트,무상
10168,롯데하이마트 동탄점,중소폐가전,수거함 설치,"경기 화성시 삼성1로 134, (석우동) ",롯데하이마트,무상
10169,롯데하이마트 동해점,중소폐가전,수거함 설치,강원 동해시 중앙로 197 (천곡동) ,롯데하이마트,무상
10170,롯데하이마트 두정점,중소폐가전,수거함 설치,"충남 천안시 서북구 동서대로 97, 두정하이마트(성정동,하이마트) ",롯데하이마트,무상
10171,롯데하이마트 둔산점,중소폐가전,수거함 설치,"대전 서구 대덕대로 255, (둔산동,하이마트둔산점) ",롯데하이마트,무상
10172,롯데하이마트 마산점,중소폐가전,수거함 설치,경남 창원시 마산회원구 3·15대로 624 ,롯데하이마트,무상
10173,롯데하이마트 마석점,중소폐가전,수거함 설치,경기 남양주시 화도읍 경춘로 1978 ,롯데하이마트,무상
10174,롯데하이마트 만수점,중소폐가전,수거함 설치,"인천 남동구 백범로 190, (만수동,하이마트) ",롯데하이마트,무상
10175,롯데하이마트 명지점,중소폐가전,수거함 설치,부산 강서구 명지동 3358-6 ,롯데하이마트,무상
10176,롯데하이마트 모란점,중소폐가전,수거함 설치,"경기 성남시 중원구 둔촌대로 99, (성남동) ",롯데하이마트,무상
10177,롯데하이마트 목포롯데마트맥스점,중소폐가전,수거함 설치,전남 목포시 원형서로 15 ,롯데하이마트,무상
10178,롯데하이마트 목포점,중소폐가전,수거함 설치,"전남 목포시 하당로 272, (옥암동) ",롯데하이마트,무상
10179,롯데하이마트 문경점,중소폐가전,수거함 설치,경북 문경시 당교로 260 ,롯데하이마트,무상
10180,롯데하이마트 미아사거리점,중소폐가전,수거함 설치,"서울 강북구 도봉로 10, (미아동,장작구이황궁오리정식) ",롯데하이마트,무상
10181,롯데하이마트 미아점,중소폐가전,수거함 설치,"서울 강북구 도봉로 147, (미아동,하이마트) ",롯데하이마트,무상
10182,롯데하이마트 민락점,중소폐가전,수거함 설치,"경기 의정부시 천보로 73, (민락동) ",롯데하이마트,무상
10183,롯데하이마트 밀양점,중소폐가전,수거함 설치,"경남 밀양시 중앙로 442, (내이동) ",롯데하이마트,무상
10184,롯데하이마트 발산점,중소폐가전,수거함 설치,서울 강서구 공항대로 297 ,롯데하이마트,무상
10185,롯데하이마트 발안점,중소폐가전,수거함 설치,"경기 화성시 향남읍 삼천병마로 265-2, (장짐리) ",롯데하이마트,무상
10186,롯데하이마트 방축점,중소폐가전,수거함 설치,"충남 아산시 온천대로 1367, (방축동) ",롯데하이마트,무상
10187,롯데하이마트 범서점,중소폐가전,수거함 설치,"울산 울주군 범서읍 장검길 3, (굴화리) ",롯데하이마트,무상
10188,롯데하이마트 범어네거리점,중소폐가전,수거함 설치,"대구 수성구 동대구로 297, (범어동) ",롯데하이마트,무상
10189,롯데하이마트 별내점,중소폐가전,수거함 설치,경기 남양주시 순화궁로 341(별내동) ,롯데하이마트,무상
10190,롯데하이마트 병점점,중소폐가전,수거함 설치,경기 화성시 효행로 991 ,롯데하이마트,무상
10191,롯데하이마트 보령점,중소폐가전,수거함 설치,충남 보령시 보령북로 16 ,롯데하이마트,무상
10192,롯데하이마트 복산점,중소폐가전,수거함 설치,"울산 중구 서원1길 2, (복산동) ",롯데하이마트,무상
10193,롯데하이마트 봉담점,중소폐가전,수거함 설치,"경기 화성시 봉담읍 효행로 306, (와우리) ",롯데하이마트,무상
10194,롯데하이마트 봉선점,중소폐가전,수거함 설치,"광주 남구 봉선로 56, (주월동,하이마트) ",롯데하이마트,무상
10195,롯데하이마트 봉천점,중소폐가전,수거함 설치,"서울 관악구 남부순환로 1780, (봉천동,롯데하이마트) ",롯데하이마트,무상
10196,롯데하이마트 부곡점,중소폐가전,수거함 설치,부산 금정구 중앙대로 1756 ,롯데하이마트,무상
10197,롯데하이마트 부산교대역점,중소폐가전,수거함 설치,부산 연제구 중앙대로 1178(거제동) ,롯데하이마트,무상
10198,롯데하이마트 부산롯데마트점,중소폐가전,수거함 설치,"부산 부산진구 신천대로 241(부암동,롯데키즈마트) ",롯데하이마트,무상
10199,롯데하이마트 부산역점,중소폐가전,수거함 설치,부산 중구 중앙대로 157 롯데하이마트 부산역점 ,롯데하이마트,무상
10200,롯데하이마트 부송점,중소폐가전,수거함 설치,"전북 익산시 무왕로 1163, (어양동,롯데하이마트) ",롯데하이마트,무상
10201,롯데하이마트 부안점,중소폐가전,수거함 설치,"전북 부안군 부안읍 석정로 247, (봉덕리) ",롯데하이마트,무상
10202,롯데하이마트 부여점,중소폐가전,수거함 설치,"충남 부여군 부여읍 성왕로 132, (동남리) ",롯데하이마트,무상
10203,롯데하이마트 부천점,중소폐가전,수거함 설치,"경기 부천시 경인로 175, (심곡본동,KCC엠파이어타워) ",롯데하이마트,무상
10204,롯데하이마트 부천중동점,중소폐가전,수거함 설치,"경기 부천시 길주로 255, (중동,하이마트중동점) ",롯데하이마트,무상
10205,롯데하이마트 부평롯데마트점,중소폐가전,수거함 설치,"인천 부평구 마장로 296, (산곡동,롯데마트부평점) ",롯데하이마트,무상
10206,롯데하이마트 부평역롯데마트점,중소폐가전,수거함 설치,"인천 부평구 광장로 16, (부평동,부평민자역사) ",롯데하이마트,무상
10207,롯데하이마트 금사점,중소폐가전,수거함 설치,"부산 금정구 반송로 407, (금사동) ",롯데하이마트,무상
10208,롯데하이마트 금오점,중소폐가전,수거함 설치,"경기 의정부시 금오로 12-23, (금오동) ",롯데하이마트,무상
10209,롯데하이마트 금천점,중소폐가전,수거함 설치,"서울 금천구 시흥대로 322, (독산동,하이마트독산동점) ",롯데하이마트,무상
10210,롯데하이마트 금촌점,중소폐가전,수거함 설치,"경기 파주시 중앙로 202, (금촌동,하이마트) ",롯데하이마트,무상
10211,롯데하이마트 기장점,중소폐가전,수거함 설치,"부산 기장군 기장읍 읍내로 91, (동부리) ",롯데하이마트,무상
10212,롯데하이마트 길동점,중소폐가전,수거함 설치,"서울 강동구 양재대로 1540, (길동,하이마트길동점) ",롯데하이마트,무상
10213,롯데하이마트 김제점,중소폐가전,수거함 설치,"전북 김제시 중앙로 156, (요촌동) ",롯데하이마트,무상
10214,롯데하이마트 김천점,중소폐가전,수거함 설치,"경북 김천시 자산로 198, (성내동) ",롯데하이마트,무상
10215,롯데하이마트 김포공항롯데마트점,중소폐가전,수거함 설치,"서울 강서구 하늘길 38, 롯데몰(방화동,스카이시티) ",롯데하이마트,무상
10216,롯데하이마트 김해내동점,중소폐가전,수거함 설치,"경남 김해시 구지로 36, (내동) ",롯데하이마트,무상
10217,롯데하이마트 김해롯데마트점,중소폐가전,수거함 설치,"경남 김해시 김해대로 2330, (부원동,롯데마트) ",롯데하이마트,무상
10218,롯데하이마트 나운점,중소폐가전,수거함 설치,전북 군산시 나운동 공단대로 465 롯데하이마트 ,롯데하이마트,무상
10219,롯데하이마트 나주점,중소폐가전,수거함 설치,"전남 나주시 대호길 11, (성북동,하이마트) ",롯데하이마트,무상
10220,롯데하이마트 남악롯데아울렛점,중소폐가전,수거함 설치,"전남 무안군 삼향읍 남악로162번길 80, (남악리) ",롯데하이마트,무상
10221,롯데하이마트 남양점,중소폐가전,수거함 설치,경기 화성시 남양읍 남양성지로 69 ,롯데하이마트,무상
10222,롯데하이마트 남원롯데마트점,중소폐가전,수거함 설치,"전북 남원시 춘향로 96, (향교동,롯데마트) ",롯데하이마트,무상
10223,롯데하이마트 남원점,중소폐가전,수거함 설치,"전북 남원시 의총로 91, (왕정동,하이마트) ",롯데하이마트,무상
10224,롯데하이마트 남천점,중소폐가전,수거함 설치,"부산 수영구 광남로 2, (남천동,(주)하이마트) ",롯데하이마트,무상
10225,롯데하이마트 남춘천점,중소폐가전,수거함 설치,"강원 춘천시 춘천로 28, (퇴계동) ",롯데하이마트,무상
10226,롯데하이마트 내당점,중소폐가전,수거함 설치,대구 서구 달구벌대로 1849 ,롯데하이마트,무상
10227,롯데하이마트 내서점,중소폐가전,수거함 설치,"경남 창원시 마산회원구 내서읍 함마대로 2788, ( 중리,하이마트) ",롯데하이마트,무상
10228,롯데하이마트 노서점,중소폐가전,수거함 설치,"경북 경주시 금성로 262, (노서동,하이마트) ",롯데하이마트,무상
10229,롯데하이마트 노은롯데마트점,중소폐가전,수거함 설치,"대전 유성구 북유성대로 206, (하기동) ",롯데하이마트,무상
10230,롯데하이마트 논산점,중소폐가전,수거함 설치,"충남 논산시 중앙로 395, (취암동,해송빌딩) ",롯데하이마트,무상
10231,롯데하이마트 논현신도시점,중소폐가전,수거함 설치,인천 남동구 청능대로480 (고잔동) ,롯데하이마트,무상
10232,롯데하이마트 다산점,중소폐가전,수거함 설치,경기 남양주시 진관로22번길 2 (다산동) ,롯데하이마트,무상
10233,롯데하이마트 단계점,중소폐가전,수거함 설치,"강원 원주시 북원로 2374, (학성동) ",롯데하이마트,무상
10234,롯데하이마트 단구점,중소폐가전,수거함 설치,"강원 원주시 서원대로 455, (단구동) ",롯데하이마트,무상
10235,롯데하이마트 당진롯데마트점,중소폐가전,수거함 설치,"충남 당진시 정안로 20, (원당동,롯데마트) ",롯데하이마트,무상
10236,롯데하이마트 당진점,중소폐가전,수거함 설치,"충남 당진시 계성3길 60, (읍내동,하이마트) ",롯데하이마트,무상
10237,롯데하이마트 대구율하롯데마트점,중소폐가전,수거함 설치,"대구 동구 안심로 80, (율하동,롯데쇼핑프라자) ",롯데하이마트,무상
10238,롯데하이마트 대덕롯데마트점,중소폐가전,수거함 설치,"대전 유성구 테크노중앙로 14, (관평동,롯데마트대덕테크노밸리점) ",롯데하이마트,무상
10239,롯데하이마트 대연점,중소폐가전,수거함 설치,부산 남구 수영로 182 ,롯데하이마트,무상
10240,롯데하이마트 대잠점,중소폐가전,수거함 설치,"경북 포항시 남구 새천년대로 424, (대잠동) ",롯데하이마트,무상
10241,롯데하이마트 대치점,중소폐가전,수거함 설치,"서울 강남구 삼성로 156, 하이마트 빌딩 B1층(대치동,하이마트사옥) ",롯데하이마트,무상
10242,롯데하이마트 덕계점,중소폐가전,수거함 설치,"경남 양산시 웅상대로 831, (덕계동) ",롯데하이마트,무상
10243,롯데하이마트 덕소롯데마트점,중소폐가전,수거함 설치,"경기 남양주시 와부읍 월문천로 33, ( 덕소리,롯데마트) ",롯데하이마트,무상
10244,롯데하이마트 덕천점,중소폐가전,수거함 설치,"부산 북구 만덕대로 45, (덕천동) ",롯데하이마트,무상
10245,롯데하이마트 도계점,중소폐가전,수거함 설치,"경남 창원시 의창구 원이대로103번길 1, (도계동) ",롯데하이마트,무상
10246,롯데하이마트 도동점,중소폐가전,수거함 설치,"경남 진주시 대신로 284, (상대동) ",롯데하이마트,무상
10247,롯데하이마트 동광양점,중소폐가전,수거함 설치,"전남 광양시 중마중앙로 36, (중동) ",롯데하이마트,무상
10248,롯데하이마트 동광주점,중소폐가전,수거함 설치,"광주 북구 동문대로 188, (두암동,동광주하이마트) ",롯데하이마트,무상
10249,롯데하이마트 동구일산점,중소폐가전,수거함 설치,"울산 동구 방어진순환도로 642, (일산동,하이마트) ",롯데하이마트,무상
10250,롯데하이마트 동김해점,중소폐가전,수거함 설치,"경남 김해시 김해대로2541번길 2, (어방동) ",롯데하이마트,무상
10251,노형동,중소폐가전,수거함 설치,제주 제주시 원노형남2길 11(노형동) ,재활용도움센터(제주도),무상
10252,노형동,중소폐가전,수거함 설치,제주 제주시 수덕5길 34 ,재활용도움센터(제주도),무상
10253,노형동,중소폐가전,수거함 설치,제주 제주시 신비마을1길 6 (해안동) ,재활용도움센터(제주도),무상
10254,노형동,중소폐가전,수거함 설치,제주 제주시 월랑로2길 1(노형동) ,재활용도움센터(제주도),무상
10255,도두동,중소폐가전,수거함 설치,제주 제주시 오일장동길 51 (도두일동) ,재활용도움센터(제주도),무상
10256,도두동,중소폐가전,수거함 설치,제주 제주시 도공로 3(도두일동) ,재활용도움센터(제주도),무상
10257,롯데하이마트 NC대전유성점,중소폐가전,수거함 설치,대전 유성구 계룡로 119 NC대전유성점 8층 ,롯데하이마트,무상
10258,롯데하이마트 VIC마켓금천점,중소폐가전,수거함 설치,"서울 금천구 두산로 71, (독산동,롯데마트금천점) ",롯데하이마트,무상
10259,롯데하이마트 VIC마켓영등포점,중소폐가전,수거함 설치,"서울 영등포구 영중로 125, (영등포동8가,롯데마트) ",롯데하이마트,무상
10260,롯데하이마트 가락점,중소폐가전,수거함 설치,"서울 송파구 중대로 222, (가락동) ",롯데하이마트,무상
10261,롯데하이마트 가야점,중소폐가전,수거함 설치,"부산 부산진구 가야대로557번길 9, (가야동) ",롯데하이마트,무상
10262,롯데하이마트 간석점,중소폐가전,수거함 설치,"인천 부평구 경원대로 1017, (십정동) ",롯데하이마트,무상
10263,롯데하이마트 개봉점,중소폐가전,수거함 설치,"서울 구로구 경인로 334, (개봉동,하이마트) ",롯데하이마트,무상
10264,롯데하이마트 거제점,중소폐가전,수거함 설치,"부산 연제구 거제대로 209, (거제동) ",롯데하이마트,무상
10265,롯데하이마트 거창점,중소폐가전,수거함 설치,"경남 거창군 거창읍 거열로 134-1, ( 상림리,(주)하이마트) ",롯데하이마트,무상
10266,롯데하이마트 건대입구점,중소폐가전,수거함 설치,"서울 광진구 아차산로 300, (자양동) ",롯데하이마트,무상
10267,롯데하이마트 검단롯데마트점,중소폐가전,수거함 설치,"인천 서구 원당대로 581, (마전동,롯데마트) ",롯데하이마트,무상
10268,롯데하이마트 검단점,중소폐가전,수거함 설치,"인천 서구 서곶로 778, (당하동) ",롯데하이마트,무상
10269,롯데하이마트 경기광주역점,중소폐가전,수거함 설치,경기 광주시 포은대로 792 (역동) ,롯데하이마트,무상
10270,롯데하이마트 경기광주점,중소폐가전,수거함 설치,"경기 광주시 이배재로 8, (탄벌동) ",롯데하이마트,무상
10271,롯데하이마트 경북대점,중소폐가전,수거함 설치,대구 북구 대학로 151 ,롯데하이마트,무상
10272,롯데하이마트 경산점,중소폐가전,수거함 설치,"경북 경산시 대학로 74, (정평동) ",롯데하이마트,무상
10273,롯데하이마트 경암점,중소폐가전,수거함 설치,"전북 군산시 진포로 251, (경암동) ",롯데하이마트,무상
10274,롯데하이마트 계산점,중소폐가전,수거함 설치,"인천 계양구 장제로 791, (계산동) ",롯데하이마트,무상
10275,롯데하이마트 계양롯데마트점,중소폐가전,수거함 설치,"인천 계양구 장제로 822, (계산동,롯데마트계양점) ",롯데하이마트,무상
10276,롯데하이마트 고양롯데마트점,중소폐가전,수거함 설치,"경기 고양시 덕양구 충장로 150, (행신동,롯데마트고양점) ",롯데하이마트,무상
10277,롯데하이마트 공릉점,중소폐가전,수거함 설치,"서울 노원구 동일로 1090, (공릉동,하이마트공릉점) ",롯데하이마트,무상
10278,롯데하이마트 공주점,중소폐가전,수거함 설치,"충남 공주시 번영1로 51, (신관동) ",롯데하이마트,무상
10279,롯데하이마트 관저점,중소폐가전,수거함 설치,"대전 유성구 계백로 947, (원내동) ",롯데하이마트,무상
10280,롯데하이마트 광교롯데아울렛점,중소폐가전,수거함 설치,경기 수원시 영통구 도청로 10 롯데아울렛 광교점 3층 ,롯데하이마트,무상
10281,롯데하이마트 광명롯데아울렛점,중소폐가전,수거함 설치,"경기 광명시 일직로 17, 롯데몰 4층(일직동,이케아광명점) ",롯데하이마트,무상
10282,롯데하이마트 광복롯데몰점,중소폐가전,수거함 설치,"부산 중구 중앙대로 2, 롯데몰광복점 6층(중앙동7가,롯데백화점광복점) ",롯데하이마트,무상
10283,롯데하이마트 광산점,중소폐가전,수거함 설치,"광주 광산구 사암로 305, (월곡동) ",롯데하이마트,무상
10284,롯데하이마트 광양LF스퀘어점,중소폐가전,수거함 설치,"전남 광양시 광양읍 순광로 466, 덕례리 707(덕례리) ",롯데하이마트,무상
10285,롯데하이마트 광평점,중소폐가전,수거함 설치,"경북 구미시 구미대로 246, (광평동,광평상가) ",롯데하이마트,무상
10286,롯데하이마트 교대역점,중소폐가전,수거함 설치,"서울 서초구 서초대로 289, (서초동,하이마트서초점) ",롯데하이마트,무상
10287,롯데하이마트 교동점,중소폐가전,수거함 설치,"강원 강릉시 하슬라로 6, (교동) ",롯데하이마트,무상
10288,롯데하이마트 구로점,중소폐가전,수거함 설치,"서울 구로구 가마산로 277, (구로동,하이마트구로점) ",롯데하이마트,무상
10289,롯데하이마트 구리역점,중소폐가전,수거함 설치,"경기 구리시 경춘로 268, (수택동,(주)하이마트수택점) ",롯데하이마트,무상
10290,롯데하이마트 구리점,중소폐가전,수거함 설치,"경기 구리시 인창동 701-4 (인창동,하이마트구리점) ",롯데하이마트,무상
10291,롯데하이마트 구미롯데마트점,중소폐가전,수거함 설치,"경북 구미시 구미대로22길 11, (신평동,롯데마트구미점) ",롯데하이마트,무상
10292,롯데하이마트 군산롯데마트점,중소폐가전,수거함 설치,"전북 군산시 수송로 185, (수송동,롯데마트) ",롯데하이마트,무상
10293,외도동,중소폐가전,수거함 설치,제주 제주시 외도일동 559-1 ,재활용도움센터(제주도),무상
10294,이호동,중소폐가전,수거함 설치,제주 제주시 오도4길 33(이호이동) ,재활용도움센터(제주도),무상
10295,해안,중소폐가전,수거함 설치,제주 제주시 해안마을길 75 ,재활용도움센터(제주도),무상
10296,강정마을,중소폐가전,수거함 설치,제주 서귀포시 강정통물로 125-12(강정동) ,재활용도움센터(제주도),무상
10297,고내리,중소폐가전,수거함 설치,제주 제주시 애월읍 고내로 14 ,재활용도움센터(제주도),무상
10298,곽지리,중소폐가전,수거함 설치,제주 제주시 애월읍 곽지3길 13 ,재활용도움센터(제주도),무상
10299,귀덕리,중소폐가전,수거함 설치,제주 제주시 한림읍 귀덕로 97-8 ,재활용도움센터(제주도),무상
10300,노형동,중소폐가전,수거함 설치,제주 제주시 원노형9길 3 (노형동) ,재활용도움센터(제주도),무상
10301,노형동,중소폐가전,수거함 설치,제주 제주시 우평로 10 (노형동) ,재활용도움센터(제주도),무상
10302,노형동,중소폐가전,수거함 설치,제주 제주시 진군3길 10 (노형동) ,재활용도움센터(제주도),무상
10303,대천동(신시가지),중소폐가전,수거함 설치,제주 서귀포시 신서로 39(강정동) ,재활용도움센터(제주도),무상
10304,동명리,중소폐가전,수거함 설치,제주 제주시 한림읍 동명2길 27 ,재활용도움센터(제주도),무상
10305,동복리,중소폐가전,수거함 설치,제주 제주시 구좌읍 동복로 75-10 ,재활용도움센터(제주도),무상
10306,삼도1동,중소폐가전,수거함 설치,제주 제주시 서광로25길 16 (삼도일동) ,재활용도움센터(제주도),무상
10307,삼양동,중소폐가전,수거함 설치,제주 제주시 화삼로 47 (도련일동) ,재활용도움센터(제주도),무상
10308,삼양동,중소폐가전,수거함 설치,제주 제주시 지석10길 18 (삼양이동) ,재활용도움센터(제주도),무상
10309,상가리,중소폐가전,수거함 설치,제주 제주시 애월읍 상가로 71 ,재활용도움센터(제주도),무상
10310,색달마을,중소폐가전,수거함 설치,제주 서귀포시 색달로72번길 8 ,재활용도움센터(제주도),무상
10311,선흘1리,중소폐가전,수거함 설치,제주 제주시 조천읍 중산간동로 1241 ,재활용도움센터(제주도),무상
10312,신엄리,중소폐가전,수거함 설치,제주 제주시 애월읍 중엄3길 17 ,재활용도움센터(제주도),무상
10313,신흥리,중소폐가전,수거함 설치,제주 제주시 조천읍 조함해안로 302 ,재활용도움센터(제주도),무상
10314,아라동,중소폐가전,수거함 설치,제주 제주시 인다14길 20 (아라일동) ,재활용도움센터(제주도),무상
10315,아라동,중소폐가전,수거함 설치,제주 제주시 산천단동길 4 (아라일동) ,재활용도움센터(제주도),무상
10316,애월리,중소폐가전,수거함 설치,제주 제주시 애월읍 애월해안로 7 ,재활용도움센터(제주도),무상
10317,연동,중소폐가전,수거함 설치,제주 제주시 도령로13길 16-8 ,재활용도움센터(제주도),무상
10318,연동,중소폐가전,수거함 설치,제주 제주시 성신로 18-12 ,재활용도움센터(제주도),무상
10319,연동,중소폐가전,수거함 설치,제주 제주시 신대로16길 22(연동) ,재활용도움센터(제주도),무상
10320,연동,중소폐가전,수거함 설치,제주 제주시 연동14길 32 (연동) ,재활용도움센터(제주도),무상
10321,연동,중소폐가전,수거함 설치,제주 제주시 귀아랑길 33 (연동) ,재활용도움센터(제주도),무상
10322,연동,중소폐가전,수거함 설치,제주 제주시 은남1길 45 (연동) ,재활용도움센터(제주도),무상
10323,오라동,중소폐가전,수거함 설치,제주 제주시 오라로 115(오라일동) ,재활용도움센터(제주도),무상
10324,오라동,중소폐가전,수거함 설치,제주 제주시 아연로 165 (오라이동) ,재활용도움센터(제주도),무상
10325,와산리,중소폐가전,수거함 설치,제주 제주시 조천읍 중산간동로 924 ,재활용도움센터(제주도),무상
10326,와흘리,중소폐가전,수거함 설치,제주 제주시 조천읍 와흘4길 33-1 ,재활용도움센터(제주도),무상
10327,용담1동,중소폐가전,수거함 설치,제주 제주시 서광로5길 26 (용담일동) ,재활용도움센터(제주도),무상
10328,용담2동,중소폐가전,수거함 설치,제주 제주시 용해로 16 (용담삼동) ,재활용도움센터(제주도),무상
10329,용흥마을,중소폐가전,수거함 설치,제주 서귀포시 용흥로38번길 59-6 ,재활용도움센터(제주도),무상
10330,우도면,중소폐가전,수거함 설치,제주 제주시 우도면 조일길 123-5 ,재활용도움센터(제주도),무상
10331,이도2동,중소폐가전,수거함 설치,제주 제주시 도남로5길 25 (도남동) ,재활용도움센터(제주도),무상
10332,이도2동,중소폐가전,수거함 설치,제주 제주시 광양9길 65 (이도이동) ,재활용도움센터(제주도),무상
10333,이도2동,중소폐가전,수거함 설치,제주 제주시 독짓골8길 34 (도남동) ,재활용도움센터(제주도),무상
10334,이도2동,중소폐가전,수거함 설치,제주 제주시 신설동길 40-10 (이도이동) ,재활용도움센터(제주도),무상
10335,일도2동,중소폐가전,수거함 설치,제주 제주시 연수로 12 ,재활용도움센터(제주도),무상
10336,조천리,중소폐가전,수거함 설치,제주 제주시 조천읍 조천18길 5-5 ,재활용도움센터(제주도),무상
10337,종달리,중소폐가전,수거함 설치,제주 제주시 구좌읍 종달논길 31-10 ,재활용도움센터(제주도),무상
10338,중문동,중소폐가전,수거함 설치,제주 서귀포시 중문상로17번길 3(중문동) ,재활용도움센터(제주도),무상
10339,하가리,중소폐가전,수거함 설치,제주 제주시 애월읍 고하상로 144 ,재활용도움센터(제주도),무상
10340,하귀1리,중소폐가전,수거함 설치,제주 제주시 애월읍 하귀동남3길 16 ,재활용도움센터(제주도),무상
10341,하도리,중소폐가전,수거함 설치,제주 제주시 구좌읍 문주란로 68 ,재활용도움센터(제주도),무상
10342,하예1,중소폐가전,수거함 설치,제주 서귀포시 예래로 320 ,재활용도움센터(제주도),무상
10343,한림2리,중소폐가전,수거함 설치,제주 제주시 한림읍 한림남길 12 ,재활용도움센터(제주도),무상
10344,함덕리,중소폐가전,수거함 설치,제주 제주시 조천읍 조함해안로 532-3 ,재활용도움센터(제주도),무상
10345,화북동,중소폐가전,수거함 설치,제주 제주시 선반로10길 14 (화북일동) ,재활용도움센터(제주도),무상
10346,감산리,중소폐가전,수거함 설치,제주 서귀포시 안덕면 일주서로 1521 ,재활용도움센터(제주도),무상
10347,고성리,중소폐가전,수거함 설치,제주 서귀포시 성산읍 고성오조로 40 ,재활용도움센터(제주도),무상
10348,구억리,중소폐가전,수거함 설치,제주 서귀포시 대정읍 영어도시로 35-3 ,재활용도움센터(제주도),무상
10349,남성마을,중소폐가전,수거함 설치,제주 서귀포시 남성중로 134 ,재활용도움센터(제주도),무상
10350,남원리,중소폐가전,수거함 설치,제주 서귀포시 남원읍 남태해안로 116 ,재활용도움센터(제주도),무상
10351,덕수리,중소폐가전,수거함 설치,제주 서귀포시 안덕면 덕수회관로 88-8 ,재활용도움센터(제주도),무상
10352,동일1리,중소폐가전,수거함 설치,제주 서귀포시 대정읍 동일하모로 90 ,재활용도움센터(제주도),무상
10353,동홍동,중소폐가전,수거함 설치,제주 서귀포시 동홍중앙로 99(동홍동) ,재활용도움센터(제주도),무상
10354,마라도,중소폐가전,수거함 설치,제주 서귀포시 대정읍 마라로 127 ,재활용도움센터(제주도),무상
10355,법환마을,중소폐가전,수거함 설치,제주 서귀포시 법환로 87 ,재활용도움센터(제주도),무상
10356,보성리,중소폐가전,수거함 설치,제주 서귀포시 대정읍 보성상로 3-23 ,재활용도움센터(제주도),무상
10357,사계리,중소폐가전,수거함 설치,제주 서귀포시 안덕면 사계중앙로3번길 14 ,재활용도움센터(제주도),무상
10358,삼달1리,중소폐가전,수거함 설치,제주 서귀포시 성산읍 삼달로 249 ,재활용도움센터(제주도),무상
10359,삼달2리,중소폐가전,수거함 설치,제주 서귀포시 성산읍 삼달하동로31번길 31 ,재활용도움센터(제주도),무상
10360,상모2리,중소폐가전,수거함 설치,제주 서귀포시 대정읍 상모대서로 20번길 61 ,재활용도움센터(제주도),무상
10361,상모3리,중소폐가전,수거함 설치,제주 서귀포시 대정읍 영서중로 64 ,재활용도움센터(제주도),무상
10362,새서귀포,중소폐가전,수거함 설치,제주 서귀포시 신서귀로 87(법환동) ,재활용도움센터(제주도),무상
10363,서홍동,중소폐가전,수거함 설치,제주 서귀포시 홍중로 28(서홍동) ,재활용도움센터(제주도),무상
10364,성산리,중소폐가전,수거함 설치,제주 서귀포시 성산읍 성산등용로 65 ,재활용도움센터(제주도),무상
10365,성읍 문화마을,중소폐가전,수거함 설치,제주 서귀포시 표선면 서성일로10번길 9-6 ,재활용도움센터(제주도),무상
10366,성읍 新문화마을,중소폐가전,수거함 설치,제주 서귀포시 표선면 서성일로27번길 16-7 ,재활용도움센터(제주도),무상
10367,세화1리,중소폐가전,수거함 설치,제주 서귀포시 표선면 세화강왓로 104 ,재활용도움센터(제주도),무상
10368,세화2리,중소폐가전,수거함 설치,제주 서귀포시 표선면 가마병풍로 29 ,재활용도움센터(제주도),무상
10369,송산서귀,중소폐가전,수거함 설치,제주 서귀포시 칠십리로91번길 11 ,재활용도움센터(제주도),무상
10370,신도1리,중소폐가전,수거함 설치,제주 서귀포시 대정읍 도원남로 171-7 ,재활용도움센터(제주도),무상
10371,신동아아파트,중소폐가전,수거함 설치,충남 태안군 진벌로 34-3 ,공동주택(아파트 등),무상
10372,신산리,중소폐가전,수거함 설치,제주 서귀포시 성산읍 신산중앙로18번길 38 ,재활용도움센터(제주도),무상
10373,신양리,중소폐가전,수거함 설치,제주 서귀포시 성산읍 섭지코지로 4 ,재활용도움센터(제주도),무상
10374,신영물,중소폐가전,수거함 설치,제주 서귀포시 대정읍 최남단해안로30번길 18 ,재활용도움센터(제주도),무상
10375,신천리,중소폐가전,수거함 설치,제주 서귀포시 성산읍 신천동로 26 ,재활용도움센터(제주도),무상
10376,신평리,중소폐가전,수거함 설치,제주 서귀포시 대정읍 신평로 10 ,재활용도움센터(제주도),무상
10377,신풍리,중소폐가전,수거함 설치,제주 서귀포시 성산읍 신풍상동로 4 ,재활용도움센터(제주도),무상
10378,신흥1리,중소폐가전,수거함 설치,제주 서귀포시 남원읍 신흥로 32-5 ,재활용도움센터(제주도),무상
10379,신흥2리,중소폐가전,수거함 설치,제주 서귀포시 남원읍 중산간동로 5752 ,재활용도움센터(제주도),무상
10380,온평리,중소폐가전,수거함 설치,제주 서귀포시 성산읍 온평포구로62번길 13 ,재활용도움센터(제주도),무상
10381,온평리혼인지,중소폐가전,수거함 설치,제주 서귀포시 성산읍 온평애향로23번길 6 ,재활용도움센터(제주도),무상
10382,위미3리,중소폐가전,수거함 설치,제주 서귀포시 남원읍 태위로 377 ,재활용도움센터(제주도),무상
10383,이화마을,중소폐가전,수거함 설치,충남 태안군 원이로 820-32 ,공동주택(아파트 등),무상
10384,일과2리,중소폐가전,수거함 설치,제주 서귀포시 대정읍 서림로 6 ,재활용도움센터(제주도),무상
10385,정방동,중소폐가전,수거함 설치,제주 서귀포시 중앙로4번길 3 ,재활용도움센터(제주도),무상
10386,중앙동,중소폐가전,수거함 설치,제주 서귀포시 중앙로62번길 20(서귀동) ,재활용도움센터(제주도),무상
10387,천지동,중소폐가전,수거함 설치,제주 서귀포시 서문로 14(서귀동) ,재활용도움센터(제주도),무상
10388,태흥2리,중소폐가전,수거함 설치,제주 서귀포시 남원읍 남태해안로 489 ,재활용도움센터(제주도),무상
10389,태흥3리,중소폐가전,수거함 설치,제주 서귀포시 남원읍 태신해안로 81 ,재활용도움센터(제주도),무상
10390,표선리,중소폐가전,수거함 설치,제주 서귀포시 표선면 표선동서로 203-3 ,재활용도움센터(제주도),무상
10391,하례2리,중소폐가전,수거함 설치,제주 서귀포시 남원읍 하례돈야로 20 ,재활용도움센터(제주도),무상
10392,하모3리,중소폐가전,수거함 설치,제주 서귀포시 대정읍 신영로36번길 69-11 ,재활용도움센터(제주도),무상
10393,한남리,중소폐가전,수거함 설치,제주 서귀포시 남원읍 남한로 431-2 ,재활용도움센터(제주도),무상
10394,한중아파트,중소폐가전,수거함 설치,충남 태안군 옥파로 24 ,공동주택(아파트 등),무상
10395,해송마을아파트,중소폐가전,수거함 설치,충남 태안군 원이로 302 ,공동주택(아파트 등),무상
10396,호근,중소폐가전,수거함 설치,제주 서귀포시 호근로26번길 10(호근동) ,재활용도움센터(제주도),무상
10397,화순리,중소폐가전,수거함 설치,제주 서귀포시 안덕면 화순로 154-42 ,재활용도움센터(제주도),무상
10398,효돈동,중소폐가전,수거함 설치,제주 서귀포시 월라봉로34번길37(신효동) ,재활용도움센터(제주도),무상
10399,가흥1동행정복지센터,중소폐가전,수거함 설치,경북 영주시 대동로 13번길 9 ,"지자체(구청, 행정복지센터 등)",무상
10400,가흥2동행정복지센터,중소폐가전,수거함 설치,경북 영주시 가흥로 357 ,"지자체(구청, 행정복지센터 등)",무상
10401,가흥3단지아파트,중소폐가전,수거함 설치,경북 영주시 가흥로 343 ,공동주택(아파트 등),무상
10402,가흥4단지아파트,중소폐가전,수거함 설치,경북 영주시 가흥동 2046 ,공동주택(아파트 등),무상
10403,가흥사랑으로부영아파트,중소폐가전,수거함 설치,경북 영주시 대동로 7 ,공동주택(아파트 등),무상
10404,가흥주공아파트 1차,중소폐가전,수거함 설치,경북 영주시 대학로 130 ,공동주택(아파트 등),무상
10405,가흥주공아파트 2차,중소폐가전,수거함 설치,경북 영주시 대학로 130 ,공동주택(아파트 등),무상
10406,가흥현대아파트,중소폐가전,수거함 설치,경북 영주시 신재로12번길 61 ,공동주택(아파트 등),무상
10407,개나리맨션 2차아파트,중소폐가전,수거함 설치,경북 영주시 구성로150번길 31 ,공동주택(아파트 등),무상
10408,경일미래타운,중소폐가전,수거함 설치,경북 영주시 웃무리로13번길 15 ,공동주택(아파트 등),무상
10409,남산현대아파트,중소폐가전,수거함 설치,경북 영주시 구성로142번길 20 ,공동주택(아파트 등),무상
10410,동진타워아파트,중소폐가전,수거함 설치,경북 영주시 선비로 223 ,공동주택(아파트 등),무상
10411,명성방산아파트,중소폐가전,수거함 설치,경북 영주시 향교길 108-23 ,공동주택(아파트 등),무상
10412,명성빌리지 2차,중소폐가전,수거함 설치,경북 영주시 창진로 75 ,공동주택(아파트 등),무상
10413,삼성아파트,중소폐가전,수거함 설치,충남 태안군 환동로 18-3 ,공동주택(아파트 등),무상
10414,삼일아파트,중소폐가전,수거함 설치,경북 영주시 풍기읍 기주로 124-2 ,공동주택(아파트 등),무상
10415,상망 화성아파트,중소폐가전,수거함 설치,경북 영주시 향교길 149 ,공동주택(아파트 등),무상
10416,석미모닝파크,중소폐가전,수거함 설치,경북 영주시 남간로 17 ,공동주택(아파트 등),무상
10417,세영리첼아파트,중소폐가전,수거함 설치,경북 영주시 대동로 2 ,공동주택(아파트 등),무상
10418,세영첼시빌아파트,중소폐가전,수거함 설치,경북 영주시 남간로71번길 10 ,공동주택(아파트 등),무상
10419,스카이타운,중소폐가전,수거함 설치,경북 영주시 번영로 128 ,공동주택(아파트 등),무상
10420,시영아파트,중소폐가전,수거함 설치,경북 영주시 창진로 63 ,공동주택(아파트 등),무상
10421,영남동산 1차아파트,중소폐가전,수거함 설치,경북 영주시 원당로223번길 57 ,공동주택(아파트 등),무상
10422,영주농협파머스마켓,중소폐가전,수거함 설치,경북 영주시 구성로 25 ,공동주택(아파트 등),무상
10423,장미마을아파트,중소폐가전,수거함 설치,경북 영주시 원당로275번길 31 ,공동주택(아파트 등),무상
10424,주공아파트(영주동),중소폐가전,수거함 설치,경북 영주시 선비로 203 ,공동주택(아파트 등),무상
10425,철탄아파트,중소폐가전,수거함 설치,경북 영주시 숫골길 51 ,공동주택(아파트 등),무상
10426,청구하이츠,중소폐가전,수거함 설치,경북 영주시 영주로 334 ,공동주택(아파트 등),무상
10427,코아루노블아파트,중소폐가전,수거함 설치,경북 영주시 대학로261번길 27 ,공동주택(아파트 등),무상
10428,코아루아파트,중소폐가전,수거함 설치,경북 영주시 원당로225번길 67 ,공동주택(아파트 등),무상
10429,코오롱 1차아파트,중소폐가전,수거함 설치,경북 영주시 영주로 299 ,공동주택(아파트 등),무상
10430,코오롱2차아파트,중소폐가전,수거함 설치,경북 영주시 영주로 301 ,공동주택(아파트 등),무상
10431,태안주공2단지,중소폐가전,수거함 설치,충남 태안군 동문7길 20 태안동문 2주공 ,공동주택(아파트 등),무상
10432,평천휴먼시아아파트,중소폐가전,수거함 설치,충남 태안군 동평로 42 ,공동주택(아파트 등),무상
10433,한솔맨션,중소폐가전,수거함 설치,경북 영주시 풍기읍 남원로 152-21 ,공동주택(아파트 등),무상
10434,한양아파트,중소폐가전,수거함 설치,경북 영주시 풍기읍 동양대로 72 ,공동주택(아파트 등),무상
10435,현대강변2차아파트,중소폐가전,수거함 설치,경북 영주시 대동로 95 ,공동주택(아파트 등),무상
10436,현대강변타운아파트,중소폐가전,수거함 설치,경북 영주시 선비로 215 ,공동주택(아파트 등),무상
10437,현대궁전맨션,중소폐가전,수거함 설치,경북 영주시 대동로 197-10 ,공동주택(아파트 등),무상
10438,현대대영아파트,중소폐가전,수거함 설치,경북 영주시 구성로 160-16 ,공동주택(아파트 등),무상
10439,현대동산아파트,중소폐가전,수거함 설치,경북 영주시 남간로 38-10 ,공동주택(아파트 등),무상
10440,화성라온빌아파트,중소폐가전,수거함 설치,경북 영주시 남간로71번길 46 ,공동주택(아파트 등),무상
10441,화성리버빌1차 아파트,중소폐가전,수거함 설치,경북 영주시 신재로12번길 56 ,공동주택(아파트 등),무상
10442,화성리버빌2차아파트,중소폐가전,수거함 설치,경북 영주시 대학로142번길 39 ,공동주택(아파트 등),무상
10443,효자마을아파트,중소폐가전,수거함 설치,경북 영주시 번영로102번길 25-10 ,공동주택(아파트 등),무상
10444,휴천1동행정복지센터,중소폐가전,수거함 설치,경북 영주시 남간로 18 ,"지자체(구청, 행정복지센터 등)",무상
10445,휴천2동행정복지센터,중소폐가전,수거함 설치,경북 영주시 대학로 22 ,"지자체(구청, 행정복지센터 등)",무상
10446,휴천3동행정복지센터,중소폐가전,수거함 설치,경북 영주시 구성로 273번길 30 ,"지자체(구청, 행정복지센터 등)",무상
10447,휴천주공아파트,중소폐가전,수거함 설치,경북 영주시 구성로188번길 27 ,공동주택(아파트 등),무상
10448,휴천현대2차아파트,중소폐가전,수거함 설치,경북 영주시 지천로50번길 34-1 ,공동주택(아파트 등),무상
10449,휴천현대아파트,중소폐가전,수거함 설치,경북 영주시 지천로 46 ,공동주택(아파트 등),무상
10450,e편한세상,중소폐가전,수거함 설치,경북 경주시 강변로 540 ,공동주택(아파트 등),무상
10451,경주두산위브,중소폐가전,수거함 설치,경북 경주시 진현로 23 ,공동주택(아파트 등),무상
10452,경주우방타운,중소폐가전,수거함 설치,경북 경주시 백률로57번길 20 ,공동주택(아파트 등),무상
10453,경주푸르지오,중소폐가전,수거함 설치,경북 경주시 백률로 7 ,공동주택(아파트 등),무상
10454,단산면행정복지센터,중소폐가전,수거함 설치,경북 영주시 단산면 옥대로 36 ,"지자체(구청, 행정복지센터 등)",무상
10455,동원맨션,중소폐가전,수거함 설치,경북 경주시 초당길43번길 23 ,공동주택(아파트 등),무상
10456,동천동 행정복지센터,중소폐가전,수거함 설치,경북 경주시 동천동 798-1 ,"지자체(구청, 행정복지센터 등)",무상
10457,럭키황성아파트,중소폐가전,수거함 설치,경북 경주시 황성로 35-6 ,공동주택(아파트 등),무상
10458,문수면행정복지센터,중소폐가전,수거함 설치,경북 영주시 문수면 문수로 1363번길 35 ,"지자체(구청, 행정복지센터 등)",무상
10459,보덕동 행정복지센터,중소폐가전,수거함 설치,경북 경주시 경감로 593 ,"지자체(구청, 행정복지센터 등)",무상
10460,봉현면행정복지센터,중소폐가전,수거함 설치,경북 영주시 봉현면 오현로 27 ,"지자체(구청, 행정복지센터 등)",무상
10461,부석면행정복지센터,중소폐가전,수거함 설치,경북 영주시 부석면 부석로 49 ,"지자체(구청, 행정복지센터 등)",무상
10462,불국동 행정복지센터,중소폐가전,수거함 설치,경북 경주시 산업로 3008 ,"지자체(구청, 행정복지센터 등)",무상
10463,삼보타운,중소폐가전,수거함 설치,경북 경주시 용담로54번길 15 ,공동주택(아파트 등),무상
10464,"삼성아파트(1, 2, 3차)",중소폐가전,수거함 설치,경북 경주시 초당길55번길 10 ,공동주택(아파트 등),무상
10465,삼익아파트,중소폐가전,수거함 설치,경북 경주시 유림로33번길 10 ,공동주택(아파트 등),무상
10466,상망동행정복지센터,중소폐가전,수거함 설치,경북 영주시 광복로 87 ,"지자체(구청, 행정복지센터 등)",무상
10467,생활쓰레기집하장(불국),중소폐가전,수거함 설치,경북 경주시 구정동 431-11 ,"지자체(구청, 행정복지센터 등)",무상
10468,선주아파트비공구,중소폐가전,수거함 설치,경북 경주시 선주길 8-2 ,공동주택(아파트 등),무상
10469,선주아파트에이공구,중소폐가전,수거함 설치,경북 경주시 동천로 15 ,공동주택(아파트 등),무상
10470,성호마루한,중소폐가전,수거함 설치,경북 경주시 원지길12번길 39 ,공동주택(아파트 등),무상
10471,송정그랜져맨션,중소폐가전,수거함 설치,경북 경주시 황성로64번길 30-9 ,공동주택(아파트 등),무상
10472,순흥면행정복지센터,중소폐가전,수거함 설치,경북 영주시 순흥면 순흥로 67 ,"지자체(구청, 행정복지센터 등)",무상
10473,신안그린파크맨션,중소폐가전,수거함 설치,경북 경주시 용담로92번길 38 ,공동주택(아파트 등),무상
10474,신흥2차로얄맨션,중소폐가전,수거함 설치,경북 경주시 황성동 545-3 ,공동주택(아파트 등),무상
10475,신흥로얄맨션,중소폐가전,수거함 설치,경북 경주시 용담로92번길 53-8 ,공동주택(아파트 등),무상
10476,안정면행정복지센터,중소폐가전,수거함 설치,경북 영주시 안정면 신재로 537 ,"지자체(구청, 행정복지센터 등)",무상
10477,영주1동행정복지센터,중소폐가전,수거함 설치,경북 영주시 광복로 47 ,"지자체(구청, 행정복지센터 등)",무상
10478,영주2동행정복지센터,중소폐가전,수거함 설치,경북 영주시 선비로 181번길 10 ,"지자체(구청, 행정복지센터 등)",무상
10479,우주로얄맨션,중소폐가전,수거함 설치,경북 경주시 대안길35번길 12-1 ,공동주택(아파트 등),무상
10480,우주빌라아파트,중소폐가전,수거함 설치,경북 경주시 용담로104번길 12 ,공동주택(아파트 등),무상
10481,우주타운,중소폐가전,수거함 설치,경북 경주시 용담로 24-25 ,공동주택(아파트 등),무상
10482,월성맨션,중소폐가전,수거함 설치,경북 경주시 초당길15번길 21-10 ,공동주택(아파트 등),무상
10483,유원아파트,중소폐가전,수거함 설치,경북 경주시 용담로92번길 7-4 ,공동주택(아파트 등),무상
10484,이산면행정복지센터,중소폐가전,수거함 설치,경북 영주시 이산면 이산로 201 ,"지자체(구청, 행정복지센터 등)",무상
10485,장수면행정복지센터,중소폐가전,수거함 설치,경북 영주시 장수면 장수로 50 ,"지자체(구청, 행정복지센터 등)",무상
10486,제일타운,중소폐가전,수거함 설치,경북 경주시 유림로 6-9 ,공동주택(아파트 등),무상
10487,청우타운3차아파트,중소폐가전,수거함 설치,경북 경주시 황성로69번길 10 ,공동주택(아파트 등),무상
10488,청우파크맨션,중소폐가전,수거함 설치,경북 경주시 황성로69번길 5 ,공동주택(아파트 등),무상
10489,평은면행정복지센터,중소폐가전,수거함 설치,경북 영주시 평은면 신평로 29 ,"지자체(구청, 행정복지센터 등)",무상
10490,풍기읍행정복지센터,중소폐가전,수거함 설치,경북 영주시 풍기읍 남원로 80 ,"지자체(구청, 행정복지센터 등)",무상
10491,하망동행정복지센터,중소폐가전,수거함 설치,경북 영주시 영주로 280번길 21 ,"지자체(구청, 행정복지센터 등)",무상
10492,한길골든빌,중소폐가전,수거함 설치,경북 경주시 용담로92번길 65-15 ,공동주택(아파트 등),무상
10493,한신아파트,중소폐가전,수거함 설치,경북 경주시 황성로69번길 40 ,공동주택(아파트 등),무상
10494,현대아파트 1차,중소폐가전,수거함 설치,경북 경주시 용담로92번길 27 ,공동주택(아파트 등),무상
10495,현진에버빌,중소폐가전,수거함 설치,경북 경주시 광중길 73-16 ,공동주택(아파트 등),무상
10496,협성휴포레 황성,중소폐가전,수거함 설치,경북 경주시 유림로 21 ,공동주택(아파트 등),무상
10497,황성KCC스위첸,중소폐가전,수거함 설치,경북 경주시 유림로 23 ,공동주택(아파트 등),무상
10498,황성동 행정복지센터,중소폐가전,수거함 설치,경북 경주시 갓뒤동녘길 37 ,"지자체(구청, 행정복지센터 등)",무상
10499,황성주공아파트,중소폐가전,수거함 설치,경북 경주시 황성로16번길 39 ,공동주택(아파트 등),무상
10500,황성현대5차아파트,중소폐가전,수거함 설치,경북 경주시 황성로 60 ,공동주택(아파트 등),무상
10501,경주두산위브트레지움,중소폐가전,수거함 설치,경북 경주시 유림로 107 ,공동주택(아파트 등),무상
10502,경주명사마을,중소폐가전,수거함 설치,경북 경주시 북성로 61 ,공동주택(아파트 등),무상
10503,경주서한타운,중소폐가전,수거함 설치,경북 경주시 승삼1길 16 ,공동주택(아파트 등),무상
10504,경주용황스위첸,중소폐가전,수거함 설치,경북 경주시 용황로10길 42 ,공동주택(아파트 등),무상
10505,경주청구타운,중소폐가전,수거함 설치,경북 경주시 승삼1길 9 ,공동주택(아파트 등),무상
10506,경주충효신원아침도시아파트,중소폐가전,수거함 설치,경북 경주시 충효동 100-14 ,공동주택(아파트 등),무상
10507,경주휴엔하임퍼스트,중소폐가전,수거함 설치,경북 경주시 천북면 동산3길 23-59 ,공동주택(아파트 등),무상
10508,계림아파트,중소폐가전,수거함 설치,경북 경주시 승삼2길 8 ,공동주택(아파트 등),무상
10509,대신그린타운,중소폐가전,수거함 설치,경북 경주시 충효녹지길 138-8 ,공동주택(아파트 등),무상
10510,대신맨션,중소폐가전,수거함 설치,경북 경주시 소금강로29번길 27 ,공동주택(아파트 등),무상
10511,대신맨션2차,중소폐가전,수거함 설치,경북 경주시 양정로 331 ,공동주택(아파트 등),무상
10512,대신맨션3차,중소폐가전,수거함 설치,경북 경주시 토용길6번길 10 ,공동주택(아파트 등),무상
10513,대우1차아파트,중소폐가전,수거함 설치,경북 경주시 충효녹지길 142-9 ,공동주택(아파트 등),무상
10514,대우2차아파트,중소폐가전,수거함 설치,경북 경주시 충효5길 13 ,공동주택(아파트 등),무상
10515,보우근화아파트,중소폐가전,수거함 설치,경북 경주시 승삼2길 46 ,공동주택(아파트 등),무상
10516,북부상가아파트,중소폐가전,수거함 설치,경북 경주시 금성로386번길 5 ,공동주택(아파트 등),무상
10517,삼보마을1차,중소폐가전,수거함 설치,경북 경주시 충효2길 32 ,공동주택(아파트 등),무상
10518,삼정그린뷰경주본가,중소폐가전,수거함 설치,경북 경주시 충효1길 22-5 ,공동주택(아파트 등),무상
10519,생활쓰레기집하장(갈곡),중소폐가전,수거함 설치,경북 경주시 천북면 갈곡리 275 ,"지자체(구청, 행정복지센터 등)",무상
10520,생활쓰레기집하장(국당2),중소폐가전,수거함 설치,경북 경주시 강동면 국당리 311-5 ,"지자체(구청, 행정복지센터 등)",무상
10521,생활쓰레기집하장(동산),중소폐가전,수거함 설치,경북 경주시 천북면 동산리 564-1 ,"지자체(구청, 행정복지센터 등)",무상
10522,생활쓰레기집하장(선도1),중소폐가전,수거함 설치,경북 경주시 서악동 602 ,"지자체(구청, 행정복지센터 등)",무상
10523,생활쓰레기집하장(선도2),중소폐가전,수거함 설치,경북 경주시 충효동 940-3 ,"지자체(구청, 행정복지센터 등)",무상
10524,생활쓰레기집하장(성건),중소폐가전,수거함 설치,경북 경주시 성건동 620-800 ,"지자체(구청, 행정복지센터 등)",무상
10525,생활쓰레기집하장(오금),중소폐가전,수거함 설치,경북 경주시 강동면 오금리 878 ,"지자체(구청, 행정복지센터 등)",무상
10526,생활쓰레기집하장(월성1),중소폐가전,수거함 설치,경북 경주시 배반동 795-6 ,"지자체(구청, 행정복지센터 등)",무상
10527,생활쓰레기집하장(월성2),중소폐가전,수거함 설치,경북 경주시 배반동 51-10 ,"지자체(구청, 행정복지센터 등)",무상
10528,생활쓰레기집하장(호명),중소폐가전,수거함 설치,경북 경주시 강동면 호명리 1073-5 ,"지자체(구청, 행정복지센터 등)",무상
10529,생활쓰레기집하장(황남),중소폐가전,수거함 설치,경북 경주시 포석로 742-26 ,"지자체(구청, 행정복지센터 등)",무상
10530,선도동 행정복지센터,중소폐가전,수거함 설치,경북 경주시 태종로 416 ,"지자체(구청, 행정복지센터 등)",무상
10531,성건동 행정복지센터,중소폐가전,수거함 설치,경북 경주시 금성로 370 ,"지자체(구청, 행정복지센터 등)",무상
10532,에덴타운,중소폐가전,수거함 설치,경북 경주시 충효5길 30 ,공동주택(아파트 등),무상
10533,용강 삼환나우빌,중소폐가전,수거함 설치,경북 경주시 다불로 49 ,공동주택(아파트 등),무상
10534,용강동 행정복지센터,중소폐가전,수거함 설치,경북 경주시 토용길 20 ,"지자체(구청, 행정복지센터 등)",무상
10535,용강주공아파트,중소폐가전,수거함 설치,경북 경주시 승삼1길 34 ,공동주택(아파트 등),무상
10536,우주용강타운,중소폐가전,수거함 설치,경북 경주시 승삼2길 18 ,공동주택(아파트 등),무상
10537,월성동 행정복지센터,중소폐가전,수거함 설치,경북 경주시 원화로 177 ,"지자체(구청, 행정복지센터 등)",무상
10538,위덕삼성타운,중소폐가전,수거함 설치,경북 경주시 강동면 동해대로 166-11 ,공동주택(아파트 등),무상
10539,이안경주충효아파트,중소폐가전,수거함 설치,경북 경주시 태종로 399 ,공동주택(아파트 등),무상
10540,장미동산타워,중소폐가전,수거함 설치,경북 경주시 동문로 68 ,공동주택(아파트 등),무상
10541,장미타워맨션,중소폐가전,수거함 설치,경북 경주시 승삼2길 30 ,공동주택(아파트 등),무상
10542,중부동 행정복지센터,중소폐가전,수거함 설치,경북 경주시 원효로 50 ,"지자체(구청, 행정복지센터 등)",무상
10543,천북면 행정복지센터,중소폐가전,수거함 설치,경북 경주시 천북면 천북로 383 ,"지자체(구청, 행정복지센터 등)",무상
10544,코아루그랑블,중소폐가전,수거함 설치,경북 경주시 능원길 22 ,공동주택(아파트 등),무상
10545,현대아파트,중소폐가전,수거함 설치,경북 경주시 충효3길 28-3 ,공동주택(아파트 등),무상
10546,현진에버빌2차,중소폐가전,수거함 설치,경북 경주시 광중길 73-6 ,공동주택(아파트 등),무상
10547,협성휴포레 용황,중소폐가전,수거함 설치,경북 경주시 용황로7길 8 ,공동주택(아파트 등),무상
10548,황남동 행정복지센터,중소폐가전,수거함 설치,경북 경주시 첨성로 47 ,"지자체(구청, 행정복지센터 등)",무상
10549,황오동 행정복지센터,중소폐가전,수거함 설치,경북 경주시 북성로 130 ,"지자체(구청, 행정복지센터 등)",무상
10550,강동면 행정복지센터,중소폐가전,수거함 설치,경북 경주시 강동면 강동로 19 ,"지자체(구청, 행정복지센터 등)",무상
10551,건천읍 행정복지센터,중소폐가전,수거함 설치,경북 경주시 건천읍 내서로 1106 ,"지자체(구청, 행정복지센터 등)",무상
10552,건천휴먼시아,중소폐가전,수거함 설치,경북 경주시 건천읍 대곡용명길 27 ,공동주택(아파트 등),무상
10553,경주 외동 미소지움 아파트,중소폐가전,수거함 설치,경북 경주시 외동읍 순금1길 7 외동 ,공동주택(아파트 등),무상
10554,경주 외동 미소지움시티,중소폐가전,수거함 설치,경북 경주시 외동읍 입실리 ,공동주택(아파트 등),무상
10555,경주센트럴푸르지오,중소폐가전,수거함 설치,경북 경주시 현곡면 용담로 548 ,공동주택(아파트 등),무상
10556,경주안강엘에이치아파트,중소폐가전,수거함 설치,경북 경주시 안강읍 안강중앙로 141 ,공동주택(아파트 등),무상
10557,경주외동사랑으로부영1단지,중소폐가전,수거함 설치,경북 경주시 외동읍 산업로 1769 ,공동주택(아파트 등),무상
10558,경주외동사랑으로부영2단지,중소폐가전,수거함 설치,경북 경주시 외동읍 모화리 1854 ,공동주택(아파트 등),무상
10559,경주외동엘에이치아파트,중소폐가전,수거함 설치,경북 경주시 외동읍 본동길 14 ,공동주택(아파트 등),무상
10560,경주현곡푸르지오,중소폐가전,수거함 설치,경북 경주시 현곡면 새안현로 23 ,공동주택(아파트 등),무상
10561,금성로얄아파트,중소폐가전,수거함 설치,경북 경주시 현곡면 안현로 19-11 ,공동주택(아파트 등),무상
10562,꿈애공간,중소폐가전,수거함 설치,경북 경주시 건천읍 대곡용명길 24 ,공동주택(아파트 등),무상
10563,내남면 행정복지센터,중소폐가전,수거함 설치,경북 경주시 내남면 이조중앙길 31 ,"지자체(구청, 행정복지센터 등)",무상
10564,문무대왕면 행정복지센터,중소폐가전,수거함 설치,경북 경주시 문무대왕면 어일중앙길 24 ,"지자체(구청, 행정복지센터 등)",무상
10565,산내면 행정복지센터,중소폐가전,수거함 설치,경북 경주시 산내면 문복로 1822 ,"지자체(구청, 행정복지센터 등)",무상
10566,삼성강변타운,중소폐가전,수거함 설치,경북 경주시 현곡면 금장5길 20-14 ,공동주택(아파트 등),무상
10567,새한센시빌,중소폐가전,수거함 설치,경북 경주시 현곡면 안현로 68-7 ,공동주택(아파트 등),무상
10568,생활쓰레기집하장(가정),중소폐가전,수거함 설치,경북 경주시 현곡면 가정리 59-10 ,"지자체(구청, 행정복지센터 등)",무상
10569,생활쓰레기집하장(개곡),중소폐가전,수거함 설치,경북 경주시 외동읍 개곡리 1065-9 ,"지자체(구청, 행정복지센터 등)",무상
10570,생활쓰레기집하장(구길),중소폐가전,수거함 설치,경북 경주시 문무대왕면 구길리 574 ,"지자체(구청, 행정복지센터 등)",무상
10571,생활쓰레기집하장(국당1),중소폐가전,수거함 설치,경북 경주시 강동면 국당리 751-5 ,"지자체(구청, 행정복지센터 등)",무상
10572,생활쓰레기집하장(권이),중소폐가전,수거함 설치,경북 경주시 문무대왕면 권이리 383-1 ,"지자체(구청, 행정복지센터 등)",무상
10573,생활쓰레기집하장(냉천),중소폐가전,수거함 설치,경북 경주시 외동읍 냉천리 965 ,"지자체(구청, 행정복지센터 등)",무상
10574,생활쓰레기집하장(대현1),중소폐가전,수거함 설치,경북 경주시 산내면 대현리 598 ,"지자체(구청, 행정복지센터 등)",무상
10575,생활쓰레기집하장(대현2),중소폐가전,수거함 설치,경북 경주시 산내면 대현리 3037-1 ,"지자체(구청, 행정복지센터 등)",무상
10576,생활쓰레기집하장(도리),중소폐가전,수거함 설치,경북 경주시 서면 도리 1130 ,"지자체(구청, 행정복지센터 등)",무상
10577,생활쓰레기집하장(라원),중소폐가전,수거함 설치,경북 경주시 현곡면 라원리 1194-9 ,"지자체(구청, 행정복지센터 등)",무상
10578,생활쓰레기집하장(명계),중소폐가전,수거함 설치,경북 경주시 내남면 명계리 842-1 ,"지자체(구청, 행정복지센터 등)",무상
10579,생활쓰레기집하장(비지),중소폐가전,수거함 설치,경북 경주시 내남면 비지리 605 ,"지자체(구청, 행정복지센터 등)",무상
10580,생활쓰레기집하장(사라),중소폐가전,수거함 설치,경북 경주시 서면 사라리 464-1 ,"지자체(구청, 행정복지센터 등)",무상
10581,생활쓰레기집하장(송선),중소폐가전,수거함 설치,경북 경주시 건천읍 송선리 1153-9 ,"지자체(구청, 행정복지센터 등)",무상
10582,생활쓰레기집하장(신서리),중소폐가전,수거함 설치,경북 경주시 양남면 신서리 210-1 ,"지자체(구청, 행정복지센터 등)",무상
10583,생활쓰레기집하장(신평),중소폐가전,수거함 설치,경북 경주시 건천읍 신평리 401-1 ,"지자체(구청, 행정복지센터 등)",무상
10584,생활쓰레기집하장(안심),중소폐가전,수거함 설치,경북 경주시 내남면 안심리 1231 ,"지자체(구청, 행정복지센터 등)",무상
10585,생활쓰레기집하장(일부),중소폐가전,수거함 설치,경북 경주시 산내면 일부리 887-1 ,"지자체(구청, 행정복지센터 등)",무상
10586,생활쓰레기집하장(천포),중소폐가전,수거함 설치,경북 경주시 건천읍 천포리 1165-186 ,"지자체(구청, 행정복지센터 등)",무상
10587,생활쓰레기집하장(활성),중소폐가전,수거함 설치,경북 경주시 외동읍 활성리 948-1 ,"지자체(구청, 행정복지센터 등)",무상
10588,서면 행정복지센터,중소폐가전,수거함 설치,경북 경주시 서면 내서로 458 ,"지자체(구청, 행정복지센터 등)",무상
10589,성도대자연타운,중소폐가전,수거함 설치,경북 경주시 외동읍 산업로 1768-16 ,공동주택(아파트 등),무상
10590,세정스위츠리버아파트,중소폐가전,수거함 설치,경북 경주시 현곡면 안현로 43-9 ,공동주택(아파트 등),무상
10591,신한토탈아파트,중소폐가전,수거함 설치,경북 경주시 현곡면 금장5길 34 ,공동주택(아파트 등),무상
10592,신흥아델리움,중소폐가전,수거함 설치,경북 경주시 현곡면 안현로 68-12 ,공동주택(아파트 등),무상
10593,아진하이웰빙아파트,중소폐가전,수거함 설치,경북 경주시 현곡면 안현로 428-4 ,공동주택(아파트 등),무상
10594,안강이안지안스아파트,중소폐가전,수거함 설치,경북 경주시 안강읍 화전길 99 ,공동주택(아파트 등),무상
10595,양남면 행정복지센터,중소폐가전,수거함 설치,경북 경주시 양남면 다래길 8 ,"지자체(구청, 행정복지센터 등)",무상
10596,외동읍 행정복지센터,중소폐가전,수거함 설치,경북 경주시 외동읍 읍청사로 25 ,"지자체(구청, 행정복지센터 등)",무상
10597,우남리버빌,중소폐가전,수거함 설치,경북 경주시 현곡면 금장2길 4 ,공동주택(아파트 등),무상
10598,주공아파트,중소폐가전,수거함 설치,경북 경주시 현곡면 금장리 384-40 ,공동주택(아파트 등),무상
10599,한동그린타운,중소폐가전,수거함 설치,경북 경주시 안강읍 산대리 1346-9 ,공동주택(아파트 등),무상
10600,현곡면 행정복지센터,중소폐가전,수거함 설치,경북 경주시 금장2길 12 ,"지자체(구청, 행정복지센터 등)",무상
10601,가곡1리 교동빌라 앞,중소폐가전,수거함 설치,경북 봉화군 상운면 예봉로 1231-9 ,공동주택(아파트 등),무상
10602,가곡1리 면사무소,중소폐가전,수거함 설치,경북 봉화군 상운면 예봉로 1281 ,"지자체(구청, 행정복지센터 등)",무상
10603,가곡3리 가곡3리 경로당 앞,중소폐가전,수거함 설치,경북 봉화군 상운면 후평길 33 ,공동주택(아파트 등),무상
10604,갈산1리 갈산경로당 앞,중소폐가전,수거함 설치,경북 봉화군 재산면 재산로 799 ,공동주택(아파트 등),무상
10605,갈산2리 대곡마을회관,중소폐가전,수거함 설치,경북 봉화군 재산면 갈산로 661-13 ,공동주택(아파트 등),무상
10606,감포읍 행정복지센터,중소폐가전,수거함 설치,경북 경주시 감포읍 감포로 8길 14-8 ,"지자체(구청, 행정복지센터 등)",무상
10607,고계1리 마을회관,중소폐가전,수거함 설치,경북 봉화군 명호면 명재로 87-4 ,공동주택(아파트 등),무상
10608,관창리 청량산관리사무소,중소폐가전,수거함 설치,경북 봉화군 명호면 청량로 255 ,"지자체(구청, 행정복지센터 등)",무상
10609,남면리 마을회관,중소폐가전,수거함 설치,경북 봉화군 재산면 남면리 840-1 ,공동주택(아파트 등),무상
10610,대현1리 경로당 앞,중소폐가전,수거함 설치,경북 봉화군 석포면 달바위길 3-11 ,공동주택(아파트 등),무상
10611,도천4리 구름다리앞,중소폐가전,수거함 설치,경북 봉화군 명호면 갈천길 31 ,공동주택(아파트 등),무상
10612,동면1리 뚜드리 힐링센터 앞,중소폐가전,수거함 설치,경북 봉화군 재산면 동면로 410 ,공동주택(아파트 등),무상
10613,동면1리 소내골 정자앞,중소폐가전,수거함 설치,경북 봉화군 재산면 소내골길 29 ,공동주택(아파트 등),무상
10614,동면2리 경로당,중소폐가전,수거함 설치,경북 봉화군 재산면 두들마길 43,공동주택(아파트 등),무상
10615,동면2리 마을회관,중소폐가전,수거함 설치,경북 봉화군 재산면 두들마길 43,공동주택(아파트 등),무상
10616,문촌리 경로당 앞,중소폐가전,수거함 설치,경북 봉화군 상운면 기촌길 6-5  ,공동주택(아파트 등),무상
10617,북경주(안강읍) 행정복지센터,중소폐가전,수거함 설치,경북 경주시 안강읍 비화원로 47 ,"지자체(구청, 행정복지센터 등)",무상
10618,분천5리 경로당,중소폐가전,수거함 설치,경상북도 봉화군 소천면 분천리 555 ,공동주택(아파트 등),무상
10619,삼도타운,중소폐가전,수거함 설치,경북 경주시 안강읍 산대리 2393-2 ,공동주택(아파트 등),무상
10620,삼동1리 마을회관 앞,중소폐가전,수거함 설치,경북 봉화군 명호면 삼동리 901 ,공동주택(아파트 등),무상
10621,상리 상리경로당,중소폐가전,수거함 설치,경북 봉화군 재산면 명재로 785 ,공동주택(아파트 등),무상
10622,상리 여태경로당 앞,중소폐가전,수거함 설치,경북 봉화군 재산면 여퇴길 16 ,공동주택(아파트 등),무상
10623,생활쓰레기집하장(갑산),중소폐가전,수거함 설치,경북 경주시 안강읍 갑산리 743-2 ,"지자체(구청, 행정복지센터 등)",무상
10624,생활쓰레기집하장(강교1),중소폐가전,수거함 설치,경북 경주시 안강읍 강교리 684-1 ,"지자체(구청, 행정복지센터 등)",무상
10625,생활쓰레기집하장(강교2),중소폐가전,수거함 설치,경북 경주시 안강읍 강교리 1344 ,"지자체(구청, 행정복지센터 등)",무상
10626,생활쓰레기집하장(노당),중소폐가전,수거함 설치,경북 경주시 안강읍 노당리 1088-2 ,"지자체(구청, 행정복지센터 등)",무상
10627,생활쓰레기집하장(오류),중소폐가전,수거함 설치,경북 경주시 감포읍 오류리 968-6 ,"지자체(구청, 행정복지센터 등)",무상
10628,생활쓰레기집하장(팔조),중소폐가전,수거함 설치,경북 경주시 감포읍 팔조리 869 ,"지자체(구청, 행정복지센터 등)",무상
10629,생활쓰레기집하장(하곡),중소폐가전,수거함 설치,경북 경주시 안강읍 하곡리 412-1 ,"지자체(구청, 행정복지센터 등)",무상
10630,석포1리 신축 영풍아파트 앞,중소폐가전,수거함 설치,경북 봉화군 석포면 반야길 36 ,공동주택(아파트 등),무상
10631,석포4리 석포파출소 앞,중소폐가전,수거함 설치,경북 봉화군 석포면 석포로1길 1 ,공동주택(아파트 등),무상
10632,승부리 승부경로당 앞,중소폐가전,수거함 설치,경북 봉화군 석포면 승부길 1030 ,공동주택(아파트 등),무상
10633,신라리 임당 경로당,중소폐가전,수거함 설치,경북 봉화군 상운면 임당길 248 ,공동주택(아파트 등),무상
10634,안강에덴타운,중소폐가전,수거함 설치,경북 경주시 구부랑두림길 56 ,공동주택(아파트 등),무상
10635,안강우방타운,중소폐가전,수거함 설치,경북 경주시 안강읍 산대리 2380 ,공동주택(아파트 등),무상
10636,양곡1리 쌍현회관,중소폐가전,수거함 설치,경북 봉화군 명호면 쌍현길 20-6 ,공동주택(아파트 등),무상
10637,양곡2리 율곡회관,중소폐가전,수거함 설치,경북 봉화군 명호면 양곡길 63 ,공동주택(아파트 등),무상
10638,운계1리 소야경로당 앞,중소폐가전,수거함 설치,경북 봉화군 상운면 소야길 23 ,공동주택(아파트 등),무상
10639,운계2리 경로당,중소폐가전,수거함 설치,경북 봉화군 상운면 운봉로 5-9 ,공동주택(아파트 등),무상
10640,울진금광베네스타아파트,중소폐가전,수거함 설치,경북 울진군 울진읍 울진북로 602 ,공동주택(아파트 등),무상
10641,토일리 중토마을 쉼터,중소폐가전,수거함 설치,경상북도 봉화군 상운면 토일리 519-2 ,공동주택(아파트 등),무상
10642,풍산아파트,중소폐가전,수거함 설치,경북 경주시 안강읍 호국로 2606-56 ,공동주택(아파트 등),무상
10643,풍호1리 비나리마을(교육장소),중소폐가전,수거함 설치,경북 봉화군 명호면 비나리길 141 ,공동주택(아파트 등),무상
10644,풍호2리 경로당,중소폐가전,수거함 설치,경북 봉화군 명호면 여깨길 162 ,공동주택(아파트 등),무상
10645,하눌1리 한누리권역 앞,중소폐가전,수거함 설치,경북 봉화군 상운면 하눌로 4 ,공동주택(아파트 등),무상
10646,하눌2리 이동경로당 앞,중소폐가전,수거함 설치,경북 봉화군 상운면 계밑길 5-5 ,공동주택(아파트 등),무상
10647,한동화성타운,중소폐가전,수거함 설치,경북 경주시 안강읍 산대리 1346-3 ,공동주택(아파트 등),무상
10648,한울원자력본부 나곡사택,중소폐가전,수거함 설치,경북 울진군 울진북로 2149 ,공동주택(아파트 등),무상
10649,한울원자력본부 죽변사택,중소폐가전,수거함 설치,경북 울진군 후정2길 20-17 ,공동주택(아파트 등),무상
10650,현동1리 마을회관,중소폐가전,수거함 설치,경북 봉화군 재산면 대내골길 24 현동1리마을회관 ,공동주택(아파트 등),무상
10651,현동1리 재산정류소,중소폐가전,수거함 설치,경북 봉화군 재산면 현동리 664-5 ,공동주택(아파트 등),무상
10652,현동2리 마을회관,중소폐가전,수거함 설치,경북 봉화군 재산면 재산로 482 ,공동주택(아파트 등),무상
10653,금봉1리 마을회관,중소폐가전,수거함 설치,경북 봉화군 봉성면 문화마을길 68 ,공동주택(아파트 등),무상
10654,금봉2리 마을회관,중소폐가전,수거함 설치,경북 봉화군 봉성면 꿀덩이길 9 ,공동주택(아파트 등),무상
10655,남회룡리 남회룡회관,중소폐가전,수거함 설치,경북 봉화군 소천면 남회룡로 1005-20 ,공동주택(아파트 등),무상
10656,눌산1리 마을회관,중소폐가전,수거함 설치,경북 봉화군 법전면 눌산길 87 ,공동주택(아파트 등),무상
10657,도심1리 마을회관,중소폐가전,수거함 설치,경북 봉화군 춘양면 우촌길 31-4 ,공동주택(아파트 등),무상
10658,도심2리 마을회관,중소폐가전,수거함 설치,경북 봉화군 춘양면 도심길 80 ,공동주택(아파트 등),무상
10659,도심3리 마을회관 앞,중소폐가전,수거함 설치,경북 봉화군 춘양면 황터길 128 ,공동주택(아파트 등),무상
10660,동양리 할머니경로당,중소폐가전,수거함 설치,경북 봉화군 봉성면 동양길 11-17 ,공동주택(아파트 등),무상
10661,법전1리 마을회관,중소폐가전,수거함 설치,경북 봉화군 법전면 법전로 99-40 ,공동주택(아파트 등),무상
10662,법전1리 법전농협,중소폐가전,수거함 설치,경북 봉화군 법전면 법전로 80-10 ,공동주택(아파트 등),무상
10663,법전1리 용동경로당,중소폐가전,수거함 설치,경북 봉화군 법전면 용동길 54 ,공동주택(아파트 등),무상
10664,법전1리 음지마을 2층집,중소폐가전,수거함 설치,경북 봉화군 법전면 법전로 100 ,공동주택(아파트 등),무상
10665,법전2리 마을회관,중소폐가전,수거함 설치,경북 봉화군 법전면 모랫골길 210-3 ,공동주택(아파트 등),무상
10666,봉성1리 면사무소,중소폐가전,수거함 설치,경북 봉화군 봉성면 옥마로 23 ,"지자체(구청, 행정복지센터 등)",무상
10667,봉성1리 복지회관 앞,중소폐가전,수거함 설치,경북 봉화군 봉성면 이색골길 27 ,공동주택(아파트 등),무상
10668,봉성2리 농협창고 뒤,중소폐가전,수거함 설치,경북 봉화군 봉성면 봉명로 551 ,공동주택(아파트 등),무상
10669,봉양1리 마을회관,중소폐가전,수거함 설치,경북 봉화군 봉성면 이색골길 27 ,공동주택(아파트 등),무상
10670,봉양2리 마을회관 앞,중소폐가전,수거함 설치,경북 봉화군 봉성면 봉양4길 25 ,공동주택(아파트 등),무상
10671,분천2리 봉덕식당 앞,중소폐가전,수거함 설치,경북 봉화군 소천면 분천2길 4-10 ,공동주택(아파트 등),무상
10672,분천5리 분천5리 마을회관 앞,중소폐가전,수거함 설치,경북 봉화군 소천면 남회룡로 1485 ,공동주택(아파트 등),무상
10673,서동리 거곡경로당,중소폐가전,수거함 설치,경북 봉화군 춘양면 거곡길 225 ,공동주택(아파트 등),무상
10674,서동리 서원 경로당,중소폐가전,수거함 설치,경북 봉화군 춘양면 거곡길 42 ,공동주택(아파트 등),무상
10675,서벽3리 마을회관,중소폐가전,수거함 설치,경북 봉화군 춘양면 문수로 2187-4 ,공동주택(아파트 등),무상
10676,서천리 마을회관,중소폐가전,수거함 설치,경북 봉화군 소천면 갈산로 1012 ,공동주택(아파트 등),무상
10677,서천리 성안자원,중소폐가전,수거함 설치,"경북 봉화군 소천면 서천리 64-4, 경북 봉화군 소천면 장군길 231 ",공동주택(아파트 등),무상
10678,석현2리 마을회관,중소폐가전,수거함 설치,경북 봉화군 춘양면 공세동길 26 ,공동주택(아파트 등),무상
10679,소천2리 마을회관,중소폐가전,수거함 설치,경북 봉화군 법전면 어은골길 29 ,공동주택(아파트 등),무상
10680,어지2리 어르말 경로당,중소폐가전,수거함 설치,경북 봉화군 법전면 어르말길 75 ,공동주택(아파트 등),무상
10681,오록1리 마을회관 앞,중소폐가전,수거함 설치,경북 봉화군 물야면 오록2길 63 ,공동주택(아파트 등),무상
10682,외삼1리 마을회관,중소폐가전,수거함 설치,경북 봉화군 봉성면 하눌로 472 ,공동주택(아파트 등),무상
10683,외삼2리 마을회관앞,중소폐가전,수거함 설치,"경북 봉화군 봉성면 봉명로 203, 경북 봉화군 봉성면 외삼리 464 ",공동주택(아파트 등),무상
10684,우곡1리 마을회관앞,중소폐가전,수거함 설치,경북 봉화군 봉성면 시거리길 228 ,공동주택(아파트 등),무상
10685,우곡2리 마을회관앞,중소폐가전,수거함 설치,경북 봉화군 봉성면 시거리길 16 ,공동주택(아파트 등),무상
10686,의양1리 공용주차장,중소폐가전,수거함 설치,경북 봉화군 춘양면 의양리 351-3 ,공동주택(아파트 등),무상
10687,의양1리 마을회관,중소폐가전,수거함 설치,경북 봉화군 춘양면 남산편1길 18-15 ,공동주택(아파트 등),무상
10688,의양2리 춘양면사무소,중소폐가전,수거함 설치,경북 봉화군 춘양면 의양로5길 19 ,공동주택(아파트 등),무상
10689,의양3리 마을회관,중소폐가전,수거함 설치,경북 봉화군 춘양면 현마1길 15 ,공동주택(아파트 등),무상
10690,의양4리 마을회관,중소폐가전,수거함 설치,경북 봉화군 춘양면 운곡1길 7-17 ,공동주택(아파트 등),무상
10691,의양4리 모아글로벌시티,중소폐가전,수거함 설치,경북 봉화군 춘양면 춘양로 255-27 ,공동주택(아파트 등),무상
10692,의양4리 번영빌라,중소폐가전,수거함 설치,경북 봉화군 춘양면 춘양로 245 ,공동주택(아파트 등),무상
10693,의양4리 일월 아파트 앞,중소폐가전,수거함 설치,경북 봉화군 춘양면 춘양로 253 ,공동주택(아파트 등),무상
10694,임기2리 청년회의소,중소폐가전,수거함 설치,경북 봉화군 소천면 숲터길 35-3 ,공동주택(아파트 등),무상
10695,창평리 마을회관,중소폐가전,수거함 설치,경북 봉화군 봉성면 다덕로 670 ,공동주택(아파트 등),무상
10696,척곡1리 건문골 경로당,중소폐가전,수거함 설치,경북 봉화군 법전면 척곡1리 ,공동주택(아파트 등),무상
10697,척곡1리 양촌경로당,중소폐가전,수거함 설치,경북 봉화군 법전면 사미정로 21 ,공동주택(아파트 등),무상
10698,척곡2리 마을회관,중소폐가전,수거함 설치,경북 봉화군 법전면 중간들길 13 ,공동주택(아파트 등),무상
10699,풍정1리 마을회관,중소폐가전,수거함 설치,경북 봉화군 법전면 옥마로 380-3 ,공동주택(아파트 등),무상
10700,현동1리 마을금고 앞,중소폐가전,수거함 설치,경북 봉화군 소천면 소천로 1269-3 ,공동주택(아파트 등),무상
10701,현동1리 면사무소,중소폐가전,수거함 설치,경북 봉화군 소천면 소천로 1294 ,"지자체(구청, 행정복지센터 등)",무상
10702,현동2리 마을회관,중소폐가전,수거함 설치,경북 봉화군 소천면 소천로 1239 ,공동주택(아파트 등),무상
10703,현동4리 마을회관,중소폐가전,수거함 설치,경북 봉화군 소천면 소천로 1327 ,공동주택(아파트 등),무상
10704,가평1리 마을회관,중소폐가전,수거함 설치,경북 봉화군 물야면 구릉길 21 ,공동주택(아파트 등),무상
10705,개단1리 마을회관,중소폐가전,수거함 설치,경북 봉화군 물야면 월계길 489-11 ,공동주택(아파트 등),무상
10706,개단3리 마을회관,중소폐가전,수거함 설치,경북 봉화군 물야면 마장길 302-4 ,공동주택(아파트 등),무상
10707,개단4리 마을회관,중소폐가전,수거함 설치,경북 봉화군 물야면 월계길 104 ,공동주택(아파트 등),무상
10708,거촌1리 거촌1리마을회관,중소폐가전,수거함 설치,경북 봉화군 봉화읍 거촌1리 봉화읍 거수1길 18 ,공동주택(아파트 등),무상
10709,거촌1리 군부대,중소폐가전,수거함 설치,경북 봉화군 봉화읍 거수1길 10 ,공동주택(아파트 등),무상
10710,거촌2리 마을회관 앞,중소폐가전,수거함 설치,경북 봉화군 봉화읍 거촌2리 황전길 9 ,공동주택(아파트 등),무상
10711,거촌2리 학동경로당,중소폐가전,수거함 설치,경북 봉화군 봉화읍 학동길 25-8 ,공동주택(아파트 등),무상
10712,거촌3리 귀동경로당,중소폐가전,수거함 설치,경북 봉화군 봉성면 거촌로 349-1 ,공동주택(아파트 등),무상
10713,거촌3리 마을회관(본동),중소폐가전,수거함 설치,경북 봉화군 봉성면 거촌로 349-1 ,공동주택(아파트 등),무상
10714,내성1리 가든목화아파트,중소폐가전,수거함 설치,경북 봉화군 봉화읍 거촌로 55 ,공동주택(아파트 등),무상
10715,내성1리 봉화초등관사,중소폐가전,수거함 설치,경북 봉화군 봉화읍 내성로7길 3 ,공동주택(아파트 등),무상
10716,내성2리 세현아파트,중소폐가전,수거함 설치,경북 봉화군 봉화읍 내성로3길 18-1  ,공동주택(아파트 등),무상
10717,내성3리 KG하이빌,중소폐가전,수거함 설치,경북 봉화군 봉화읍 예봉로 2032-32 ,공동주택(아파트 등),무상
10718,내성3리 서경리빙텔,중소폐가전,수거함 설치,경북 봉화군 봉화읍 내성로 50-43 ,공동주택(아파트 등),무상
10719,내성4리 명성센시빌2차아파트,중소폐가전,수거함 설치,경북 봉화군 봉화읍 보밑길 32 ,공동주택(아파트 등),무상
10720,내성4리 명성장원아파트,중소폐가전,수거함 설치,경북 봉화군 봉화읍 꽃동네길 23 ,공동주택(아파트 등),무상
10721,내성4리 화송연립주택,중소폐가전,수거함 설치,경북 봉화군 봉화읍 꽃동네길 8 ,공동주택(아파트 등),무상
10722,내성5리 로얄아파트 3차,중소폐가전,수거함 설치,경북 봉화군 봉화읍 교촌2길 3 ,공동주택(아파트 등),무상
10723,내성5리 명성센시빌1차,중소폐가전,수거함 설치,경북 봉화군 봉화읍 교촌길 11 ,공동주택(아파트 등),무상
10724,내성5리 명성한빛아파트,중소폐가전,수거함 설치,경북 봉화군 봉화읍 교촌길 64 ,공동주택(아파트 등),무상
10725,내성5리 모아글로벌시티,중소폐가전,수거함 설치,경북 봉화군 봉화읍 교촌길 27-1 ,공동주택(아파트 등),무상
10726,내성5리 목련맨션,중소폐가전,수거함 설치,경북 봉화군 봉화읍 교촌길 54-7 ,공동주택(아파트 등),무상
10727,"내성5리 삼영주택(A,B동)",중소폐가전,수거함 설치,경북 봉화군 봉화읍 교촌길 51 ,공동주택(아파트 등),무상
10728,내성5리 톱텍시티파크,중소폐가전,수거함 설치,경북 봉화군 봉화읍 교촌1길 2-1 ,공동주택(아파트 등),무상
10729,도촌2리 도촌2리마을회관,중소폐가전,수거함 설치,경북 봉화군 봉화읍 율리길 71 ,공동주택(아파트 등),무상
10730,두문2리 마을회관,중소폐가전,수거함 설치,경북 봉화군 물야면 두문로 687 ,공동주택(아파트 등),무상
10731,문단1리 문단1리마을회관,중소폐가전,수거함 설치,경북 봉화군 봉화읍 수안길 2-25 ,공동주택(아파트 등),무상
10732,문단2리 배진기경로당,중소폐가전,수거함 설치,경북 봉화군 봉화읍 문단2길 17-1 ,공동주택(아파트 등),무상
10733,북지2리 마을회관,중소폐가전,수거함 설치,경북 봉화군 물야면 문수로 255 ,공동주택(아파트 등),무상
10734,석평3리 석평3리마을회관,중소폐가전,수거함 설치,경북 봉화군 봉화읍 한골길 2 마을회관 ,공동주택(아파트 등),무상
10735,성주우방타운,중소폐가전,수거함 설치,경북 성주군 성주읍 성주순환로 14 ,공동주택(아파트 등),무상
10736,성주우방타운(1),중소폐가전,수거함 설치,경북 성주군 성주읍 성주순환로 14 ,공동주택(아파트 등),무상
10737,신성강변타운,중소폐가전,수거함 설치,경북 성주군 성주읍 성밖숲길 43 ,공동주택(아파트 등),무상
10738,신성강변타운(1),중소폐가전,수거함 설치,경북 성주군 성주읍 성밖숲길 43 ,공동주택(아파트 등),무상
10739,실리안아파트,중소폐가전,수거함 설치,경북 성주군 성주읍 성주순환로3길 35 ,공동주택(아파트 등),무상
10740,실리안아파트(1),중소폐가전,수거함 설치,경북 성주군 성주읍 성주순환로3길 35 ,공동주택(아파트 등),무상
10741,오전1리 마을회관,중소폐가전,수거함 설치,경북 봉화군 물야면 죽터길 8 ,공동주택(아파트 등),무상
10742,유곡1리 유곡1리경로당,중소폐가전,수거함 설치,경북 봉화군 봉화읍 충재길 6-1 ,공동주택(아파트 등),무상
10743,적덕1리 적덕1리마을회관,중소폐가전,수거함 설치,경북 봉화군 봉화읍 두릉골길 3 ,공동주택(아파트 등),무상
10744,청구신호타운,중소폐가전,수거함 설치,경북 성주군 성주읍 경산2길 19-8 ,공동주택(아파트 등),무상
10745,청일가야아파트,중소폐가전,수거함 설치,경북 성주군 성주읍 성주읍1길 20 ,공동주택(아파트 등),무상
10746,초전아파트,중소폐가전,수거함 설치,경북 성주군 초전면 대장길 119-3 ,공동주택(아파트 등),무상
10747,하나로아파트(1),중소폐가전,수거함 설치,경북 성주군 성주읍 성주순환로3길 25 ,공동주택(아파트 등),무상
10748,하나로아파트(1차),중소폐가전,수거함 설치,경북 성주군 성주읍 성주순환로3길 25 ,공동주택(아파트 등),무상
10749,하나로아파트(2차),중소폐가전,수거함 설치,경북 성주군 성주읍 성주순환로2길 27 ,공동주택(아파트 등),무상
10750,해저2리 센트레빌,중소폐가전,수거함 설치,경북 봉화군 봉화읍 솔안2길 10-12 ,공동주택(아파트 등),무상
10751,해저2리 한성임대아파트,중소폐가전,수거함 설치,경북 봉화군 봉화읍 봉화로 1001-34 ,공동주택(아파트 등),무상
10752,해저2리 해오름힐빌리지,중소폐가전,수거함 설치,경북 봉화군 봉화읍 솔안2길 8 ,공동주택(아파트 등),무상
10753,화천리 꽃내1길 51,중소폐가전,수거함 설치,경북 봉화군 봉화읍 화천리 꽃내1길 51 ,공동주택(아파트 등),무상
10754,경남신성,중소폐가전,수거함 설치,경북 경산시 성암로21길 71-1 ,공동주택(아파트 등),무상
10755,경산2차윤성타운,중소폐가전,수거함 설치,경북 경산시 백천길 29 ,공동주택(아파트 등),무상
10756,경산LIG1단지,중소폐가전,수거함 설치,경북 경산시 대학로9길 15-9 ,공동주택(아파트 등),무상
10757,경산LIG2단지,중소폐가전,수거함 설치,경북 경산시 대학로9길 27-12 ,공동주택(아파트 등),무상
10758,경산우방1차맨션,중소폐가전,수거함 설치,경북 경산시 대학로 64 ,공동주택(아파트 등),무상
10759,경산우방2차맨션,중소폐가전,수거함 설치,경북 경산시 대학로 12길 6 ,공동주택(아파트 등),무상
10760,경산우방3차맨션,중소폐가전,수거함 설치,경북 경산시 대학로12길 11-2 ,공동주택(아파트 등),무상
10761,경산현대아파트,중소폐가전,수거함 설치,경북 경산시 강변서로51길 21 ,공동주택(아파트 등),무상
10762,경산현대타운,중소폐가전,수거함 설치,경북 경산시 대학로9길 8 ,공동주택(아파트 등),무상
10763,남천리버뷰우방아이유쉘,중소폐가전,수거함 설치,경북 경산시 삼성현로 347 ,공동주택(아파트 등),무상
10764,동화리버빌,중소폐가전,수거함 설치,경북 경산시 경청로221길 17 ,공동주택(아파트 등),무상
10765,동화프라임빌,중소폐가전,수거함 설치,경북 경산시 경산로 27 ,공동주택(아파트 등),무상
10766,명지3차아파트,중소폐가전,수거함 설치,경북 상주시 경상대로 2749-10 ,공동주택(아파트 등),무상
10767,백천신나리,중소폐가전,수거함 설치,경북 경산시 경청로222길 8 ,공동주택(아파트 등),무상
10768,백천주공1,중소폐가전,수거함 설치,경북 경산시 경청로222길 9-1 ,공동주택(아파트 등),무상
10769,백천주공2,중소폐가전,수거함 설치,경북 경산시 경청로222길 9-1 ,공동주택(아파트 등),무상
10770,부영서부3차두리마을,중소폐가전,수거함 설치,경북 경산시 강변서로 17 ,공동주택(아파트 등),무상
10771,부영우리마을(서부2차),중소폐가전,수거함 설치,경북 경산시 경산로 28 ,공동주택(아파트 등),무상
10772,부영조은마을(서부1차),중소폐가전,수거함 설치,경북 경산시 경산로 21 ,공동주택(아파트 등),무상
10773,부영초록마을,중소폐가전,수거함 설치,경북 경산시 백천동로 7 ,공동주택(아파트 등),무상
10774,삼도뷰엔빌,중소폐가전,수거함 설치,경북 경산시 경청로222길 34 ,공동주택(아파트 등),무상
10775,상방주공,중소폐가전,수거함 설치,경북 경산시 남매로6길 9 ,공동주택(아파트 등),무상
10776,상방태성,중소폐가전,수거함 설치,경북 경산시 남매로6길 20 ,공동주택(아파트 등),무상
10777,성암보국웰리치,중소폐가전,수거함 설치,경북 경산시 장산로1길 5 ,공동주택(아파트 등),무상
10778,성암산 신동아파밀리에,중소폐가전,수거함 설치,경북 경산시 장산로 4길 10 ,공동주택(아파트 등),무상
10779,신화평광아파트,중소폐가전,수거함 설치,경북 경산시 경산로 44길 29 ,공동주택(아파트 등),무상
10780,옥곡태왕아너스고은,중소폐가전,수거함 설치,경북 경산시 옥실길56 ,공동주택(아파트 등),무상
10781,옥산삼산,중소폐가전,수거함 설치,경북 경산시 선비길 57 ,공동주택(아파트 등),무상
10782,옥산서한이다음,중소폐가전,수거함 설치,경북 경산시 선비길 45 ,공동주택(아파트 등),무상
10783,옥산우방,중소폐가전,수거함 설치,경북 경산시 성암로 26 ,공동주택(아파트 등),무상
10784,옥산창신성암타운,중소폐가전,수거함 설치,경북 경산시 삼성현로31길 12 ,공동주택(아파트 등),무상
10785,옥산청구,중소폐가전,수거함 설치,경북 경산시 성암로8길 24 ,공동주택(아파트 등),무상
10786,옥산해오름,중소폐가전,수거함 설치,경북 경산시 삼성현로31길7 ,공동주택(아파트 등),무상
10787,옥산협화타운,중소폐가전,수거함 설치,경북 경산시 성암로 8 ,공동주택(아파트 등),무상
10788,우방유쉘,중소폐가전,수거함 설치,경북 경산시 강변서로 111 ,공동주택(아파트 등),무상
10789,우진센트럴하임,중소폐가전,수거함 설치,경북 영덕군 영덕읍 읍사무소1길 42-7 ,공동주택(아파트 등),무상
10790,월드메르디앙,중소폐가전,수거함 설치,경북 경산시 경청로221길 12 ,공동주택(아파트 등),무상
10791,정평역하늘채 RIVER PARK,중소폐가전,수거함 설치,경북 경산시 정평길 30 ,공동주택(아파트 등),무상
10792,중방 e-편한세상(1단지),중소폐가전,수거함 설치,경북 경산시 대학로32길 12 ,공동주택(아파트 등),무상
10793,중방 e-편한세상(2단지),중소폐가전,수거함 설치,경북 경산시 대학로28길 31 ,공동주택(아파트 등),무상
10794,중방 e-편한세상(3단지),중소폐가전,수거함 설치,경북 경산시 경안로 56길 16 ,공동주택(아파트 등),무상
10795,태왕귀빈타운,중소폐가전,수거함 설치,경북 경산시 대학로12길 24 ,공동주택(아파트 등),무상
10796,태왕한라,중소폐가전,수거함 설치,경북 경산시 대학로8길 32 ,공동주택(아파트 등),무상
10797,펜타힐즈 더샵 1차,중소폐가전,수거함 설치,경북 경산시 펜타힐즈2로 60 ,공동주택(아파트 등),무상
10798,펜타힐즈 더샵2차,중소폐가전,수거함 설치,경북 경산시 펜타힐즈2로 40 ,공동주택(아파트 등),무상
10799,펜타힐즈 서한 이다음,중소폐가전,수거함 설치,경북 경산시 옥산로 217 ,공동주택(아파트 등),무상
10800,펜타힐즈 푸르지오,중소폐가전,수거함 설치,경북 경산시 펜타힐즈2로 20 ,공동주택(아파트 등),무상
10801,한서신혼하이츠,중소폐가전,수거함 설치,경북 경산시 대학로13길 26 ,공동주택(아파트 등),무상
10802,한솔1차,중소폐가전,수거함 설치,경북 경산시 대학로9길 36 ,공동주택(아파트 등),무상
10803,한솔2차,중소폐가전,수거함 설치,경북 경산시 대학로13길 34 ,공동주택(아파트 등),무상
10804,한솔3차,중소폐가전,수거함 설치,경북 경산시 대학로13길 53 ,공동주택(아파트 등),무상
10805,한일유앤아이,중소폐가전,수거함 설치,경북 경산시 경산로 40 ,공동주택(아파트 등),무상
10806,5주공아파트,중소폐가전,수거함 설치,"경북 상주시 상서문1길 25 (낙양동, 낙양5주공아파트) ",공동주택(아파트 등),무상
10807,LH영천센트럴타운,중소폐가전,수거함 설치,경북 영천시 충효로 39 ,공동주택(아파트 등),무상
10808,금호 우방 아파트,중소폐가전,수거함 설치,경북 영천시 금호읍 덕성길 12 ,공동주택(아파트 등),무상
10809,녹원맨션,중소폐가전,수거함 설치,경북 영천시 상아탑길 13(화룡동) ,공동주택(아파트 등),무상
10810,대동다숲,중소폐가전,수거함 설치,경북 영천시 중앙동1길 102-10 ,공동주택(아파트 등),무상
10811,대화전원타운,중소폐가전,수거함 설치,경북 칠곡군 왜관읍 석전로9길 7 ,공동주택(아파트 등),무상
10812,동아아파트,중소폐가전,수거함 설치,경북 상주시 상산로 147 ,공동주택(아파트 등),무상
10813,로얄1차아파트,중소폐가전,수거함 설치,경북 칠곡군 왜관읍 중앙로 126 ,공동주택(아파트 등),무상
10814,망정주공2차아파트,중소폐가전,수거함 설치,경북 영천시 동부로 40 ,공동주택(아파트 등),무상
10815,망정주공4차아파트,중소폐가전,수거함 설치,경북 영천시 동부로 14 ,공동주택(아파트 등),무상
10816,망정청솔아파트,중소폐가전,수거함 설치,경북 영천시 창신1길 22 ,공동주택(아파트 등),무상
10817,망정휴먼시아5단지,중소폐가전,수거함 설치,경북 영천시 망정로 80 ,공동주택(아파트 등),무상
10818,명지1차아파트,중소폐가전,수거함 설치,"경북 상주시 경상대로 2926-1 (낙양동,명지1차아파트) ",공동주택(아파트 등),무상
10819,무궁화타운,중소폐가전,수거함 설치,경북 영천시 충효로 93 ,공동주택(아파트 등),무상
10820,무양 지엘리베라움,중소폐가전,수거함 설치,경북 상주시 봉양1길 126(무양동) ,공동주택(아파트 등),무상
10821,문화아파트,중소폐가전,수거함 설치,경북 영천시 영천고2길 42 ,공동주택(아파트 등),무상
10822,봉동선원가와인아파트,중소폐가전,수거함 설치,경북 영천시 봉동1길 51 ,공동주택(아파트 등),무상
10823,삼산아파트,중소폐가전,수거함 설치,경북 영천시 청산길 29 ,공동주택(아파트 등),무상
10824,상주 우방타운 1차 아파트,중소폐가전,수거함 설치,경북 상주시 복룡3길 7 ,공동주택(아파트 등),무상
10825,상주 우방타운 2차 아파트,중소폐가전,수거함 설치,경북 상주시 복룡3길 29 ,공동주택(아파트 등),무상
10826,상주복룡주공 6단지 아파트,중소폐가전,수거함 설치,경북 상주시 삼백로 257 ,공동주택(아파트 등),무상
10827,세영첼시빌아파트,중소폐가전,수거함 설치,경북 상주시 신봉학마루1길 29-12 ,공동주택(아파트 등),무상
10828,신우타운,중소폐가전,수거함 설치,경북 영천시 상록4길 1 ,공동주택(아파트 등),무상
10829,야사주공1차아파트,중소폐가전,수거함 설치,경북 영천시 상록1길 9 ,공동주택(아파트 등),무상
10830,야사주공2차아파트,중소폐가전,수거함 설치,경북 영천시 상록4길 25 ,공동주택(아파트 등),무상
10831,야사주공3차아파트,중소폐가전,수거함 설치,경북 영천시 충효로 147 ,공동주택(아파트 등),무상
10832,야사주공4차아파트,중소폐가전,수거함 설치,경북 영천시 충효로 147 ,공동주택(아파트 등),무상
10833,야사주공5차아파트,중소폐가전,수거함 설치,경북 영천시 충효로 147 ,공동주택(아파트 등),무상
10834,"양지맨션(1차,2차)",중소폐가전,수거함 설치,경북 영천시 상아탑길 7-6(화룡동) ,공동주택(아파트 등),무상
10835,영진궁전빌라,중소폐가전,수거함 설치,경북 영천시 시청동길 8 ,공동주택(아파트 등),무상
10836,영천문내주공,중소폐가전,수거함 설치,경북 영천시 충효로 9 ,공동주택(아파트 등),무상
10837,완산지구 2차 미소지움 프리미엄 @,중소폐가전,수거함 설치,"경북 영천시 완산5길 111, 영천완산미소지움2차 ",공동주택(아파트 등),무상
10838,왜관대동다숲,중소폐가전,수거함 설치,경북 칠곡군 왜관읍 평장3길 50 ,공동주택(아파트 등),무상
10839,왜관주공1단지,중소폐가전,수거함 설치,경북 칠곡군 왜관읍 평장2길 14 ,공동주택(아파트 등),무상
10840,우방3차아파트,중소폐가전,수거함 설치,경북 칠곡군 왜관읍 석전로7길 40 ,공동주택(아파트 등),무상
10841,우방아파트,중소폐가전,수거함 설치,경북 칠곡군 왜관읍 중앙로 118 ,공동주택(아파트 등),무상
10842,우방타운,중소폐가전,수거함 설치,경북 영천시 동부로 15 ,공동주택(아파트 등),무상
10843,윤성 모닝 아파트,중소폐가전,수거함 설치,경북 영천시 금호읍 원제2길 16-8 ,공동주택(아파트 등),무상
10844,주공 3단지 아파트,중소폐가전,수거함 설치,경북 상주시 냉림2길 111 ,공동주택(아파트 등),무상
10845,주공2차임대,중소폐가전,수거함 설치,경북 칠곡군 왜관읍 자조1길 10 ,공동주택(아파트 등),무상
10846,창신영천타운,중소폐가전,수거함 설치,경북 영천시 창신1길 21 ,공동주택(아파트 등),무상
10847,청구1차아파트,중소폐가전,수거함 설치,경북 영천시 모란1길 18 ,공동주택(아파트 등),무상
10848,청구2차아파트,중소폐가전,수거함 설치,경북 영천시 모란2길 18 ,공동주택(아파트 등),무상
10849,청구아파트,중소폐가전,수거함 설치,경북 상주시 경상대로 2811 ,공동주택(아파트 등),무상
10850,청호아파트,중소폐가전,수거함 설치,경북 영천시 망정2길 7-9 ,공동주택(아파트 등),무상
10851,태평스카이맨션,중소폐가전,수거함 설치,경북 영천시 장수로 10(화룡동) ,공동주택(아파트 등),무상
10852,풍국맨션,중소폐가전,수거함 설치,경북 칠곡군 왜관읍 석전로2길 7 ,공동주택(아파트 등),무상
10853,한신더휴퍼스트,중소폐가전,수거함 설치,경북 영천시 망정1길 171 ,공동주택(아파트 등),무상
10854,함창 LH천년나무 1단지,중소폐가전,수거함 설치,경북 상주시 함창읍 함령길 138 ,공동주택(아파트 등),무상
10855,해피포유아파트,중소폐가전,수거함 설치,경북 영천시 고경면 방천길 30 ,공동주택(아파트 등),무상
10856,협성휴포레,중소폐가전,수거함 설치,경북 칠곡군 왜관읍 평장길 20 ,공동주택(아파트 등),무상
10857, 이원리버빌,중소폐가전,수거함 설치,경북 칠곡군 왜관읍 2번도로길 105 ,공동주택(아파트 등),무상
10858,금오현대아파트,중소폐가전,수거함 설치,경북 칠곡군 북삼읍 안산2길 37-9 ,공동주택(아파트 등),무상
10859,금호어울림,중소폐가전,수거함 설치,경북 칠곡군 석적읍 서중리5길 66-6 ,공동주택(아파트 등),무상
10860,김천혁신 골드클래스,중소폐가전,수거함 설치,경북 김천시 혁신2로 76 ,공동주택(아파트 등),무상
10861,김천혁신 엠코타운 더펄레릿,중소폐가전,수거함 설치,경북 김천시 용전1로 9 ,공동주택(아파트 등),무상
10862,남광하우스토리,중소폐가전,수거함 설치,경북 칠곡군 석적읍 서중리4길 32 ,공동주택(아파트 등),무상
10863,늘푸른아파트,중소폐가전,수거함 설치,경북 칠곡군 북삼읍 북삼로8길 19 ,공동주택(아파트 등),무상
10864,동화공단,중소폐가전,수거함 설치,경북 칠곡군 석적읍 대교길 36 ,공동주택(아파트 등),무상
10865,로얄아파트,중소폐가전,수거함 설치,경북 칠곡군 북삼읍 인강9길 10 ,공동주택(아파트 등),무상
10866,무성아파트,중소폐가전,수거함 설치,경북 칠곡군 왜관읍 군청4길 32 ,공동주택(아파트 등),무상
10867,부영3공단,중소폐가전,수거함 설치,경북 칠곡군 석적읍 북중리3길 70 ,공동주택(아파트 등),무상
10868,북삼휴먼시아,중소폐가전,수거함 설치,경북 칠곡군 북삼읍 북삼로 200 ,공동주택(아파트 등),무상
10869,삼성아파트,중소폐가전,수거함 설치,경북 칠곡군 왜관읍 구상길 180 ,공동주택(아파트 등),무상
10870,삼주강변타운,중소폐가전,수거함 설치,경북 칠곡군 약목면 관호8길 28-18 ,공동주택(아파트 등),무상
10871,삼주아파트,중소폐가전,수거함 설치,경북 칠곡군 북삼읍 어로3길 9 ,공동주택(아파트 등),무상
10872,서희스타힐스,중소폐가전,수거함 설치,경북 칠곡군 북삼읍 인강1길 74 ,공동주택(아파트 등),무상
10873,성재아파트,중소폐가전,수거함 설치,경북 칠곡군 약목면 관호8길 32-2 ,공동주택(아파트 등),무상
10874,세원오투리움,중소폐가전,수거함 설치,경북 칠곡군 석적읍 성곡리 902 ,공동주택(아파트 등),무상
10875,숭오대동아파트,중소폐가전,수거함 설치,경북 칠곡군 북삼읍 인강5길 59 ,공동주택(아파트 등),무상
10876,숭오용우아파트,중소폐가전,수거함 설치,경북 칠곡군 북삼읍 북삼로 188-5 ,공동주택(아파트 등),무상
10877,숭오화성파크,중소폐가전,수거함 설치,경북 칠곡군 북삼읍 북삼로 193-5 ,공동주택(아파트 등),무상
10878,신음 금류1차,중소폐가전,수거함 설치,경북 김천시 시청2길 40 ,공동주택(아파트 등),무상
10879,신음덕일아파트,중소폐가전,수거함 설치,경북 김천시 시청6길 27 (신음동) ,공동주택(아파트 등),무상
10880,실라아파트,중소폐가전,수거함 설치,경북 김천시 영남대로 1272 ,공동주택(아파트 등),무상
10881,영무예다함2차,중소폐가전,수거함 설치,경북 김천시 용전3로 24 ,공동주택(아파트 등),무상
10882,오성빌라맨션,중소폐가전,수거함 설치,경북 칠곡군 왜관읍 구상길 156 ,공동주택(아파트 등),무상
10883,오성타워맨션,중소폐가전,수거함 설치,경북 칠곡군 약목면 복성13길 24 ,공동주택(아파트 등),무상
10884,왜관주공3단지,중소폐가전,수거함 설치,경북 칠곡군 왜관읍  평장7길 11 ,공동주택(아파트 등),무상
10885,왜관주공4차,중소폐가전,수거함 설치,경북 칠곡군 왜관읍 관문로1길 24 ,공동주택(아파트 등),무상
10886,우방신천지,중소폐가전,수거함 설치,경북 칠곡군 석적읍 석적로 955-19 ,공동주택(아파트 등),무상
10887,우영아파트,중소폐가전,수거함 설치,경북 칠곡군 약목면 복성15길 38 ,공동주택(아파트 등),무상
10888,유호월드피아,중소폐가전,수거함 설치,경북 칠곡군 기산면 지산로 961 ,공동주택(아파트 등),무상
10889,인평숭오시티,중소폐가전,수거함 설치,경북 칠곡군 북삼읍 인강8길 20 ,공동주택(아파트 등),무상
10890,인평창신아파트,중소폐가전,수거함 설치,경북 칠곡군 북삼읍 금오대로6길 9-6 ,공동주택(아파트 등),무상
10891,인평화성타운,중소폐가전,수거함 설치,경북 칠곡군 북삼읍 인강8길 21 ,공동주택(아파트 등),무상
10892,전원대동아파트,중소폐가전,수거함 설치,경북 칠곡군 북삼읍 외율1길 9 ,공동주택(아파트 등),무상
10893,태왕아너스,중소폐가전,수거함 설치,경북 칠곡군 왜관읍 달오 2길 37 ,공동주택(아파트 등),무상
10894,한빛타운,중소폐가전,수거함 설치,경북 칠곡군 왜관읍 석전로 77 ,공동주택(아파트 등),무상
10895,한솔솔파크,중소폐가전,수거함 설치,경북 칠곡군 석적읍 석적로 905 ,공동주택(아파트 등),무상
10896,한양수자인,중소폐가전,수거함 설치,경북 칠곡군 왜관읍 석전로 7길 5 ,공동주택(아파트 등),무상
10897,한일부곡타운,중소폐가전,수거함 설치,경북 김천시 고래실3길 45-14 ,공동주택(아파트 등),무상
10898,한일장미타운,중소폐가전,수거함 설치,경북 김천시 평화장미3길 25 ,공동주택(아파트 등),무상
10899,혁신 중흥S클래스,중소폐가전,수거함 설치,경북 김천시 혁신6로 57 ,공동주택(아파트 등),무상
10900,현진아파트,중소폐가전,수거함 설치,경북 칠곡군 북삼읍 금오대로10길 35 ,공동주택(아파트 등),무상
10901,화진금봉1차,중소폐가전,수거함 설치,경북 칠곡군 북삼읍 안산2길 6-3 ,공동주택(아파트 등),무상
10902,화진금봉2차,중소폐가전,수거함 설치,경북 칠곡군 북삼읍 북삼로 214-4 ,공동주택(아파트 등),무상
10903,효성해링턴플레이스1단지,중소폐가전,수거함 설치,경북 칠곡군 석적읍 남율로 9길 33 ,공동주택(아파트 등),무상
10904,효성해링턴플레이스3단지,중소폐가전,수거함 설치,경북 칠곡군 석적읍 남율로9길 81 ,공동주택(아파트 등),무상
10905,효성해링튼플레이스2단지,중소폐가전,수거함 설치,경북 칠곡군 석적읍 남율로9길 61 ,공동주택(아파트 등),무상
10906,경북혁신 천년나무3단지,중소폐가전,수거함 설치,경북 김천시 용전3로 10(율곡동 768) ,공동주택(아파트 등),무상
10907,경북혁신LH천년나무2단지,중소폐가전,수거함 설치,경북 김천시 혁신4로 72 ,공동주택(아파트 등),무상
10908,경북혁신kcc스위첸,중소폐가전,수거함 설치,경북 김천시 혁신5로 11(율곡동) ,공동주택(아파트 등),무상
10909,구지 과학마을 청아람,중소폐가전,수거함 설치,대구 달성군 구지면 과학마을로 70 ,공동주택(아파트 등),무상
10910,구지 유보라1차,중소폐가전,수거함 설치,대구 달성군 구지면 과학마을로3길 14 ,공동주택(아파트 등),무상
10911,구지 유보라2차,중소폐가전,수거함 설치,대구 달성군 구지면 국가산단북로34길 10 ,공동주택(아파트 등),무상
10912,구지 줌파크,중소폐가전,수거함 설치,대구 달성군 구지면 국가산단대로64길 63 ,공동주택(아파트 등),무상
10913,구지 화성파크드림,중소폐가전,수거함 설치,대구 달성군 구지면 과학마을로2길 6 ,공동주택(아파트 등),무상
10914,김천2차우방타운,중소폐가전,수거함 설치,경북 김천시 신음2길 42 ,공동주택(아파트 등),무상
10915,김천대신코아루아파트,중소폐가전,수거함 설치,경북 김천시 아홉사리길 130 (응명동) ,공동주택(아파트 등),무상
10916,김천덕곡(594세대),중소폐가전,수거함 설치,경북 김천시 무실7길 38 ,공동주택(아파트 등),무상
10917,김천덕곡월드메르디앙,중소폐가전,수거함 설치,경북 김천시 영남대로 2040-20 (덕곡동) ,공동주택(아파트 등),무상
10918,김천부곡2단지,중소폐가전,수거함 설치,경북 김천시 문지왈길 68 ,공동주택(아파트 등),무상
10919,김천삼도뷰엔빌2단지,중소폐가전,수거함 설치,경북 김천시 시청7길 60 삼도뷰엔빌W아파트2단지 ,공동주택(아파트 등),무상
10920,김천삼락LH아파트,중소폐가전,수거함 설치,경북 김천시 물망골길 71 ,공동주택(아파트 등),무상
10921,김천센트럴자이,중소폐가전,수거함 설치,경북 김천시 부곡길 137 ,공동주택(아파트 등),무상
10922,김천신음현대아파트,중소폐가전,수거함 설치,경북 김천시 시청로 46 ,공동주택(아파트 등),무상
10923,김천코아루1차아파트,중소폐가전,수거함 설치,경북 김천시 삼락택지길 134 ,공동주택(아파트 등),무상
10924,김천혁신 영무예다음2차아파트,중소폐가전,수거함 설치,경북 김천시 용전3로 24번지 ,공동주택(아파트 등),무상
10925,김천혁신 천년나무4단지,중소폐가전,수거함 설치,경북 김천시 해오름1로 17 ,공동주택(아파트 등),무상
10926,김천혁신1단지 부영아파트,중소폐가전,수거함 설치,경북 김천시 용전로 47 ,공동주택(아파트 등),무상
10927,대실역 이편한세상,중소폐가전,수거함 설치,대구 달성군 다사읍 죽곡1길 42 (죽곡리373) ,공동주택(아파트 등),무상
10928,대홍맨션 (196세대),중소폐가전,수거함 설치,경북 김천시 환경로 200 ,공동주택(아파트 등),무상
10929,동구 진로이스트다운 1단지,중소폐가전,수거함 설치,대구 동구 아양로 218 ,공동주택(아파트 등),무상
10930,매천 화성파크드림,중소폐가전,수거함 설치,대구 북구 매전로 17 ,공동주택(아파트 등),무상
10931,매천 휴먼시아2단지,중소폐가전,수거함 설치,대구 북구 매전로4길 9 ,공동주택(아파트 등),무상
10932,복현 아이파크,중소폐가전,수거함 설치,대구 북구 동북로 241 ,공동주택(아파트 등),무상
10933,부곡우방타운,중소폐가전,수거함 설치,경북 김천시 부곡길 206 ,공동주택(아파트 등),무상
10934,부곡화성타운,중소폐가전,수거함 설치,경북 김천시 부곡길 162 ,공동주택(아파트 등),무상
10935,서재 보성2차,중소폐가전,수거함 설치,대구 달성군 다사읍 서재로 30길 7 ,공동주택(아파트 등),무상
10936,서재 에코플리스 아이위시2차,중소폐가전,수거함 설치,대구 달성군 다사읍 서재로 7길 23 ,공동주택(아파트 등),무상
10937,서재 에코플리스 아이위시3차,중소폐가전,수거함 설치,대구 달성군 다사읍 서재로 7길 25 ,공동주택(아파트 등),무상
10938,세천 한라비발디,중소폐가전,수거함 설치,대구 달성군 다사읍 세천로 187 (세천리 1566-1) ,공동주택(아파트 등),무상
10939,센트럴파크 한신휴플러스,중소폐가전,수거함 설치,경북 김천시 혁신4로 12 센트럴파크 한신휴플러스 ,공동주택(아파트 등),무상
10940,신음 주공 해돋이타운,중소폐가전,수거함 설치,경북 김천시 신음새동네길 110 ,공동주택(아파트 등),무상
10941,연경지구 LH뉴웰시티,중소폐가전,수거함 설치,대구 동구 동화천로 77길 30 ,공동주택(아파트 등),무상
10942,용산 청구 블루빌,중소폐가전,수거함 설치,대구 달서구 용산로 254 ,공동주택(아파트 등),무상
10943,월배 이안아파트,중소폐가전,수거함 설치,대구 달서구 조암남로 116 ,공동주택(아파트 등),무상
10944,유가 호반베르디움1차,중소폐가전,수거함 설치,대구 달성군 유가면 테크노대로5길 58 ,공동주택(아파트 등),무상
10945,이원베르빌(179세대),중소폐가전,수거함 설치,경북 김천시 신양3길 3 ,공동주택(아파트 등),무상
10946,이지더원에듀파크,중소폐가전,수거함 설치,경북 김천시 해오름 1로 37번지 ,공동주택(아파트 등),무상
10947,코오롱하늘채2,중소폐가전,수거함 설치,대구 달서구 월성동 1551 ,공동주택(아파트 등),무상
10948,한신더휴 웨스턴펠리스,중소폐가전,수거함 설치,대구 북구 매전로4길 32 ,공동주택(아파트 등),무상
10949,한신더휴퍼스트리움,중소폐가전,수거함 설치,경북 김천시 혁신4로 46 ,공동주택(아파트 등),무상
10950,한신휴시티오피스텔,중소폐가전,수거함 설치,경북 김천시 혁신1로 81 ,공동주택(아파트 등),무상
10951,혁신영무예다음1차아파트,중소폐가전,수거함 설치,경북 김천시 혁신8로 66 ,공동주택(아파트 등),무상
10952,협성 휴포레 대구죽곡,중소폐가전,수거함 설치,대구 달성군 다사읍 달구벌대로 174길 50(죽곡리 876) ,공동주택(아파트 등),무상
10953,화원 명곡미래빌2차,중소폐가전,수거함 설치,대구 달성군 화원읍 명천로 231 (명곡리 101) ,공동주택(아파트 등),무상
10954, 지산 청구타운,중소폐가전,수거함 설치,대구 수성구 지산로 48 ,공동주택(아파트 등),무상
10955,e편한세상 대신아파트,중소폐가전,수거함 설치,대구 중구 달구벌대로 1943 ,공동주택(아파트 등),무상
10956,두산 위브더제니스,중소폐가전,수거함 설치,대구 수성구 달구벌대로 2435 ,공동주택(아파트 등),무상
10957,만촌 우방팔래스,중소폐가전,수거함 설치,대구 수성구 청수로 551 ,공동주택(아파트 등),무상
10958,만촌2차 우방타운,중소폐가전,수거함 설치,대구 수성구 교학로11길 91 ,공동주택(아파트 등),무상
10959,범물 신화,중소폐가전,수거함 설치,대구 수성구 지범로 40길 6 ,공동주택(아파트 등),무상
10960,범어 센트럴푸르지오,중소폐가전,수거함 설치,대구 수성구 상록로 15 (범어동 556-12) ,공동주택(아파트 등),무상
10961,보성 은하타운,중소폐가전,수거함 설치,대구 달서구 월곡로 320 ,공동주택(아파트 등),무상
10962,상인 모아엘가,중소폐가전,수거함 설치,대구 달서구 상화북로 162 ,공동주택(아파트 등),무상
10963,서재 보성1차,중소폐가전,수거함 설치,대구 달성군 다사읍 서재로 30길 17 ,공동주택(아파트 등),무상
10964,성당 롯데캐슬2차,중소폐가전,수거함 설치,대구 달서구 대명천로 119 ,공동주택(아파트 등),무상
10965,성당 코오롱하늘채,중소폐가전,수거함 설치,대구 달서구 용산로12길 77 ,공동주택(아파트 등),무상
10966,성서 동서화성타운,중소폐가전,수거함 설치,대구 달서구 이곡공원로 33 ,공동주택(아파트 등),무상
10967,성서 보성화성,중소폐가전,수거함 설치,대구 달서구 계대동문로 99 ,공동주택(아파트 등),무상
10968,성서2차 보성타운,중소폐가전,수거함 설치,대구 달서구 선원로 241 ,공동주택(아파트 등),무상
10969,성서2차 서한타운,중소폐가전,수거함 설치,대구 달서구 선원로 122 ,공동주택(아파트 등),무상
10970,수성2차 e편한세상,중소폐가전,수거함 설치,대구 수성구 달구벌대로522길 33 ,공동주택(아파트 등),무상
10971,시지 동서타운,중소폐가전,수거함 설치,대구 수성구 천을로 180 ,공동주택(아파트 등),무상
10972,시지 효성백년가약1차,중소폐가전,수거함 설치,대구 수성구 달구벌대로 3280 (신매동 30-5) ,공동주택(아파트 등),무상
10973,시지 효성백년가약2차,중소폐가전,수거함 설치,대구 수성구 달구벌대로 3280-1 ,공동주택(아파트 등),무상
10974,용산 영남타운,중소폐가전,수거함 설치,대구 달서구 용산로 266 ,공동주택(아파트 등),무상
10975,용산우방죽전타운,중소폐가전,수거함 설치,대구 달서구 용산로 160 ,공동주택(아파트 등),무상
10976,우방 금탑아파트,중소폐가전,수거함 설치,대구 수성구 교학로 3 ,공동주택(아파트 등),무상
10977,우방 송현하이츠,중소폐가전,수거함 설치,대구 달서구 학산남로 90 (송현동 906) ,공동주택(아파트 등),무상
10978,월성 LH 주공1단지,중소폐가전,수거함 설치,대구 달서구 월곡로94길 30 ,공동주택(아파트 등),무상
10979,월성 LH 주공3단지,중소폐가전,수거함 설치,대구 달서구 학산로7길 39 ,공동주택(아파트 등),무상
10980,월성 LH2단지,중소폐가전,수거함 설치,대구 달서구 월성로 77 ,공동주택(아파트 등),무상
10981,월성 LH4단지,중소폐가전,수거함 설치,대구 달서구 구마로14남길 55 ,공동주택(아파트 등),무상
10982,월성 보성,중소폐가전,수거함 설치,대구 달서구 학산로7길 27 ,공동주택(아파트 등),무상
10983,장기 누림타운,중소폐가전,수거함 설치,대구 달서구 한들로 31 ,공동주택(아파트 등),무상
10984,장기 영남 네오빌파크,중소폐가전,수거함 설치,대구 달서구 한들로 36 ,공동주택(아파트 등),무상
10985,장기 초록나라 아파트,중소폐가전,수거함 설치,대구 달서구 한들로 55 (장기동 813-1) ,공동주택(아파트 등),무상
10986,장기 파랑새마을,중소폐가전,수거함 설치,대구 달서구 한들로 70 ,공동주택(아파트 등),무상
10987,죽곡 청아람 리슈빌4단지,중소폐가전,수거함 설치,대구 달성군 다사읍 대실역남로 35 (죽곡리 815) ,공동주택(아파트 등),무상
10988,죽곡 청아람2단지,중소폐가전,수거함 설치,대구 달성군 다사읍 대실역북로26 (매곡리 1538) ,공동주택(아파트 등),무상
10989,지산 동서맨션,중소폐가전,수거함 설치,대구 수성구 지산로 56 ,공동주택(아파트 등),무상
10990,진천 청구타운,중소폐가전,수거함 설치,대구 달서구 진천로 41 ,공동주택(아파트 등),무상
10991,진천역 현대2차,중소폐가전,수거함 설치,대구 달서구 월배로14길 43 ,공동주택(아파트 등),무상
10992,칠곡 그린빌1차,중소폐가전,수거함 설치,대구 북구 구리로 250 ,공동주택(아파트 등),무상
10993,칠곡 그린빌4단지,중소폐가전,수거함 설치,대구 북구 구암서로 22 ,공동주택(아파트 등),무상
10994,칠곡 수정한양,중소폐가전,수거함 설치,대구 북구 구암로 17 ,공동주택(아파트 등),무상
10995,칠곡 한라,중소폐가전,수거함 설치,대구 북구 구암로 170 ,공동주택(아파트 등),무상
10996,칠곡 현대아이파크,중소폐가전,수거함 설치,대구 북구 구리로 254 ,공동주택(아파트 등),무상
10997,칠곡 화성파크 (강북화성파크드림),중소폐가전,수거함 설치,대구 북구 칠곡중앙대로 312 ,공동주택(아파트 등),무상
10998,침산 삼정그린코아,중소폐가전,수거함 설치,대구 북구 중앙대로 570 ,공동주택(아파트 등),무상
10999,한실들마을1차,중소폐가전,수거함 설치,대구 달서구 한실로 49 ,공동주택(아파트 등),무상
11000,화성파크3차,중소폐가전,수거함 설치,대구 수성구 교학로 13 ,공동주택(아파트 등),무상
11001,노원보성 타운아파트,중소폐가전,수거함 설치,대구 북구 오봉로3길 47 ,공동주택(아파트 등),무상
11002,노원한신 더휴아파트,중소폐가전,수거함 설치,대구 북구 노원로10길 40 ,공동주택(아파트 등),무상
11003,대곡6단지 별메마을,중소폐가전,수거함 설치,대구 달서구 도원로 46 ,공동주택(아파트 등),무상
11004,대곡8단지 나래마을,중소폐가전,수거함 설치,대구 달서구 한실로 29 ,공동주택(아파트 등),무상
11005,대곡동 이오스아파트,중소폐가전,수거함 설치,대구 달서구 비슬로550길 38 ,공동주택(아파트 등),무상
11006,대신 센트럴자이,중소폐가전,수거함 설치,대구 중구 달구벌대로 1955 ,공동주택(아파트 등),무상
11007,대현 LH3차,중소폐가전,수거함 설치,대구 북구 대현남로 6길 20 ,공동주택(아파트 등),무상
11008,미리내맨션,중소폐가전,수거함 설치,대구 남구 효성로 13 ,공동주택(아파트 등),무상
11009,방촌청구 제네스,중소폐가전,수거함 설치,대구 동구 화랑로75길 6 ,공동주택(아파트 등),무상
11010,봉덕화성 파크드림,중소폐가전,수거함 설치,대구 남구 대봉로 14길 30 ,공동주택(아파트 등),무상
11011,비산삼성 만평아파트,중소폐가전,수거함 설치,대구 서구 달서천로57길 20(비산동) ,공동주택(아파트 등),무상
11012,산격 금오맨션(금오아파트),중소폐가전,수거함 설치,대구 북구 연암로25길 11 ,공동주택(아파트 등),무상
11013,산격 동화타운,중소폐가전,수거함 설치,대구 북구 연암로31길 19 ,공동주택(아파트 등),무상
11014,산격청구 맨션2차,중소폐가전,수거함 설치,대구 북구 대구체육관로4길 2 ,공동주택(아파트 등),무상
11015,삼성래미안 2차,중소폐가전,수거함 설치,대구 달서구 상화로 86 ,공동주택(아파트 등),무상
11016,상인 자이아파트,중소폐가전,수거함 설치,대구 달서구 상원로 142 ,공동주택(아파트 등),무상
11017,상인역 e편한세상 1단지,중소폐가전,수거함 설치,대구 달서구 월서로 14 ,공동주택(아파트 등),무상
11018,상인역 e편한세상 2단지,중소폐가전,수거함 설치,대구 달서구 월서로 3길 15 ,공동주택(아파트 등),무상
11019,서한맨션,중소폐가전,수거함 설치,대구 북구 관음중앙로 6 ,공동주택(아파트 등),무상
11020,안심 신일해피트리,중소폐가전,수거함 설치,대구 동구 반야월로 370 (신서동 513-1) ,공동주택(아파트 등),무상
11021,안심 영조 아름다운나날 2단지,중소폐가전,수거함 설치,대구 동구 동호로 88 ,공동주택(아파트 등),무상
11022,안심 우방 아이유쉘,중소폐가전,수거함 설치,대구 동구 금강로21길 10 (괴전동652) ,공동주택(아파트 등),무상
11023,앞산 보성타운,중소폐가전,수거함 설치,대구 남구 삼정2길 99 ,공동주택(아파트 등),무상
11024,연경 금성백조예미지,중소폐가전,수거함 설치,대구 북구 연경중앙로 11 ,공동주택(아파트 등),무상
11025,연경지구 천년나무2단지,중소폐가전,수거함 설치,대구 동구 연경지묘로 153 ,공동주택(아파트 등),무상
11026,영남네오빌 1차,중소폐가전,수거함 설치,대구 동구 동촌로 190 ,공동주택(아파트 등),무상
11027,우방백자맨션,중소폐가전,수거함 설치,대구 동구 동촌로 346 ,공동주택(아파트 등),무상
11028,월배 현대힐스테이드,중소폐가전,수거함 설치,대구 달서구 조암남로 132 ,공동주택(아파트 등),무상
11029,월성 월드메르디앙,중소폐가전,수거함 설치,대구 달서구 조암로6길 19 ,공동주택(아파트 등),무상
11030,월성동 태왕아너스,중소폐가전,수거함 설치,대구 달서구 조암남로24 ,공동주택(아파트 등),무상
11031,율하 롯데캐슬,중소폐가전,수거함 설치,대구 동구 율하서로 23 ,공동주택(아파트 등),무상
11032,이천주공 1단지,중소폐가전,수거함 설치,대구 남구 명덕로68길 77 ,공동주택(아파트 등),무상
11033,진천역 계룡리슈빌아파트,중소폐가전,수거함 설치,대구 달서구 진천로 77 ,공동주택(아파트 등),무상
11034,칠곡 그린빌2단지,중소폐가전,수거함 설치,대구 북구 구암서로 70 ,공동주택(아파트 등),무상
11035,칠곡 동화타운,중소폐가전,수거함 설치,대구 북구 칠곡중앙대로 95길 12 ,공동주택(아파트 등),무상
11036,칠곡 롯데아파트,중소폐가전,수거함 설치,대구 북구 구암로 12 ,공동주택(아파트 등),무상
11037,칠곡 부영1단지,중소폐가전,수거함 설치,대구 북구 학정동로 7 ,공동주택(아파트 등),무상
11038,칠곡 부영7단지,중소폐가전,수거함 설치,대구 북구 구암로49길 10 ,공동주택(아파트 등),무상
11039,칠곡 학정 청아람,중소폐가전,수거함 설치,대구 북구 학정로 110길 29 ,공동주택(아파트 등),무상
11040,칠곡 한라하우젠트,중소폐가전,수거함 설치,대구 북구 학남로 10 ,공동주택(아파트 등),무상
11041,팔공3차 보성타운,중소폐가전,수거함 설치,대구 동구 지묘동 71 ,공동주택(아파트 등),무상
11042,팔공보성2차,중소폐가전,수거함 설치,대구 동구 팔공로101길 55 ,공동주택(아파트 등),무상
11043,평리 롯데캐슬 ,중소폐가전,수거함 설치,대구 서구 국채보상로 316 ,공동주택(아파트 등),무상
11044,화성리버파크 1단지,중소폐가전,수거함 설치,대구 북구 서변로 72 ,공동주택(아파트 등),무상
11045,희망교 대성유니드,중소폐가전,수거함 설치,대구 남구 희망로5길 12 ,공동주택(아파트 등),무상
11046, 호반 베르디움2차 ,중소폐가전,수거함 설치,대구 달성군 유가읍 테크노대로 5길 80 ,공동주택(아파트 등),무상
11047,"LH 대구 다사(1,2단지)",중소폐가전,수거함 설치,대구 달성군 다사읍 매곡로14길 13 ,공동주택(아파트 등),무상
11048,LH용계주공아파트,중소폐가전,수거함 설치,대구 달성군 가창면 가창로216길 25 ,공동주택(아파트 등),무상
11049,LH천년나무2단지,중소폐가전,수거함 설치,대구 달성군 옥포읍 돌미로 51 ,공동주택(아파트 등),무상
11050,가창 중석타운,중소폐가전,수거함 설치,대구 달성군 가창면 가창로 1008 ,공동주택(아파트 등),무상
11051,강창동서타운,중소폐가전,수거함 설치,대구 달성군 다사읍 왕선로 49 ,공동주택(아파트 등),무상
11052,강창우방타운,중소폐가전,수거함 설치,대구 달성군 다사읍 달구벌대로 770 ,공동주택(아파트 등),무상
11053,강창태성그린시티,중소폐가전,수거함 설치,대구 달성군 다사읍 죽곡리 152 ,공동주택(아파트 등),무상
11054,남해오네뜨 1차,중소폐가전,수거함 설치,대구 달성군 현풍읍 테크노북로4길 11 ,공동주택(아파트 등),무상
11055,남해오네뜨 2차,중소폐가전,수거함 설치,대구 달성군 유가읍 테크노대로 5길 57 ,공동주택(아파트 등),무상
11056,다사 이편한세상,중소폐가전,수거함 설치,대구 달성군 다사읍 다사역로 60 ,공동주택(아파트 등),무상
11057,달성삼환나우빌,중소폐가전,수거함 설치,대구 달성군 옥포읍 비슬로447길 11 ,공동주택(아파트 등),무상
11058,대성베르힐4단지,중소폐가전,수거함 설치,대구 달성군 옥포읍 돌미로 70 ,공동주택(아파트 등),무상
11059,대성베르힐6단지,중소폐가전,수거함 설치,대구 달성군 옥포읍 돌미로8길 19 ,공동주택(아파트 등),무상
11060,대실역 동화아이위시,중소폐가전,수거함 설치,대구 달성군 다사읍 대실역북로 55 ,공동주택(아파트 등),무상
11061,대실역 리슈빌 3단지,중소폐가전,수거함 설치,대구 달성군 다사읍 대실역 남로 33(죽곡8리) ,공동주택(아파트 등),무상
11062,미진이지비아,중소폐가전,수거함 설치,대구 달성군 옥포읍 비슬로447길 56 ,공동주택(아파트 등),무상
11063,반도유보라 아파트,중소폐가전,수거함 설치,대구 달성군 유가읍 테크노대로 195 ,공동주택(아파트 등),무상
11064,북죽곡엠코타운더솔레뉴,중소폐가전,수거함 설치,대구 달성군 다사읍 세천로 160 ,공동주택(아파트 등),무상
11065,삼정그린코아 더베스트 1단지,중소폐가전,수거함 설치,대구 달성군 다사읍 세천북로 10 ,공동주택(아파트 등),무상
11066,서재우방타운,중소폐가전,수거함 설치,대구 달성군 다사읍 서재로 28길 39 ,공동주택(아파트 등),무상
11067,서재휴먼시아,중소폐가전,수거함 설치,대구 달성군 다사읍 서재로14길 2 ,공동주택(아파트 등),무상
11068,성서삼성명가타운,중소폐가전,수거함 설치,대구 달서구 호산로 125 ,공동주택(아파트 등),무상
11069,세광무지개마을,중소폐가전,수거함 설치,대구 달성군 옥포읍 본리로 102 ,공동주택(아파트 등),무상
11070,세천 삼정그린코아 2단지,중소폐가전,수거함 설치,대구 달성군 다사읍 세천북로 20 ,공동주택(아파트 등),무상
11071,신성서 화성파크드림,중소폐가전,수거함 설치,대구 달성군 다사읍 서재로27길 42 ,공동주택(아파트 등),무상
11072,에코폴리스 동화아이위시,중소폐가전,수거함 설치,대구 달성군 다사읍 서재로 12길 38 ,공동주택(아파트 등),무상
11073,옥포 이진캐스빌,중소폐가전,수거함 설치,대구 달성군 옥포읍 비슬로 2001 ,공동주택(아파트 등),무상
11074,옥포LH허브시티,중소폐가전,수거함 설치,대구 달성군 옥포읍 비슬로 1941 ,공동주택(아파트 등),무상
11075,옥포제림뉴타운,중소폐가전,수거함 설치,대구 달성군 옥포읍 교항제림길 10 ,공동주택(아파트 등),무상
11076,와룡건영캐스빌,중소폐가전,수거함 설치,대구 달성군 다사읍 서재로 12길 41-16 ,공동주택(아파트 등),무상
11077,제일풍경채 더퍼스트,중소폐가전,수거함 설치,대구 달성군 현풍읍 테크노상업로 49 ,공동주택(아파트 등),무상
11078,제일풍경채 센트럴,중소폐가전,수거함 설치,대구 달성군 유가읍 테크노대로 165 ,공동주택(아파트 등),무상
11079,죽곡 청아람 5단지,중소폐가전,수거함 설치,대구 달성군 다사읍 대실역남로 11 ,공동주택(아파트 등),무상
11080,죽곡하우젠트아너스빌 ,중소폐가전,수거함 설치,대구 달성군 다사읍 왕선로 26 ,공동주택(아파트 등),무상
11081,죽곡한신휴플러스,중소폐가전,수거함 설치,대구 달성군 다사읍 대실역남로 50 ,공동주택(아파트 등),무상
11082,죽곡휴먼시아 1단지,중소폐가전,수거함 설치,대구 달성군 다사읍 대실역북로1길 6 ,공동주택(아파트 등),무상
11083,중흥S클래스,중소폐가전,수거함 설치,대구 달성군 유가읍 테크노순환로 423 ,공동주택(아파트 등),무상
11084,진아리채,중소폐가전,수거함 설치,대구 달성군 유가읍 테크노대로 5길 79 ,공동주택(아파트 등),무상
11085,진흥더블파크,중소폐가전,수거함 설치,대구 달성군 다사읍 서재로24길 29 ,공동주택(아파트 등),무상
11086,테크노폴리스 LH천년나무 3단지,중소폐가전,수거함 설치,대구 달성군 현풍읍 테크노북로4길 27 ,공동주택(아파트 등),무상
11087,테크노폴리스 우미린,중소폐가전,수거함 설치,대구 달성군 유가읍 테크노북로9길 16 ,공동주택(아파트 등),무상
11088,테크노폴리스 일동미라주더파크,중소폐가전,수거함 설치,대구 달성군 현풍읍 테크노북로2길 9 ,공동주택(아파트 등),무상
11089,팔공보성 1차,중소폐가전,수거함 설치,대구 동구 팔공로 489 (지묘동 215) ,공동주택(아파트 등),무상
11090,하나리움 퀸즈파크,중소폐가전,수거함 설치,대구 달성군 유가읍 테크노북로 164 ,공동주택(아파트 등),무상
11091,현대썬앤빌 대구,중소폐가전,수거함 설치,대구 달성군 다사읍 세천로 182-10 ,공동주택(아파트 등),무상
11092,화성파크드림,중소폐가전,수거함 설치,대구 달성군 유가읍 테크노북로 165 ,공동주택(아파트 등),무상
11093,화원창신맨션,중소폐가전,수거함 설치,대구 달성군 화원읍 화원로 36 ,공동주택(아파트 등),무상
11094,화진금봉타운,중소폐가전,수거함 설치,대구 달성군 다사읍 서재로 120 ,공동주택(아파트 등),무상
11095,경일아파트,중소폐가전,수거함 설치,대구 달성군 논공로9길39 ,공동주택(아파트 등),무상
11096,낙원아파트,중소폐가전,수거함 설치,대구 달서구 월곡로45길 49 ,공동주택(아파트 등),무상
11097,달성본리주공2단지아파트,중소폐가전,수거함 설치,대구 달성군 화원읍 성암로25 ,공동주택(아파트 등),무상
11098,대곡역그린빌1단지,중소폐가전,수거함 설치,대구 달성군 명천로 57 ,공동주택(아파트 등),무상
11099,대곡역래미안,중소폐가전,수거함 설치,대구 달성군 비슬로 539길 35 ,공동주택(아파트 등),무상
11100,미래빌1단지,중소폐가전,수거함 설치,대구 달성군 명곡로 11 ,공동주택(아파트 등),무상
11101,미래빌3단지,중소폐가전,수거함 설치,대구 달성군 명곡로 30 ,공동주택(아파트 등),무상
11102,미래빌4단지,중소폐가전,수거함 설치,대구 달성군 화암로 120 ,공동주택(아파트 등),무상
11103,미래빌5단지,중소폐가전,수거함 설치,대구 달성군 명천로 243 ,공동주택(아파트 등),무상
11104,본동주공아파트,중소폐가전,수거함 설치,대구 달서구 송현로 113 ,공동주택(아파트 등),무상
11105,삼우청솔타운아파트,중소폐가전,수거함 설치,대구 달성군 비슬로 539길 17 ,공동주택(아파트 등),무상
11106,삼정그린빌아파트,중소폐가전,수거함 설치,대구 달서구 야외음악당로39길 54 ,공동주택(아파트 등),무상
11107,삼정브리티시용산,중소폐가전,수거함 설치,대구 달서구 달구벌대로 1530 ,공동주택(아파트 등),무상
11108,삼주아파트,중소폐가전,수거함 설치,대구 달성군 논공로7길55 ,공동주택(아파트 등),무상
11109,상인보성아파트,중소폐가전,수거함 설치,대구 달서구 상인서로 75 ,공동주택(아파트 등),무상
11110,상인장미3단지(은행5단지),중소폐가전,수거함 설치,대구 달서구 상화로 370(월곡로 112) ,공동주택(아파트 등),무상
11111,상인장미4단지,중소폐가전,수거함 설치,대구 달서구 상화로 380 ,공동주택(아파트 등),무상
11112,상인평광맨션,중소폐가전,수거함 설치,대구 달서구 상인서로 3 ,공동주택(아파트 등),무상
11113,상인푸르지오아파트,중소폐가전,수거함 설치,대구 달서구 상화로 235 ,공동주택(아파트 등),무상
11114,성서1차영남우방아파트,중소폐가전,수거함 설치,대구 달서구 성지로 11 ,공동주택(아파트 등),무상
11115,성서대백창신한라아파트,중소폐가전,수거함 설치,대구 달서구 성서서로 316 ,공동주택(아파트 등),무상
11116,성서우방유쉘,중소폐가전,수거함 설치,대구 달서구 달구벌대로 995 ,공동주택(아파트 등),무상
11117,성서한샘타운,중소폐가전,수거함 설치,대구 달서구 선원남로 77 ,공동주택(아파트 등),무상
11118,성원아파트,중소폐가전,수거함 설치,대구 달성군 논공로23길14 ,공동주택(아파트 등),무상
11119,송현월성아파트,중소폐가전,수거함 설치,대구 달서구 송현로16길 43 ,공동주택(아파트 등),무상
11120,수목원서한이다음아파트,중소폐가전,수거함 설치,대구 달서구 한실로6길 123 ,공동주택(아파트 등),무상
11121,신동아파밀리에,중소폐가전,수거함 설치,대구 달성군 비슬로539길 38 ,공동주택(아파트 등),무상
11122,우방청자아파트,중소폐가전,수거함 설치,대구 달서구 상화북로 117 ,공동주택(아파트 등),무상
11123,월성영남맨션,중소폐가전,수거함 설치,대구 달서구 학산로2길 39 ,공동주택(아파트 등),무상
11124,월성코오롱하늘채1단지,중소폐가전,수거함 설치,대구 달서구 조암남로16길 19 ,공동주택(아파트 등),무상
11125,월성푸르지오,중소폐가전,수거함 설치,대구 달서구 조암로6길 20 ,공동주택(아파트 등),무상
11126,유천포스코더샵,중소폐가전,수거함 설치,대구 달서구 달서대로 67 ,공동주택(아파트 등),무상
11127,장기주공,중소폐가전,수거함 설치,대구 달서구 용산로 88 ,공동주택(아파트 등),무상
11128,제일풍경채 프라임 ,중소폐가전,수거함 설치,대구 달성군 다사읍 세천남로 35 ,공동주택(아파트 등),무상
11129,주공,중소폐가전,수거함 설치,대구 달성군 남리길 48 ,공동주택(아파트 등),무상
11130,죽곡삼정그린코아더베스트,중소폐가전,수거함 설치,대구 달성군 다사읍 다사로 50 ,공동주택(아파트 등),무상
11131,죽곡푸르지오 2단지,중소폐가전,수거함 설치,대구 달성군 다사읍 대실역남로 93 ,공동주택(아파트 등),무상
11132,죽곡푸르지오1단지,중소폐가전,수거함 설치,대구 달성군 다사읍 대실역북로 16 ,공동주택(아파트 등),무상
11133,진천1차삼성래미안아파트,중소폐가전,수거함 설치,대구 달서구 상화로8길 23 ,공동주택(아파트 등),무상
11134,진천역AK그랑폴리스 2차,중소폐가전,수거함 설치,대구 달서구 월배로 51 ,공동주택(아파트 등),무상
11135,청구청룡맨션아파트,중소폐가전,수거함 설치,대구 달성군 비슬로 2715 ,공동주택(아파트 등),무상
11136,청구타운,중소폐가전,수거함 설치,대구 달성군 논공로7길73 ,공동주택(아파트 등),무상
11137,"평광1,2차",중소폐가전,수거함 설치,대구 달성군 논공로21길15 ,공동주택(아파트 등),무상
11138,평광3차,중소폐가전,수거함 설치,대구 달성군 용호로6 ,공동주택(아파트 등),무상
11139,평광4차,중소폐가전,수거함 설치,대구 달성군 남리길7 ,공동주택(아파트 등),무상
11140,평화타운,중소폐가전,수거함 설치,대구 달서구 성서동로 350 ,공동주택(아파트 등),무상
11141,한샘타운,중소폐가전,수거함 설치,대구 달성군 사문진로6길 17 ,공동주택(아파트 등),무상
11142,협성휴포레 월성,중소폐가전,수거함 설치,대구 달서구 조암로10길 11 ,공동주택(아파트 등),무상
11143,화원대백맨션,중소폐가전,수거함 설치,대구 달성군 성화로6길 5 ,공동주택(아파트 등),무상
11144,화원삼주타운아파트,중소폐가전,수거함 설치,대구 달성군 사문진로 349 ,공동주택(아파트 등),무상
11145,화원태왕리더스,중소폐가전,수거함 설치,대구 달성군 화원로3길 66 ,공동주택(아파트 등),무상
11146,화원태왕타운아파트,중소폐가전,수거함 설치,대구 달성군 성화로4길 13 ,공동주택(아파트 등),무상
11147,e편한세상월배,중소폐가전,수거함 설치,대구 달서구 월성로 132 ,공동주택(아파트 등),무상
11148,가람마을 2단지,중소폐가전,수거함 설치,대구 달서구 한실로 135 ,공동주택(아파트 등),무상
11149,귀빈1차맨션,중소폐가전,수거함 설치,대구 달서구 월배로32안길 61 ,공동주택(아파트 등),무상
11150,대곡사계절타운,중소폐가전,수거함 설치,대구 달서구 한실로 117 ,공동주택(아파트 등),무상
11151,대곡역 동화타운,중소폐가전,수거함 설치,대구 달서구 상화로 24 ,공동주택(아파트 등),무상
11152,대곡역 화성파크드림쟈소,중소폐가전,수거함 설치,대구 달서구 비슬로 2734 ,공동주택(아파트 등),무상
11153,대곡우방타운,중소폐가전,수거함 설치,대구 달서구 비슬로538길 22 ,공동주택(아파트 등),무상
11154,대곡주공7단지 산새마을,중소폐가전,수거함 설치,대구 달서구 도원남로 40 ,공동주택(아파트 등),무상
11155,대곡청구타운,중소폐가전,수거함 설치,대구 달서구 상화로8길 26 ,공동주택(아파트 등),무상
11156,대곡한라하우젠트,중소폐가전,수거함 설치,대구 달서구 비슬로 2724 ,공동주택(아파트 등),무상
11157,동서타운,중소폐가전,수거함 설치,대구 달서구 학산로7길 5 ,공동주택(아파트 등),무상
11158,동화로즈빌,중소폐가전,수거함 설치,대구 달서구 죽전1길 82 ,공동주택(아파트 등),무상
11159,미리샘마을아파트,중소폐가전,수거함 설치,대구 달서구 한실로 134 ,공동주택(아파트 등),무상
11160,보성산호아파트,중소폐가전,수거함 설치,대구 달서구 상화북로 159 ,공동주택(아파트 등),무상
11161,상인대성스카이렉스,중소폐가전,수거함 설치,대구 달서구 월배로 183 ,공동주택(아파트 등),무상
11162,상인역 신일해피트리,중소폐가전,수거함 설치,대구 달서구 월서로 31 ,공동주택(아파트 등),무상
11163,상인역KCC스위첸,중소폐가전,수거함 설치,대구 달서구 월배로39길 26 ,공동주택(아파트 등),무상
11164,상인제림타운,중소폐가전,수거함 설치,대구 달서구 상화북로 196 ,공동주택(아파트 등),무상
11165,상인화성파크드림,중소폐가전,수거함 설치,대구 달서구 송현로7길 10 ,공동주택(아파트 등),무상
11166,상인화성하이츠,중소폐가전,수거함 설치,대구 달서구 월배로 245 ,공동주택(아파트 등),무상
11167,성당래미안e편한세상 1단지,중소폐가전,수거함 설치,대구 달서구 장기로 189 ,공동주택(아파트 등),무상
11168,성당래미안e편한세상 2단지,중소폐가전,수거함 설치,대구 달서구 장기로 145 ,공동주택(아파트 등),무상
11169,성당코오롱하늘채,중소폐가전,수거함 설치,대구 달서구 장기로 160 ,공동주택(아파트 등),무상
11170,성서2차영남우방타운,중소폐가전,수거함 설치,대구 달서구 이곡공원로 83 ,공동주택(아파트 등),무상
11171,성서보람타운,중소폐가전,수거함 설치,대구 달서구 새동네로 34 ,공동주택(아파트 등),무상
11172,성서삼성한국형아파트,중소폐가전,수거함 설치,대구 달서구 호산로 126 ,공동주택(아파트 등),무상
11173,성서우방타운,중소폐가전,수거함 설치,대구 달서구 계대동문로 123 ,공동주택(아파트 등),무상
11174,성서주공7단지,중소폐가전,수거함 설치,대구 달서구 성지로 12 ,공동주택(아파트 등),무상
11175,성서청구아파트,중소폐가전,수거함 설치,대구 달서구 성지로 75 ,공동주택(아파트 등),무상
11176,용산롯데캐슬그랜드,중소폐가전,수거함 설치,대구 달서구 장산남로 33 ,공동주택(아파트 등),무상
11177,용산보성타운,중소폐가전,수거함 설치,대구 달서구 용산서로 37 ,공동주택(아파트 등),무상
11178,용산파크타운,중소폐가전,수거함 설치,대구 달서구 용산로 259 ,공동주택(아파트 등),무상
11179,우방드림시티,중소폐가전,수거함 설치,대구 달서구 장기로 242 ,공동주택(아파트 등),무상
11180,우방미진태왕아파트,중소폐가전,수거함 설치,대구 달서구 용산서로 21 ,공동주택(아파트 등),무상
11181,월배1차아이파크,중소폐가전,수거함 설치,대구 달서구 조암남로 182 ,공동주택(아파트 등),무상
11182,월배2차귀빈타운,중소폐가전,수거함 설치,대구 달서구 월배로32안길 66 ,공동주택(아파트 등),무상
11183,월배데시앙아파트,중소폐가전,수거함 설치,대구 달서구 조암남로 123 ,공동주택(아파트 등),무상
11184,월배쌍용예가,중소폐가전,수거함 설치,대구 달서구 조암남로32길 13 ,공동주택(아파트 등),무상
11185,월성e편한세상,중소폐가전,수거함 설치,대구 달서구 조암남로 10 ,공동주택(아파트 등),무상
11186,월성동삼성래미안,중소폐가전,수거함 설치,대구 달서구 상원로 143 ,공동주택(아파트 등),무상
11187,월성보성2단지,중소폐가전,수거함 설치,대구 달서구 학산로7길 27 ,공동주택(아파트 등),무상
11188,월성서한이다음,중소폐가전,수거함 설치,대구 달서구 학산로 15 ,공동주택(아파트 등),무상
11189,월성우방타운,중소폐가전,수거함 설치,대구 달서구 학산로2길 10 ,공동주택(아파트 등),무상
11190,월성주공5단지,중소폐가전,수거함 설치,대구 달서구 구마로12길 89 ,공동주택(아파트 등),무상
11191,월성청구타운,중소폐가전,수거함 설치,대구 달서구 학산로2길 24 ,공동주택(아파트 등),무상
11192,월성화성타운,중소폐가전,수거함 설치,대구 달서구 학산로2길 27 ,공동주택(아파트 등),무상
11193,은행아파트,중소폐가전,수거함 설치,대구 달서구 월곡로 112 ,공동주택(아파트 등),무상
11194,진천역AK그랑폴리스,중소폐가전,수거함 설치,대구 달서구 월배로11길 33 ,공동주택(아파트 등),무상
11195,진천역대우이안아파트,중소폐가전,수거함 설치,대구 달서구 진천로18길 10 ,공동주택(아파트 등),무상
11196,한마음타운,중소폐가전,수거함 설치,대구 달서구 선원남로 151 ,공동주택(아파트 등),무상
11197,한실들마을 2차,중소폐가전,수거함 설치,대구 달서구 한실로 49 ,공동주택(아파트 등),무상
11198,고산노변타운,중소폐가전,수거함 설치,대구 수성구 시지로 55 ,공동주택(아파트 등),무상
11199,노변대백,중소폐가전,수거함 설치,대구 수성구 노변로 11 ,공동주택(아파트 등),무상
11200,노변동 수성월드메르디앙,중소폐가전,수거함 설치,대구 수성구 노변로 55 ,공동주택(아파트 등),무상
11201,노변동서우방,중소폐가전,수거함 설치,대구 수성구 노변공원로 22 ,공동주택(아파트 등),무상
11202,노변청구타운,중소폐가전,수거함 설치,대구 수성구 시지로 21 ,공동주택(아파트 등),무상
11203,대곡강산타운,중소폐가전,수거함 설치,대구 달서구 도원로 45 ,공동주택(아파트 등),무상
11204,대곡역 화성파크드림,중소폐가전,수거함 설치,대구 달서구 달서대로 41 ,공동주택(아파트 등),무상
11205,대곡주공9단지 아람마을,중소폐가전,수거함 설치,대구 달서구 한실로 30 ,공동주택(아파트 등),무상
11206,대성스카이렉스,중소폐가전,수거함 설치,대구 달서구 월배로 80 ,공동주택(아파트 등),무상
11207,래미안수성,중소폐가전,수거함 설치,대구 수성구 상록로 69 ,공동주택(아파트 등),무상
11208,만촌태왕리더스,중소폐가전,수거함 설치,대구 수성구 무열로 47 ,공동주택(아파트 등),무상
11209,범물보성타운,중소폐가전,수거함 설치,대구 수성구 지범로39길 56 ,공동주택(아파트 등),무상
11210,범물영남보성아파트,중소폐가전,수거함 설치,대구 수성구 용학로 316 ,공동주택(아파트 등),무상
11211,범물하이츠아파트,중소폐가전,수거함 설치,대구 수성구 용학로 336 ,공동주택(아파트 등),무상
11212,범어월드메르디앙웨스턴카운티,중소폐가전,수거함 설치,대구 수성구 범어천로 200 ,공동주택(아파트 등),무상
11213,범어월드메르디앙이스턴카운티,중소폐가전,수거함 설치,대구 수성구 범어천로 190 ,공동주택(아파트 등),무상
11214,범어태왕아너스,중소폐가전,수거함 설치,대구 수성구 상록로 41 ,공동주택(아파트 등),무상
11215,삼우1차수성타운,중소폐가전,수거함 설치,대구 수성구 달구벌대로456길 19 ,공동주택(아파트 등),무상
11216,상인동화태왕한양타운,중소폐가전,수거함 설치,대구 달서구 상인서로 94 ,공동주택(아파트 등),무상
11217,상인한서타운,중소폐가전,수거함 설치,대구 달서구 상화북로 195 ,공동주택(아파트 등),무상
11218,성당두산위브,중소폐가전,수거함 설치,대구 달서구 당산로 82 ,공동주택(아파트 등),무상
11219,성당래미안e편한세상 3단지,중소폐가전,수거함 설치,대구 달서구 장기로 127 ,공동주택(아파트 등),무상
11220,성당우방아파트,중소폐가전,수거함 설치,대구 달서구 구마로 171 ,공동주택(아파트 등),무상
11221,성당포스코더샵,중소폐가전,수거함 설치,대구 달서구 장기로 115 ,공동주택(아파트 등),무상
11222,성서6-1주공,중소폐가전,수거함 설치,대구 달서구 성지로 35 ,공동주택(아파트 등),무상
11223,성서주공2단지,중소폐가전,수거함 설치,대구 달서구 신당로 55 ,공동주택(아파트 등),무상
11224,수성그린타운,중소폐가전,수거함 설치,대구 수성구 달구벌대로458길 17 ,공동주택(아파트 등),무상
11225,수성동양엘레브,중소폐가전,수거함 설치,대구 수성구 명덕로73길 40 ,공동주택(아파트 등),무상
11226,수성롯데캐슬더퍼스트1단지,중소폐가전,수거함 설치,대구 수성구 수성로69길 70 ,공동주택(아파트 등),무상
11227,수성롯데캐슬더퍼스트2단지,중소폐가전,수거함 설치,대구 수성구 수성로69길 65 ,공동주택(아파트 등),무상
11228,수성롯데캐슬더퍼스트3단지,중소폐가전,수거함 설치,대구 수성구 수성로69길 41 ,공동주택(아파트 등),무상
11229,수성보성타운,중소폐가전,수거함 설치,대구 수성구 수성로412 ,공동주택(아파트 등),무상
11230,수성태왕하이츠리버뷰,중소폐가전,수거함 설치,대구 수성구 달구벌대로454길 9 ,공동주택(아파트 등),무상
11231,시지대백,중소폐가전,수거함 설치,대구 수성구 달구벌대로625길 21 ,공동주택(아파트 등),무상
11232,시지월드메르디앙,중소폐가전,수거함 설치,대구 수성구 천을로 70 ,공동주택(아파트 등),무상
11233,시지태왕아너스,중소폐가전,수거함 설치,대구 수성구 천을로 91 ,공동주택(아파트 등),무상
11234,신세계타운,중소폐가전,수거함 설치,대구 수성구 신천동로 320 ,공동주택(아파트 등),무상
11235,아이프라임시지,중소폐가전,수거함 설치,대구 수성구 달구벌대로 3110 ,공동주택(아파트 등),무상
11236,오성아파트,중소폐가전,수거함 설치,대구 수성구 고모로33길 100 ,공동주택(아파트 등),무상
11237,와룡타운,중소폐가전,수거함 설치,대구 달서구 이곡동로 32 ,공동주택(아파트 등),무상
11238,용산1차서한화성타운,중소폐가전,수거함 설치,대구 달서구 장산로 10 ,공동주택(아파트 등),무상
11239,우방오성타운,중소폐가전,수거함 설치,대구 수성구 신천동로 380 ,공동주택(아파트 등),무상
11240,우방한가람타운,중소폐가전,수거함 설치,대구 수성구 명덕로 368 ,공동주택(아파트 등),무상
11241,유성푸르나임,중소폐가전,수거함 설치,대구 수성구 수성로75길 16 ,공동주택(아파트 등),무상
11242,이편한세상범어,중소폐가전,수거함 설치,대구 수성구 들안로78길 45 ,공동주택(아파트 등),무상
11243,제림은탑,중소폐가전,수거함 설치,대구 수성구 천을로 49 ,공동주택(아파트 등),무상
11244,죽전그린빌,중소폐가전,수거함 설치,대구 달서구 와룡로53길 40 ,공동주택(아파트 등),무상
11245,청구성조타운,중소폐가전,수거함 설치,대구 수성구 국채보상로 846 ,공동주택(아파트 등),무상
11246,청구전원타운,중소폐가전,수거함 설치,대구 수성구 시지로 45 ,공동주택(아파트 등),무상
11247,한양 은하,중소폐가전,수거함 설치,대구 달서구 상화북로 137 ,공동주택(아파트 등),무상
11248,화성쌍용타운,중소폐가전,수거함 설치,대구 수성구 수성로411 ,공동주택(아파트 등),무상
11249,가든하이츠1단지,중소폐가전,수거함 설치,대구 수성구 범어로 45 ,공동주택(아파트 등),무상
11250,경남타운,중소폐가전,수거함 설치,대구 수성구 범어로 27 ,공동주택(아파트 등),무상
11251,궁전맨션,중소폐가전,수거함 설치,대구 수성구 동대구로 274 ,공동주택(아파트 등),무상
11252,누리빌데시앙,중소폐가전,수거함 설치,대구 수성구 국채보상로1019 ,공동주택(아파트 등),무상
11253,대구시지푸르지오 ,중소폐가전,수거함 설치,대구 수성구 달구벌대로661길 7 ,공동주택(아파트 등),무상
11254,대림이편한세상,중소폐가전,수거함 설치,대구 수성구 들안로73길50-7 ,공동주택(아파트 등),무상
11255,럭키골든,중소폐가전,수거함 설치,대구 수성구 효행로24 ,공동주택(아파트 등),무상
11256,매호동서타운2차아파트,중소폐가전,수거함 설치,대구 수성구 달구벌대로641길 8 ,공동주택(아파트 등),무상
11257,매호동한일유앤아이,중소폐가전,수거함 설치,대구 수성구 고산로 162 ,공동주택(아파트 등),무상
11258,매호협화타운,중소폐가전,수거함 설치,대구 수성구 천을로 181 ,공동주택(아파트 등),무상
11259,메트로1단지,중소폐가전,수거함 설치,대구 수성구 동원로135 ,공동주택(아파트 등),무상
11260,메트로2단지,중소폐가전,수거함 설치,대구 수성구 동원로109 ,공동주택(아파트 등),무상
11261,메트로3단지,중소폐가전,수거함 설치,대구 수성구 동원로110 ,공동주택(아파트 등),무상
11262,메트로5단지,중소폐가전,수거함 설치,대구 수성구 동원로100 ,공동주택(아파트 등),무상
11263,"범물(창신, 태성, 한라)맨션",중소폐가전,수거함 설치,대구 수성구 용학로 272 ,공동주택(아파트 등),무상
11264,범물삼주타운,중소폐가전,수거함 설치,대구 수성구 범안로8길 35 ,공동주택(아파트 등),무상
11265,범물서한화성타운,중소폐가전,수거함 설치,대구 수성구 지범로40길 11 ,공동주택(아파트 등),무상
11266,범물에덴타운,중소폐가전,수거함 설치,대구 수성구 지범로40길 6 ,공동주택(아파트 등),무상
11267,범물우방미진하이츠,중소폐가전,수거함 설치,대구 수성구 지범로 290 ,공동주택(아파트 등),무상
11268,범물청아타운,중소폐가전,수거함 설치,대구 수성구 범안로 40 ,공동주택(아파트 등),무상
11269,범어SK뷰,중소폐가전,수거함 설치,대구 수성구 범어로 75 ,공동주택(아파트 등),무상
11270,범어라온프라이빗2차,중소폐가전,수거함 설치,대구 수성구 청호로 438 ,공동주택(아파트 등),무상
11271,범어삼성쉐르빌,중소폐가전,수거함 설치,대구 수성구 청호로 426 ,공동주택(아파트 등),무상
11272,범어삼환나우빌,중소폐가전,수거함 설치,대구 수성구 범어천로197 ,공동주택(아파트 등),무상
11273,보성송정타운,중소폐가전,수거함 설치,대구 수성구 지범로46길 43 ,공동주택(아파트 등),무상
11274,브라운스톤범어,중소폐가전,수거함 설치,대구 수성구 동대구로 354 ,공동주택(아파트 등),무상
11275,빌리브범어,중소폐가전,수거함 설치,대구 수성구 청호로 418 ,공동주택(아파트 등),무상
11276,송원맨션,중소폐가전,수거함 설치,대구 수성구 파동로 223 ,공동주택(아파트 등),무상
11277,수성못코오롱하늘채,중소폐가전,수거함 설치,대구 수성구 파동로 222 ,공동주택(아파트 등),무상
11278,수성아이파크,중소폐가전,수거함 설치,대구 수성구 파동로22길 15 ,공동주택(아파트 등),무상
11279,시지2차사월보성,중소폐가전,수거함 설치,대구 수성구 욱수천로 133 ,공동주택(아파트 등),무상
11280,시지3차서한이다음,중소폐가전,수거함 설치,대구 수성구 달구벌대로669길 20-20 ,공동주택(아파트 등),무상
11281,시지누리타운,중소폐가전,수거함 설치,대구 수성구 달구벌대로637길 21 ,공동주택(아파트 등),무상
11282,시지두레타운,중소폐가전,수거함 설치,대구 수성구 천을로 131 ,공동주택(아파트 등),무상
11283,시지서한타운2차,중소폐가전,수거함 설치,대구 수성구 천을로31길 8 ,공동주택(아파트 등),무상
11284,시지우방하이츠,중소폐가전,수거함 설치,대구 수성구 달구벌대로645길 22 ,공동주택(아파트 등),무상
11285,시지태왕하이츠1차,중소폐가전,수거함 설치,대구 수성구 달구벌대로647길 16 ,공동주택(아파트 등),무상
11286,시지한신휴플러스,중소폐가전,수거함 설치,대구 수성구 달구벌대로669길 50 ,공동주택(아파트 등),무상
11287,우방범어2차,중소폐가전,수거함 설치,대구 수성구 동대구로 226 ,공동주택(아파트 등),무상
11288,우방사랑마을,중소폐가전,수거함 설치,대구 수성구 달구벌대로2317 ,공동주택(아파트 등),무상
11289,지산리더스아파트,중소폐가전,수거함 설치,대구 수성구 지산로5 ,공동주택(아파트 등),무상
11290,지산목련아파트,중소폐가전,수거함 설치,대구 수성구 용학로 42길 13 ,공동주택(아파트 등),무상
11291,지산보성맨션,중소폐가전,수거함 설치,대구 수성구 지범로 22길 10 ,공동주택(아파트 등),무상
11292,지산영남맨션,중소폐가전,수거함 설치,대구 수성구 지산로 31 ,공동주택(아파트 등),무상
11293,지산화성맨션,중소폐가전,수거함 설치,대구 수성구 용학로35길 62 ,공동주택(아파트 등),무상
11294,청구푸른마을,중소폐가전,수거함 설치,대구 수성구 동대구로 240 ,공동주택(아파트 등),무상
11295,청구호반맨션,중소폐가전,수거함 설치,대구 수성구 용학로 46길 40 ,공동주택(아파트 등),무상
11296,코오롱하늘채수,중소폐가전,수거함 설치,대구 수성구 범어천로 126 ,공동주택(아파트 등),무상
11297,태영데시앙,중소폐가전,수거함 설치,대구 수성구 들안로360 ,공동주택(아파트 등),무상
11298,태왕유성하이빌,중소폐가전,수거함 설치,대구 수성구 동대구로 250 ,공동주택(아파트 등),무상
11299,태왕하이츠2차,중소폐가전,수거함 설치,대구 수성구 천을로 170 ,공동주택(아파트 등),무상
11300,현대청림타운,중소폐가전,수거함 설치,대구 수성구 지범로54길 15 ,공동주택(아파트 등),무상
11301,화성파크스위트,중소폐가전,수거함 설치,대구 수성구 화랑로34길141 ,공동주택(아파트 등),무상
11302,SD아이프라임강북아파트,중소폐가전,수거함 설치,"대구 북구 칠곡중앙대로125길 7 (읍내동, SD아이프라임강북아파트) ",공동주택(아파트 등),무상
11303,강북협성휴포레,중소폐가전,수거함 설치,대구 북구 태암남로 60 ,공동주택(아파트 등),무상
11304,녹원맨션,중소폐가전,수거함 설치,대구 수성구 무학로 187 ,공동주택(아파트 등),무상
11305,대한동아침산2차무지개아파트,중소폐가전,수거함 설치,대구 북구 침산로21길10 ,공동주택(아파트 등),무상
11306,동화골든빌,중소폐가전,수거함 설치,대구 북구 동천로 156 ,공동주택(아파트 등),무상
11307,동화훼미리아파트,중소폐가전,수거함 설치,대구 북구 칠곡중앙대로95길 11 ,공동주택(아파트 등),무상
11308,명성푸르지오,중소폐가전,수거함 설치,대구 북구 침산로153 ,공동주택(아파트 등),무상
11309,복현광명,중소폐가전,수거함 설치,대구 북구 동북로65길 13 ,공동주택(아파트 등),무상
11310,복현명문세가1단지,중소폐가전,수거함 설치,대구 북구 복현로 71 ,공동주택(아파트 등),무상
11311,복현명문세가2단지,중소폐가전,수거함 설치,대구 북구 복현로 50 ,공동주택(아파트 등),무상
11312,복현현대맨션,중소폐가전,수거함 설치,대구 북구 복현로 115 ,공동주택(아파트 등),무상
11313,복현화성타운,중소폐가전,수거함 설치,대구 북구 복현로 173 ,공동주택(아파트 등),무상
11314,부영그린타운,중소폐가전,수거함 설치,대구 북구 동천로24길 12 ,공동주택(아파트 등),무상
11315,산호한양아파트,중소폐가전,수거함 설치,"대구 북구 대천로7길 40 (읍내동, 산호한양아파트) ",공동주택(아파트 등),무상
11316,서한청산맨션,중소폐가전,수거함 설치,대구 수성구 지범로21길 15 ,공동주택(아파트 등),무상
11317,선학맨션,중소폐가전,수거함 설치,대구 북구 성북로50 ,공동주택(아파트 등),무상
11318,옥석타운,중소폐가전,수거함 설치,대구 북구 침산남로31길 11 ,공동주택(아파트 등),무상
11319,지산5단지아파트,중소폐가전,수거함 설치,대구 수성구 용학로 325 ,공동주택(아파트 등),무상
11320,지산서한이다음,중소폐가전,수거함 설치,대구 수성구 용학로 313 ,공동주택(아파트 등),무상
11321,지산에덴타운,중소폐가전,수거함 설치,대구 수성구 용학로 223 ,공동주택(아파트 등),무상
11322,지산우방타운,중소폐가전,수거함 설치,대구 수성구 지산로32 ,공동주택(아파트 등),무상
11323,지산타운,중소폐가전,수거함 설치,대구 수성구 용학로 303 ,공동주택(아파트 등),무상
11324,지산한라타운,중소폐가전,수거함 설치,대구 수성구 지범로22길 9 ,공동주택(아파트 등),무상
11325,지산현대맨션,중소폐가전,수거함 설치,대구 수성구 지범로 22길 20 ,공동주택(아파트 등),무상
11326,칠곡2차보성서한타운,중소폐가전,수거함 설치,대구 북구 팔거천동로 104 ,공동주택(아파트 등),무상
11327,칠곡3차보성타운,중소폐가전,수거함 설치,"대구 북구 칠곡중앙대로126길 7-12 (읍내동, 칠곡3차보성타운) ",공동주택(아파트 등),무상
11328,칠곡3차화성타운,중소폐가전,수거함 설치,대구 북구 대천로 101 ,공동주택(아파트 등),무상
11329,칠곡건영아파트,중소폐가전,수거함 설치,대구 북구 구암로 32길 15 ,공동주택(아파트 등),무상
11330,칠곡공작한양아파트,중소폐가전,수거함 설치,"대구 북구 구암로21길 38 (읍내동, 칠곡공작한양아파트) ",공동주택(아파트 등),무상
11331,칠곡네스빌,중소폐가전,수거함 설치,대구 북구 동천로 155 ,공동주택(아파트 등),무상
11332,칠곡럭키아파트,중소폐가전,수거함 설치,"대구 북구 팔거천서로 181 (읍내동, 칠곡럭키아파트) ",공동주택(아파트 등),무상
11333,칠곡목련아파트,중소폐가전,수거함 설치,"대구 북구 구암로15길 38 (읍내동, 칠곡목련아파트) ",공동주택(아파트 등),무상
11334,칠곡미래타운,중소폐가전,수거함 설치,대구 북구 팔거천동로 52 ,공동주택(아파트 등),무상
11335,칠곡보성맨션,중소폐가전,수거함 설치,"대구 북구 구암로21길 26 (읍내동, 칠곡보성맨션) ",공동주택(아파트 등),무상
11336,칠곡부영6단지아파트,중소폐가전,수거함 설치,대구 북구 구암로 49길 24 ,공동주택(아파트 등),무상
11337,칠곡서한3차 타운,중소폐가전,수거함 설치,대구 북구 구암로 32길 14 ,공동주택(아파트 등),무상
11338,칠곡영남2차아파트,중소폐가전,수거함 설치,대구 북구 팔거천동로24길 40 ,공동주택(아파트 등),무상
11339,칠곡영남네오빌아트,중소폐가전,수거함 설치,대구 북구 동천로 97 ,공동주택(아파트 등),무상
11340,칠곡우방타운,중소폐가전,수거함 설치,"대구 북구 칠곡중앙대로115길 24 (읍내동, 칠곡우방타운) ",공동주택(아파트 등),무상
11341,칠곡코스모스한양아파트,중소폐가전,수거함 설치,"대구 북구 구암로21길 6 (읍내동, 칠곡코스모스한양아파트) ",공동주택(아파트 등),무상
11342,칠곡한서타운,중소폐가전,수거함 설치,"대구 북구 동암로7길 39 (읍내동, 칠곡한서타운) ",공동주택(아파트 등),무상
11343,칠곡한신아파트,중소폐가전,수거함 설치,대구 북구 관음로 50 ,공동주택(아파트 등),무상
11344,칠곡현대아파트,중소폐가전,수거함 설치,"대구 북구 대천로7길 26 (읍내동, 칠곡현대아파트) ",공동주택(아파트 등),무상
11345,침산2차청구타운,중소폐가전,수거함 설치,대구 북구 침산남로19길8 ,공동주택(아파트 등),무상
11346,침산3차푸르지오,중소폐가전,수거함 설치,대구 북구 침산남로 130 ,공동주택(아파트 등),무상
11347,침산동2차쌍용예가,중소폐가전,수거함 설치,대구 북구 성북로9길12 ,공동주택(아파트 등),무상
11348,침산제일아파트,중소폐가전,수거함 설치,대구 북구 옥산로17길50 ,공동주택(아파트 등),무상
11349,침산청구타운,중소폐가전,수거함 설치,대구 북구 침산남로19길9 ,공동주택(아파트 등),무상
11350,태왕아너스복현,중소폐가전,수거함 설치,대구 북구 복현로 105 ,공동주택(아파트 등),무상
11351,태전삼성아파트,중소폐가전,수거함 설치,대구 북구 칠곡중앙대로52길 20 ,공동주택(아파트 등),무상
11352,태전우방미진타운아파트,중소폐가전,수거함 설치,대구 북구 칠곡중앙대로52길 46 ,공동주택(아파트 등),무상
11353,태전휴먼시아1단지,중소폐가전,수거함 설치,대구 북구 매전로 73 ,공동주택(아파트 등),무상
11354,학정역효성해링턴플레이스,중소폐가전,수거함 설치,"대구 북구 관음로 295 (읍내동, 학정역효성해링턴플레이스) ",공동주택(아파트 등),무상
11355,화성센트럴파크,중소폐가전,수거함 설치,대구 북구 대천로 100 ,공동주택(아파트 등),무상
11356,각산영 더뉴클래스2차,중소폐가전,수거함 설치,대구 동구 반야월로360 ,공동주택(아파트 등),무상
11357,각산태영데시앙,중소폐가전,수거함 설치,대구 동구 반야월북로123 ,공동주택(아파트 등),무상
11358,각산푸르지오1단지,중소폐가전,수거함 설치,대구 동구 경안로824 ,공동주택(아파트 등),무상
11359,각산푸르지오2단지,중소폐가전,수거함 설치,대구 동구 경안로822 ,공동주택(아파트 등),무상
11360,강변코오롱하늘채,중소폐가전,수거함 설치,대구 남구 봉덕로 134 ,공동주택(아파트 등),무상
11361,금호서한이다음,중소폐가전,수거함 설치,대구 북구 한강로 17 ,공동주택(아파트 등),무상
11362,내당삼익맨션,중소폐가전,수거함 설치,대구 서구 서대구로 25 ,공동주택(아파트 등),무상
11363,대구 율하숲,중소폐가전,수거함 설치,대구 동구 금호강변로3길 35 ,공동주택(아파트 등),무상
11364,대구금호LH천년나무1단지,중소폐가전,수거함 설치,대구 북구 한강로 55 ,공동주택(아파트 등),무상
11365,대구금호스타힐스NHF6단지,중소폐가전,수거함 설치,대구 북구 내곡로 70 ,공동주택(아파트 등),무상
11366,대구혁신LH5단지,중소폐가전,수거함 설치,대구 동구 과학로45 ,공동주택(아파트 등),무상
11367,대구혁신LH천년나무3단지,중소폐가전,수거함 설치,대구 동구 과학로13길30 ,공동주택(아파트 등),무상
11368,대구혁신도시서한이다음2차,중소폐가전,수거함 설치,대구 동구 이노밸리로29길34 ,공동주택(아파트 등),무상
11369,대현e-편한세상,중소폐가전,수거함 설치,대구 북구 대현로10길 82 (대현동) ,공동주택(아파트 등),무상
11370,대현뜨란채,중소폐가전,수거함 설치,대구 북구 대현남로 28 (대현동) ,공동주택(아파트 등),무상
11371,동촌강나루타운,중소폐가전,수거함 설치,대구 동구 효동로108 ,공동주택(아파트 등),무상
11372,동화해오름타운,중소폐가전,수거함 설치,대구 동구 동호로89 ,공동주택(아파트 등),무상
11373,보성상아,중소폐가전,수거함 설치,대구 남구 명덕로 236 ,공동주택(아파트 등),무상
11374,봉무청구새들마을,중소폐가전,수거함 설치,대구 동구 팔공로322-5 ,공동주택(아파트 등),무상
11375,상록아이투빌,중소폐가전,수거함 설치,대구 동구 동호로47 ,공동주택(아파트 등),무상
11376,성광우방타운,중소폐가전,수거함 설치,대구 북구 호암로 20 ,공동주택(아파트 등),무상
11377,신서그린빌,중소폐가전,수거함 설치,대구 동구 반야월북로251 ,공동주택(아파트 등),무상
11378,신서청구,중소폐가전,수거함 설치,대구 동구 반야월북로55길19 ,공동주택(아파트 등),무상
11379,신서퀸덤,중소폐가전,수거함 설치,대구 동구 신서로72 ,공동주택(아파트 등),무상
11380,신암뜨란채,중소폐가전,수거함 설치,대구 동구 아양로7길12 ,공동주택(아파트 등),무상
11381,신암보성아파트,중소폐가전,수거함 설치,대구 동구 큰고개로23 ,공동주택(아파트 등),무상
11382,신천가람타운,중소폐가전,수거함 설치,대구 동구 신암로16길33 ,공동주택(아파트 등),무상
11383,신천휴먼시아5단지,중소폐가전,수거함 설치,대구 동구 동부로26 ,공동주택(아파트 등),무상
11384,안심역서원프레시빌,중소폐가전,수거함 설치,대구 동구 안심로477 ,공동주택(아파트 등),무상
11385,안심역우방아이유쉘,중소폐가전,수거함 설치,대구 동구 금강로21길10 ,공동주택(아파트 등),무상
11386,오페라삼정그린코아더베스트,중소폐가전,수거함 설치,대구 북구 침산로 100 ,공동주택(아파트 등),무상
11387,오페라코오롱하늘채,중소폐가전,수거함 설치,대구 북구 중앙대로 540 ,공동주택(아파트 등),무상
11388,왕산우방타운,중소폐가전,수거함 설치,대구 동구 파계로6길30 ,공동주택(아파트 등),무상
11389,우방강촌2차,중소폐가전,수거함 설치,대구 동구 화랑로80길9 ,공동주택(아파트 등),무상
11390,율하류먼시아8단지,중소폐가전,수거함 설치,대구 동구 율하서로85 ,공동주택(아파트 등),무상
11391,율하류먼시아8단지,중소폐가전,수거함 설치,대구 동구 안심로22길75 ,공동주택(아파트 등),무상
11392,율하휴먼시아10단지,중소폐가전,수거함 설치,대구 동구 율하동로8길16 ,공동주택(아파트 등),무상
11393,율하휴먼시아11단지,중소폐가전,수거함 설치,대구 동구 율하동로19 ,공동주택(아파트 등),무상
11394,율하휴먼시아6단지,중소폐가전,수거함 설치,대구 동구 안심로16길45 ,공동주택(아파트 등),무상
11395,이시아폴리스더샵4차,중소폐가전,수거함 설치,대구 동구 팔공로53길40 ,공동주택(아파트 등),무상
11396,이천주공2단지,중소폐가전,수거함 설치,대구 남구 희망로 57 ,공동주택(아파트 등),무상
11397,중리롯데캐슬아파트,중소폐가전,수거함 설치,대구 서구 국채보상로34길 12 ,공동주택(아파트 등),무상
11398,칠곡중앙한신아파트,중소폐가전,수거함 설치,대구 북구 영송로 85 ,공동주택(아파트 등),무상
11399,칠성휴먼시아(대구역 서희스타힐스),중소폐가전,수거함 설치,대구 북구 칠성남로 101 ,공동주택(아파트 등),무상
11400,태왕그린힐즈,중소폐가전,수거함 설치,대구 동구 파계로46 ,공동주택(아파트 등),무상
11401,태왕메트로시티,중소폐가전,수거함 설치,대구 동구 동북로500 ,공동주택(아파트 등),무상
11402,태전우방타운1차아파트,중소폐가전,수거함 설치,대구 북구 매천로 220 ,공동주택(아파트 등),무상
11403,평리청구아파트,중소폐가전,수거함 설치,대구 서구 서대구로 77 ,공동주택(아파트 등),무상
11404,평리푸르지오,중소폐가전,수거함 설치,대구 서구 국채보상로50길 20 ,공동주택(아파트 등),무상
11405,현대하이페리온,중소폐가전,수거함 설치,대구 동구 국채보상로861 ,공동주택(아파트 등),무상
11406,화성명산타운,중소폐가전,수거함 설치,대구 동구 파계로22길7 ,공동주택(아파트 등),무상
11407,SM안아주아파트,중소폐가전,수거함 설치,대구 동구 안심로16길29 ,공동주택(아파트 등),무상
11408,e-편한세상 세계육상선수촌2단지,중소폐가전,수거함 설치,대구 동구 안심로16길71 ,공동주택(아파트 등),무상
11409,강변동서마을,중소폐가전,수거함 설치,대구 동구 화랑로100길17 ,공동주택(아파트 등),무상
11410,개신삼익1차아파트,중소폐가전,수거함 설치,충북 청주시 서원구 예체로7번길 48 (개신동) ,공동주택(아파트 등),무상
11411,건영캐스빌,중소폐가전,수거함 설치,대구 동구 신암남로50 ,공동주택(아파트 등),무상
11412,극동스타클래스남산,중소폐가전,수거함 설치,대구 중구 남산로 30 ,공동주택(아파트 등),무상
11413,금사리하이빌,중소폐가전,수거함 설치,대구 동구 해동로254 ,공동주택(아파트 등),무상
11414,남산역화성파크드림,중소폐가전,수거함 설치,대구 중구 남산로7길 7 ,공동주택(아파트 등),무상
11415,대경넥스빌,중소폐가전,수거함 설치,대구 동구 안심로400 ,공동주택(아파트 등),무상
11416,"대구신서혁신LH천년나무13,14단지",중소폐가전,수거함 설치,대구 동구 초례로66 ,공동주택(아파트 등),무상
11417,대구신서혁신LH천년나무6단지,중소폐가전,수거함 설치,대구 동구 과학로6길23 ,공동주택(아파트 등),무상
11418,대구역센트럴자이,중소폐가전,수거함 설치,대구 중구 서성로 99 ,공동주택(아파트 등),무상
11419,대구혁신LH천년나무10단지,중소폐가전,수거함 설치,대구 동구 메디밸리로18 ,공동주택(아파트 등),무상
11420,대구혁신도시서한이다음,중소폐가전,수거함 설치,대구 동구 이노밸리로29길56 ,공동주택(아파트 등),무상
11421,대구혁신센텀힐즈,중소폐가전,수거함 설치,대구 동구 혁신대로450 ,공동주택(아파트 등),무상
11422,대성베르힐 2단지,중소폐가전,수거함 설치,충북 청주시 상당구 호미로 2 ,공동주택(아파트 등),무상
11423,대신센트럴자이,중소폐가전,수거함 설치,대구 중구 달구벌대로 1955 ,공동주택(아파트 등),무상
11424,동서청기와,중소폐가전,수거함 설치,대구 동구 아양로49길20 ,공동주택(아파트 등),무상
11425,동촌역태왕아너스르네상스,중소폐가전,수거함 설치,대구 동구 동촌로100 ,공동주택(아파트 등),무상
11426,문화 센트럴칸타빌아파트,중소폐가전,수거함 설치,충북 청주시 상당구 용담로 7 ,공동주택(아파트 등),무상
11427,반월당삼정그린코아,중소폐가전,수거함 설치,대구 중구 중앙대로67길 10 ,공동주택(아파트 등),무상
11428,보성강남타운,중소폐가전,수거함 설치,대구 동구 화랑로88길30 ,공동주택(아파트 등),무상
11429,비하 계룡리슈빌2차,중소폐가전,수거함 설치,충북 청주시 흥덕구 비하로57번길 37 ,공동주택(아파트 등),무상
11430,상록아파트,중소폐가전,수거함 설치,대구 동구 동호로47 ,공동주택(아파트 등),무상
11431,서한이다음4차,중소폐가전,수거함 설치,대구 동구 초례로50 ,공동주택(아파트 등),무상
11432,시티프라디움1단지,중소폐가전,수거함 설치,충북 청주시 상당구 중고개로 142번길 31 ,공동주택(아파트 등),무상
11433,신서동롯데캐슬레전드,중소폐가전,수거함 설치,대구 동구 안심로73길22 ,공동주택(아파트 등),무상
11434,신서화성파크드림,중소폐가전,수거함 설치,대구 동구 반야월북로 221 ,공동주택(아파트 등),무상
11435,신암강남,중소폐가전,수거함 설치,대구 동구 신성로60 ,공동주택(아파트 등),무상
11436,신암청아람,중소폐가전,수거함 설치,대구 동구 신암로20길39 ,공동주택(아파트 등),무상
11437,신천두산위브,중소폐가전,수거함 설치,대구 동구 국채보상로829 ,공동주택(아파트 등),무상
11438,신천역까사밀라,중소폐가전,수거함 설치,대구 동구 동부로29 ,공동주택(아파트 등),무상
11439,신천자이아파트,중소폐가전,수거함 설치,대구 동구 신암로16길25 ,공동주택(아파트 등),무상
11440,신천주공2단지,중소폐가전,수거함 설치,대구 동구 국채보상로155길54 ,공동주택(아파트 등),무상
11441,아름다운나날1단지,중소폐가전,수거함 설치,대구 동구 안심로402 ,공동주택(아파트 등),무상
11442,안심역코오롱하늘채,중소폐가전,수거함 설치,대구 동구 금강로21길30 ,공동주택(아파트 등),무상
11443,안심주공3단지,중소폐가전,수거함 설치,대구 동구 율하동로76 ,공동주택(아파트 등),무상
11444,영남네오빌2차,중소폐가전,수거함 설치,대구 동구 동촌로42길63 ,공동주택(아파트 등),무상
11445,영조아름다운나날3단지,중소폐가전,수거함 설치,대구 동구 동호로88 ,공동주택(아파트 등),무상
11446,오창 롯데캐슬아파트,중소폐가전,수거함 설치,충북 청주시 청원구 오창읍 중부로 760 ,공동주택(아파트 등),무상
11447,우방강촌마을,중소폐가전,수거함 설치,대구 동구 화랑로80길8 ,공동주택(아파트 등),무상
11448,우방푸른타운,중소폐가전,수거함 설치,대구 동구 국채보상로159길41 ,공동주택(아파트 등),무상
11449,율하역엘크루,중소폐가전,수거함 설치,대구 동구 안심로7길7 ,공동주택(아파트 등),무상
11450,율하우방아이유쉘,중소폐가전,수거함 설치,대구 동구 금호강변로3길22 ,공동주택(아파트 등),무상
11451,율하휴먼시아12단지,중소폐가전,수거함 설치,대구 동구 금호강변로315 ,공동주택(아파트 등),무상
11452,율하휴먼시아15단지,중소폐가전,수거함 설치,대구 동구 금호강변로3길9 ,공동주택(아파트 등),무상
11453,율하휴먼시아5단지,중소폐가전,수거함 설치,대구 동구 율하서로59 ,공동주택(아파트 등),무상
11454,율하휴먼시아7단지,중소폐가전,수거함 설치,대구 동구 안심로22길55 ,공동주택(아파트 등),무상
11455,율하휴먼시아9단지,중소폐가전,수거함 설치,대구 동구 안심로22길76 ,공동주택(아파트 등),무상
11456,이시아폴리스협성휴포레,중소폐가전,수거함 설치,대구 동구 팔공로260 ,공동주택(아파트 등),무상
11457,이안동대구,중소폐가전,수거함 설치,대구 동구 송라로28길14 ,공동주택(아파트 등),무상
11458,제림햇빛촌,중소폐가전,수거함 설치,대구 동구 공항로52길28 ,공동주택(아파트 등),무상
11459,현대주택방촌맨션,중소폐가전,수거함 설치,대구 동구 화랑로91길7 ,공동주택(아파트 등),무상
11460,LH청주동남1단지,중소폐가전,수거함 설치,충북 청주시 상당구 호미로 137 ,공동주택(아파트 등),무상
11461,가경ipark단지,중소폐가전,수거함 설치,충북 청주시 흥덕구 서현로 66 ,공동주택(아파트 등),무상
11462,가경동,중소폐가전,수거함 설치,충북 청주시 흥덕구  풍년로 180번길 25-2 ,"지자체(구청, 행정복지센터 등)",무상
11463,강내면,중소폐가전,수거함 설치,충북 청주시 흥덕구 강내면 태성탑연로 433 ,"지자체(구청, 행정복지센터 등)",무상
11464,강서1동,중소폐가전,수거함 설치,충북 청주시 흥덕구 가로수로 1164 ,"지자체(구청, 행정복지센터 등)",무상
11465,강서2동,중소폐가전,수거함 설치,충북 청주시 흥덕구 송화로108번길 95(송절동) ,"지자체(구청, 행정복지센터 등)",무상
11466,개신푸르지오,중소폐가전,수거함 설치,충북 청주시 서원구 신율로 13 ,공동주택(아파트 등),무상
11467,금정1차,중소폐가전,수거함 설치,충북 청주시 흥덕구 옥산면 오송가락로760 ,공동주택(아파트 등),무상
11468,남이면,중소폐가전,수거함 설치,충북 청주시 서원구 남이면 척산길 7 ,"지자체(구청, 행정복지센터 등)",무상
11469,내덕1동,중소폐가전,수거함 설치,충북 청주시 청원구 새터로 71 ,"지자체(구청, 행정복지센터 등)",무상
11470,내덕2동,중소폐가전,수거함 설치,충북 청주시 청원구 충청대로 28 ,"지자체(구청, 행정복지센터 등)",무상
11471,동남 우미린 풀하우스,중소폐가전,수거함 설치,충북 청주시 상당구 동남로 15 ,공동주택(아파트 등),무상
11472,동남 힐데스하임,중소폐가전,수거함 설치,충북 청주시 상당구 월운로 116 ,공동주택(아파트 등),무상
11473,두산위브지웰시티,중소폐가전,수거함 설치,충북 청주시 흥덕구 대농로 55 ,공동주택(아파트 등),무상
11474,복대1동,중소폐가전,수거함 설치,충북 청주시 흥덕구 증안로 86 ,"지자체(구청, 행정복지센터 등)",무상
11475,복대2동,중소폐가전,수거함 설치,"충북 청주시 흥덕구 신율로103번길 42, 복대2동주민센터 ","지자체(구청, 행정복지센터 등)",무상
11476,봉명1동,중소폐가전,수거함 설치,충북 청주시 흥덕구 직지대로620번길 70 ,"지자체(구청, 행정복지센터 등)",무상
11477,봉명2송정동,중소폐가전,수거함 설치,충북 청주시 흥덕구 주현로41번길 18 (봉명동) ,"지자체(구청, 행정복지센터 등)",무상
11478,분평 계룡리슈빌 1단지,중소폐가전,수거함 설치,충북 청주시 서원구 매봉로 26-1 ,공동주택(아파트 등),무상
11479,분평 계룡리슈빌 2단지,중소폐가전,수거함 설치,충북 청주시 서원구 매봉로 28 ,공동주택(아파트 등),무상
11480,분평동,중소폐가전,수거함 설치,충북 청주시 서원구 분평로35 ,"지자체(구청, 행정복지센터 등)",무상
11481,비하대광로제비앙아파트 2단지,중소폐가전,수거함 설치,충북 청주시 흥덕구 가로수로 1131번길 12 ,공동주택(아파트 등),무상
11482,사직1동,중소폐가전,수거함 설치,충북 청주시 서원구 대원로 45 ,"지자체(구청, 행정복지센터 등)",무상
11483,사직2동,중소폐가전,수거함 설치,충북 청주시 서원구 충렬로53번길 31 ,"지자체(구청, 행정복지센터 등)",무상
11484,산남동,중소폐가전,수거함 설치,충북 청주시 서원구 안뜸로12번길 42 ,"지자체(구청, 행정복지센터 등)",무상
11485,산남부영A,중소폐가전,수거함 설치,충북 청주시 서원구 원흥로 14 ,공동주택(아파트 등),무상
11486,성화호반베르디움,중소폐가전,수거함 설치,충북 청주시 서원구 구룡산로 24 ,공동주택(아파트 등),무상
11487,수곡2동,중소폐가전,수거함 설치,"충북 청주시 서원구 수곡로 61, 수곡2동 행정주민센터 ","지자체(구청, 행정복지센터 등)",무상
11488,오근장동,중소폐가전,수거함 설치,충북 청주시 청원구 팔결로 121 ,"지자체(구청, 행정복지센터 등)",무상
11489,오송역 동아라이크텐아파트,중소폐가전,수거함 설치,충북 청주시 흥덕구 오송읍 오송생명14로 215 ,공동주택(아파트 등),무상
11490,오송읍,중소폐가전,수거함 설치,충북 청주시 흥덕구 오송읍 가로수로 174 ,"지자체(구청, 행정복지센터 등)",무상
11491,오송읍 분소,중소폐가전,수거함 설치,충북 청주시 흥덕구 오송읍 연제리 883 ,"지자체(구청, 행정복지센터 등)",무상
11492,오창 코아루,중소폐가전,수거함 설치,충북 청주시 청원구 오창읍 오창중앙로 27 ,공동주택(아파트 등),무상
11493,오창7단지부영,중소폐가전,수거함 설치,충북 청주시 청원구 오창읍 2산단4로 60 ,공동주택(아파트 등),무상
11494,오창읍,중소폐가전,수거함 설치,충북 청주시 청원구 오창읍 두릉유리로 1137-1 ,"지자체(구청, 행정복지센터 등)",무상
11495,옥산리버파크자이,중소폐가전,수거함 설치,충북 청주시 흥덕구 오송가락로 1056 ,공동주택(아파트 등),무상
11496,옥산면,중소폐가전,수거함 설치,충북 청주시 흥덕구 옥산면 옥산시내1길 43 ,"지자체(구청, 행정복지센터 등)",무상
11497,용담대림e편한세상,중소폐가전,수거함 설치,충북 청주시 상당구 호미로 330 ,공동주택(아파트 등),무상
11498,용암 건영,중소폐가전,수거함 설치,충북 청주시 상당구 중흥로 71 ,공동주택(아파트 등),무상
11499,용암2동,중소폐가전,수거함 설치,충북 청주시 상당구 무농정로 47 ,"지자체(구청, 행정복지센터 등)",무상
11500,우림필유1차,중소폐가전,수거함 설치,충북 청주시 청원구 오창읍 오창중앙로 13 ,공동주택(아파트 등),무상
11501,우암동,중소폐가전,수거함 설치,충북 청주시 청원구 향군로 34 ,"지자체(구청, 행정복지센터 등)",무상
11502,운천신봉동,중소폐가전,수거함 설치,"충북 청주시 흥덕구 사운로 216 ,운천신봉동행정복지센터 ","지자체(구청, 행정복지센터 등)",무상
11503,운천주공A(1),중소폐가전,수거함 설치,충북 청주시 흥덕구 1순환로501번길 15 ,공동주택(아파트 등),무상
11504,율량대원칸타빌3차,중소폐가전,수거함 설치,충북 청주시 청원구 율량로 135 ,공동주택(아파트 등),무상
11505,율량사천동,중소폐가전,수거함 설치,충북 청주시 청원구 충청대로107번길 52 ,"지자체(구청, 행정복지센터 등)",무상
11506,율량신라임대아파트,중소폐가전,수거함 설치,충북 청주시 청원구 율봉로94번길 9 ,공동주택(아파트 등),무상
11507,율량주공2단지(LH2단지),중소폐가전,수거함 설치,"충북 청주시 청원구 율량로 47 (주중동 950, 율량주공2단지아파트) ",공동주택(아파트 등),무상
11508,일진캠퍼스 타워,중소폐가전,수거함 설치,충북 청주시 청원구 상당로 249 ,공동주택(아파트 등),무상
11509,중흥마을1단지,중소폐가전,수거함 설치,충북 청주시 상당구 중흥로 173 ,공동주택(아파트 등),무상
11510,청주성화주공2단지,중소폐가전,수거함 설치,충북 청주시 서원구 장전로 80 ,공동주택(아파트 등),무상
11511,현도면,중소폐가전,수거함 설치,충북 청주시 서원구 현도면 선동1길 9 ,"지자체(구청, 행정복지센터 등)",무상
11512,힐스파크 푸르지오,중소폐가전,수거함 설치,충북 청주시 청원구 1순환로 123 ,공동주택(아파트 등),무상
11513,LH청주탑동,중소폐가전,수거함 설치,충북 청주시 상당구 산성로 55 ,공동주택(아파트 등),무상
11514,가경IPARK1단지,중소폐가전,수거함 설치,충북 청주시 흥덕구 서현로66 ,공동주택(아파트 등),무상
11515,가경e편한세상,중소폐가전,수거함 설치,충북 청주시 흥덕구 서현북로 15 ,공동주택(아파트 등),무상
11516,가경대림아파트,중소폐가전,수거함 설치,충북 청주시 흥덕구 가경로 193 ,공동주택(아파트 등),무상
11517,가경주공6단지,중소폐가전,수거함 설치,충북 청주시 흥덕구 2순환로1375번길 23 ,공동주택(아파트 등),무상
11518,가덕면,중소폐가전,수거함 설치,충북 청주시 상당구 가덕면 보청대로 4650 ,"지자체(구청, 행정복지센터 등)",무상
11519,가마힐데스하임아파트,중소폐가전,수거함 설치,충북 청주시 서원구 남이면 2순환로 1717 ,공동주택(아파트 등),무상
11520,금천동 장자마을5단지,중소폐가전,수거함 설치,충북 청주시 상당구 수영로 306 ,공동주택(아파트 등),무상
11521,금호어울림아파트,중소폐가전,수거함 설치,충북 청주시 흥덕구 대신로 74번길 21 ,공동주택(아파트 등),무상
11522,금호어울림아파트,중소폐가전,수거함 설치,충북 청주시 흥덕구 대신로 73번길14 ,공동주택(아파트 등),무상
11523,남일면,중소폐가전,수거함 설치,충북 청주시 상당구 남일면 단재로 501 ,"지자체(구청, 행정복지센터 등)",무상
11524,낭성면,중소폐가전,수거함 설치,충북 청주시 상당구 낭성시내길 21 ,"지자체(구청, 행정복지센터 등)",무상
11525,내수 삼일아파트,중소폐가전,수거함 설치,충북 청주시 청원구 내수읍 내수로 639 ,공동주택(아파트 등),무상
11526,내수 주공아파트,중소폐가전,수거함 설치,충북 청주시 청원구 내수읍 청암로 35 ,공동주택(아파트 등),무상
11527,내수진흥2차아파트,중소폐가전,수거함 설치,충북 청주시 청원구 내수읍 마산3길 3 ,공동주택(아파트 등),무상
11528,뉴타운아파트,중소폐가전,수거함 설치,충북 청주시 상당구 꽃산동로 41 ,공동주택(아파트 등),무상
11529,동광모닝스카이,중소폐가전,수거함 설치,충북 청주시 흥덕구 강서동 458 ,공동주택(아파트 등),무상
11530,두산위브제니스,중소폐가전,수거함 설치,충북 청주시 서원구 사운로 93 ,공동주택(아파트 등),무상
11531,모충 주공2단지,중소폐가전,수거함 설치,충북 청주시 서원구 모충로 61 ,공동주택(아파트 등),무상
11532,미원면,중소폐가전,수거함 설치,충북 청주시 상당구 미원면 단재로 2472 ,"지자체(구청, 행정복지센터 등)",무상
11533,복대2동 삼일아파트,중소폐가전,수거함 설치,충북 청주시 흥덕구 복대로118번길 16 ,공동주택(아파트 등),무상
11534,분평현대대우아파트,중소폐가전,수거함 설치,충북 청주시 서원구 월평로 24 ,공동주택(아파트 등),무상
11535,비하계룡리슈빌2차,중소폐가전,수거함 설치,충북 청주시 흥덕구 비하로57번길 37 ,공동주택(아파트 등),무상
11536,비하대광로제비앙아파트 1단지,중소폐가전,수거함 설치,충북 청주시 흥덕구 가로수로 1131번길 11 ,공동주택(아파트 등),무상
11537,산남부영사랑으로,중소폐가전,수거함 설치,충북 청주시 서원구 원흥로 14 ,공동주택(아파트 등),무상
11538,서청주파크자이,중소폐가전,수거함 설치,충북 청주시 흥덕구 2순환로1106 ,공동주택(아파트 등),무상
11539,성안동,중소폐가전,수거함 설치,충북 청주시 상당구 대성로 72 ,"지자체(구청, 행정복지센터 등)",무상
11540,성화 휴먼시아4단지,중소폐가전,수거함 설치,충북 청주시 서원구 장전로 11 ,공동주택(아파트 등),무상
11541,세원느티마을,중소폐가전,수거함 설치,충북 청주시 흥덕구 진재로 67 ,공동주택(아파트 등),무상
11542,소라아파트 ,중소폐가전,수거함 설치,충북 청주시 상당구 원봉로 21 ,공동주택(아파트 등),무상
11543,수곡 두진하트리움,중소폐가전,수거함 설치,충북 청주시 서원구 수곡로 36 ,공동주택(아파트 등),무상
11544,수곡 선광 한빛아파트,중소폐가전,수거함 설치,충북 청주시 서원구 매봉로60번길 18 ,공동주택(아파트 등),무상
11545,신라송림아파트,중소폐가전,수거함 설치,충북 청주시 상당구 단재로77번길 21-22 ,공동주택(아파트 등),무상
11546,영운동,중소폐가전,수거함 설치,충북 청주시 상당구 단재로 129 ,"지자체(구청, 행정복지센터 등)",무상
11547,오송힐데스하임아파트,중소폐가전,수거함 설치,충북 청주시 흥덕구 오송읍 오송생명 1로 152 ,공동주택(아파트 등),무상
11548,오창2지구 대원칸타빌,중소폐가전,수거함 설치,충북 청주시 청원구 오창읍 2산단4로 55 ,공동주택(아파트 등),무상
11549,오창롯데캐슬아파트,중소폐가전,수거함 설치,충북 청주시 청원구 오창읍 중부로 760 ,공동주택(아파트 등),무상
11550,용암1동,중소폐가전,수거함 설치,충북 청주시 상당구 중흥로 29 ,"지자체(구청, 행정복지센터 등)",무상
11551,용암세원한아름아파트,중소폐가전,수거함 설치,충북 청주시 상당구 무농정로90 ,공동주택(아파트 등),무상
11552,우미린 에듀파크 2단지,중소폐가전,수거함 설치,충북 청주시 상당구 수영로 359 ,공동주택(아파트 등),무상
11553,우방아이유쉘1단지,중소폐가전,수거함 설치,충북 청주시 흥덕구 송화로184번길 7 ,공동주택(아파트 등),무상
11554,운천 주공아파트,중소폐가전,수거함 설치,충북 청주시 흥덕구 신봉동 528 ,공동주택(아파트 등),무상
11555,장자마을3단지,중소폐가전,수거함 설치,충북 청주시 상당구 호미로 285 ,공동주택(아파트 등),무상
11556,중흥마을부영2단지,중소폐가전,수거함 설치,충북 청주시 상당구 중흥로 196 ,공동주택(아파트 등),무상
11557,지웰시티 푸르지오,중소폐가전,수거함 설치,충북 청주시 흥덕구 대농로 45 ,공동주택(아파트 등),무상
11558,청주 율량2 LH9단지,중소폐가전,수거함 설치,충북 청주시 청원구 율중로7번길 77 ,공동주택(아파트 등),무상
11559,청주 테크노폴리스 지웰,중소폐가전,수거함 설치,충북 청주시 흥덕구 송화로108번길 42(송절동690) ,공동주택(아파트 등),무상
11560,청주산남2-2아파트,중소폐가전,수거함 설치,충북 청주시 서원구 구룡산로 275-13 ,공동주택(아파트 등),무상
11561,탑대성동,중소폐가전,수거함 설치,충북 청주시 상당구 당산로 9 ,"지자체(구청, 행정복지센터 등)",무상
11562,테크노폴리스 우미린,중소폐가전,수거함 설치,충북 청주시 흥덕구 송화로 214번길 29 ,공동주택(아파트 등),무상
11563,하복대삼일아파트,중소폐가전,수거함 설치,충북 청주시 흥덕구 증안로 108 ,공동주택(아파트 등),무상
11564,가경대우푸르지오아파트,중소폐가전,수거함 설치,충북 청주시 흥덕구 2순환로1375번길 20(가경동) ,공동주택(아파트 등),무상
11565,가경신라아파트,중소폐가전,수거함 설치,충북 청주시 흥덕구 가로수로1308번길 42(가경동) ,공동주택(아파트 등),무상
11566,가로수마을 휴먼시아,중소폐가전,수거함 설치,충북 청주시 흥덕구 서현중로32번길 23(가경동) ,공동주택(아파트 등),무상
11567,강내 쌍용예가1단지 아파트,중소폐가전,수거함 설치,충북 청주시 흥덕구 강내면 탑연월곡길 62-13(강내면) ,공동주택(아파트 등),무상
11568,강내 쌍용예가2단지 아파트,중소폐가전,수거함 설치,충북 청주시 흥덕구 강내면 탑연월곡길 62-20(강내면) ,공동주택(아파트 등),무상
11569,강우스파빌아파트,중소폐가전,수거함 설치,충북 청주시 청원구 내수읍 우산길 37(내수읍) ,공동주택(아파트 등),무상
11570,광덕카운티스아파트,중소폐가전,수거함 설치,충북 청주시 청원구 주성로132번길 9(사천동) ,공동주택(아파트 등),무상
11571,금천 우미린,중소폐가전,수거함 설치,충북 청주시 상당구 꽃산동로 25 ,공동주택(아파트 등),무상
11572,대창율량3차아파트,중소폐가전,수거함 설치,충북 청주시 청원구 사뜸로52번길 15(율량동) ,공동주택(아파트 등),무상
11573,복대2동삼일아파트,중소폐가전,수거함 설치,충북 청주시 흥덕구 복대로118번길 16(복대2동) ,공동주택(아파트 등),무상
11574,복대덕성아파트,중소폐가전,수거함 설치,충북 청주시 흥덕구 가로수로1379번길 83(복대2동) ,공동주택(아파트 등),무상
11575,복대두진하트리움아파트,중소폐가전,수거함 설치,충북 청주시 흥덕구 죽천로 27(복대1동) ,공동주택(아파트 등),무상
11576,복대형석아파트,중소폐가전,수거함 설치,충북 청주시 흥덕구 복대로 159(복대2동) ,공동주택(아파트 등),무상
11577,비하삼일아파트,중소폐가전,수거함 설치,충북 청주시 흥덕구 비하로63번길 24(비하동) ,공동주택(아파트 등),무상
11578,사천대창1차아파트,중소폐가전,수거함 설치,충북 청주시 청원구 사뜸로61번길 106(사천동) ,공동주택(아파트 등),무상
11579,사천동 남광하우스토리,중소폐가전,수거함 설치,충북 청주시 청원구 율봉로 7(사천동) ,공동주택(아파트 등),무상
11580,사천동아1차아파트,중소폐가전,수거함 설치,충북 청주시 청원구 율봉로 31(사천동) ,공동주택(아파트 등),무상
11581,사천동아2차아파트,중소폐가전,수거함 설치,충북 청주시 청원구 새터로176번길 62(사천동) ,공동주택(아파트 등),무상
11582,삼일브리제하임아파트,중소폐가전,수거함 설치,충북 청주시 청원구 향군로 123(우암동) ,공동주택(아파트 등),무상
11583,삼일원앙아파트,중소폐가전,수거함 설치,충북 청주시 흥덕구 가경로 100-20(가경동) ,공동주택(아파트 등),무상
11584,삼정1차아파트,중소폐가전,수거함 설치,충북 청주시 청원구 율봉로201번길 50(율량동) ,공동주택(아파트 등),무상
11585,삼정2차아파트,중소폐가전,수거함 설치,충북 청주시 청원구 율봉로175번길 54(율량동) ,공동주택(아파트 등),무상
11586,삼정맨션,중소폐가전,수거함 설치,충북 청주시 흥덕구 1순환로512번길 34-2(봉명동) ,공동주택(아파트 등),무상
11587,센트럴칸타빌아파트,중소폐가전,수거함 설치,충북 청주시 상당구 용담로 7 ,공동주택(아파트 등),무상
11588,시영아파트,중소폐가전,수거함 설치,충북 청주시 청원구 1순환로330번길 17(내덕1동) ,공동주택(아파트 등),무상
11589,시티프라디움2단지,중소폐가전,수거함 설치,충북 청주시 상당구중고개로 142번길 17 ,공동주택(아파트 등),무상
11590,신봉삼정백조아파트,중소폐가전,수거함 설치,충북 청주시 흥덕구 1순환로513번길 33(신봉동) ,공동주택(아파트 등),무상
11591,신영지웰시티1차아파트,중소폐가전,수거함 설치,충북 청주시 흥덕구 대농로 43(복대1동) ,공동주택(아파트 등),무상
11592,신해블루지움(1),중소폐가전,수거함 설치,충북 청주시 흥덕구 2순환로 1222(강서동) ,공동주택(아파트 등),무상
11593,영우아파트,중소폐가전,수거함 설치,충북 청주시 청원구 안덕벌로69번길 50(내덕2동) ,공동주택(아파트 등),무상
11594,영운미림아파트,중소폐가전,수거함 설치,충북 청주시 상당구 수영로101번길 49 ,공동주택(아파트 등),무상
11595,오송대원칸타빌아파트,중소폐가전,수거함 설치,충북 청주시 흥덕구 오송읍 연제만수길 17(오송읍) ,공동주택(아파트 등),무상
11596,오창대성베르힐아파트,중소폐가전,수거함 설치,충북 청주시 청원구 오창읍 2산단로 160(오창읍) ,공동주택(아파트 등),무상
11597,오창모아미래도4단지아파트,중소폐가전,수거함 설치,충북 청주시 청원구 오창읍 2산단로 167(오창읍) ,공동주택(아파트 등),무상
11598,오창쌍용스윗닷홈아파트,중소폐가전,수거함 설치,충북 청주시 청원구 오창읍 오창중앙로 105(오창읍) ,공동주택(아파트 등),무상
11599,오창한라비발디아파트,중소폐가전,수거함 설치,충북 청주시 청원구 오창중앙로 94(오창읍) ,공동주택(아파트 등),무상
11600,용암 대원칸타빌,중소폐가전,수거함 설치,충북 청주시 상당구 무농정로 72 ,공동주택(아파트 등),무상
11601,용암부영1차아파트 ,중소폐가전,수거함 설치,충북 청주시 상당구 월평로 243 ,공동주택(아파트 등),무상
11602,우암라임미소가아파트,중소폐가전,수거함 설치,충북 청주시 청원구 향군로 110(우암동) ,공동주택(아파트 등),무상
11603,율량대원칸타빌1차아파트,중소폐가전,수거함 설치,충북 청주시 청원구 율량로 103(주성동) ,공동주택(아파트 등),무상
11604,율량대원칸타빌2차아파트,중소폐가전,수거함 설치,충북 청주시 청원구 율량로 77(주중동) ,공동주택(아파트 등),무상
11605,율량대원칸타빌4차아파트,중소폐가전,수거함 설치,충북 청주시 청원구 율중로 10(율량동) ,공동주택(아파트 등),무상
11606,율량대창4차아파트,중소폐가전,수거함 설치,충북 청주시 청원구 사뜸로52번길 16(율량동) ,공동주택(아파트 등),무상
11607,율량서희스타힐스아파트,중소폐가전,수거함 설치,충북 청주시 청원구 충청대로84번길 30(내덕동) ,공동주택(아파트 등),무상
11608,율량선광로즈웰1차아파트,중소폐가전,수거함 설치,충북 청주시 청원구 율량로 157(율량동) ,공동주택(아파트 등),무상
11609,율량선광로즈웰2차아파트,중소폐가전,수거함 설치,충북 청주시 청원구 율량로 119(주성동) ,공동주택(아파트 등),무상
11610,율량현대건설아파트,중소폐가전,수거함 설치,충북 청주시 청원구 율봉로159번길 10(율량동) ,공동주택(아파트 등),무상
11611,율량효성2차아파트,중소폐가전,수거함 설치,충북 청주시 청원구 사뜸로 62(율량동) ,공동주택(아파트 등),무상
11612,이랜드해가든아파트,중소폐가전,수거함 설치,충북 청주시 청원구 공항로84번길 30(내덕동) ,공동주택(아파트 등),무상
11613,이안오창아파트,중소폐가전,수거함 설치,충북 청주시 청원구 오창읍 오창중앙로 83(오창읍) ,공동주택(아파트 등),무상
11614,정도드림빌아파트,중소폐가전,수거함 설치,충북 청주시 청원구 공항로 159-12(사천동) ,공동주택(아파트 등),무상
11615,테크노폴리스우미린아파트,중소폐가전,수거함 설치,충북 청주시 흥덕구 송화로214번길 29(송절동) ,공동주택(아파트 등),무상
11616,포빌,중소폐가전,수거함 설치,충북 청주시 흥덕구 사직대로 38(복대동) ,공동주택(아파트 등),무상
11617,가경대원아파트,중소폐가전,수거함 설치,충북 청주시 흥덕구 가경로 120(가경동) ,공동주택(아파트 등),무상
11618,가경뜨란채8단지아파트,중소폐가전,수거함 설치,충북 청주시 흥덕구 풍년로 56(가경동) ,공동주택(아파트 등),무상
11619,가경벽산아파트,중소폐가전,수거함 설치,충북 청주시 흥덕구 가경로189번길 52(가경동) ,공동주택(아파트 등),무상
11620,가경효성아파트,중소폐가전,수거함 설치,충북 청주시 흥덕구 가경로 61(가경동) ,공동주택(아파트 등),무상
11621,강내태암수정아파트,중소폐가전,수거함 설치,충북 청주시 흥덕구 강내면 태성탑연로 264(강내면) ,공동주택(아파트 등),무상
11622,강변뜨란채아파트,중소폐가전,수거함 설치,충북 청주시 상당구 무심동로 86(용암동) ,공동주택(아파트 등),무상
11623,개신두진백로1차아파트,중소폐가전,수거함 설치,충북 청주시 서원구 모충로 38(개신동) ,공동주택(아파트 등),무상
11624,개신태암베스트윙아파트,중소폐가전,수거함 설치,충북 청주시 서원구 1순환로751번길 29(개신동) ,공동주택(아파트 등),무상
11625,개신한진신세대아파트,중소폐가전,수거함 설치,충북 청주시 서원구 모충로3번길 81(개신동) ,공동주택(아파트 등),무상
11626,금천효성2차아파트,중소폐가전,수거함 설치,충북 청주시 상당구 수영로196번길 12-17(금천동) ,공동주택(아파트 등),무상
11627,모충금호타운아파트,중소폐가전,수거함 설치,충북 청주시 서원구 쌍샘로107번길 12(모충동) ,공동주택(아파트 등),무상
11628,모충동일센타시아 아파트,중소폐가전,수거함 설치,충북 청주시 서원구 매봉로 190(모충동) ,공동주택(아파트 등),무상
11629,모충두산한솔아파트,중소폐가전,수거함 설치,충북 청주시 서원구 모충로124번길 53(모충동) ,공동주택(아파트 등),무상
11630,모충주공1단지아파트,중소폐가전,수거함 설치,충북 청주시 서원구 쌍샘로 84(모충동) ,공동주택(아파트 등),무상
11631,봉명삼정백조아파트,중소폐가전,수거함 설치,충북 청주시 흥덕구 백봉로 244(봉명동) ,공동주택(아파트 등),무상
11632,봉명현대아이파크아파트,중소폐가전,수거함 설치,충북 청주시 흥덕구 덕암로108번길 44(봉명동) ,공동주택(아파트 등),무상
11633,북문로한신휴플러스,중소폐가전,수거함 설치,충북 청주시 상당구 중앙로 83(북문로3가) ,공동주택(아파트 등),무상
11634,분평우성2차아파트,중소폐가전,수거함 설치,충북 청주시 서원구 청남로2005번길 40(분평동) ,공동주택(아파트 등),무상
11635,분평주공3-1단지아파트,중소폐가전,수거함 설치,충북 청주시 서원구 1순환로1137번길 130(분평동) ,공동주택(아파트 등),무상
11636,분평주공7단지아파트,중소폐가전,수거함 설치,충북 청주시 서원구 분평로 18(분평동) ,공동주택(아파트 등),무상
11637,사직쌍용아파트,중소폐가전,수거함 설치,충북 청주시 서원구 호국로38번길 23(사직2동) ,공동주택(아파트 등),무상
11638,산남주공3단지아파트,중소폐가전,수거함 설치,충북 청주시 서원구 매봉로 82(수곡동) ,공동주택(아파트 등),무상
11639,삼진화랑아파트,중소폐가전,수거함 설치,충북 청주시 상당구 영운천로83번길 25(영운동) ,공동주택(아파트 등),무상
11640,삼호아파트(2단지),중소폐가전,수거함 설치,충북 청주시 서원구 매봉로 208(모충동) ,공동주택(아파트 등),무상
11641,서청주파크자이아파트,중소폐가전,수거함 설치,충북 청주시 흥덕구 2순환로 1106(비하동) ,공동주택(아파트 등),무상
11642,성화남양휴튼아파트,중소폐가전,수거함 설치,충북 청주시 서원구 장전로 51(성화동) ,공동주택(아파트 등),무상
11643,성화다안채아파트 6단지,중소폐가전,수거함 설치,충북 청주시 서원구 구룡산로 52번길 51(성화동) ,공동주택(아파트 등),무상
11644,세원느티마을아파트,중소폐가전,수거함 설치,충북 청주시 흥덕구 진재로 67(복대1동) ,공동주택(아파트 등),무상
11645,세원홍실아파트,중소폐가전,수거함 설치,충북 청주시 서원구 수곡로 88(수곡2동) ,공동주택(아파트 등),무상
11646,송곡그린아파트,중소폐가전,수거함 설치,충북 청주시 흥덕구 2순환로 1036(비하동) ,공동주택(아파트 등),무상
11647,신라송림아파트,중소폐가전,수거함 설치,충북 청주시 상당구 단재로77번길 21-22(영운동) ,공동주택(아파트 등),무상
11648,신봉우림필유아파트,중소폐가전,수거함 설치,충북 청주시 흥덕구 사운로359번길 13(신봉동) ,공동주택(아파트 등),무상
11649,영운파모스라움아파트,중소폐가전,수거함 설치,충북 청주시 상당구 수영로 180(영운동) ,공동주택(아파트 등),무상
11650,영조아름다운나날1차아파트,중소폐가전,수거함 설치,충북 청주시 흥덕구 증안로 21(복대동) ,공동주택(아파트 등),무상
11651,용암부영1차아파트,중소폐가전,수거함 설치,충북 청주시 상당구 월평로 243(용암2동) ,공동주택(아파트 등),무상
11652,용암서희스타힐스아파트,중소폐가전,수거함 설치,충북 청주시 상당구 단재로196번길 9(용암동) ,공동주택(아파트 등),무상
11653,용암주공1단지아파트,중소폐가전,수거함 설치,충북 청주시 상당구 원봉로 52(용암1동) ,공동주택(아파트 등),무상
11654,용암한우리타운,중소폐가전,수거함 설치,충북 청주시 상당구 용암로 36(용암1동) ,공동주택(아파트 등),무상
11655,용정한라비발디아파트,중소폐가전,수거함 설치,충북 청주시 상당구 용정로 25(용암2동) ,공동주택(아파트 등),무상
11656,운천무지개삼일아파트,중소폐가전,수거함 설치,충북 청주시 흥덕구 사운로 278(운천동) ,공동주택(아파트 등),무상
11657,장자마을10단지부영아파트,중소폐가전,수거함 설치,충북 청주시 상당구 호미로233번길 74(금천동) ,공동주택(아파트 등),무상
11658,장자마을5단지아파트,중소폐가전,수거함 설치,충북 청주시 상당구 수영로 306(금천동) ,공동주택(아파트 등),무상
11659,장자마을9단지부영아파트,중소폐가전,수거함 설치,충북 청주시 상당구 중고개로 286(금천동) ,공동주택(아파트 등),무상
11660,장자마을e그린2차,중소폐가전,수거함 설치,충북 청주시 상당구 수영로 294(금천동) ,공동주택(아파트 등),무상
11661,주은프레지던트아파트,중소폐가전,수거함 설치,충북 청주시 서원구 1순환로1137번길 79(분평동) ,공동주택(아파트 등),무상
11662,중흥마을덕일마이빌아파트,중소폐가전,수거함 설치,충북 청주시 상당구 중흥로 148(용암1동) ,공동주택(아파트 등),무상
11663,중흥마을부영e그린타운3차아파트,중소폐가전,수거함 설치,충북 청주시 상당구 중흥로 178(용암1동) ,공동주택(아파트 등),무상
11664,청주가경주공2단지아파트,중소폐가전,수거함 설치,충북 청주시 흥덕구 가경로 26(가경동) ,공동주택(아파트 등),무상
11665,청주가경주공4단지아파트,중소폐가전,수거함 설치,충북 청주시 서원구 대림로 459(죽림동) ,공동주택(아파트 등),무상
11666,청주푸르지오캐슬아파트,중소폐가전,수거함 설치,충북 청주시 서원구 예체로 68(사직2동) ,공동주택(아파트 등),무상
11667,하복대현대1차아파트,중소폐가전,수거함 설치,충북 청주시 흥덕구 대신로10번길 16-3(복대1동) ,공동주택(아파트 등),무상
11668,LH휴먼시아,중소폐가전,수거함 설치,경기 김포시 김포한강2로 12 ,공동주택(아파트 등),무상
11669,e-편한세상 한강신도시2차,중소폐가전,수거함 설치,경기 김포시 김포한강8로 173-59 ,공동주택(아파트 등),무상
11670,가좌마을2단지 부영아파트,중소폐가전,수거함 설치,충북 청주시 상당구 호미로 329(용담동) ,공동주택(아파트 등),무상
11671,감정동 신한센트럴헤센,중소폐가전,수거함 설치,"경기 김포시 감정로 87, 경기 김포시 감정로 85 ",공동주택(아파트 등),무상
11672,고촌힐스테이트3단지,중소폐가전,수거함 설치,경기 김포시 고촌읍 수기로 39-13 ,공동주택(아파트 등),무상
11673,금천수정아파트,중소폐가전,수거함 설치,충북 청주시 상당구 꽃산동로 40(금천동) ,공동주택(아파트 등),무상
11674,김포서암주공 아파트,중소폐가전,수거함 설치,경기 김포시 조강로36번길 39 ,공동주택(아파트 등),무상
11675,김포한강센트럴블루힐,중소폐가전,수거함 설치,경기 김포시 김포한강8로 15 ,공동주택(아파트 등),무상
11676,당곡월드메르디앙 아파트,중소폐가전,수거함 설치,경기 김포시 풍무로69번길 51 ,공동주택(아파트 등),무상
11677,대원칸타빌타운하우스,중소폐가전,수거함 설치,경기 김포시 김포한강3로237번길 91 ,공동주택(아파트 등),무상
11678,동남아파트,중소폐가전,수거함 설치,경기 김포시 사우중로73번길 39 ,공동주택(아파트 등),무상
11679,동양신명아파트,중소폐가전,수거함 설치,경기 김포시 사우중로 74번길 12 ,공동주택(아파트 등),무상
11680,레이크에일린의뜰 1단지,중소폐가전,수거함 설치,경기 김포시 김포한강8로 281 ,공동주택(아파트 등),무상
11681,모아미래도엘가,중소폐가전,수거함 설치,경기 김포시 김포한강2로 273 ,공동주택(아파트 등),무상
11682,부영e그린타운1차아파트,중소폐가전,수거함 설치,충북 청주시 상당구 호미로 317(용담동) ,공동주택(아파트 등),무상
11683,사우동 아이파크,중소폐가전,수거함 설치,경기 김포시 사우동 1481 ,공동주택(아파트 등),무상
11684,삼환아파트,중소폐가전,수거함 설치,경기 김포시 봉화로181번길 30 ,공동주택(아파트 등),무상
11685,수기마을 힐스테이트 2단지,중소폐가전,수거함 설치,경기 김포시 수기로 67-53 ,공동주택(아파트 등),무상
11686,양곡휴먼시아 2-1단지,중소폐가전,수거함 설치,경기 김포시 양촌읍 양곡1로 80 ,공동주택(아파트 등),무상
11687,양촌 삼정그린코어,중소폐가전,수거함 설치,경기 김포시 양촌읍 양곡1로68번길 59 ,공동주택(아파트 등),무상
11688,양촌휴먼시아 1단지,중소폐가전,수거함 설치,경기 김포시 양촌읍 황금로 89번길 49 ,공동주택(아파트 등),무상
11689,영운태암수정아파트,중소폐가전,수거함 설치,충북 청주시 상당구 영운천로51번길 26(영운동) ,공동주택(아파트 등),무상
11690,용담대림e편한세상아파트,중소폐가전,수거함 설치,충북 청주시 상당구 호미로 330(용담동) ,공동주택(아파트 등),무상
11691,용암무지개삼일아파트,중소폐가전,수거함 설치,충북 청주시 상당구 무농정로 103(용암2동) ,공동주택(아파트 등),무상
11692,용암현대1차아파트,중소폐가전,수거함 설치,충북 청주시 상당구 월평로 189(용암1동) ,공동주택(아파트 등),무상
11693,용암형석아파트,중소폐가전,수거함 설치,충북 청주시 상당구 월평로 207(용암동) ,공동주택(아파트 등),무상
11694,운양동 성창아파트,중소폐가전,수거함 설치,경기 김포시 운양로 174 ,공동주택(아파트 등),무상
11695,운양동 풍경마을한강한라비발디,중소폐가전,수거함 설치,경기 김포시 김포한강11로 255번길 149 ,공동주택(아파트 등),무상
11696,은여울마을 경남아너스빌,중소폐가전,수거함 설치,경기 김포시 김포한강8로 173-58 ,공동주택(아파트 등),무상
11697,장자마을3단지부영아파트,중소폐가전,수거함 설치,충북 청주시 상당구 호미로 285(금천동) ,공동주택(아파트 등),무상
11698,중흥S-클래스 리버티아파트,중소폐가전,수거함 설치,경기 김포시 김포한강2로 113 ,공동주택(아파트 등),무상
11699,진흥흥화아파트,중소폐가전,수거함 설치,경기 김포시 풍년로 19 ,공동주택(아파트 등),무상
11700,태산그린아파트,중소폐가전,수거함 설치,충북 청주시 상당구 원봉로 20(용암동) ,공동주택(아파트 등),무상
11701,풍경마을 한강신도시 e-편한세상,중소폐가전,수거함 설치,경기 김포시 김포한강11로 287 ,공동주택(아파트 등),무상
11702,풍년마을 대림아파트,중소폐가전,수거함 설치,경기 김포시 김포대로 926번길 88-36 ,공동주택(아파트 등),무상
11703,풍무꿈에그린 더 포레듀5단지,중소폐가전,수거함 설치,경기 김포시 풍무로 68번길 78 ,공동주택(아파트 등),무상
11704,풍무센트럴푸르지오(풍무동),중소폐가전,수거함 설치,경기 김포시 유현로 215 ,공동주택(아파트 등),무상
11705,풍무푸르지오아파트,중소폐가전,수거함 설치,경기 김포시 유현로 200 ,공동주택(아파트 등),무상
11706,한강센트럴 자이1단지,중소폐가전,수거함 설치,경기 김포시 태장로 845 ,공동주택(아파트 등),무상
11707,한강신도시 반도유보라2차,중소폐가전,수거함 설치,경기 김포시 김포한강11로276 ,공동주택(아파트 등),무상
11708,한강현대성우오스타아파트,중소폐가전,수거함 설치,경기 김포시 김포한강2로 292 ,공동주택(아파트 등),무상
11709,한신더휴테라스8블럭,중소폐가전,수거함 설치,경기 김포시 김포한강11로 288-48 ,공동주택(아파트 등),무상
11710,한신더휴테라스9블럭,중소폐가전,수거함 설치,경기 김포시 김포한강11로 388 ,공동주택(아파트 등),무상
11711,한화꿈에그린 더 포레듀4단지,중소폐가전,수거함 설치,경기 김포시 풍무동 797번지 ,공동주택(아파트 등),무상
11712,호반베르디움 3차,중소폐가전,수거함 설치,"경기 김포시 김포한강8로 332(구래동, 호반베르디움 더 레이크 3차) ",공동주택(아파트 등),무상
11713,화수 싱그리아 아파트,중소폐가전,수거함 설치,경기 김포시 조강로36번길 12-9 ,공동주택(아파트 등),무상
11714,(송강)청솔아파트 ,중소폐가전,수거함 설치,대전 유성구 송강로42번길 61 (송강동) ,공동주택(아파트 등),무상
11715,관평동 행정복지센터,중소폐가전,수거함 설치,대전 유성구 관평2로 42 (관평동) ,"지자체(구청, 행정복지센터 등)",무상
11716,구즉동 행정복지센터,중소폐가전,수거함 설치,대전 유성구 금남구즉로 1442 (봉산동) ,"지자체(구청, 행정복지센터 등)",무상
11717,꿈에그린 더 포레듀3단지,중소폐가전,수거함 설치,경기 김포시 풍무로68번길 10 ,공동주택(아파트 등),무상
11718,노은1동 행정복지센터,중소폐가전,수거함 설치,대전 유성구 노은동로87번길 89 (노은동) ,"지자체(구청, 행정복지센터 등)",무상
11719,노은2동 행정복지센터,중소폐가전,수거함 설치,대전 유성구 송림로19번길 35 (하기동) ,"지자체(구청, 행정복지센터 등)",무상
11720,노은3동 행정복지센터,중소폐가전,수거함 설치,대전 유성구 지족동로 145 (지족동) ,"지자체(구청, 행정복지센터 등)",무상
11721,노은4단지 한화 꿈에그린 1블록 ,중소폐가전,수거함 설치,대전 유성구 지족북로 33 (지족동) ,공동주택(아파트 등),무상
11722,대덕테크노밸리 푸르지오하임 1단지,중소폐가전,수거함 설치,대전 유성구 배울2로 134 (용산동) ,공동주택(아파트 등),무상
11723,대덕테크노밸리 푸르지오하임 2단지,중소폐가전,수거함 설치,대전 유성구 배울1로 147 (용산동) ,공동주택(아파트 등),무상
11724,대림두레아파트 ,중소폐가전,수거함 설치,대전 유성구 가정로 65 (신성동) ,공동주택(아파트 등),무상
11725,도룡 SK VIEW,중소폐가전,수거함 설치,대전 유성구 가정로 306-6 (도룡동) ,공동주택(아파트 등),무상
11726,드림월드 ,중소폐가전,수거함 설치,대전 유성구 문화원로 13 (장대동) ,공동주택(아파트 등),무상
11727,반석마을 2단지 ,중소폐가전,수거함 설치,대전 유성구 지족로 343 (지족동) ,공동주택(아파트 등),무상
11728,반석마을 3단지,중소폐가전,수거함 설치,대전 유성구 지족로 362 (지족동) ,공동주택(아파트 등),무상
11729,반석마을 5단지,중소폐가전,수거함 설치,대전 유성구 반석동로 33 (반석동) ,공동주택(아파트 등),무상
11730,반석마을 7단지 ,중소폐가전,수거함 설치,대전 유성구 반석서로 109 (반석동) ,공동주택(아파트 등),무상
11731,반석마을 8단지 ,중소폐가전,수거함 설치,대전 유성구 반석동로 82 (반석동) ,공동주택(아파트 등),무상
11732,봉산휴먼시아2단지 ,중소폐가전,수거함 설치,대전 유성구 와룡로136번길 75 (봉산동) ,공동주택(아파트 등),무상
11733,송강마을2단지,중소폐가전,수거함 설치,대전 유성구 봉산로 39 (송강동) ,공동주택(아파트 등),무상
11734,송강한마을아파트 ,중소폐가전,수거함 설치,대전 유성구 구즉로 16 (송강동) ,공동주택(아파트 등),무상
11735,송림마을 2단지 ,중소폐가전,수거함 설치,대전 유성구 송림로 20 (하기동) ,공동주택(아파트 등),무상
11736,송림마을 4단지 ,중소폐가전,수거함 설치,대전 유성구 노은로 358 (하기동) ,공동주택(아파트 등),무상
11737,송림마을 6단지 ,중소폐가전,수거함 설치,대전 유성구 노은로426번길 15 (하기동) ,공동주택(아파트 등),무상
11738,스마트시티(2단지),중소폐가전,수거함 설치,대전 유성구 엑스포로123번길 65-38 (도룡동) ,공동주택(아파트 등),무상
11739,스마트시티(5단지) ,중소폐가전,수거함 설치,대전 유성구 엑스포로123번길 46-15 (도룡동) ,공동주택(아파트 등),무상
11740,스타돔아파트,중소폐가전,수거함 설치,대전 유성구 노은로 71 (노은동) ,공동주택(아파트 등),무상
11741,신성동 행정복지센터,중소폐가전,수거함 설치,대전 유성구 신성로 55 (하기동) ,"지자체(구청, 행정복지센터 등)",무상
11742,엘에이치네이처뷰 ,중소폐가전,수거함 설치,대전 유성구 지족로148번길 22 (지족동) ,공동주택(아파트 등),무상
11743,열매마을 11단지 ,중소폐가전,수거함 설치,대전 유성구 왕가봉로 23 (노은동) ,공동주택(아파트 등),무상
11744,열매마을 2단지 ,중소폐가전,수거함 설치,대전 유성구 노은동로 233 (지족동) ,공동주택(아파트 등),무상
11745,열매마을 4단지 ,중소폐가전,수거함 설치,대전 유성구 노은서로210번길 32 (지족동) ,공동주택(아파트 등),무상
11746,열매마을 8단지 ,중소폐가전,수거함 설치,대전 유성구 은구비남로 34 (노은동) ,공동주택(아파트 등),무상
11747,온천1동 행정복지센터,중소폐가전,수거함 설치,대전 유성구 도안대로589번길 35 (봉명동) ,"지자체(구청, 행정복지센터 등)",무상
11748,온천2동 행정복지센터,중소폐가전,수거함 설치,대전 유성구 장대로 120 (장대동) ,"지자체(구청, 행정복지센터 등)",무상
11749,원신흥동 행정복지센터,중소폐가전,수거함 설치,대전 유성구 봉명로 27-18 (원신흥동) ,"지자체(구청, 행정복지센터 등)",무상
11750,월드컵패밀리타운 ,중소폐가전,수거함 설치,대전 유성구 유성대로783번길 38 (장대동) ,공동주택(아파트 등),무상
11751,자연앤어울림아파트,중소폐가전,수거함 설치,경기 김포시 김포한강2로194 ,공동주택(아파트 등),무상
11752,장대푸르지오 ,중소폐가전,수거함 설치,대전 유성구 장대로71번길 34 (장대동) ,공동주택(아파트 등),무상
11753,장릉마을삼성쉐르빌아파트,중소폐가전,수거함 설치,경기 김포시 승가로 89 ,공동주택(아파트 등),무상
11754,전민동 행정복지센터,중소폐가전,수거함 설치,대전 유성구 유성대로 1719 (전민동) ,"지자체(구청, 행정복지센터 등)",무상
11755,죽동대원칸타빌,중소폐가전,수거함 설치,대전 유성구 죽동로 39 (죽동) ,공동주택(아파트 등),무상
11756,죽동푸르지오 ,중소폐가전,수거함 설치,대전 유성구 죽동로 251 (죽동) ,공동주택(아파트 등),무상
11757,진잠동 행정복지센터,중소폐가전,수거함 설치,대전 유성구 원내로39번길 10 (원내동) ,"지자체(구청, 행정복지센터 등)",무상
11758,청구나래아파트 ,중소폐가전,수거함 설치,대전 유성구 엑스포로 501 (전민동) ,공동주택(아파트 등),무상
11759,테크노밸리 5단지 ,중소폐가전,수거함 설치,대전 유성구 배울2로 42 (관평동) ,공동주택(아파트 등),무상
11760,테크노밸리 6단지,중소폐가전,수거함 설치,대전 유성구 배울2로 78 (관평동) ,공동주택(아파트 등),무상
11761,테크노밸리 9단지 ,중소폐가전,수거함 설치,대전 유성구 배울2로 19 (관평동) ,공동주택(아파트 등),무상
11762,트리풀시티포레 아파트,중소폐가전,수거함 설치,대전 유성구 지족로190번길 36 (지족동) ,공동주택(아파트 등),무상
11763,한울아파트 ,중소폐가전,수거함 설치,대전 유성구 가정로 43 (신성동) ,공동주택(아파트 등),무상
11764,호수마을 LH5단지,중소폐가전,수거함 설치,경기 김포시 김포한강4로 420번길 163 ,공동주택(아파트 등),무상
11765,그린타운,중소폐가전,수거함 설치,대전 대덕구 동춘당로 151 ,공동주택(아파트 등),무상
11766,금성백조 제2차,중소폐가전,수거함 설치,대전 대덕구 비래동로 44 ,공동주택(아파트 등),무상
11767,도안7단지예미지아파트,중소폐가전,수거함 설치,대전 유성구 봉명로 94 (봉명동) ,공동주택(아파트 등),무상
11768,도안천년나무11단지,중소폐가전,수거함 설치,대전 유성구 봉명로 16 (원신흥동) ,공동주택(아파트 등),무상
11769,드리움 1단지 ,중소폐가전,수거함 설치,대전 유성구 대정로28번길 50 (대정동) ,공동주택(아파트 등),무상
11770,드리움 2단지 ,중소폐가전,수거함 설치,대전 유성구 대정로28번안길 80 (대정동) ,공동주택(아파트 등),무상
11771,라이프 새여울,중소폐가전,수거함 설치,대전 대덕구 대청로64번길 11 ,공동주택(아파트 등),무상
11772,모아미래도,중소폐가전,수거함 설치,대전 중구 유등천동로 218 ,공동주택(아파트 등),무상
11773,문화극동아파트,중소폐가전,수거함 설치,대전 중구 송리로 6 ,공동주택(아파트 등),무상
11774,문화로얄아파트,중소폐가전,수거함 설치,대전 중구 서문로43번길 39 ,공동주택(아파트 등),무상
11775,문화마을금호어울림아파트,중소폐가전,수거함 설치,대전 중구 계백로 1716번길 40 ,공동주택(아파트 등),무상
11776,버드내아파트,중소폐가전,수거함 설치,대전 중구 태평로 15 ,공동주택(아파트 등),무상
11777,법동주공아파트(3단지),중소폐가전,수거함 설치,대전 대덕구 계족로663번길 34 ,공동주택(아파트 등),무상
11778,보람아파트(1단지),중소폐가전,수거함 설치,대전 대덕구 동춘당로 178 ,공동주택(아파트 등),무상
11779,사이언스타운,중소폐가전,수거함 설치,대전 유성구 온천로 60 (봉명동) ,공동주택(아파트 등),무상
11780,삼부1단지아파트,중소폐가전,수거함 설치,대전 중구 태평로 80 ,공동주택(아파트 등),무상
11781,삼익둥지아파트,중소폐가전,수거함 설치,대전 대덕구신상로21 ,공동주택(아파트 등),무상
11782,삼정하이츠아파트,중소폐가전,수거함 설치,대전 유성구 유성대로668번길 29 (구암동) ,공동주택(아파트 등),무상
11783,삼호아파트,중소폐가전,수거함 설치,대전 대덕구 계족로663번길32 ,공동주택(아파트 등),무상
11784,삼호아파트,중소폐가전,수거함 설치,대전 대덕구 비래서로 42 ,공동주택(아파트 등),무상
11785,서오아파트,중소폐가전,수거함 설치,대전 대덕구 동춘당로23번길 13 ,공동주택(아파트 등),무상
11786,선비마을(3단지),중소폐가전,수거함 설치,대전 대덕구 동춘당로 114번길 60 ,공동주택(아파트 등),무상
11787,선비마을2단지,중소폐가전,수거함 설치,대전 대덕구 동춘당로114번길 47 ,공동주택(아파트 등),무상
11788,선비마을3단지,중소폐가전,수거함 설치,대전 대덕구 동춘당로114번길 60 ,공동주택(아파트 등),무상
11789,선비마을4단지,중소폐가전,수거함 설치,대전 대덕구 계족산로 135 ,공동주택(아파트 등),무상
11790,선비마을5단지,중소폐가전,수거함 설치,대전 대덕구 계족산로 136 ,공동주택(아파트 등),무상
11791,선비바을(4단지),중소폐가전,수거함 설치,대전 대덕구 계족산로 135 ,공동주택(아파트 등),무상
11792,선화2참좋은아파트,중소폐가전,수거함 설치,대전 중구 대전천서로 529 ,공동주택(아파트 등),무상
11793,세움펠리피아 ,중소폐가전,수거함 설치,대전 유성구 계룡로52번길 11 (봉명동) ,공동주택(아파트 등),무상
11794,스카이뷰시티,중소폐가전,수거함 설치,대전 유성구 온천북로13번길 21 (봉명동) ,공동주택(아파트 등),무상
11795,신안인스빌리베라 ,중소폐가전,수거함 설치,대전 유성구 봉명로 48 (원신흥동) ,공동주택(아파트 등),무상
11796,영진로얄아파트,중소폐가전,수거함 설치,대전 대덕구 아리랑로211 ,공동주택(아파트 등),무상
11797,옥계 한양그린맨션아파트,중소폐가전,수거함 설치,대전 중구 학고개로57번길 82 ,공동주택(아파트 등),무상
11798,용방마을 아파트,중소폐가전,수거함 설치,대전 동구 용운로 80 ,공동주택(아파트 등),무상
11799,운암네오미아아파트,중소폐가전,수거함 설치,대전 유성구 덕명로 26 (덕명동) ,공동주택(아파트 등),무상
11800,유성숲 오투그란데 3차,중소폐가전,수거함 설치,대전 유성구 학하중앙로 60 (덕명동) ,공동주택(아파트 등),무상
11801,유성푸르지오시티 ,중소폐가전,수거함 설치,대전 유성구 온천로 45 (봉명동) ,공동주택(아파트 등),무상
11802,유천1차현대아파트,중소폐가전,수거함 설치,대전 중구 계백로 1615번길 34 ,공동주택(아파트 등),무상
11803,제이파크아파트,중소폐가전,수거함 설치,대전 유성구 진잠로149번길 24 (교촌동) ,공동주택(아파트 등),무상
11804,주공3단지아파트,중소폐가전,수거함 설치,대전 대덕구 계족로663번길34 ,공동주택(아파트 등),무상
11805,중촌금호아파트,중소폐가전,수거함 설치,대전 중구 대종로 713 ,공동주택(아파트 등),무상
11806,중촌동금성백조아파트,중소폐가전,수거함 설치,대전 중구 중촌로 31 ,공동주택(아파트 등),무상
11807,큰솔6차아파트,중소폐가전,수거함 설치,대전 중구 대둔산로 512 ,공동주택(아파트 등),무상
11808,트리풀시티 9단지 ,중소폐가전,수거함 설치,대전 유성구 상대남로 26 (상대동) ,공동주택(아파트 등),무상
11809,판암 참좋은 아파트,중소폐가전,수거함 설치,대전 동구 옥천로 180번길 67 ,공동주택(아파트 등),무상
11810,평화듀오빌아파트,중소폐가전,수거함 설치,대전 중구 보문로230번길 32 ,공동주택(아파트 등),무상
11811,평화로운아파트,중소폐가전,수거함 설치,대전 대덕구 대덕대로 1520번길 77 ,공동주택(아파트 등),무상
11812,하우스토리아파트,중소폐가전,수거함 설치,대전 유성구 덕명로 63 (덕명동) ,공동주택(아파트 등),무상
11813,한빛아파트 ,중소폐가전,수거함 설치,대전 유성구 어은로 57 (어은동) ,공동주택(아파트 등),무상
11814,한승미메이드아파트,중소폐가전,수거함 설치,대전 유성구 진잠로149번길 30 (교촌동) ,공동주택(아파트 등),무상
11815,한신휴플러스,중소폐가전,수거함 설치,대전 대덕구 비래서로10번길 21 ,공동주택(아파트 등),무상
11816,현대아파트,중소폐가전,수거함 설치,대전 대덕구 우암로 394 ,공동주택(아파트 등),무상
11817,현대아파트,중소폐가전,수거함 설치,대전 대덕구 우암로 394 ,공동주택(아파트 등),무상
11818,계룡아파트,중소폐가전,수거함 설치,대전 서구 가수원로 98 ,공동주택(아파트 등),무상
11819,국화라이프,중소폐가전,수거함 설치,대전 서구 둔산로 201 ,공동주택(아파트 등),무상
11820,금호한사랑아파트,중소폐가전,수거함 설치,대전 중구 동서대로 1388 ,공동주택(아파트 등),무상
11821,대자연마을아파트,중소폐가전,수거함 설치,대전 서구 관저북로 52 ,공동주택(아파트 등),무상
11822,대흥참좋은아파트,중소폐가전,수거함 설치,대전 중구 대종로 425 ,공동주택(아파트 등),무상
11823,도안리슈빌,중소폐가전,수거함 설치,대전 서구 도안동로 123 ,공동주택(아파트 등),무상
11824,도안베르디움,중소폐가전,수거함 설치,대전 서구 원도안로 100 ,공동주택(아파트 등),무상
11825,둥지아파트,중소폐가전,수거함 설치,대전 서구 청사로 254 ,공동주택(아파트 등),무상
11826,린풀하우스,중소폐가전,수거함 설치,대전 서구 도안동로 77 ,공동주택(아파트 등),무상
11827,문화주공1단지아파트,중소폐가전,수거함 설치,대전 중구 보문산로 161번길 55 ,공동주택(아파트 등),무상
11828,문화주공3단지아파트,중소폐가전,수거함 설치,대전 중구 산성로 108-23 ,공동주택(아파트 등),무상
11829,백송아파트,중소폐가전,수거함 설치,대전 대덕구 대전로1397번길 79 ,공동주택(아파트 등),무상
11830,버드내2단지 동양아파트,중소폐가전,수거함 설치,대전 중구 태평로 35 ,공동주택(아파트 등),무상
11831,산성우성아파트,중소폐가전,수거함 설치,대전 중구 당디로 45 ,공동주택(아파트 등),무상
11832,삼성아파트,중소폐가전,수거함 설치,대전 중구 계룡로 852 ,공동주택(아파트 등),무상
11833,삼정그린코아포레스트1단지,중소폐가전,수거함 설치,대전 동구 동부로10번길 55 ,공동주택(아파트 등),무상
11834,삼정하이츠타운아파트,중소폐가전,수거함 설치,대전 대덕구 계족로663번길30 ,공동주택(아파트 등),무상
11835,새들뫼2단지,중소폐가전,수거함 설치,대전 동구 계족로 135 ,공동주택(아파트 등),무상
11836,새피앙아파트,중소폐가전,수거함 설치,대전 동구 홍도로46번길 20 ,공동주택(아파트 등),무상
11837,샘머리2단지아파트,중소폐가전,수거함 설치,대전 서구 청사로 281 ,공동주택(아파트 등),무상
11838,선화참좋은아파트,중소폐가전,수거함 설치,대전 중구 대종로 544 ,공동주택(아파트 등),무상
11839,선화현대아파트,중소폐가전,수거함 설치,대전 중구 보문로 341 ,공동주택(아파트 등),무상
11840,수목토마을아파트,중소폐가전,수거함 설치,대전 서구 도안동로 177 ,공동주택(아파트 등),무상
11841,신대주공아파트,중소폐가전,수거함 설치,대전 대덕구 신탄진로 217 ,공동주택(아파트 등),무상
11842,쌍용예가아파트,중소폐가전,수거함 설치,대전 중구 평촌로 93 ,공동주택(아파트 등),무상
11843,아아파크아파트,중소폐가전,수거함 설치,대전 서구 도안동로 183 ,공동주택(아파트 등),무상
11844,영진상록아파트,중소폐가전,수거함 설치,대전 대덕구 계족로521번길 79(중리동) ,공동주택(아파트 등),무상
11845,와동주공아파트,중소폐가전,수거함 설치,대전 대덕구 신탄진로218번길 12 ,공동주택(아파트 등),무상
11846,용전푸른아파트,중소폐가전,수거함 설치,대전 동구 계족로512번길 96 ,공동주택(아파트 등),무상
11847,월평주공1단지아파트,중소폐가전,수거함 설치,대전 서구 월평북로 11 ,공동주택(아파트 등),무상
11848,월평주공2단지아파트,중소폐가전,수거함 설치,대전 서구 월평북로 11 ,공동주택(아파트 등),무상
11849,월평주공3단지아파트,중소폐가전,수거함 설치,대전 서구 월평북로 11 ,공동주택(아파트 등),무상
11850,유원아파트,중소폐가전,수거함 설치,대전 대덕구 계족로663번길23 ,공동주택(아파트 등),무상
11851,은아1단지아파트,중소폐가전,수거함 설치,대전 서구 가수원로 72 ,공동주택(아파트 등),무상
11852,은아2단지아파트,중소폐가전,수거함 설치,대전 서구 계백로1158번길 113 ,공동주택(아파트 등),무상
11853,은아3단지아파트,중소폐가전,수거함 설치,대전 서구 가수원로 106 ,공동주택(아파트 등),무상
11854,은아5단지아파트,중소폐가전,수거함 설치,대전 서구 가수원로 6 ,공동주택(아파트 등),무상
11855,은어송코오롱하늘채2차,중소폐가전,수거함 설치,대전 동구 대전로340번길 15 ,공동주택(아파트 등),무상
11856,이스트시티 1단지,중소폐가전,수거함 설치,대전 동구 동대전로46번길 30 ,공동주택(아파트 등),무상
11857,이스트시티 2단지,중소폐가전,수거함 설치,대전 동구 동대전로46번길 120 ,공동주택(아파트 등),무상
11858,인동참좋은아파트,중소폐가전,수거함 설치,대전 동구 대전로 706 ,공동주택(아파트 등),무상
11859,인동현대아파트,중소폐가전,수거함 설치,대전 동구 대전로 664 ,공동주택(아파트 등),무상
11860,주공2단지아파트,중소폐가전,수거함 설치,대전 대덕구 계족로663번길29 ,공동주택(아파트 등),무상
11861,중촌현대아파트,중소폐가전,수거함 설치,대전 중구 목중로 26번길 29 ,공동주택(아파트 등),무상
11862,천동휴먼시아2단지,중소폐가전,수거함 설치,대전 동구 대전로542번길 78-1 ,공동주택(아파트 등),무상
11863,청룡아파트,중소폐가전,수거함 설치,대전 동구 홍도동 56-1 ,공동주택(아파트 등),무상
11864,초록마을5단지아파트,중소폐가전,수거함 설치,대전 서구 유등로17번길 109 ,공동주택(아파트 등),무상
11865,파밀리에아파트,중소폐가전,수거함 설치,대전 동구 동산초교로 46 ,공동주택(아파트 등),무상
11866,한마루럭키아파트,중소폐가전,수거함 설치,대전 서구 둔산북로 160 ,공동주택(아파트 등),무상
11867,한마루삼성아파트,중소폐가전,수거함 설치,대전 서구 둔산북로 160 ,공동주택(아파트 등),무상
11868,한신휴플러스보로미아파트(2개 단지),중소폐가전,수거함 설치,대전 중구 계백로 1686번길 16 ,공동주택(아파트 등),무상
11869,효동현대아파트,중소폐가전,수거함 설치,대전 동구 대전로 646 ,공동주택(아파트 등),무상
11870,계림동 금호타운,중소폐가전,수거함 설치,광주 동구 필문대로 12-7 ,공동주택(아파트 등),무상
11871,고운하이플러스 2차,중소폐가전,수거함 설치,광주 남구 진제길 28 ,공동주택(아파트 등),무상
11872,골든뜨레빌,중소폐가전,수거함 설치,광주 남구 용대로74번길 11-1 ,공동주택(아파트 등),무상
11873,광명그린파크맨션,중소폐가전,수거함 설치,광주 북구 효열로 7 ,공동주택(아파트 등),무상
11874,광주용산LH아파트,중소폐가전,수거함 설치,광주 동구 용산2로 20 ,공동주택(아파트 등),무상
11875,나산건강아파트,중소폐가전,수거함 설치,광주 북구 북문대로169번길 16 ,공동주택(아파트 등),무상
11876,남양휴튼1차,중소폐가전,수거함 설치,광주 남구 제석로 99 ,공동주택(아파트 등),무상
11877,내남지구 진아리채 1차,중소폐가전,수거함 설치,광주 동구 육판서길 16 ,공동주택(아파트 등),무상
11878,내남지구 진아리채 2차,중소폐가전,수거함 설치,광주 동구 육판서길 17 ,공동주택(아파트 등),무상
11879,대광주택,중소폐가전,수거함 설치,광주 남구 포충로 600-10 ,공동주택(아파트 등),무상
11880,대아 101동 아파트,중소폐가전,수거함 설치,광주 동구 지원로 35 ,공동주택(아파트 등),무상
11881,대화,중소폐가전,수거함 설치,광주 남구 봉선로96번길 1 ,공동주택(아파트 등),무상
11882,"더쉴 1, 2단지",중소폐가전,수거함 설치,광주 남구 제석로 72 ,공동주택(아파트 등),무상
11883,라인효친 1차,중소폐가전,수거함 설치,광주 남구 용대로 131 ,공동주택(아파트 등),무상
11884,모아엘가,중소폐가전,수거함 설치,광주 남구 용대로74번길 8 ,공동주택(아파트 등),무상
11885,무등산아델리움,중소폐가전,수거함 설치,광주 동구 의재로 120 ,공동주택(아파트 등),무상
11886,무등파크 1차,중소폐가전,수거함 설치,광주 남구 용대로 115 ,공동주택(아파트 등),무상
11887,문흥동대주2차아파트,중소폐가전,수거함 설치,광주 북구 평교로 45 ,공동주택(아파트 등),무상
11888,문흥동우성아파트,중소폐가전,수거함 설치,광주 북구 호동로 99 ,공동주택(아파트 등),무상
11889,문흥일신아파트,중소폐가전,수거함 설치,광주 북구 대천로 124-4 ,공동주택(아파트 등),무상
11890,산수동 광명아파트,중소폐가전,수거함 설치,광주 동구 무등로 532 ,공동주택(아파트 등),무상
11891,삼각동모아호반아파트,중소폐가전,수거함 설치,광주 북구 설죽로370번길 27 ,공동주택(아파트 등),무상
11892,삼각동우미타운아파트,중소폐가전,수거함 설치,광주 북구 안산로 76 ,공동주택(아파트 등),무상
11893,소태동 모아미래도,중소폐가전,수거함 설치,광주 동구 학소로76번길 14 ,공동주택(아파트 등),무상
11894,신안동중흥파크,중소폐가전,수거함 설치,광주 북구 서암대로 66 ,공동주택(아파트 등),무상
11895,양산동 한국아파트,중소폐가전,수거함 설치,광주 북구 양산제로 3 ,공동주택(아파트 등),무상
11896,에이치알 아팰리스,중소폐가전,수거함 설치,광주 남구 제석로 104 ,공동주택(아파트 등),무상
11897,연제골드클래스,중소폐가전,수거함 설치,광주 북구 양산제로 95 ,공동주택(아파트 등),무상
11898,연제대광로제비앙아파트,중소폐가전,수거함 설치,광주 북구 양일1로 52 ,공동주택(아파트 등),무상
11899,오치우미아파트,중소폐가전,수거함 설치,광주 북구 천지인로115번길 10 ,공동주택(아파트 등),무상
11900,용봉한화꿈에그린,중소폐가전,수거함 설치,광주 북구 용주로30번길 60 ,공동주택(아파트 등),무상
11901,용산 계룡리슈빌,중소폐가전,수거함 설치,광주 동구 용산1길 2 ,공동주택(아파트 등),무상
11902,용산지구 대성베르힐아파트,중소폐가전,수거함 설치,광주 동구 용산2길 8 ,공동주택(아파트 등),무상
11903,운림2차 무등파크맨션,중소폐가전,수거함 설치,광주 동구 운림길 29-10 ,공동주택(아파트 등),무상
11904,운림글로벌아파트,중소폐가전,수거함 설치,광주 동구 의재로 161 ,공동주택(아파트 등),무상
11905,운암동 남양휴튼아파트,중소폐가전,수거함 설치,광주 북구 서강로 150 ,공동주택(아파트 등),무상
11906,운암동롯데캐슬,중소폐가전,수거함 설치,광주 북구 서강로54번길 11 ,공동주택(아파트 등),무상
11907,운암동우성아파트,중소폐가전,수거함 설치,광주 북구 서강로 160 ,공동주택(아파트 등),무상
11908,월남 호반베드디움 1차,중소폐가전,수거함 설치,광주 동구 남문로 377 ,공동주택(아파트 등),무상
11909,월산우방아이유쉘,중소폐가전,수거함 설치,광주 남구 월산로 118 ,공동주택(아파트 등),무상
11910,이지더원 1단지,중소폐가전,수거함 설치,광주 남구 봉선로84번길 16 ,공동주택(아파트 등),무상
11911,종원아파트,중소폐가전,수거함 설치,광주 남구 회서로22번가길 13 ,공동주택(아파트 등),무상
11912,지산동 진아하이빌아파트,중소폐가전,수거함 설치,광주 동구 지호로86번길 3 ,공동주택(아파트 등),무상
11913,지웰,중소폐가전,수거함 설치,광주 남구 봉선2로 51-1 ,공동주택(아파트 등),무상
11914,첨단2지구 한양수자인아파트,중소폐가전,수거함 설치,광주 북구 첨단연신로 184 ,공동주택(아파트 등),무상
11915,학동 남해오네뜨,중소폐가전,수거함 설치,광주 동구 증심천로 117 ,공동주택(아파트 등),무상
11916,학동 백화아파트,중소폐가전,수거함 설치,광주 동구 천변우로 603 ,공동주택(아파트 등),무상
11917,학동 현대아파트,중소폐가전,수거함 설치,광주 동구 증심천로89번길 16 ,공동주택(아파트 등),무상
11918,한국아델리움 1단지,중소폐가전,수거함 설치,광주 남구 제석로80번안길 11 ,공동주택(아파트 등),무상
11919,호두메마을,중소폐가전,수거함 설치,광주 동구 필문대로153번길 31 ,공동주택(아파트 등),무상
11920,호반리젠시빌,중소폐가전,수거함 설치,광주 남구 서문대로663번안길 2 ,공동주택(아파트 등),무상
11921,효천 LH3단지,중소폐가전,수거함 설치,광주 남구 효천중앙로 35 ,공동주택(아파트 등),무상
11922,갤러리303,중소폐가전,수거함 설치,광주 서구 상무누리로 33 ,공동주택(아파트 등),무상
11923,광주각화주공아파트,중소폐가전,수거함 설치,광주 북구 군왕로207번길 ,공동주택(아파트 등),무상
11924,광천 e편한세상,중소폐가전,수거함 설치,광주 서구 화운로 278 ,공동주택(아파트 등),무상
11925,광천동남화아파트,중소폐가전,수거함 설치,광주 서구 광천효광길 6 ,공동주택(아파트 등),무상
11926,금호타운4차,중소폐가전,수거함 설치,광주 서구 상무공원로 61 ,공동주택(아파트 등),무상
11927,남양현대아파트,중소폐가전,수거함 설치,광주 서구 풍암순환로 70 ,공동주택(아파트 등),무상
11928,대광아파트,중소폐가전,수거함 설치,광주 북구 설죽로336번길 17 ,공동주택(아파트 등),무상
11929,대림1차아파트,중소폐가전,수거함 설치,광주 북구 양일로305번길 11-1 ,공동주택(아파트 등),무상
11930,동림광신프로그레스아파트,중소폐가전,수거함 설치,광주 북구 동운로 130 ,공동주택(아파트 등),무상
11931,동부센트레빌,중소폐가전,수거함 설치,광주 서구 풍암신흥로 40 ,공동주택(아파트 등),무상
11932,동천마을 1단지아파트,중소폐가전,수거함 설치,광주 서구 동천로 25 ,공동주택(아파트 등),무상
11933,동천마을 6단지아파트,중소폐가전,수거함 설치,광주 서구 하남대로710번길 5 ,공동주택(아파트 등),무상
11934,동천마을2단지  휴먼시아,중소폐가전,수거함 설치,광주 서구 동천로 11 ,공동주택(아파트 등),무상
11935,동천마을3단지  휴먼시아,중소폐가전,수거함 설치,광주 서구 동천로18번길 19 ,공동주택(아파트 등),무상
11936,라인동산아파트,중소폐가전,수거함 설치,광주 북구 문산로 81 ,공동주택(아파트 등),무상
11937,모아아파트,중소폐가전,수거함 설치,광주 북구 문산로 40 ,공동주택(아파트 등),무상
11938,문흥 우미1차아파트,중소폐가전,수거함 설치,광주 북구 대천로 160 ,공동주택(아파트 등),무상
11939,미라보3차아파트,중소폐가전,수거함 설치,광주 북구 서강로 155 ,공동주택(아파트 등),무상
11940,벽산블루밍메가시티3단지,중소폐가전,수거함 설치,광주 북구 대자로 55 ,공동주택(아파트 등),무상
11941,삼각동삼익아파트,중소폐가전,수거함 설치,광주 북구 설죽로370번길 15 ,공동주택(아파트 등),무상
11942,삼능남양아파트,중소폐가전,수거함 설치,광주 서구 풍암순환로 86 ,공동주택(아파트 등),무상
11943,상무 금호타운 3단지,중소폐가전,수거함 설치,광주 서구 치평로 21 ,공동주택(아파트 등),무상
11944,상무 버들마을1주공아파트,중소폐가전,수거함 설치,광주 서구 상무버들로40번길 14 ,공동주택(아파트 등),무상
11945,상무 버들마을주공 2단지,중소폐가전,수거함 설치,광주 서구 상무버들로 15 ,공동주택(아파트 등),무상
11946,상무자이,중소폐가전,수거함 설치,광주 서구 백석길 22-23 ,공동주택(아파트 등),무상
11947,상무지구 라인동산아파트,중소폐가전,수거함 설치,광주 서구 상무평화로 64 ,공동주택(아파트 등),무상
11948,신암마을 새한센시빌아파트,중소폐가전,수거함 설치,광주 서구 풍암순환로 54 ,공동주택(아파트 등),무상
11949,쌍용예가아파트,중소폐가전,수거함 설치,광주 북구 서하로 94번길 10 ,공동주택(아파트 등),무상
11950,양산동금광아파트,중소폐가전,수거함 설치,광주 북구 하서로241번길 16 ,공동주택(아파트 등),무상
11951,양산영무예다음아파트,중소폐가전,수거함 설치,광주 북구 효열로29번길 37 ,공동주택(아파트 등),무상
11952,연제 고운하이플러스 ,중소폐가전,수거함 설치,광주 북구 양산제로 76 ,공동주택(아파트 등),무상
11953,오치동삼익1차아파트,중소폐가전,수거함 설치,광주 북구 설죽로320번길 25 ,공동주택(아파트 등),무상
11954,용두2주공아파트,중소폐가전,수거함 설치,광주 북구 하서로483번길 22 ,공동주택(아파트 등),무상
11955,용봉동 호반아파트,중소폐가전,수거함 설치,광주 북구 반룡로 32 ,공동주택(아파트 등),무상
11956,우미광장아파트,중소폐가전,수거함 설치,광주 서구 풍암순환로 183 ,공동주택(아파트 등),무상
11957,우미린,중소폐가전,수거함 설치,광주 서구 하남대로710번길 20 ,공동주택(아파트 등),무상
11958,우미호반아파트,중소폐가전,수거함 설치,광주 북구 문산로62번길 20 ,공동주택(아파트 등),무상
11959,운암프라자,중소폐가전,수거함 설치,광주 북구 서강로 104-3 ,공동주택(아파트 등),무상
11960,일곡대우아파트 ,중소폐가전,수거함 설치,광주 북구 일곡택지로 50 ,공동주택(아파트 등),무상
11961,일곡진로아파트,중소폐가전,수거함 설치,광주 북구 일곡마을로 50 ,공동주택(아파트 등),무상
11962,일곡한일아파트,중소폐가전,수거함 설치,광주 북구 일곡택지로 60 ,공동주택(아파트 등),무상
11963,주은모아아파트,중소폐가전,수거함 설치,광주 서구 풍암2로 36 ,공동주택(아파트 등),무상
11964,중흥2차 아파트,중소폐가전,수거함 설치,광주 서구 풍암순환로 10 ,공동주택(아파트 등),무상
11965,중흥파크2차아파트,중소폐가전,수거함 설치,광주 북구 금호로86번길 20 ,공동주택(아파트 등),무상
11966,중흥파크맨션3차,중소폐가전,수거함 설치,광주 북구 천지인로173번길 10 ,공동주택(아파트 등),무상
11967,첨단2지구 제일풍경채아파트,중소폐가전,수거함 설치,광주 북구 첨단연신로 216 ,공동주택(아파트 등),무상
11968,첨단2휴먼시아 ,중소폐가전,수거함 설치,광주 북구 첨단연신로 245 ,공동주택(아파트 등),무상
11969,첨단휴먼시아 1단지,중소폐가전,수거함 설치,광주 북구 첨단연신로 250 ,공동주택(아파트 등),무상
11970,청솔1차아파트,중소폐가전,수거함 설치,광주 북구 설죽로 535-1 ,공동주택(아파트 등),무상
11971,푸른마을주공3단지,중소폐가전,수거함 설치,광주 북구 북문대로242번길 11 ,공동주택(아파트 등),무상
11972,풍암중흥3차아파트,중소폐가전,수거함 설치,광주 서구 풍암순환로 112 ,공동주택(아파트 등),무상
11973,현대삼환아파트,중소폐가전,수거함 설치,광주 서구 풍암1로 53 ,공동주택(아파트 등),무상
11974,호반베르디움,중소폐가전,수거함 설치,광주 서구 하남대로680번길 10 ,공동주택(아파트 등),무상
11975,광명중흥아파트,중소폐가전,수거함 설치,광주 서구 화정로 96 ,공동주택(아파트 등),무상
11976,광명하이츠타운,중소폐가전,수거함 설치,광주 서구 내방로251번길 10 ,공동주택(아파트 등),무상
11977,그린파크,중소폐가전,수거함 설치,광주 서구 상무대로1224번길 14 ,공동주택(아파트 등),무상
11978,금부마을 호반리젠시빌,중소폐가전,수거함 설치,광주 서구 금화로149번길 11 ,공동주택(아파트 등),무상
11979,금호5차호반리젠시빌,중소폐가전,수거함 설치,광주 서구 화개1로78번길 8 ,공동주택(아파트 등),무상
11980,금호명지,중소폐가전,수거함 설치,광주 서구 운천로 69 ,공동주택(아파트 등),무상
11981,금호베스트빌,중소폐가전,수거함 설치,광주 동구 증심천로 88 ,공동주택(아파트 등),무상
11982,금호시영1단지 아파트,중소폐가전,수거함 설치,광주 서구 운천로 41 ,공동주택(아파트 등),무상
11983,금호쌍용아파트,중소폐가전,수거함 설치,광주 서구 치평로 35 ,공동주택(아파트 등),무상
11984,금호타운1차,중소폐가전,수거함 설치,광주 서구 염화로57번길 3 ,공동주택(아파트 등),무상
11985,금호타운2차,중소폐가전,수거함 설치,광주 서구 염화로57번길 19 ,공동주택(아파트 등),무상
11986,내방마을 주공아파트,중소폐가전,수거함 설치,광주 서구 화운로193번길 25 ,공동주택(아파트 등),무상
11987,라인1차,중소폐가전,수거함 설치,광주 동구 운림길 71 ,공동주택(아파트 등),무상
11988,라인대주아파트,중소폐가전,수거함 설치,광주 서구 치평로 15 ,공동주택(아파트 등),무상
11989,럭키아파트,중소폐가전,수거함 설치,광주 서구 염화로40번길 20 ,공동주택(아파트 등),무상
11990,매월동 EG스위트밸리,중소폐가전,수거함 설치,광주 서구 화개중앙로87번길 16-1 ,공동주택(아파트 등),무상
11991,모아아파트,중소폐가전,수거함 설치,광주 서구 화정로 135 ,공동주택(아파트 등),무상
11992,모아아파트,중소폐가전,수거함 설치,광주 서구 금화로149번길 27 ,공동주택(아파트 등),무상
11993,모아제일아파트,중소폐가전,수거함 설치,광주 서구 상일로 37 ,공동주택(아파트 등),무상
11994,모아타워,중소폐가전,수거함 설치,광주 서구 염화로57번길 4 ,공동주택(아파트 등),무상
11995,무등산 광신프로그레스,중소폐가전,수거함 설치,광주 동구 밤실로 100 ,공동주택(아파트 등),무상
11996,삼익세라믹,중소폐가전,수거함 설치,광주 동구 남문로 676 ,공동주택(아파트 등),무상
11997,상무 SK VIEW,중소폐가전,수거함 설치,광주 서구 마륵복개로 140 ,공동주택(아파트 등),무상
11998,상무푸르지오,중소폐가전,수거함 설치,광주 서구 금호운천길 83 ,공동주택(아파트 등),무상
11999,상무힐스테이트,중소폐가전,수거함 설치,광주 서구 상무대로911번길 42 ,공동주택(아파트 등),무상
12000,시영아파트(빛고을파크),중소폐가전,수거함 설치,광주 서구 화정로 105 ,공동주택(아파트 등),무상
12001,쌍용예가 만호마을,중소폐가전,수거함 설치,광주 서구 금화로 25 ,공동주택(아파트 등),무상
12002,쌍촌시영 임대아파트,중소폐가전,수거함 설치,광주 서구 화정로 87-1 ,공동주택(아파트 등),무상
12003,아남아파트,중소폐가전,수거함 설치,광주 동구 의재로 23-8 ,공동주택(아파트 등),무상
12004,아델리움&로제비앙,중소폐가전,수거함 설치,광주 서구 화개중앙로87번길 15 ,공동주택(아파트 등),무상
12005,양동 휴먼시아,중소폐가전,수거함 설치,광주 서구 발산로 36 ,공동주택(아파트 등),무상
12006,우미아트빌,중소폐가전,수거함 설치,광주 서구 상무민주로 120 ,공동주택(아파트 등),무상
12007,우미아파트,중소폐가전,수거함 설치,광주 서구 월드컵4강로28번길 14 ,공동주택(아파트 등),무상
12008,월남 호반베르디움 1차,중소폐가전,수거함 설치,광주 동구 남문로 377 ,공동주택(아파트 등),무상
12009,월남 호반베르디움 2차,중소폐가전,수거함 설치,광주 동구 남문로 307 ,공동주택(아파트 등),무상
12010,종원팰리스빌 아파트,중소폐가전,수거함 설치,광주 서구 화개1로 59-2 ,공동주택(아파트 등),무상
12011,중흥아파트,중소폐가전,수거함 설치,광주 서구 염화로57번길 16 ,공동주택(아파트 등),무상
12012,중흥아파트,중소폐가전,수거함 설치,광주 서구 마재로 21 ,공동주택(아파트 등),무상
12013,중흥아파트 2단지,중소폐가전,수거함 설치,광주 서구 치평로 77 ,공동주택(아파트 등),무상
12014,중흥에스-클래스,중소폐가전,수거함 설치,광주 서구 상무민주로 104 ,공동주택(아파트 등),무상
12015,태영아파트,중소폐가전,수거함 설치,광주 서구 염화로40번길 20-1 ,공동주택(아파트 등),무상
12016,평화맨션,중소폐가전,수거함 설치,광주 동구 학소로 125 ,공동주택(아파트 등),무상
12017,풍암부영1차아파트,중소폐가전,수거함 설치,광주 서구 화개1로24번길 10 ,공동주택(아파트 등),무상
12018,한양아파트,중소폐가전,수거함 설치,광주 서구 월드컵4강로28번길 46 ,공동주택(아파트 등),무상
12019,해광한신아파트,중소폐가전,수거함 설치,광주 서구 상무공원로 114 ,공동주택(아파트 등),무상
12020,현대아파트,중소폐가전,수거함 설치,광주 동구 증심천로89번길 16 ,공동주택(아파트 등),무상
12021,현대아파트,중소폐가전,수거함 설치,광주 서구 내방로240번길 10 ,공동주택(아파트 등),무상
12022,현대아파트,중소폐가전,수거함 설치,광주 서구 월드컵4강로 22 ,공동주택(아파트 등),무상
12023,현대아파트,중소폐가전,수거함 설치,광주 서구 화운로175번길 15 ,공동주택(아파트 등),무상
12024,호반리젠시빌 아파트,중소폐가전,수거함 설치,광주 서구 화개1로 33 ,공동주택(아파트 등),무상
12025,화정힐스테이트 1단지,중소폐가전,수거함 설치,광주 서구 화운로 94 ,공동주택(아파트 등),무상
12026,화정힐스테이트 2단지,중소폐가전,수거함 설치,광주 서구 화정로 211 ,공동주택(아파트 등),무상
12027,AM-City 하이클래스,중소폐가전,수거함 설치,광주 동구 금남로 185 ,공동주택(아파트 등),무상
12028,고 운,중소폐가전,수거함 설치,광주 남구 화산로73번길 3 ,공동주택(아파트 등),무상
12029,고운2차,중소폐가전,수거함 설치,광주 남구 진제길 28 ,공동주택(아파트 등),무상
12030,금호타운,중소폐가전,수거함 설치,광주 동구 필문대로12-7 ,공동주택(아파트 등),무상
12031,남양휴튼,중소폐가전,수거함 설치,광주 남구 노대실로 26 ,공동주택(아파트 등),무상
12032,남해오네뜨,중소폐가전,수거함 설치,광주 남구 봉선로 42 ,공동주택(아파트 등),무상
12033,대덕훼밀리8차아파트,중소폐가전,수거함 설치,광주 남구 서문대로749번가길 30 ,공동주택(아파트 등),무상
12034,대주 1차,중소폐가전,수거함 설치,광주 남구 서문대로678번길 7 ,공동주택(아파트 등),무상
12035,대주 2차,중소폐가전,수거함 설치,광주 남구 서문대로690번길 3 ,공동주택(아파트 등),무상
12036,대주파크빌,중소폐가전,수거함 설치,광주 남구 화산로 20 ,공동주택(아파트 등),무상
12037,라인.광명,중소폐가전,수거함 설치,광주 동구 운림길 58 ,공동주택(아파트 등),무상
12038,명지로드힐,중소폐가전,수거함 설치,광주 남구 회재로1186번길 20 ,공동주택(아파트 등),무상
12039,모아미래도아파트,중소폐가전,수거함 설치,광주 동구 학소로76번길 14 ,공동주택(아파트 등),무상
12040,삼  송,중소폐가전,수거함 설치,광주 남구 광복마을3길 25 ,공동주택(아파트 등),무상
12041,삼성아파트,중소폐가전,수거함 설치,광주 동구 밤실로30번길 11 ,공동주택(아파트 등),무상
12042,삼익 1차,중소폐가전,수거함 설치,광주 남구 서문대로 660 ,공동주택(아파트 등),무상
12043,삼익 2차,중소폐가전,수거함 설치,광주 남구 서문대로654번길 24 ,공동주택(아파트 등),무상
12044,삼익 3차,중소폐가전,수거함 설치,광주 남구 화산로31번길 17 ,공동주택(아파트 등),무상
12045,새   한,중소폐가전,수거함 설치,광주 남구 광복마을길 53 ,공동주택(아파트 등),무상
12046,송화마을휴먼시아1단지,중소폐가전,수거함 설치,광주 남구 효우로60번길 50 ,공동주택(아파트 등),무상
12047,송화마을휴먼시아2단지,중소폐가전,수거함 설치,광주 남구 효우로60번길 37 ,공동주택(아파트 등),무상
12048,송화마을휴먼시아3단지,중소폐가전,수거함 설치,광주 남구 효우로60번길 10 ,공동주택(아파트 등),무상
12049,송화마을휴먼시아4단지,중소폐가전,수거함 설치,광주 남구 효우로60번길 9 ,공동주택(아파트 등),무상
12050,송화마을휴먼시아5단지,중소폐가전,수거함 설치,광주 남구 노대실로 33 ,공동주택(아파트 등),무상
12051,송화마을휴먼시아6단지,중소폐가전,수거함 설치,광주 남구 노대실로 49 ,공동주택(아파트 등),무상
12052,송화마을휴먼시아77단지,중소폐가전,수거함 설치,광주 남구 노대실로 89 ,공동주택(아파트 등),무상
12053,신흥 3차,중소폐가전,수거함 설치,광주 남구 서문대로 614 ,공동주택(아파트 등),무상
12054,아   남,중소폐가전,수거함 설치,광주 남구 금당로3길 20 ,공동주택(아파트 등),무상
12055,영무1차,중소폐가전,수거함 설치,광주 남구 금화로376번길 21 ,공동주택(아파트 등),무상
12056,영무2차,중소폐가전,수거함 설치,광주 남구 금화로376번길 9 ,공동주택(아파트 등),무상
12057,운림라인2차,중소폐가전,수거함 설치,광주 동구 의재로149-7 ,공동주택(아파트 등),무상
12058,중흥파크,중소폐가전,수거함 설치,광주 남구 서문대로749번마길 28 ,공동주택(아파트 등),무상
12059,진아2차,중소폐가전,수거함 설치,광주 남구 화산로 75 ,공동주택(아파트 등),무상
12060,진아리채,중소폐가전,수거함 설치,광주 남구 화산로 115 ,공동주택(아파트 등),무상
12061,진아하이빌,중소폐가전,수거함 설치,광주 남구 광복마을3길 7 ,공동주택(아파트 등),무상
12062,천년나무 5단지,중소폐가전,수거함 설치,광주 남구 효우2로 89 ,공동주택(아파트 등),무상
12063,천년나무 6단지,중소폐가전,수거함 설치,광주 남구 효우2로 90 ,공동주택(아파트 등),무상
12064,천년나무 7단지,중소폐가전,수거함 설치,광주 남구 행암길 9 ,공동주택(아파트 등),무상
12065,푸른길 두산위브,중소폐가전,수거함 설치,광주 동구 계림로30번길 15 ,공동주택(아파트 등),무상
12066,풍   림,중소폐가전,수거함 설치,광주 남구 화산로31번안길 2 ,공동주택(아파트 등),무상
12067,학1마을,중소폐가전,수거함 설치,광주 동구 남문로 734 ,공동주택(아파트 등),무상
12068,학2마을,중소폐가전,수거함 설치,광주 동구 남문로693번길 11 ,공동주택(아파트 등),무상
12069,학동 무등산아이파크,중소폐가전,수거함 설치,광주 동구 남문로753번길 20 ,공동주택(아파트 등),무상
12070,한 국,중소폐가전,수거함 설치,광주 남구 서문대로627번길 19 ,공동주택(아파트 등),무상
12071,한신 1차,중소폐가전,수거함 설치,광주 남구 광복마을4길 9 ,공동주택(아파트 등),무상
12072,한신 2차,중소폐가전,수거함 설치,광주 남구 광복마을길 43 ,공동주택(아파트 등),무상
12073,해태 1차,중소폐가전,수거함 설치,광주 남구 회재로1173번길 40 ,공동주택(아파트 등),무상
12074,현대 2차,중소폐가전,수거함 설치,광주 남구 서문대로654번길 33 ,공동주택(아파트 등),무상
12075,현대 3차,중소폐가전,수거함 설치,광주 남구 서문대로654번길 35 ,공동주택(아파트 등),무상
12076,현대1차,중소폐가전,수거함 설치,광주 남구 서문대로622번길 7 ,공동주택(아파트 등),무상
12077,협진훼미리,중소폐가전,수거함 설치,광주 남구 금당로3길 8-3 ,공동주택(아파트 등),무상
12078,호반리젠시빌,중소폐가전,수거함 설치,광주 남구 서문대로663번안길 2 ,공동주택(아파트 등),무상
12079,호반스위트,중소폐가전,수거함 설치,광주 남구 서문대로704번길 10 ,공동주택(아파트 등),무상
12080,휴먼시아아파트,중소폐가전,수거함 설치,광주 동구 동명로69번길 20 ,공동주택(아파트 등),무상
12081,경남,중소폐가전,수거함 설치,광주 남구 봉선로52번길 21 ,공동주택(아파트 등),무상
12082,광명메이루즈,중소폐가전,수거함 설치,광주 남구 봉선로 37 ,공동주택(아파트 등),무상
12083,금영푸르미,중소폐가전,수거함 설치,광주 남구 서문대로 754 ,공동주택(아파트 등),무상
12084,금호 2차,중소폐가전,수거함 설치,광주 남구 봉선중앙로 46 ,공동주택(아파트 등),무상
12085,금호타운,중소폐가전,수거함 설치,광주 남구 효덕로 291 ,공동주택(아파트 등),무상
12086,남부,중소폐가전,수거함 설치,광주 남구 군분로148번길 3 ,공동주택(아파트 등),무상
12087,대화,중소폐가전,수거함 설치,광주 남구 봉선로 98 ,공동주택(아파트 등),무상
12088,덕림맨션,중소폐가전,수거함 설치,광주 남구 월산로132번길 22-1 ,공동주택(아파트 등),무상
12089,덕림제일,중소폐가전,수거함 설치,광주 남구 월산로132번길 9 ,공동주택(아파트 등),무상
12090,덕산,중소폐가전,수거함 설치,광주 남구 봉선로84번길 7 ,공동주택(아파트 등),무상
12091,라인광장 1차,중소폐가전,수거함 설치,광주 남구 봉선중앙로 103 ,공동주택(아파트 등),무상
12092,"라인광장2차, 3차",중소폐가전,수거함 설치,광주 남구 봉선중앙로 103 ,공동주택(아파트 등),무상
12093,라인아파트,중소폐가전,수거함 설치,광주 남구 수박등로48번길 7 ,공동주택(아파트 등),무상
12094,명성아파트,중소폐가전,수거함 설치,광주 남구 대남대로159번길 7 ,공동주택(아파트 등),무상
12095,명지맨션,중소폐가전,수거함 설치,광주 남구 금화로376번길 34 ,공동주택(아파트 등),무상
12096,무등2차아파트,중소폐가전,수거함 설치,광주 남구 봉선2로 96-14 ,공동주택(아파트 등),무상
12097,무등파크,중소폐가전,수거함 설치,광주 남구 백서로 74 ,공동주택(아파트 등),무상
12098,보라,중소폐가전,수거함 설치,광주 남구 금화로446번길 18 ,공동주택(아파트 등),무상
12099,봉선지웰,중소폐가전,수거함 설치,광주 남구 봉선2로 51-1 ,공동주택(아파트 등),무상
12100,삼익 1차,중소폐가전,수거함 설치,광주 남구 봉선중앙로 46 ,공동주택(아파트 등),무상
12101,삼익 2차,중소폐가전,수거함 설치,광주 남구 봉선로175번길 14 ,공동주택(아파트 등),무상
12102,삼진,중소폐가전,수거함 설치,광주 남구 중앙로 34 ,공동주택(아파트 등),무상
12103,서동영무예다음,중소폐가전,수거함 설치,광주 남구 제중로 111 ,공동주택(아파트 등),무상
12104,성하,중소폐가전,수거함 설치,광주 남구 천변좌로370번길 21-7 ,공동주택(아파트 등),무상
12105,솔뫼아파트,중소폐가전,수거함 설치,광주 남구 봉선로 127 ,공동주택(아파트 등),무상
12106,송림아파트,중소폐가전,수거함 설치,광주 남구 봉선로19번길 18 ,공동주택(아파트 등),무상
12107,신영루체빌,중소폐가전,수거함 설치,광주 남구 봉선로52번길 49 ,공동주택(아파트 등),무상
12108,신우,중소폐가전,수거함 설치,광주 남구 대남대로294번길 7 ,공동주택(아파트 등),무상
12109,아남프라자,중소폐가전,수거함 설치,광주 남구 제중로 91 ,공동주택(아파트 등),무상
12110,월산우방,중소폐가전,수거함 설치,광주 남구 월산로 118 ,공동주택(아파트 등),무상
12111,이스토리,중소폐가전,수거함 설치,광주 남구 월산로116번길 20 ,공동주택(아파트 등),무상
12112,이지더원3단지아파트,중소폐가전,수거함 설치,광주 남구 봉선로51번길 12 ,공동주택(아파트 등),무상
12113,제일파크,중소폐가전,수거함 설치,광주 남구 서동로40번길 1 ,공동주택(아파트 등),무상
12114,제일파크,중소폐가전,수거함 설치,광주 남구 경열로76번길 33-5 ,공동주택(아파트 등),무상
12115,제일풍경채 엘리트파크,중소폐가전,수거함 설치,광주 남구 제석로80번길 5 ,공동주택(아파트 등),무상
12116,주월호반 2차,중소폐가전,수거함 설치,광주 남구 회재로 1174-14 ,공동주택(아파트 등),무상
12117,진아리채5차1단지,중소폐가전,수거함 설치,광주 남구 원효천1길 16 ,공동주택(아파트 등),무상
12118,진아리채5차2단지,중소폐가전,수거함 설치,광주 남구 원효천1길 5 ,공동주택(아파트 등),무상
12119,포스코,중소폐가전,수거함 설치,광주 남구 용대로53번길 15 ,공동주택(아파트 등),무상
12120,한국아델리움3차,중소폐가전,수거함 설치,광주 남구 제석로80번길 36 ,공동주택(아파트 등),무상
12121,한양,중소폐가전,수거함 설치,광주 남구 광복마을7길 27 ,공동주택(아파트 등),무상
12122,해태 2차,중소폐가전,수거함 설치,광주 남구 회재로 1201 ,공동주택(아파트 등),무상
12123,현대 2차,중소폐가전,수거함 설치,광주 남구 회재로1186번길 29 ,공동주택(아파트 등),무상
12124,호반베르디움1차,중소폐가전,수거함 설치,광주 남구 회재로1186번길 20 ,공동주택(아파트 등),무상
12125,호반힐하임,중소폐가전,수거함 설치,광주 남구 서문대로 780 ,공동주택(아파트 등),무상
12126,효천 중흥S클래스,중소폐가전,수거함 설치,광주 남구 효우로 332-11 ,공동주택(아파트 등),무상
12127,효천 풍경채1단지,중소폐가전,수거함 설치,광주 남구 효우로 332-10 ,공동주택(아파트 등),무상
12128,효천 풍경채2단지,중소폐가전,수거함 설치,광주 남구 효우2로 46 ,공동주택(아파트 등),무상
12129,효천1휴먼시아,중소폐가전,수거함 설치,광주 남구 효우로 260 ,공동주택(아파트 등),무상
12130,효천2휴먼시아,중소폐가전,수거함 설치,광주 남구 효우2로 18 ,공동주택(아파트 등),무상
12131,효천3휴먼시아,중소폐가전,수거함 설치,광주 남구 효우2로 21 ,공동주택(아파트 등),무상
12132,효천4휴먼시아,중소폐가전,수거함 설치,광주 남구 효우2로 45 ,공동주택(아파트 등),무상
12133,휴먼시아1단지,중소폐가전,수거함 설치,광주 남구 제중로 11 ,공동주택(아파트 등),무상
12134,휴먼시아2단지,중소폐가전,수거함 설치,광주 남구 정율성로 7 ,공동주택(아파트 등),무상
12135,광명그린,중소폐가전,수거함 설치,광주 남구 용대로 155 ,공동주택(아파트 등),무상
12136,광신,중소폐가전,수거함 설치,광주 남구 방림로 10 ,공동주택(아파트 등),무상
12137,금호맨션,중소폐가전,수거함 설치,광주 남구 용대로 180-8 ,공동주택(아파트 등),무상
12138,대덕아파트,중소폐가전,수거함 설치,광주 광산구 산정공원로71번길 18-7 ,공동주택(아파트 등),무상
12139,대라수아파트,중소폐가전,수거함 설치,광주 광산구 장신로 326 ,공동주택(아파트 등),무상
12140,대성베르힐,중소폐가전,수거함 설치,광주 광산구 수등로94번길 31 ,공동주택(아파트 등),무상
12141,대주,중소폐가전,수거함 설치,광주 남구 독립로10번길 13 ,공동주택(아파트 등),무상
12142,대흥스카이 1차,중소폐가전,수거함 설치,광주 남구 백운로82번길 10 ,공동주택(아파트 등),무상
12143,대흥스카이 2차,중소폐가전,수거함 설치,광주 남구 백운로66번길 9 ,공동주택(아파트 등),무상
12144,라인효친1단지,중소폐가전,수거함 설치,광주 남구 용대로 131 ,공동주택(아파트 등),무상
12145,라인효친2단지,중소폐가전,수거함 설치,광주 남구 용대로 131 ,공동주택(아파트 등),무상
12146,모아2단지 1차,중소폐가전,수거함 설치,광주 남구 봉선1로 86 ,공동주택(아파트 등),무상
12147,모아2단지 2차,중소폐가전,수거함 설치,광주 남구 봉선1로 85 ,공동주택(아파트 등),무상
12148,모아엘가 아파트,중소폐가전,수거함 설치,광주 광산구 소촌로 100 ,공동주택(아파트 등),무상
12149,목우,중소폐가전,수거함 설치,광주 남구 백운로66번길 8 ,공동주택(아파트 등),무상
12150,백운1휴먼시아,중소폐가전,수거함 설치,광주 남구 독립로 102 ,공동주택(아파트 등),무상
12151,백운2휴먼시아,중소폐가전,수거함 설치,광주 남구 독립로80번길 8 ,공동주택(아파트 등),무상
12152,백운3휴먼시아,중소폐가전,수거함 설치,광주 남구 백운로 100 ,공동주택(아파트 등),무상
12153,백운스카이 1차,중소폐가전,수거함 설치,광주 남구 양림로 14 ,공동주택(아파트 등),무상
12154,백운우방,중소폐가전,수거함 설치,광주 남구 독립로 70-1 ,공동주택(아파트 등),무상
12155,백운힐스테이트,중소폐가전,수거함 설치,광주 남구 독립로 70-1 ,공동주택(아파트 등),무상
12156,벽산,중소폐가전,수거함 설치,광주 남구 독립로54번길 8 ,공동주택(아파트 등),무상
12157,부영2차,중소폐가전,수거함 설치,광주 광산구 풍영로 294-8 ,공동주택(아파트 등),무상
12158,부영아파트,중소폐가전,수거함 설치,광주 광산구 사암로 251 ,공동주택(아파트 등),무상
12159,사직스카이,중소폐가전,수거함 설치,광주 남구 제중로 123 ,공동주택(아파트 등),무상
12160,세영리첼,중소폐가전,수거함 설치,광주 광산구 풍영로 294-23 ,공동주택(아파트 등),무상
12161,소촌 성화파인빌 아파트,중소폐가전,수거함 설치,광주 광산구 소촌로 152번길 53-17 ,공동주택(아파트 등),무상
12162,송림아파트,중소폐가전,수거함 설치,광주 남구 용대로183번안길 7 ,공동주택(아파트 등),무상
12163,송촌파인힐,중소폐가전,수거함 설치,광주 남구 독립로80번길 10 ,공동주택(아파트 등),무상
12164,수완영무예다음1차,중소폐가전,수거함 설치,광주 광산구 장덕로 95번길15 ,공동주택(아파트 등),무상
12165,신가부영아파트,중소폐가전,수거함 설치,광주 광산구 수등로 287 ,공동주택(아파트 등),무상
12166,신창2차 남양휴튼아파트,중소폐가전,수거함 설치,광주 광산구 신창로71번길 17 ,공동주택(아파트 등),무상
12167,신창5차호반베르디움아파트,중소폐가전,수거함 설치,광주 광산구 왕버들로251번길 27 ,공동주택(아파트 등),무상
12168,신창모아미래도아파트,중소폐가전,수거함 설치,광주 광산구 북문대로419번길 27-7 ,공동주택(아파트 등),무상
12169,신창부영1차아파트,중소폐가전,수거함 설치,광주 광산구 장신로265번길 22 ,공동주택(아파트 등),무상
12170,신창부영사랑으로5차아파트,중소폐가전,수거함 설치,광주 광산구 신창로71번길 16 ,공동주택(아파트 등),무상
12171,쌍용스위닷홈아파트,중소폐가전,수거함 설치,광주 남구 봉선중앙로 6 ,공동주택(아파트 등),무상
12172,써니하이빌 연립주택,중소폐가전,수거함 설치,광주 광산구 송정공원로 11번길 63 ,공동주택(아파트 등),무상
12173,영천주공10단지,중소폐가전,수거함 설치,광주 광산구 사암로340번길 30 ,공동주택(아파트 등),무상
12174,영천주공9단지,중소폐가전,수거함 설치,광주 광산구 풍영로 63 ,공동주택(아파트 등),무상
12175,이지더원 3단지 아파트,중소폐가전,수거함 설치,광주 광산구 선운로 55 ,공동주택(아파트 등),무상
12176,제일파크맨션,중소폐가전,수거함 설치,광주 남구 백운로 67-6 ,공동주택(아파트 등),무상
12177,중흥2차,중소폐가전,수거함 설치,광주 광산구 풍영로145번길 15 ,공동주택(아파트 등),무상
12178,지오스테이션 아파트,중소폐가전,수거함 설치,광주 광산구 송정공원로 11번길 50-3 ,공동주택(아파트 등),무상
12179,진아리채2차,중소폐가전,수거함 설치,광주 광산구 장덕로137번길 17 ,공동주택(아파트 등),무상
12180,코오롱하늘채,중소폐가전,수거함 설치,광주 광산구 장덕로137번길 39 ,공동주택(아파트 등),무상
12181,태양아파트,중소폐가전,수거함 설치,광주 광산구 산정공원로71번길 27 ,공동주택(아파트 등),무상
12182,한일베라체,중소폐가전,수거함 설치,광주 남구 회재로 211 ,공동주택(아파트 등),무상
12183,호반3-1차아파트,중소폐가전,수거함 설치,광주 광산구 첨단중앙로68번길 60 ,공동주택(아파트 등),무상
12184,호반3-5차아파트,중소폐가전,수거함 설치,광주 광산구 첨단중앙로68번길 99 ,공동주택(아파트 등),무상
12185,휴먼시아,중소폐가전,수거함 설치,광주 남구 방림로 31 ,공동주택(아파트 등),무상
12186,경동메르빌,중소폐가전,수거함 설치,"경남 창원시 마산합포구 중앙동3길 22 (월포동, 경동메르빌아파트) ",공동주택(아파트 등),무상
12187,교방상록아파트,중소폐가전,수거함 설치,경남 창원시 마산합포구 노산서18길 141 ,공동주택(아파트 등),무상
12188,국제미소래,중소폐가전,수거함 설치,광주 광산구 용아로 175 ,공동주택(아파트 등),무상
12189,국제비치타운아파트,중소폐가전,수거함 설치,경남 창원시 마산합포구 합포동5길 22 ,공동주택(아파트 등),무상
12190,금강아파트,중소폐가전,수거함 설치,광주 광산구 송정로 77 ,공동주택(아파트 등),무상
12191,금호아파트,중소폐가전,수거함 설치,광주 광산구 월곡산정로 80 ,공동주택(아파트 등),무상
12192,기산아파트,중소폐가전,수거함 설치,광주 광산구 임방울대로 727-6 ,공동주택(아파트 등),무상
12193,꿈의그린아파트,중소폐가전,수거함 설치,경남 창원시 성산구 창원천로 34 ,공동주택(아파트 등),무상
12194,다사로움2차아파트,중소폐가전,수거함 설치,광주 광산구 목련로 15 ,공동주택(아파트 등),무상
12195,다사로움3차아파트,중소폐가전,수거함 설치,광주 광산구 하남대로 54번안길 115 ,공동주택(아파트 등),무상
12196,대광로제비앙,중소폐가전,수거함 설치,광주 광산구 우산로95번길 60 ,공동주택(아파트 등),무상
12197,대주아파트,중소폐가전,수거함 설치,광주 광산구 첨단중앙로 153 ,공동주택(아파트 등),무상
12198,대화아파트,중소폐가전,수거함 설치,광주 광산구 송도로212번길 31-8 ,공동주택(아파트 등),무상
12199,동부아파트,중소폐가전,수거함 설치,광주 광산구 첨단중앙로 201 ,공동주택(아파트 등),무상
12200,동아아파트,중소폐가전,수거함 설치,광주 광산구 첨단중앙로181번길 7 ,공동주택(아파트 등),무상
12201,라인5차,중소폐가전,수거함 설치,광주 광산구 첨단중앙로181번길 88-16 ,공동주택(아파트 등),무상
12202,라인6차,중소폐가전,수거함 설치,광주 광산구 임방울대로 673-21 ,공동주택(아파트 등),무상
12203,럭키아파트,중소폐가전,수거함 설치,경남 창원시 성산구 반림동 8 ,공동주택(아파트 등),무상
12204,명지2차아파트,중소폐가전,수거함 설치,광주 광산구 송도로320번길 16-15 ,공동주택(아파트 등),무상
12205,모아아파트,중소폐가전,수거함 설치,광주 광산구 송도로320번길 16-16 ,공동주택(아파트 등),무상
12206,무학산벽산블루밍아파트,중소폐가전,수거함 설치,경남 창원시 마산합포구 노산서18길 142 ,공동주택(아파트 등),무상
12207,벽산아파트,중소폐가전,수거함 설치,광주 광산구 첨단중앙로181번길 16 ,공동주택(아파트 등),무상
12208,부영1차아파트,중소폐가전,수거함 설치,광주 광산구 목련로 42 ,공동주택(아파트 등),무상
12209,부영3차아파트,중소폐가전,수거함 설치,광주 광산구 하남대로 30 ,공동주택(아파트 등),무상
12210,성원아파트,중소폐가전,수거함 설치,광주 광산구 첨단중앙로181번길 92 ,공동주택(아파트 등),무상
12211,시영2차,중소폐가전,수거함 설치,광주 광산구 우산로 17 ,공동주택(아파트 등),무상
12212,시티세븐 자이,중소폐가전,수거함 설치,"경남 창원시 성산구 창원천로94번길 19 (대원동, 오피스텔) ",공동주택(아파트 등),무상
12213,신동아아파트,중소폐가전,수거함 설치,광주 광산구 첨단중앙로181번길 88-22 ,공동주택(아파트 등),무상
12214,신촌 대주아파트,중소폐가전,수거함 설치,광주 광산구 사암로 24 ,공동주택(아파트 등),무상
12215,신촌 명지 1차,중소폐가전,수거함 설치,광주 광산구 송도로 320번길 11 ,공동주택(아파트 등),무상
12216,신촌 명지 3차,중소폐가전,수거함 설치,광주 광산구 송도로 320번길 1-16 ,공동주택(아파트 등),무상
12217,신촌 정석그린,중소폐가전,수거함 설치,광주 광산구 사암로24번길 60-7 ,공동주택(아파트 등),무상
12218,신촌 중도다이아빌,중소폐가전,수거함 설치,광주 광산구 사암로 72-10 ,공동주택(아파트 등),무상
12219,신화하니엘1차,중소폐가전,수거함 설치,경남 창원시 마산합포구 진동면 동촌길 185 ,공동주택(아파트 등),무상
12220,쌍용아파트,중소폐가전,수거함 설치,광주 광산구 첨단중앙로181번길 21 ,공동주택(아파트 등),무상
12221,어등산대방노블랜드,중소폐가전,수거함 설치,광주 광산구 용아로297번길 17 ,공동주택(아파트 등),무상
12222,온세계아이조움,중소폐가전,수거함 설치,광주 광산구 송정로 80 ,공동주택(아파트 등),무상
12223,월드메르디앙 웨스턴애비뉴,중소폐가전,수거함 설치,"경남 창원시 성산구 삼동로128번길 24 (내동, 월드메르디앙웨스턴애비뉴) ",공동주택(아파트 등),무상
12224,월포벽산블루밍,중소폐가전,수거함 설치,"경남 창원시 마산합포구 3.15대로 154 (월포동, 벽산블루밍아파트) ",공동주택(아파트 등),무상
12225,중흥3차아파트(14개동),중소폐가전,수거함 설치,경남 창원시 마산합포구 현동1길 8 ,공동주택(아파트 등),무상
12226,중흥S클래스리버티,중소폐가전,수거함 설치,광주 광산구 풍영철길로 20-20 ,공동주택(아파트 등),무상
12227,창원중동유니시티1단지,중소폐가전,수거함 설치,경남 창원시 의창구 중동로 34 ,공동주택(아파트 등),무상
12228,창원중동유니시티2단지,중소폐가전,수거함 설치,경남 창원시 의창구 중동로 33 ,공동주택(아파트 등),무상
12229,창원중동유니시티3단지,중소폐가전,수거함 설치,경남 창원시 의창구 중동로 77 ,공동주택(아파트 등),무상
12230,창원중동유니시티4단지,중소폐가전,수거함 설치,경남 창원시 의창구 중동로 78 ,공동주택(아파트 등),무상
12231,토월대동아파트(1),중소폐가전,수거함 설치,경남 창원시 성산구 동산로 115 ,공동주택(아파트 등),무상
12232,트리비알아파트,중소폐가전,수거함 설치,경남 창원시 성산구 반림동 18 ,공동주택(아파트 등),무상
12233,한성1차아파트,중소폐가전,수거함 설치,광주 광산구 월곡산정로 108 ,공동주택(아파트 등),무상
12234,한성2차아파트,중소폐가전,수거함 설치,광주 광산구 월곡산정로 96-21 ,공동주택(아파트 등),무상
12235,경동윈츠빌,중소폐가전,수거함 설치,경남 창원시 진해구 풍호로3번길14 ,공동주택(아파트 등),무상
12236,구암대동2차아파트,중소폐가전,수거함 설치,경남 창원시 마산회원구 구암남6길 50 ,공동주택(아파트 등),무상
12237,남명플럼빌리지,중소폐가전,수거함 설치,경남 창원시 진해구 웅동로70 ,공동주택(아파트 등),무상
12238,내곡마을회관,중소폐가전,수거함 설치,경남 창원시 진해구 웅동로121번길12 ,공동주택(아파트 등),무상
12239,대동다숲아파트,중소폐가전,수거함 설치,경남 창원시 진해구 행암로 25 ,공동주택(아파트 등),무상
12240,대방대동아파트,중소폐가전,수거함 설치,경남 창원시 성산구 대정로 142 ,공동주택(아파트 등),무상
12241,동신아파트2차,중소폐가전,수거함 설치,경남 창원시 마산회원구 내서읍 중리상곡로 134 ,공동주택(아파트 등),무상
12242,동화맨션,중소폐가전,수거함 설치,경남 창원시 진해구 소사로35 ,공동주택(아파트 등),무상
12243,마린2차푸르지오아파트,중소폐가전,수거함 설치,경남 창원시 진해구 안골로298번길26 ,공동주택(아파트 등),무상
12244,마린푸르지오1단지,중소폐가전,수거함 설치,경남 창원시 진해구 풍호동 305-8 ,공동주택(아파트 등),무상
12245,마린푸르지오2단지,중소폐가전,수거함 설치,경남 창원시 진해구 풍호동 305-17 ,공동주택(아파트 등),무상
12246,바다마을,중소폐가전,수거함 설치,경남 창원시 진해구 풍호동 305-14 ,공동주택(아파트 등),무상
12247,벽산e솔렌스힐아파트 ,중소폐가전,수거함 설치,경남 창원시 진해구 진해대로1099번길 10 ,공동주택(아파트 등),무상
12248,부영1차아파트,중소폐가전,수거함 설치,경남 창원시 진해구 안청남로13 ,공동주택(아파트 등),무상
12249,부영2차아파트,중소폐가전,수거함 설치,경남 창원시 진해구 안청북로12 ,공동주택(아파트 등),무상
12250,부영3차아파트,중소폐가전,수거함 설치,경남 창원시 진해구 안청북로15 ,공동주택(아파트 등),무상
12251,상림아파트,중소폐가전,수거함 설치,경남 창원시 성산구 신촌로 77(신촌동 21-3) ,공동주택(아파트 등),무상
12252,소사마을회관,중소폐가전,수거함 설치,경남 창원시 진해구 소사로43번길6 ,공동주택(아파트 등),무상
12253,송림아파트,중소폐가전,수거함 설치,경남 창원시 진해구 동진로138 ,공동주택(아파트 등),무상
12254,시영아파트,중소폐가전,수거함 설치,경남 창원시 진해구 풍호동75-1 ,공동주택(아파트 등),무상
12255,신우아파트,중소폐가전,수거함 설치,경남 창원시 마산회원구 구암남21길 3 ,공동주택(아파트 등),무상
12256,신우희가로아파트,중소폐가전,수거함 설치,경남 창원시 진해구 웅동로182 ,공동주택(아파트 등),무상
12257,신항 부영13단지,중소폐가전,수거함 설치,경남 창원시 진해구 신항4로 75 ,공동주택(아파트 등),무상
12258,신항 부영8단지,중소폐가전,수거함 설치,경남 창원시 진해구 신항동로 136 ,공동주택(아파트 등),무상
12259,신항이지더원아파트,중소폐가전,수거함 설치,경남 창원시 진해구 신항북로202 ,공동주택(아파트 등),무상
12260,여명아파트,중소폐가전,수거함 설치,경남 창원시 진해구 마천로35 ,공동주택(아파트 등),무상
12261,영길마을회관,중소폐가전,수거함 설치,경남 창원시 진해구 남양동 203-2 ,공동주택(아파트 등),무상
12262,웅동1동주민센터,중소폐가전,수거함 설치,경남 창원시 진해구 웅동로 57번가길 6 ,"지자체(구청, 행정복지센터 등)",무상
12263,원창베스트빌,중소폐가전,수거함 설치,경남 창원시 진해구 풍호로35번길19 ,공동주택(아파트 등),무상
12264,자은3LH천년나무아파트,중소폐가전,수거함 설치,"경남 창원시 진해구 냉천로 192(자은동, LH천년나무) ",공동주택(아파트 등),무상
12265,자은3주공아파트,중소폐가전,수거함 설치,경남 창원시 진해구 진해대로975번길23 ,공동주택(아파트 등),무상
12266,자은더 騁팎컷 ,중소폐가전,수거함 설치,경남 창원시 진해구 진해대로975번길26 ,공동주택(아파트 등),무상
12267,자은동행정복지센터,중소폐가전,수거함 설치,경남 창원시 진해구 덕산로51번길 12(자은동) ,"지자체(구청, 행정복지센터 등)",무상
12268,자은중흥S클래스아파트,중소폐가전,수거함 설치,"경남 창원시 진해구 냉천로 262(자은동, 중흥S클래스) ",공동주택(아파트 등),무상
12269,중앙하이츠아파트,중소폐가전,수거함 설치,경남 창원시 마산회원구 팔용로 215 ,공동주택(아파트 등),무상
12270,진해삼성아파트,중소폐가전,수거함 설치,"경남 창원시 진해구 자은로64번길 37(자은동, 삼성아파트) ",공동주택(아파트 등),무상
12271,창원자은3센트럴빌리지아파트,중소폐가전,수거함 설치,"경남 창원시 진해구 냉천로 189(자은동, 센트럴빌리지) ",공동주택(아파트 등),무상
12272,청안해오름아파트,중소폐가전,수거함 설치,경남 창원시 진해구 웅동로150 ,공동주택(아파트 등),무상
12273,코아루아파트,중소폐가전,수거함 설치,경남 창원시 진해구 안골로 339 ,공동주택(아파트 등),무상
12274,평화마을,중소폐가전,수거함 설치,경남 창원시 진해구충장로603번길10 ,공동주택(아파트 등),무상
12275,풍호동주민센터,중소폐가전,수거함 설치,경남 창원시 진해구 진해대로1034번길6 ,"지자체(구청, 행정복지센터 등)",무상
12276,풍호주공아파트,중소폐가전,수거함 설치,경남 창원시 진해구 동진로166번지 ,공동주택(아파트 등),무상
12277,한림리츠빌,중소폐가전,수거함 설치,경남 창원시 진해구 풍호동 83-77 ,공동주택(아파트 등),무상
12278,한신휴플러스,중소폐가전,수거함 설치,경남 창원시 진해구 행암로 5 ,공동주택(아파트 등),무상
12279,한신휴플러스,중소폐가전,수거함 설치,경남 창원시 진해구 행암로 5 ,공동주택(아파트 등),무상
12280,현대아파트,중소폐가전,수거함 설치,경남 창원시 진해구 안청북로 42 ,공동주택(아파트 등),무상
12281,협성ds아이존빌,중소폐가전,수거함 설치,경남 창원시 진해구 풍호로35번길11 ,공동주택(아파트 등),무상
12282,호반베르디움,중소폐가전,수거함 설치,경남 창원시 진해구 남문동 1293-1 ,공동주택(아파트 등),무상
12283,LH자은프라임,중소폐가전,수거함 설치,경남 창원시 진해구 냉천로257 ,공동주택(아파트 등),무상
12284,stx 칸1단지,중소폐가전,수거함 설치,경남 창원시 의창구 북면 무동서로 76 ,공동주택(아파트 등),무상
12285,stx 칸2단지,중소폐가전,수거함 설치,경남 창원시 의창구 북면 무동로 267번길 10 ,공동주택(아파트 등),무상
12286,감계 천수림 아파트,중소폐가전,수거함 설치,경남 창원시 의창구 북면 감계로 222 ,공동주택(아파트 등),무상
12287,감계 푸르지오,중소폐가전,수거함 설치,경남 창원시 의창구 북면 감계로 221 ,공동주택(아파트 등),무상
12288,감계 힐스테이트 1차,중소폐가전,수거함 설치,경남 창원시 의창구 북면 동전로 86 ,공동주택(아파트 등),무상
12289,감계지구 휴먼빌아파트,중소폐가전,수거함 설치,경남 창원시 의창구 북면 감계로 297 ,공동주택(아파트 등),무상
12290,감계힐스테이트3차,중소폐가전,수거함 설치,경남 창원시 의창구 북면 감계로 259 ,공동주택(아파트 등),무상
12291,감계힐스테이트4차 ,중소폐가전,수거함 설치,경남 창원시 의창구 북면 감계로 233 ,공동주택(아파트 등),무상
12292,남훙아파트,중소폐가전,수거함 설치,경남 창원시 진해구 해원로5남흥아파트 ,공동주택(아파트 등),무상
12293,늘푸른마을코오롱아파트,중소폐가전,수거함 설치,경남 창원시 의창구 지귀로 95번길 7 ,공동주택(아파트 등),무상
12294,대호,중소폐가전,수거함 설치,경남 창원시 의창구 북면 천주로 1053 ,공동주택(아파트 등),무상
12295,덕산동주민센터,중소폐가전,수거함 설치,경남 창원시 진해구 동진로157번길5 ,"지자체(구청, 행정복지센터 등)",무상
12296,동전월드메르디앙,중소폐가전,수거함 설치,경남 창원시 의창구 북면 동전로 224번길 3 ,공동주택(아파트 등),무상
12297,명곡동 주민센터,중소폐가전,수거함 설치,경남 창원시 의창구 태복산로 15번길 8 ,"지자체(구청, 행정복지센터 등)",무상
12298,벚꽃그린빌3단지,중소폐가전,수거함 설치,경남 창원시 진해구 석동로60 ,공동주택(아파트 등),무상
12299,벚꽃그린빌4단지,중소폐가전,수거함 설치,경남 창원시 진해구 석동로80 ,공동주택(아파트 등),무상
12300,벚꽃마을주공,중소폐가전,수거함 설치,경남 창원시 진해구 진해대로921번길10자 ,공동주택(아파트 등),무상
12301,봉림동주민센터,중소폐가전,수거함 설치,경남 창원시 의창구 대봉로 26번길 5 ,"지자체(구청, 행정복지센터 등)",무상
12302,봉림휴먼시아1단지,중소폐가전,수거함 설치,경남 창원시 의창구 소봉로 50 ,공동주택(아파트 등),무상
12303,봉림휴먼시아2단지,중소폐가전,수거함 설치,경남 창원시 의창구 대봉로 25 ,공동주택(아파트 등),무상
12304,북면사무소,중소폐가전,수거함 설치,경남 창원시 의창구 북면 천주로 1085 ,"지자체(구청, 행정복지센터 등)",무상
12305,북면신한1차,중소폐가전,수거함 설치,경남 창원시 북면 천주로 1104 (신한그린파크맨션) ,공동주택(아파트 등),무상
12306,북면신한2차,중소폐가전,수거함 설치,경남 창원시 의창구 북면 천주로 1103 ,공동주택(아파트 등),무상
12307,사림민원센터,중소폐가전,수거함 설치,경남 창원시 의창구 창이대로 415 ,"지자체(구청, 행정복지센터 등)",무상
12308,삼우아파트,중소폐가전,수거함 설치,경남 창원시 북면 천주로 613번길 5 ,공동주택(아파트 등),무상
12309,석동주공아파트,중소폐가전,수거함 설치,경남 창원시 진해구 냉천로52석동주공아파트 ,공동주택(아파트 등),무상
12310,성원아파트,중소폐가전,수거함 설치,경남 창원시 진해구 냉천로108번길6 ,공동주택(아파트 등),무상
12311,센텀파라디아,중소폐가전,수거함 설치,경남 창원시 의창구 북면 무동서로 24 ,공동주택(아파트 등),무상
12312,소계민원센터,중소폐가전,수거함 설치,경남 창원시 의창구 소계로 84번길 7 ,"지자체(구청, 행정복지센터 등)",무상
12313,신월민원센터,중소폐가전,수거함 설치,경남 창원시 성산구 신월로 48 ,"지자체(구청, 행정복지센터 등)",무상
12314,엘에이치 피닉스포레,중소폐가전,수거함 설치,경남 창원시 의창구 대봉로 27 ,공동주택(아파트 등),무상
12315,용지더샵레이크파크,중소폐가전,수거함 설치,경남 창원시 성산구 외동반림로 156 ,공동주택(아파트 등),무상
12316,용지동주민센터,중소폐가전,수거함 설치,경남 창원시 성산구 용지로 239번길 19-4 ,"지자체(구청, 행정복지센터 등)",무상
12317,용지아이파크,중소폐가전,수거함 설치,경남 창원시 성산구 원이대로 579번길 13 ,공동주택(아파트 등),무상
12318,용호무학아파트,중소폐가전,수거함 설치,경남 창원시 성산구 외동반림로 200 ,공동주택(아파트 등),무상
12319,우림필유아파트,중소폐가전,수거함 설치,경남 창원시 진해구 해원로 45 ,공동주택(아파트 등),무상
12320,원창시인의마을,중소폐가전,수거함 설치,경남 창원시 진해구 태백서로45번길3 ,공동주택(아파트 등),무상
12321,월드메르디앙,중소폐가전,수거함 설치,경남 창원시 진해구 자은로64번가길26 ,공동주택(아파트 등),무상
12322,의안민원센터,중소폐가전,수거함 설치,경남 창원시 의창구 읍성로 25 ,"지자체(구청, 행정복지센터 등)",무상
12323,인사동 해군아파트,중소폐가전,수거함 설치,경남 창원시 진해구 제황로55 ,공동주택(아파트 등),무상
12324,자은주공아파트,중소폐가전,수거함 설치,경남 창원시 진해구 진해대로901번길11 ,공동주택(아파트 등),무상
12325,지에스진해자이아파트,중소폐가전,수거함 설치,경남 창원시 진해구 동진로 21번길 26 ,공동주택(아파트 등),무상
12326,진해석동푸르지오,중소폐가전,수거함 설치,경남 창원시 진해구 진해대로727 ,공동주택(아파트 등),무상
12327,진해이동미소지움아파트,중소폐가전,수거함 설치,경남 창원시 진해구 동진로21번길17 ,공동주택(아파트 등),무상
12328,창원무동휴먼빌(1단지),중소폐가전,수거함 설치,경남 창원시 의창구 북면 동곡로 33 ,공동주택(아파트 등),무상
12329,창원의 봄 아파트,중소폐가전,수거함 설치,경남 창원시 의창구 북면 무동로 267번길 9 ,공동주택(아파트 등),무상
12330,춘광2차,중소폐가전,수거함 설치,경남 창원시 의창구 북면 신촌본포로 12-13 ,공동주택(아파트 등),무상
12331,태평동주민센터,중소폐가전,수거함 설치,경남 창원시 진해구태평로26 ,"지자체(구청, 행정복지센터 등)",무상
12332,한솔솔파크,중소폐가전,수거함 설치,경남 창원시 진해구 진해대로 789번길 24 ,공동주택(아파트 등),무상
12333,화천민원센터,중소폐가전,수거함 설치,경남 의창구 북면 천주로 483-7 ,"지자체(구청, 행정복지센터 등)",무상
12334,강남뉴프라자,중소폐가전,수거함 설치,경남 창원시 의창구 도계로 60번길 5-19 ,공동주택(아파트 등),무상
12335,강남훼미리아파트,중소폐가전,수거함 설치,경남 창원시 의창구 하남천서길 21번길 8-14 ,공동주택(아파트 등),무상
12336,개나리3차아파트,중소폐가전,수거함 설치,경남 창원시 성산구 남양동 23 ,공동주택(아파트 등),무상
12337,건우맨션,중소폐가전,수거함 설치,경남 창원시 의창구 원이대로 69번길 30-14 ,공동주택(아파트 등),무상
12338,극동아파트 관리사무소,중소폐가전,수거함 설치,경남 창원시 의창구 팔용로 446 ,공동주택(아파트 등),무상
12339,금강목련,중소폐가전,수거함 설치,경남 창원시 의창구 하남천서길 37번길 6-12 ,공동주택(아파트 등),무상
12340,꿈에그린아파트,중소폐가전,수거함 설치,경남 창원시 성산구 가음동 13 ,공동주택(아파트 등),무상
12341,노블파크아파트,중소폐가전,수거함 설치,경남 창원시 성산구 원이대로 449 ,공동주택(아파트 등),무상
12342,대동빌라,중소폐가전,수거함 설치,경남 창원시 성산구 가음동 24-11 ,공동주택(아파트 등),무상
12343,대동아파트,중소폐가전,수거함 설치,경남 창원시 성산구 가음동 24-2 ,공동주택(아파트 등),무상
12344,대동차룡아파트,중소폐가전,수거함 설치,경남 창원시 의창구 반계로 95 ,공동주택(아파트 등),무상
12345,대둥중앙아파트,중소폐가전,수거함 설치,경남 창원시 의창구 반계로 101 ,공동주택(아파트 등),무상
12346,대산면사무소,중소폐가전,수거함 설치,경남 창원시 의창구 주남로 577 ,"지자체(구청, 행정복지센터 등)",무상
12347,대원파크빌 아파트,중소폐가전,수거함 설치,경남 창원시 성산구 삼동로 121 ,공동주택(아파트 등),무상
12348,대풍훼미리,중소폐가전,수거함 설치,경남 창원시 의창구 하남천서길 51번길 10 ,공동주택(아파트 등),무상
12349,대한맨션,중소폐가전,수거함 설치,경남 창원시 의창구 도계로 83번길 14-15 ,공동주택(아파트 등),무상
12350,대한장미아파트,중소폐가전,수거함 설치,경남 창원시 의창구 하남천서길 15번길 20 ,공동주택(아파트 등),무상
12351,더샵센트럴파크아파트,중소폐가전,수거함 설치,경남 창원시 성산구 가음동 16-1 ,공동주택(아파트 등),무상
12352,도계휴먼시아,중소폐가전,수거함 설치,경남 창원시 의창구 원이대로 82번길 15-15 ,공동주택(아파트 등),무상
12353,동성1차,중소폐가전,수거함 설치,경남 창원시 성산구 신촌로95 ,공동주택(아파트 등),무상
12354,동진그린빌,중소폐가전,수거함 설치,경남 창원시 의창구 도계로 4번길 17 ,공동주택(아파트 등),무상
12355,동하라일락,중소폐가전,수거함 설치,경남 창원시 의창구 도계로 31번길 10 ,공동주택(아파트 등),무상
12356,두산위브아파트,중소폐가전,수거함 설치,경남 창원시 의창구 도계로 136 ,공동주택(아파트 등),무상
12357,리코팔레스,중소폐가전,수거함 설치,경남 창원시 의창구 하남천서길 9번길 31 ,공동주택(아파트 등),무상
12358,메트로1차아파트,중소폐가전,수거함 설치,경남 창원시 마산회원구 양덕서로 30(양덕동84-1) ,공동주택(아파트 등),무상
12359,반송동 대동아파트,중소폐가전,수거함 설치,경남 창원시 성산구 창원천로 292 ,공동주택(아파트 등),무상
12360,벽산블루밍아파트 C단지,중소폐가전,수거함 설치,경남 창원시 의창구 남산로 20 ,공동주택(아파트 등),무상
12361,사파동민원센터,중소폐가전,수거함 설치,경남 창원시 성산구 창이대로 706번길 16-23 ,"지자체(구청, 행정복지센터 등)",무상
12362,사파동주민센터,중소폐가전,수거함 설치,경남 창원시 성산구 대암로 109 ,"지자체(구청, 행정복지센터 등)",무상
12363,삼선아파트,중소폐가전,수거함 설치,경남 창원시 성산구 가음동 22-7 ,공동주택(아파트 등),무상
12364,상강한주맨션,중소폐가전,수거함 설치,경남 창원시 의창구 하남천동길 16번길 11 ,공동주택(아파트 등),무상
12365,상아리더스,중소폐가전,수거함 설치,경남 창원시 의창구 하남천서길 51번길 3 ,공동주택(아파트 등),무상
12366,석전동 주민센터,중소폐가전,수거함 설치,경남 창원시 마산회원구 석전동4길 52(석전동255-6) ,"지자체(구청, 행정복지센터 등)",무상
12367,성원1차아파트,중소폐가전,수거함 설치,경남 창원시 성산구 남양동20 ,공동주택(아파트 등),무상
12368,성원2차아파트,중소폐가전,수거함 설치,경남 창원시 성산구 남양동22 ,공동주택(아파트 등),무상
12369,성원아파트,중소폐가전,수거함 설치,경남 창원시 성산구 신촌로123 ,공동주택(아파트 등),무상
12370,세방전지아파트,중소폐가전,수거함 설치,경남 창원시 성산구 가음동 24-7 ,공동주택(아파트 등),무상
12371,센트랄사원아파트,중소폐가전,수거함 설치,경남 창원시 성산구 가음동 22-4 ,공동주택(아파트 등),무상
12372,소라아파트,중소폐가전,수거함 설치,경남 창원시 성산구 가음정동 391-10 ,공동주택(아파트 등),무상
12373,신세계맨션,중소폐가전,수거함 설치,경남 창원시 의창구 도계두리길 96 ,공동주택(아파트 등),무상
12374,양곡아파트,중소폐가전,수거함 설치,경남 창원시 성산구 신촌로62 ,공동주택(아파트 등),무상
12375,우성아파트,중소폐가전,수거함 설치,경남 창원시 성산구 남양동 17 ,공동주택(아파트 등),무상
12376,원풍아파트,중소폐가전,수거함 설치,경남 창원시 의창구 사화로 90번길 6 ,공동주택(아파트 등),무상
12377,은아아파트,중소폐가전,수거함 설치,경남 창원시 성산구 가음동 23-3 ,공동주택(아파트 등),무상
12378,트리비앙아파트,중소폐가전,수거함 설치,경남 창원시 성산구 원이대로 495 ,공동주택(아파트 등),무상
12379,팔룡동주민센터,중소폐가전,수거함 설치,경남 창원시 의창구 팔용로 435 ,"지자체(구청, 행정복지센터 등)",무상
12380,한림풀에버아파트,중소폐가전,수거함 설치,경남 창원시 성산구 가음동 8 ,공동주택(아파트 등),무상
12381,한효 한마음코아,중소폐가전,수거함 설치,경남 창원시 의창구 도계로 50번길 6-46 ,공동주택(아파트 등),무상
12382,한효로얄코아,중소폐가전,수거함 설치,경남 창원시 의창구 도계로 50번길 6-18 ,공동주택(아파트 등),무상
12383,한효해바라기,중소폐가전,수거함 설치,경남 창원시 의창구 도계로 50번길 6-33 ,공동주택(아파트 등),무상
12384,해바라기맨션,중소폐가전,수거함 설치,경남 창원시 의창구 도계로 50번길 6-21 ,공동주택(아파트 등),무상
12385,화목그린타워,중소폐가전,수거함 설치,경남 창원시 의창구 태복산로 15번길 36 ,공동주택(아파트 등),무상
12386,경남창포,중소폐가전,수거함 설치,경남 창원시 마산합포구 문화동14길 74(창포동2가2) ,공동주택(아파트 등),무상
12387,경동리인,중소폐가전,수거함 설치,경남 창원시 마산합포구 산호동로 12(산호동310) ,공동주택(아파트 등),무상
12388,고아읍 럭키전원,중소폐가전,수거함 설치,경북 구미시 문장로14길 22 ,공동주택(아파트 등),무상
12389,고아읍 문성파크자이,중소폐가전,수거함 설치,경북 구미시 고아읍 문성로 20 ,공동주택(아파트 등),무상
12390,고아읍 서희스타힐스,중소폐가전,수거함 설치,경북 구미시 고아읍 문성로 30 ,공동주택(아파트 등),무상
12391,고아읍 원호세영리첼,중소폐가전,수거함 설치,경북 구미시 고아읍 들성로 171-21 ,공동주택(아파트 등),무상
12392,고아읍 원호점보타운,중소폐가전,수거함 설치,경북 구미시 고아읍 문장로22길 20 ,공동주택(아파트 등),무상
12393,고아읍사무소,중소폐가전,수거함 설치,경북 구미시 고아읍 선산대로 980 ,"지자체(구청, 행정복지센터 등)",무상
12394,광신비취맨션,중소폐가전,수거함 설치,경남 창원시 마산합포구 문화동14길54(창포동3가1-13) ,공동주택(아파트 등),무상
12395,교방동 주민센터,중소폐가전,수거함 설치,경남 창원시 마산합포구 교방동5길 18(교방동375-4) ,"지자체(구청, 행정복지센터 등)",무상
12396,구미 푸르지오캐슬B단지,중소폐가전,수거함 설치,경북 구미시 산책길 7 ,공동주택(아파트 등),무상
12397,구미 푸르지오캐슬C단지,중소폐가전,수거함 설치,경북 구미시 산책길 7 ,공동주택(아파트 등),무상
12398,금호어울림포레2차,중소폐가전,수거함 설치,경북 구미시 신시로 133 ,공동주택(아파트 등),무상
12399,대방리첸시아,중소폐가전,수거함 설치,경남 창원시 마산회원구 봉양로 13(양덕동153-14) ,공동주택(아파트 등),무상
12400,도개면사무소,중소폐가전,수거함 설치,경북 구미시 도개면 도안로 103 ,"지자체(구청, 행정복지센터 등)",무상
12401,도량3주공아파트,중소폐가전,수거함 설치,경북 구미시 송동로 147 ,공동주택(아파트 등),무상
12402,롯데빌리지,중소폐가전,수거함 설치,경남 창원시 마산합포구 문화동15길 25(창포동3가8-2) ,공동주택(아파트 등),무상
12403,리치클하우스,중소폐가전,수거함 설치,경남 창원시 마산합포구 문화동12길16(창포동3가6-1) ,공동주택(아파트 등),무상
12404,무을면사무소,중소폐가전,수거함 설치,경북 구미시 무을면 상무로 981 ,"지자체(구청, 행정복지센터 등)",무상
12405,무학 자이아파트,중소폐가전,수거함 설치,경남 창원시 마산합포구 노산서18길 19(교원동28-2) ,공동주택(아파트 등),무상
12406,무학빌라A,중소폐가전,수거함 설치,경남 창원시 마산합포구 고운로10(두월동2가 8-5) ,공동주택(아파트 등),무상
12407,무학아파트,중소폐가전,수거함 설치,경남 창원시 마산회원구 금강로 35(합성동694-1) ,공동주택(아파트 등),무상
12408,문화동 주민센터,중소폐가전,수거함 설치,경남 창원시 마산합포구 문화남5길 36(대외동5-2) ,"지자체(구청, 행정복지센터 등)",무상
12409,배진아파트,중소폐가전,수거함 설치,경남 창원시 마산합포구 문화남4길 38(대외동1) ,공동주택(아파트 등),무상
12410,봉암동 주민센터,중소폐가전,수거함 설치,경남 창원시 마산회원구 봉암동 472-10 ,"지자체(구청, 행정복지센터 등)",무상
12411,봉암연립,중소폐가전,수거함 설치,경남 창원시 마산회원구 봉암동 194 ,공동주택(아파트 등),무상
12412,비전스카이,중소폐가전,수거함 설치,경남 창원시 마산회원구 해안대로 607(양덕동153-5) ,공동주택(아파트 등),무상
12413,산호동 주민센터,중소폐가전,수거함 설치,경남 창원시 마산합포구 산호남로 60(산호동157-4) ,"지자체(구청, 행정복지센터 등)",무상
12414,삼부햇살마루,중소폐가전,수거함 설치,경남 창원시 마산합포구 고운로47(문화동13-1) ,공동주택(아파트 등),무상
12415,삼성타운,중소폐가전,수거함 설치,경남 창원시 마산합포구 산호북1길 15(산호동18-1) ,공동주택(아파트 등),무상
12416,상우the헤라우스,중소폐가전,수거함 설치,경남 창원시 마산합포구 문화북1길 65(두월동2가7-1) ,공동주택(아파트 등),무상
12417,서광아파트,중소폐가전,수거함 설치,경남 창원시 마산회원구 봉암동 277 ,공동주택(아파트 등),무상
12418,서광아파트,중소폐가전,수거함 설치,경남 창원시 마산합포구 노산북6길 26(상남동 71-2) ,공동주택(아파트 등),무상
12419,수피아아파트,중소폐가전,수거함 설치,경남 창원시 마산회원구 양덕남9길 20(양덕동153-28) ,공동주택(아파트 등),무상
12420,옥성면사무소,중소폐가전,수거함 설치,경북 구미시 옥성면 주아령로 415 ,"지자체(구청, 행정복지센터 등)",무상
12421,월영한백A,중소폐가전,수거함 설치,경남 창원시 마산합포구 문화서2길5(월영동180) ,공동주택(아파트 등),무상
12422,장천면사무소,중소폐가전,수거함 설치,경북 구미시 장천면 강동로 184 ,"지자체(구청, 행정복지센터 등)",무상
12423,창포경민A,중소폐가전,수거함 설치,경남 창원시 마산합포구 문화동14길 46(창포동3가1-19) ,공동주택(아파트 등),무상
12424,창포동성A,중소폐가전,수거함 설치,경남 창원시 마산합포구 문화동7길 23(창포동1가1) ,공동주택(아파트 등),무상
12425,창포한백A,중소폐가전,수거함 설치,경남 창원시 마산합포구 문화동15길 95(창포동1가20) ,공동주택(아파트 등),무상
12426,푸르내 아파트,중소폐가전,수거함 설치,경남 창원시 마산회원구 봉암동 660-15 ,공동주택(아파트 등),무상
12427,한아름아파트,중소폐가전,수거함 설치,경남 창원시 마산합포구 고운로68(문화동2-2) ,공동주택(아파트 등),무상
12428,한효아파트,중소폐가전,수거함 설치,경남 창원시 마산회원구 회원동3길 38(회원동415) ,공동주택(아파트 등),무상
12429,합성1동 주민센터,중소폐가전,수거함 설치,경남 창원시 마산회원구 합성서3길 21(합성동150-2) ,"지자체(구청, 행정복지센터 등)",무상
12430,해바라기A,중소폐가전,수거함 설치,경남 창원시 마산합포구문화동3길 17(월남동1가7) ,공동주택(아파트 등),무상
12431,해평면사무소,중소폐가전,수거함 설치,경북 구미시 해평면 강동로 1676-3 ,"지자체(구청, 행정복지센터 등)",무상
12432,형곡 우방3차아파트,중소폐가전,수거함 설치,경북 구미시 형곡로73 ,공동주택(아파트 등),무상
12433,회원1동 주민센터,중소폐가전,수거함 설치,경남 창원시 마산회원구 회원동11길 7(회원동62-4) ,"지자체(구청, 행정복지센터 등)",무상
12434,효성해링턴,중소폐가전,수거함 설치,경북 구미시 신비로 100 ,공동주택(아파트 등),무상
12435,양포동 구포성원상떼빌,중소폐가전,수거함 설치,경북 구미시 옥계2공단로 264-11 ,공동주택(아파트 등),무상
12436,양포동 구포전원타운,중소폐가전,수거함 설치,경북 구미시 옥계2공단로 282 ,공동주택(아파트 등),무상
12437,양포동 세영리첼,중소폐가전,수거함 설치,경북 구미시 산호대로 955 ,공동주택(아파트 등),무상
12438,양포동 옥계e-편한세상,중소폐가전,수거함 설치,경북 구미시 산호대로39길 23 ,공동주택(아파트 등),무상
12439,양포동 옥계대동한마음,중소폐가전,수거함 설치,경북 구미시 흥안로 75 ,공동주택(아파트 등),무상
12440,양포동 옥계대우아파트,중소폐가전,수거함 설치,경북 구미시 산호대로25길 5 ,공동주택(아파트 등),무상
12441,양포동 옥계더힐(기존명칭 : 휴먼시아1단지),중소폐가전,수거함 설치,경북 구미시 옥계북로 43-46 ,공동주택(아파트 등),무상
12442,양포동 옥계동화타운,중소폐가전,수거함 설치,경북 구미시 흥안로 43 ,공동주택(아파트 등),무상
12443,양포동 옥계부영1차아파트,중소폐가전,수거함 설치,경북 구미시 산호대로25길 53 ,공동주택(아파트 등),무상
12444,양포동 옥계부영2차아파트,중소폐가전,수거함 설치,경북 구미시 산호대로25길 39 ,공동주택(아파트 등),무상
12445,양포동 옥계삼구트리니엔,중소폐가전,수거함 설치,경북 구미시 옥계북로 33 ,공동주택(아파트 등),무상
12446,양포동 옥계신나리1차,중소폐가전,수거함 설치,경북 구미시 산호대로21길 6 ,공동주택(아파트 등),무상
12447,양포동 옥계신나리2차,중소폐가전,수거함 설치,경북 구미시 산호대로25길 15 ,공동주택(아파트 등),무상
12448,양포동 옥계에덴타운,중소폐가전,수거함 설치,경북 구미시 흥안로 46 ,공동주택(아파트 등),무상
12449,양포동 옥계우미린1차,중소폐가전,수거함 설치,경북 구미시 해마루공원로 111 ,공동주택(아파트 등),무상
12450,양포동 옥계우미린더스카이,중소폐가전,수거함 설치,경북 구미시 산호대로 925 ,공동주택(아파트 등),무상
12451,양포동 옥계중흥S쿨래스,중소폐가전,수거함 설치,경북 구미시 해마루공원로 80 ,공동주택(아파트 등),무상
12452,양포동 옥계현진에버빌엠파이어,중소폐가전,수거함 설치,경북 구미시 옥계북로 69 ,공동주택(아파트 등),무상
12453,양포동 주민센터,중소폐가전,수거함 설치,경북 구미시 산호대로35길 6 ,"지자체(구청, 행정복지센터 등)",무상
12454,양포동 휴먼시아2차아파트,중소폐가전,수거함 설치,경북 구미시 옥계북로 43-50 ,공동주택(아파트 등),무상
12455,인동 구평1단지 부영아파트,중소폐가전,수거함 설치,경북 구미시 인동45길 7 ,공동주택(아파트 등),무상
12456,인동 구평1차 영무예다음,중소폐가전,수거함 설치,경북 구미시 인동54길 ,공동주택(아파트 등),무상
12457,인동 구평2단지 부영아파트,중소폐가전,수거함 설치,경북 구미시 인동43길 22-42 ,공동주택(아파트 등),무상
12458,인동 구평3단지 부영아파트,중소폐가전,수거함 설치,경북 구미시 인동36길 23-31 ,공동주택(아파트 등),무상
12459,인동 구평5단지 부영아파트,중소폐가전,수거함 설치,경북 구미시 인동가산로 250-9 ,공동주택(아파트 등),무상
12460,인동 구평6단지 부영아파트,중소폐가전,수거함 설치,경북 구미시 인동46길 6 ,공동주택(아파트 등),무상
12461,인동 구평7단지 부영아파트,중소폐가전,수거함 설치,경북 구미시 인동36길 23-34 ,공동주택(아파트 등),무상
12462,인동 구평8단지 부영아파트,중소폐가전,수거함 설치,경북 구미시 인동46길 28 ,공동주택(아파트 등),무상
12463,인동 구평푸르지오,중소폐가전,수거함 설치,경북 구미시 인동36길 31 ,공동주택(아파트 등),무상
12464,인동 대동다숲,중소폐가전,수거함 설치,경북 구미시 인동17길 36 ,공동주택(아파트 등),무상
12465,인동 서한e다음1차,중소폐가전,수거함 설치,경북 구미시 여헌로 21-11 ,공동주택(아파트 등),무상
12466,인동 청구하이츠,중소폐가전,수거함 설치,경북 구미시 인동19길 36-11 ,공동주택(아파트 등),무상
12467,인동 현대아파트,중소폐가전,수거함 설치,경북 구미시 수출대로27길 11 ,공동주택(아파트 등),무상
12468,인동 화진1차금봉타운,중소폐가전,수거함 설치,경북 구미시 검성로 103-21 ,공동주택(아파트 등),무상
12469,인동 화진2차 금봉타운,중소폐가전,수거함 설치,경북 구미시 검성로 103-27 ,공동주택(아파트 등),무상
12470,인동 화진3차 금봉타운,중소폐가전,수거함 설치,경북 구미시 검성로 103-48 ,공동주택(아파트 등),무상
12471,인동 화진4차 금봉타운,중소폐가전,수거함 설치,경북 구미시 검성로 103-40 ,공동주택(아파트 등),무상
12472,인동 화진5차금봉타운,중소폐가전,수거함 설치,경북 구미시 검성로 103-51 ,공동주택(아파트 등),무상
12473,인동 황상2주공아파트,중소폐가전,수거함 설치,경북 구미시 검성로 87 ,공동주택(아파트 등),무상
12474,인동 황상3주공아파트,중소폐가전,수거함 설치,경북 구미시 검성로 115 ,공동주택(아파트 등),무상
12475,인동주민센터,중소폐가전,수거함 설치,경북 구미시 인동15길 42 ,"지자체(구청, 행정복지센터 등)",무상
12476,임오동 구미왕산초등학교,중소폐가전,수거함 설치,경북 구미시 왕산로 32 ,공동주택(아파트 등),무상
12477,임오동 신한그린타운아파트,중소폐가전,수거함 설치,경북 구미시 금오대로12길 43 ,공동주택(아파트 등),무상
12478,임오동 오태늘푸른아파트,중소폐가전,수거함 설치,경북 구미시 금오대로5길 8-7 ,공동주택(아파트 등),무상
12479,임오동 오태플리비에,중소폐가전,수거함 설치,경북 구미시 지주중류4길 18 ,공동주택(아파트 등),무상
12480,임오동 웅진케미칼사원아파트,중소폐가전,수거함 설치,경북 구미시 구미대로 20 ,공동주택(아파트 등),무상
12481,임오동 임은대동아파트,중소폐가전,수거함 설치,경북 구미시 임은길 55-2 ,공동주택(아파트 등),무상
12482,임오동 주민센터,중소폐가전,수거함 설치,경북 구미시 임은길 61 ,"지자체(구청, 행정복지센터 등)",무상
12483,임오동 태왕아너스파크,중소폐가전,수거함 설치,경북 구미시 왕산로 70-9 ,공동주택(아파트 등),무상
12484,진미동 인의주공아파트,중소폐가전,수거함 설치,경북 구미시 인동16길 48-1 ,공동주택(아파트 등),무상
12485,진미동 주민센터,중소폐가전,수거함 설치,경북 구미시 이계북로 149 ,"지자체(구청, 행정복지센터 등)",무상
12486,진미동 진평미래타운아파트,중소폐가전,수거함 설치,경북 구미시 인동26길 65 ,공동주택(아파트 등),무상
12487,공단1동 강변파라디아아파트,중소폐가전,수거함 설치,경북 구미시 수출대로3길 118 ,공동주택(아파트 등),무상
12488,공단1동 금오로얄아파트,중소폐가전,수거함 설치,경북 구미시 신비로9길 10 ,공동주택(아파트 등),무상
12489,공단1동 미광행복아파트,중소폐가전,수거함 설치,경북 구미시 수출대로3길 68-27 ,공동주택(아파트 등),무상
12490,공단1동 삼성아파트,중소폐가전,수거함 설치,경북 구미시 수출대로3길 119 ,공동주택(아파트 등),무상
12491,공단1동 우림필유아파트,중소폐가전,수거함 설치,경북 구미시 수출대로3길 130 ,공동주택(아파트 등),무상
12492,공단1동 주민센터,중소폐가전,수거함 설치,경북 구미시 비산로 4 ,"지자체(구청, 행정복지센터 등)",무상
12493,공단2동 3주공아파트,중소폐가전,수거함 설치,경북 구미시 1공단로9길 44 ,공동주택(아파트 등),무상
12494,공단2동 주민센터,중소폐가전,수거함 설치,경북 구미시 1공단로 198-8 ,"지자체(구청, 행정복지센터 등)",무상
12495,공단2동 지텍(아이앤씨)아파트,중소폐가전,수거함 설치,경북 구미시 1공단로9길 30-7 ,공동주택(아파트 등),무상
12496,공단2동 파라디아아파트,중소폐가전,수거함 설치,경북 구미시 1공단로9길 30-12 ,공동주택(아파트 등),무상
12497,광평동 주민센터,중소폐가전,수거함 설치,경북 구미시 광평길 55 ,"지자체(구청, 행정복지센터 등)",무상
12498,도량동 뜨란채1단지,중소폐가전,수거함 설치,경북 구미시 도봉로5길 13 ,공동주택(아파트 등),무상
12499,도량동 뜨란채5단지,중소폐가전,수거함 설치,경북 구미시 도봉로 67 ,공동주택(아파트 등),무상
12500,도량동 주민센터,중소폐가전,수거함 설치,경북 구미시 문장로12길 1 ,"지자체(구청, 행정복지센터 등)",무상
12501,도량동 파크맨션,중소폐가전,수거함 설치,경북 구미시 송동로 154 ,공동주택(아파트 등),무상
12502,도량동 휴먼시아,중소폐가전,수거함 설치,경북 구미시 도봉로 62 ,공동주택(아파트 등),무상
12503,비산동 강변보성타운,중소폐가전,수거함 설치,경북 구미시 산호대로 423 ,공동주택(아파트 등),무상
12504,비산동 강변코오롱하늘채,중소폐가전,수거함 설치,경북 구미시 낙동강변로 761 ,공동주택(아파트 등),무상
12505,비산동 벽산아파트,중소폐가전,수거함 설치,경북 구미시 비산로5길 19 ,공동주택(아파트 등),무상
12506,비산동 전원리빙필,중소폐가전,수거함 설치,경북 구미시 비산로1길 4 ,공동주택(아파트 등),무상
12507,비산동 주민센터,중소폐가전,수거함 설치,경북 구미시 신비로 177-3 ,"지자체(구청, 행정복지센터 등)",무상
12508,상모사곡동 보성황실1차,중소폐가전,수거함 설치,경북 구미시 상사서로 128 ,공동주택(아파트 등),무상
12509,상모사곡동 보성황실2차,중소폐가전,수거함 설치,경북 구미시 상사동로28길 11 ,공동주택(아파트 등),무상
12510,상모사곡동 세양청마루,중소폐가전,수거함 설치,경북 구미시 박정희로 90-14 ,공동주택(아파트 등),무상
12511,상모사곡동 주민센터,중소폐가전,수거함 설치,경북 구미시 상사서로 199 ,"지자체(구청, 행정복지센터 등)",무상
12512,상모사곡동 화성프레지던트1단지,중소폐가전,수거함 설치,경북 구미시 상모로10길 40 ,공동주택(아파트 등),무상
12513,선주원남 e편한세상,중소폐가전,수거함 설치,경북 구미시 봉곡24길 33-11 ,공동주택(아파트 등),무상
12514,선주원남 봉곡세양청마루,중소폐가전,수거함 설치,경북 구미시 봉곡서로 82 ,공동주택(아파트 등),무상
12515,선주원남 현대아파트,중소폐가전,수거함 설치,경북 구미시 봉곡남로 148 ,공동주택(아파트 등),무상
12516,송정동 주민센터,중소폐가전,수거함 설치,경북 구미시 송원동로 10 ,"지자체(구청, 행정복지센터 등)",무상
12517,신평1동 주민센터,중소폐가전,수거함 설치,경북 구미시 칠성로 32 ,"지자체(구청, 행정복지센터 등)",무상
12518,신평2동 주민센터,중소폐가전,수거함 설치,경북 구미시 신비로7길 9 ,"지자체(구청, 행정복지센터 등)",무상
12519,원평1동 주민센터,중소폐가전,수거함 설치,경북 구미시 구미중앙로25길 20 ,"지자체(구청, 행정복지센터 등)",무상
12520,원평2동 주민센터,중소폐가전,수거함 설치,경북 구미시 구미중앙로 24 ,"지자체(구청, 행정복지센터 등)",무상
12521,임오동 대동1차아파트,중소폐가전,수거함 설치,경북 구미시 금오대로20길 33 ,공동주택(아파트 등),무상
12522,임오동 대동3차아파트,중소폐가전,수거함 설치,경북 구미시 금오대로14길 12 ,공동주택(아파트 등),무상
12523,임오동 대원가든1차아파트,중소폐가전,수거함 설치,경북 구미시 금오대로22길 29-26 ,공동주택(아파트 등),무상
12524,임오동 대원가든2차아파트,중소폐가전,수거함 설치,경북 구미시 금오대로16길 24 ,공동주택(아파트 등),무상
12525,임오동 삼도뷰엔빌W아파트,중소폐가전,수거함 설치,경북 구미시 왕산로 28-12 ,공동주택(아파트 등),무상
12526,임오동 임은코오롱하늘채,중소폐가전,수거함 설치,경북 구미시 왕산로 28-13 ,공동주택(아파트 등),무상
12527,형곡1동 금호어울림포레1차,중소폐가전,수거함 설치,경북 구미시 신시로 119 ,공동주택(아파트 등),무상
12528,형곡1동 새로빌,중소폐가전,수거함 설치,경북 구미시 경은로 68 ,공동주택(아파트 등),무상
12529,형곡1동 주민센터,중소폐가전,수거함 설치,경북 구미시 경은로 52 ,"지자체(구청, 행정복지센터 등)",무상
12530,형곡1동 풍림2차 아파트,중소폐가전,수거함 설치,경북 구미시 형곡로 109 ,공동주택(아파트 등),무상
12531,형곡2동 4주공아파트,중소폐가전,수거함 설치,경북 구미시 신시로 41 ,공동주택(아파트 등),무상
12532,형곡2동 대동빌라트,중소폐가전,수거함 설치,경북 구미시 신시로8길 7-6 ,공동주택(아파트 등),무상
12533,형곡2동 삼우타운,중소폐가전,수거함 설치,경북 구미시 형곡로33길 46 ,공동주택(아파트 등),무상
12534,형곡2동 시영아파트,중소폐가전,수거함 설치,경북 구미시 형곡서로 11-15 ,공동주택(아파트 등),무상
12535,형곡2동 전원리빙빌,중소폐가전,수거함 설치,경북 구미시 형곡동로 103 ,공동주택(아파트 등),무상
12536,형곡2동 주민센터,중소폐가전,수거함 설치,경북 구미시 형곡로 180 ,"지자체(구청, 행정복지센터 등)",무상
12537,형곡2동 진주맨션2차,중소폐가전,수거함 설치,경북 구미시 형곡동로2길 5-7 ,공동주택(아파트 등),무상
12538,형곡2동 풍림1차아파트,중소폐가전,수거함 설치,경북 구미시 형곡서로 106 ,공동주택(아파트 등),무상
12539,가좌신현대아파트,중소폐가전,수거함 설치,인천 서구 원적로47번길 35 ,공동주택(아파트 등),무상
12540,간석동 휴먼시아 1단지,중소폐가전,수거함 설치,인천 남동구 백범로 294번길 15 ,공동주택(아파트 등),무상
12541,간석두진아파트,중소폐가전,수거함 설치,인천 남동구 호구포로899번길 8 ,공동주택(아파트 등),무상
12542,검단SK뷰(당하동),중소폐가전,수거함 설치,인천 서구 독정로 17 ,공동주택(아파트 등),무상
12543,검단힐스테이트,중소폐가전,수거함 설치,인천 서구 완정로92번길 11 ,공동주택(아파트 등),무상
12544,금광누리에뜰,중소폐가전,수거함 설치,인천 중구 신도시북로43번길 76 ,공동주택(아파트 등),무상
12545,논현12단지아파트,중소폐가전,수거함 설치,인천 남동구 청능대로 715번길 59 ,공동주택(아파트 등),무상
12546,답동맨션,중소폐가전,수거함 설치,인천 중구 제물량로 132-3 ,공동주택(아파트 등),무상
12547,도량동 2지구 3단지,중소폐가전,수거함 설치,경북 구미시 도봉로5길 33 ,공동주택(아파트 등),무상
12548,도량동 3주공아파트,중소폐가전,수거함 설치,경북 구미시 송동로 147 ,공동주택(아파트 등),무상
12549,도량동 4주공아파트,중소폐가전,수거함 설치,경북 구미시 송동로 128 ,공동주택(아파트 등),무상
12550,도량동 귀빈맨션,중소폐가전,수거함 설치,경북 구미시 문장로 125 ,공동주택(아파트 등),무상
12551,도량동 그린빌,중소폐가전,수거함 설치,경북 구미시 도봉로5길 21 ,공동주택(아파트 등),무상
12552,"도량동 미소지움1,2단지",중소폐가전,수거함 설치,경북 구미시 송동로2길 ,공동주택(아파트 등),무상
12553,도량동 아이센스,중소폐가전,수거함 설치,경북 구미시 도봉로 81 ,공동주택(아파트 등),무상
12554,라이프비취맨션3단지,중소폐가전,수거함 설치,인천 중구 축항대로86번길 47 ,공동주택(아파트 등),무상
12555,루원 호반베르디움 더센트럴아파트,중소폐가전,수거함 설치,인천 서구 봉오재3로 75 ,공동주택(아파트 등),무상
12556,루원제일풍경채아파트,중소폐가전,수거함 설치,인천 서구 봉오재3로 11 ,공동주택(아파트 등),무상
12557,만수1동 하우스토리,중소폐가전,수거함 설치,인천 남동구 구월로 372번길 90 ,공동주택(아파트 등),무상
12558,만수5동 행정복지센터,중소폐가전,수거함 설치,"인천 남동구 구월로 303, 5층 ","지자체(구청, 행정복지센터 등)",무상
12559,부개1동 행정복지센터,중소폐가전,수거함 설치,인천 부평구 동수로162번길 11 ,"지자체(구청, 행정복지센터 등)",무상
12560,산곡 삼보아파트,중소폐가전,수거함 설치,인천 부평구 원적로 288 ,공동주택(아파트 등),무상
12561,산동면 골드클래스,중소폐가전,수거함 설치,경북 구미시 산동면 신당3로 43 ,공동주택(아파트 등),무상
12562,산동면 우미린 센트럴파크,중소폐가전,수거함 설치,경북 구미시 산동면 신당3로 16 ,공동주택(아파트 등),무상
12563,산동면 우미린 풀하우스,중소폐가전,수거함 설치,경북 구미시 산동면 신당인덕3로 1 ,공동주택(아파트 등),무상
12564,산동면사무소,중소폐가전,수거함 설치,경북 구미시 산동면 강동로 1038-5 ,"지자체(구청, 행정복지센터 등)",무상
12565,삼산미래타운1단지,중소폐가전,수거함 설치,인천 부평구 부평북로 431 ,공동주택(아파트 등),무상
12566,서창에코에비뉴 6단지,중소폐가전,수거함 설치,인천 남동구 서창남순환로 190-100 ,공동주택(아파트 등),무상
12567,서창자이아파트,중소폐가전,수거함 설치,인천 남동구 장아산로 157 ,공동주택(아파트 등),무상
12568,석남태화아파트,중소폐가전,수거함 설치,인천 서구 서달로116번길 12 ,공동주택(아파트 등),무상
12569,선산읍 구미선산주공아파트,중소폐가전,수거함 설치,경북 구미시 선산읍 선주로9길 23 ,공동주택(아파트 등),무상
12570,선산읍 동우비봉타운아파트,중소폐가전,수거함 설치,경북 구미시 선산읍 동교3길 20-5 ,공동주택(아파트 등),무상
12571,선산읍 선산군영아파트,중소폐가전,수거함 설치,경북 구미시 선산읍 동교5길 35 ,공동주택(아파트 등),무상
12572,선산읍 연합송암타운아파트,중소폐가전,수거함 설치,경북 구미시 선산읍 교리2길 32 ,공동주택(아파트 등),무상
12573,선산읍 우공2차한효아파트,중소폐가전,수거함 설치,경북 구미시 선산읍 단계서길 83-5 ,공동주택(아파트 등),무상
12574,선산읍사무소,중소폐가전,수거함 설치,경북 구미시 선산읍 선산중앙로 71-1 ,"지자체(구청, 행정복지센터 등)",무상
12575,송도 더샵 센트럴시티 아파트,중소폐가전,수거함 설치,인천 연수구 송도국제대로 261 ,공동주택(아파트 등),무상
12576,송도 아메리카타운 아이파크,중소폐가전,수거함 설치,인천 연수구 송도과학로27번길 15 ,공동주택(아파트 등),무상
12577,송도 현대힐스테이트 더테라스오피스텔,중소폐가전,수거함 설치,인천 연수구 송도동 316 ,공동주택(아파트 등),무상
12578,스카이시티자이,중소폐가전,수거함 설치,인천 중구 하늘별빛로 111 ,공동주택(아파트 등),무상
12579,영종이편한세상(중산동),중소폐가전,수거함 설치,인천 중구 두미포로 112 ,공동주택(아파트 등),무상
12580,영종풍림아이원1차8단지,중소폐가전,수거함 설치,인천 중구 흰바위로 15 ,공동주택(아파트 등),무상
12581,영종한라비발디,중소폐가전,수거함 설치,인천 중구 하늘별빛로 86 ,공동주택(아파트 등),무상
12582,영종한양수자인,중소폐가전,수거함 설치,인천 중구 은하수로 377 ,공동주택(아파트 등),무상
12583,왕길신명스카이뷰드림아파트,중소폐가전,수거함 설치,인천 서구 봉수대로 1440번길 29 ,공동주택(아파트 등),무상
12584,주안5동 행정복지센터,중소폐가전,수거함 설치,인천 미추홀구 석정로 462 ,"지자체(구청, 행정복지센터 등)",무상
12585,지산동 주민센터,중소폐가전,수거함 설치,경북 구미시 선산대로 105 ,"지자체(구청, 행정복지센터 등)",무상
12586,진주5단지관리사무소,중소폐가전,수거함 설치,인천 서구 장고개로 319 ,공동주택(아파트 등),무상
12587,청라3동 동행정복지센터,중소폐가전,수거함 설치,인천 서구 푸른로8번길 5 ,"지자체(구청, 행정복지센터 등)",무상
12588,청라LH,중소폐가전,수거함 설치,인천 서구 청라커낼로232 ,공동주택(아파트 등),무상
12589,청라호수공원 한신더휴,중소폐가전,수거함 설치,인천 서구 청라한내로 40 ,공동주택(아파트 등),무상
12590,한신휴아파트1단지(가좌동),중소폐가전,수거함 설치,인천 서구 건지로 402 ,공동주택(아파트 등),무상
12591,한신휴아파트2단지(가좌동),중소폐가전,수거함 설치,인천 서구 건지로 404 ,공동주택(아파트 등),무상
12592,LH미추홀3단지,중소폐가전,수거함 설치,인천 미추홀구 낙섬중로 129 ,공동주택(아파트 등),무상
12593,e편한세상 송도,중소폐가전,수거함 설치,인천 연수구 랜드마크로 113 ,공동주택(아파트 등),무상
12594,가좌풍림아파트,중소폐가전,수거함 설치,인천 서구 원적로47번길 6 ,공동주택(아파트 등),무상
12595,간석풍림아이원아파트,중소폐가전,수거함 설치,인천 남동구 석산로 35 ,공동주택(아파트 등),무상
12596,검단아이파크,중소폐가전,수거함 설치,인천 서구 완정로92번길 28 ,공동주택(아파트 등),무상
12597,검단자이2단지아파트,중소폐가전,수거함 설치,인천 서구 오동로 32 ,공동주택(아파트 등),무상
12598,검암1차신명스카이뷰,중소폐가전,수거함 설치,인천 서구 승학로 447 ,공동주택(아파트 등),무상
12599,검암2삼보아파트,중소폐가전,수거함 설치,인천 서구 검암로20번길 52 ,공동주택(아파트 등),무상
12600,검암2차풍림아이원아파트,중소폐가전,수거함 설치,인천 서구 검암로 53 ,공동주택(아파트 등),무상
12601,검암풍림아이원3차,중소폐가전,수거함 설치,인천 서구 검암로10번길 39 ,공동주택(아파트 등),무상
12602,구월아시아드 선수촌 센트럴자이아파트,중소폐가전,수거함 설치,인천 남동구 선수촌로 55 ,공동주택(아파트 등),무상
12603,구월아시아드선수촌8단지아파트,중소폐가전,수거함 설치,인천 남동구 선수촌로 8 ,공동주택(아파트 등),무상
12604,논현신일해피트리아파트,중소폐가전,수거함 설치,인천 남동구 은봉로 288 ,공동주택(아파트 등),무상
12605,논현유승한내들아파트,중소폐가전,수거함 설치,인천 남동구 에코중앙로66번길 6 ,공동주택(아파트 등),무상
12606,논현휴먼시아5단지아파트,중소폐가전,수거함 설치,인천 남동구 논현로 105 ,공동주택(아파트 등),무상
12607,당하동태평아파트,중소폐가전,수거함 설치,인천 서구 독정로25번길 26-6 ,공동주택(아파트 등),무상
12608,대평샹베르1차아파트,중소폐가전,수거함 설치,인천 서구 도요지로 15 ,공동주택(아파트 등),무상
12609,도림주공그린빌2단지아파트,중소폐가전,수거함 설치,인천 남동구 오봉로 33 ,공동주택(아파트 등),무상
12610,롯데캐슬캠퍼스타운아파트,중소폐가전,수거함 설치,인천 연수구 송도과학로27번길 55 ,공동주택(아파트 등),무상
12611,만수금호타운아파트,중소폐가전,수거함 설치,인천 남동구 담방로 22-16 ,공동주택(아파트 등),무상
12612,만수신대동아파트,중소폐가전,수거함 설치,인천 남동구 만수서로83번길 63-4 ,공동주택(아파트 등),무상
12613,만수주공8단지아파트,중소폐가전,수거함 설치,인천 남동구 담방로 105 ,공동주택(아파트 등),무상
12614,불로삼보해피하임1단지,중소폐가전,수거함 설치,인천 서구 검단로744번3길 7 ,공동주택(아파트 등),무상
12615,서창LH 15단지아파트,중소폐가전,수거함 설치,인천 남동구 서창남로 109 ,공동주택(아파트 등),무상
12616,서창엘에이치3단지(청아안APT),중소폐가전,수거함 설치,인천 남동구 서창남순환로 110 ,공동주택(아파트 등),무상
12617,서창현대모닝사이드아파트,중소폐가전,수거함 설치,인천 남동구 매소홀로 1103 ,공동주택(아파트 등),무상
12618,선수촌 5단지아파트,중소폐가전,수거함 설치,인천 남동구 선수촌로 56 ,공동주택(아파트 등),무상
12619,솔밭마을,중소폐가전,수거함 설치,인천 연수구 원인재로232 ,공동주택(아파트 등),무상
12620,송도더샵그린워크2차,중소폐가전,수거함 설치,인천 연수구 아트센터대로97번길 15 ,공동주택(아파트 등),무상
12621,송도더샵파크애비뉴아파트 16단지,중소폐가전,수거함 설치,인천 연수구 컨벤시아대로252번길 10 ,공동주택(아파트 등),무상
12622,송도더샵퍼스트파크15단지 ,중소폐가전,수거함 설치,인천 연수구 아트센터대로97번길 56 ,공동주택(아파트 등),무상
12623,송도캐슬앤해모로,중소폐가전,수거함 설치,인천 연수구 송도과학로51번길 136 ,공동주택(아파트 등),무상
12624,연수서해그랑블 1단지,중소폐가전,수거함 설치,인천 연수구 봉재산로20 ,공동주택(아파트 등),무상
12625,연수풍림2차,중소폐가전,수거함 설치,인천 연수구 경원대로119번길21 ,공동주택(아파트 등),무상
12626,연희중앙아파트,중소폐가전,수거함 설치,인천 서구 승학로 336 ,공동주택(아파트 등),무상
12627,왕길신명스카이뷰아파트,중소폐가전,수거함 설치,인천 서구 봉수대로1440번길 29 ,공동주택(아파트 등),무상
12628,용현금호2차아파트,중소폐가전,수거함 설치,인천 미추홀구 매소홀로 68 ,공동주택(아파트 등),무상
12629,우림필유아파트,중소폐가전,수거함 설치,인천 서구 완정로34번길 29 ,공동주택(아파트 등),무상
12630,우성1차,중소폐가전,수거함 설치,인천 연수구 청능대로175 ,공동주택(아파트 등),무상
12631,은 섯뗌뽀낯 1차,중소폐가전,수거함 설치,인천 서구 검암로20번길 47 ,공동주택(아파트 등),무상
12632,이삭아파트,중소폐가전,수거함 설치,인천 남동구 용천로176번길 109 ,공동주택(아파트 등),무상
12633,인천간석LH2단지아파트,중소폐가전,수거함 설치,인천 남동구 백범로294번길 16 ,공동주택(아파트 등),무상
12634,인천서창꿈에그린아파트,중소폐가전,수거함 설치,인천 남동구 운연천로 11 ,공동주택(아파트 등),무상
12635,청라17웰카운티아파트,중소폐가전,수거함 설치,인천 서구 청라에메랄드로 156 ,공동주택(아파트 등),무상
12636,청라29블럭호반베르디움아파트,중소폐가전,수거함 설치,인천 서구 청라커낼로 163 ,공동주택(아파트 등),무상
12637,청라서해그랑블아파트,중소폐가전,수거함 설치,인천 서구 청라에메랄드로 65 ,공동주택(아파트 등),무상
12638,청라자이아파트,중소폐가전,수거함 설치,인천 서구 청라에메랄드로 30 ,공동주택(아파트 등),무상
12639,퀸스타운동성아파트,중소폐가전,수거함 설치,인천 서구 검단로 788 ,공동주택(아파트 등),무상
12640,학익2동행정복지센터 ,중소폐가전,수거함 설치,인천 미추홀구 한나루로 444 ,"지자체(구청, 행정복지센터 등)",무상
12641,한양 1차,중소폐가전,수거함 설치,인천 연수구 원인재로 124 ,공동주택(아파트 등),무상
12642,LH웨스턴블루힐아파트,중소폐가전,수거함 설치,인천 서구 봉오재2로 37 ,공동주택(아파트 등),무상
12643,검암서해그랑블아파트,중소폐가전,수거함 설치,인천 서구 승학로495번길 7 ,공동주택(아파트 등),무상
12644,경남아너스빌아파트,중소폐가전,수거함 설치,인천 서구 염곡로 172 ,공동주택(아파트 등),무상
12645,그린워크3차17블럭,중소폐가전,수거함 설치,인천 연수구 컨벤시아대로130번길 100 ,공동주택(아파트 등),무상
12646,대동,중소폐가전,수거함 설치,인천 연수구 벚꽃로 172 ,공동주택(아파트 등),무상
12647,더샵 그린워크 1차,중소폐가전,수거함 설치,인천 연수구 아트센터대로 97번길 30 ,공동주택(아파트 등),무상
12648,더샵 그린워크 2차,중소폐가전,수거함 설치,인천 연수구 아트센터대로 97번길 15 ,공동주택(아파트 등),무상
12649,더샵 마스터뷰 1단지(21**),중소폐가전,수거함 설치,인천 연수구 컨벤시아대로 274번길 55 ,공동주택(아파트 등),무상
12650,더샵 마스터뷰 2단지(22**),중소폐가전,수거함 설치,인천 연수구 컨벤시아대로 274번길 35 ,공동주택(아파트 등),무상
12651,더샵그린애비뉴 7단지,중소폐가전,수거함 설치,인천 연수구 컨벤시아대로 42번길 35 ,공동주택(아파트 등),무상
12652,더샵그린애비뉴 8단지,중소폐가전,수거함 설치,인천 연수구 컨벤시아대로 42번길 61 ,공동주택(아파트 등),무상
12653,더샵센트럴파크1,중소폐가전,수거함 설치,인천 연수구 센트럴로 232 ,공동주택(아파트 등),무상
12654,더샵하버뷰13단지,중소폐가전,수거함 설치,인천 연수구 아트센터대로 97번길 75 ,공동주택(아파트 등),무상
12655,더샵하버뷰14단지,중소폐가전,수거함 설치,인천 연수구 아트센터대로 97번길 76 ,공동주택(아파트 등),무상
12656,더샵하버뷰Ⅱ 15단지,중소폐가전,수거함 설치,인천 연수구 아트센터대로 97번길 56 ,공동주택(아파트 등),무상
12657,동춘마을,중소폐가전,수거함 설치,인천 연수구 먼우금로 123 ,공동주택(아파트 등),무상
12658,롯데,중소폐가전,수거함 설치,인천 연수구 먼우금로161번길 12 ,공동주택(아파트 등),무상
12659,마전영남탑스빌아파트,중소폐가전,수거함 설치,인천 서구 완정로64번길 7 ,공동주택(아파트 등),무상
12660,마전하나아파트,중소폐가전,수거함 설치,인천 서구 검단로 622 ,공동주택(아파트 등),무상
12661,불로길훈아파트,중소폐가전,수거함 설치,인천 서구 검단로 784 ,공동주택(아파트 등),무상
12662,삼성럭키,중소폐가전,수거함 설치,인천 연수구 원인재로 81 ,공동주택(아파트 등),무상
12663,석남우림필유,중소폐가전,수거함 설치,인천 서구 염곡로 198 ,공동주택(아파트 등),무상
12664,선학금호타운,중소폐가전,수거함 설치,인천 연수구 선학로 100 ,공동주택(아파트 등),무상
12665,선학시영,중소폐가전,수거함 설치,인천 연수구 선학로 14 ,공동주택(아파트 등),무상
12666,센트로드,중소폐가전,수거함 설치,인천 연수구 인천타워대로 323 ,공동주택(아파트 등),무상
12667,솔밭마을,중소폐가전,수거함 설치,인천 연수구 원인재로 232 ,공동주택(아파트 등),무상
12668,송도센트럴파크푸르지오,중소폐가전,수거함 설치,인천 연수구 센트럴로160 ,공동주택(아파트 등),무상
12669,송도푸르지오월드마크8단지,중소폐가전,수거함 설치,인천 연수구 컨벤시아대로 126 ,공동주택(아파트 등),무상
12670,송도풍림아이원6단지,중소폐가전,수거함 설치,인천 연수구 해돋이로84번길 10 ,공동주택(아파트 등),무상
12671,아트윈 푸르지오,중소폐가전,수거함 설치,인천 연수구 인천타워대로 253-25 ,공동주택(아파트 등),무상
12672,에듀포레푸르지오,중소폐가전,수거함 설치,인천 연수구 송도문화로84번길 24 ,공동주택(아파트 등),무상
12673,연수2차한양,중소폐가전,수거함 설치,인천 연수구 원인재로 59 ,공동주택(아파트 등),무상
12674,연수서해,중소폐가전,수거함 설치,인천 연수구 미추홀대로251번길 9 ,공동주택(아파트 등),무상
12675,연수주공3차,중소폐가전,수거함 설치,인천 연수구 새말로 154 열기 ,공동주택(아파트 등),무상
12676,연수풍림2차,중소폐가전,수거함 설치,인천 연수구 경원대로119번길 21 ,공동주택(아파트 등),무상
12677,옥련2차우성,중소폐가전,수거함 설치,인천 연수구 청량로185번길 73 ,공동주택(아파트 등),무상
12678,옥련현대5차,중소폐가전,수거함 설치,인천 연수구 한진로 49 ,공동주택(아파트 등),무상
12679,우성1차,중소폐가전,수거함 설치,인천 연수구 청능대로 175 ,공동주택(아파트 등),무상
12680,원당2차금호어울림아파트,중소폐가전,수거함 설치,인천 서구 고산로 13 ,공동주택(아파트 등),무상
12681,자이하버뷰 1단지,중소폐가전,수거함 설치,인천 연수구 컨벤시아대로 130번길 58 ,공동주택(아파트 등),무상
12682,자이하버뷰 2단지,중소폐가전,수거함 설치,인천 연수구 컨벤시아대로 130번길 32 ,공동주택(아파트 등),무상
12683,청라26 동양엔파트,중소폐가전,수거함 설치,인천 서구 청라커낼로 249 ,공동주택(아파트 등),무상
12684,청라우미린아파트,중소폐가전,수거함 설치,인천 서구 청라한내로 39 ,공동주택(아파트 등),무상
12685,청라웰카운티19단지,중소폐가전,수거함 설치,인천 서구 청라에메랄드로 112 ,공동주택(아파트 등),무상
12686,청라제일풍경채아파트,중소폐가전,수거함 설치,인천 서구 청라한울로 95 ,공동주택(아파트 등),무상
12687,청라한일베라체아파트,중소폐가전,수거함 설치,인천 서구 청라루비로 68 ,공동주택(아파트 등),무상
12688,청라힐스테이트아파트,중소폐가전,수거함 설치,인천 서구 청라한내로 7 ,공동주택(아파트 등),무상
12689,코오롱더프라우Ⅱ,중소폐가전,수거함 설치,인천 연수구 컨벤시아대로 42번길 20 ,공동주택(아파트 등),무상
12690,푸르지오 시티,중소폐가전,수거함 설치,인천 연수구 아트센터대로 203 ,공동주택(아파트 등),무상
12691,푸르지오하버뷰,중소폐가전,수거함 설치,인천 연수구 컨벤시아대로 130번길 80 ,공동주택(아파트 등),무상
12692,호반베르디움2차아파트,중소폐가전,수거함 설치,인천 서구 청라에메랄드로 134 ,공동주택(아파트 등),무상
12693,금호어울림,중소폐가전,수거함 설치,인천 연수구 해돋이로 84번길 30 ,공동주택(아파트 등),무상
12694,논현 휴먼시아1단지 숲속마을,중소폐가전,수거함 설치,인천 남동구 은봉로165번길 24 ,공동주택(아파트 등),무상
12695,단풍마을 휴먼시아11단지,중소폐가전,수거함 설치,인천 남동구 소래역로 94 ,공동주택(아파트 등),무상
12696,당하 KCC스위첸아파트,중소폐가전,수거함 설치,인천 서구 청마로124 ,공동주택(아파트 등),무상
12697,더샵퍼스트월드,중소폐가전,수거함 설치,인천 연수구 해돋이로 107 ,공동주택(아파트 등),무상
12698,더샵퍼스트월드,중소폐가전,수거함 설치,인천 연수구 해돋이로 107 ,공동주택(아파트 등),무상
12699,드림파크 어울림1단지,중소폐가전,수거함 설치,인천 서구 봉화로18 ,공동주택(아파트 등),무상
12700,롯데캐슬,중소폐가전,수거함 설치,인천 연수구 송도과학로 27번길 70 ,공동주택(아파트 등),무상
12701,롯데캐슬캠퍼스타운,중소폐가전,수거함 설치,인천 연수구 송도과학로 27번길 55 ,공동주택(아파트 등),무상
12702,롯데캐슬캠퍼스타운(오피스텔),중소폐가전,수거함 설치,인천 연수구 송도과학로 27번길 55 ,공동주택(아파트 등),무상
12703,블로 동부아파트,중소폐가전,수거함 설치,인천 서구 검단로851 ,공동주택(아파트 등),무상
12704,삼호아파트,중소폐가전,수거함 설치,인천 남동구 남촌로100번길 54 ,공동주택(아파트 등),무상
12705,서창 LH 11단지,중소폐가전,수거함 설치,인천 남동구 서창남로 17 ,공동주택(아파트 등),무상
12706,성지리벨루스,중소폐가전,수거함 설치,인천 연수구 신송로 6번길 7 ,공동주택(아파트 등),무상
12707,소래 휴먼시아 3단지,중소폐가전,수거함 설치,인천 남동구 앵고개로815번길 22 ,공동주택(아파트 등),무상
12708,송도 해모로,중소폐가전,수거함 설치,인천 연수구 해돋이로 6번길 33 ,공동주택(아파트 등),무상
12709,송도글로벌캠퍼스 푸르지오,중소폐가전,수거함 설치,인천 연수구 송도문화로 28번길 28 ,공동주택(아파트 등),무상
12710,송도글로벌캠퍼스푸르지오(오피스텔),중소폐가전,수거함 설치,인천 연수구 송도문화로 28번길 28 ,공동주택(아파트 등),무상
12711,송도더샵그린스퀘어,중소폐가전,수거함 설치,인천 연수구 송도문화로 28번길 81 ,공동주택(아파트 등),무상
12712,송도이안,중소폐가전,수거함 설치,인천 연수구 컨벤시아대로 55 ,공동주택(아파트 등),무상
12713,송도해모로월드뷰,중소폐가전,수거함 설치,인천 연수구 송도과학로 27번길 30 ,공동주택(아파트 등),무상
12714,송도힐스테이트,중소폐가전,수거함 설치,인천 연수구 컨벤시아대로 80 ,공동주택(아파트 등),무상
12715,신대동아파트,중소폐가전,수거함 설치,인천 남동구 만수서로83번길 63-4 ,공동주택(아파트 등),무상
12716,신영스카이뷰골드아파트(4차),중소폐가전,수거함 설치,인천 서구 검암로10번길 36 ,공동주택(아파트 등),무상
12717,아이파크송도,중소폐가전,수거함 설치,인천 연수구 해돋이로 6번길 7 ,공동주택(아파트 등),무상
12718,월드마크 1단지,중소폐가전,수거함 설치,인천 연수구 컨벤시아대로 50 ,공동주택(아파트 등),무상
12719,월드마크 2단지,중소폐가전,수거함 설치,인천 연수구 컨벤시아대로 60 ,공동주택(아파트 등),무상
12720,월드마크 7단지,중소폐가전,수거함 설치,인천 연수구 컨벤시아대로 116 ,공동주택(아파트 등),무상
12721,월드마크 8단지,중소폐가전,수거함 설치,인천 연수구 컨벤시아대로 126 ,공동주택(아파트 등),무상
12722,웰카운티 2단지,중소폐가전,수거함 설치,인천 연수구 해송로 70 ,공동주택(아파트 등),무상
12723,웰카운티 3단지,중소폐가전,수거함 설치,인천 연수구 해송로30번길 19 ,공동주택(아파트 등),무상
12724,웰카운티 4단지,중소폐가전,수거함 설치,인천 연수구 해송로 30번길 20 ,공동주택(아파트 등),무상
12725,웰카운티1단지,중소폐가전,수거함 설치,인천 연수구 해송로 143 ,공동주택(아파트 등),무상
12726,위드프리쌍뜨,중소폐가전,수거함 설치,인천 연수구 신송로 118번길 9 ,공동주택(아파트 등),무상
12727,진흥아파트,중소폐가전,수거함 설치,인천 남동구 장승남로81번길 16 ,공동주택(아파트 등),무상
12728,청라 상록힐스테이트 10블럭,중소폐가전,수거함 설치,인천 서구 청라커낼로297 ,공동주택(아파트 등),무상
12729,청라 서해그랑블,중소폐가전,수거함 설치,인천 서구 청라에메랄드로 65 ,공동주택(아파트 등),무상
12730,청라 우미린,중소폐가전,수거함 설치,인천 서구 청라한내로39 ,공동주택(아파트 등),무상
12731,청라 증흥S클래스1단지,중소폐가전,수거함 설치,인천 서구 청라라임로131 ,공동주택(아파트 등),무상
12732,청라 푸르지오아파트,중소폐가전,수거함 설치,인천 서구 크리스탈로102번길 25 ,공동주택(아파트 등),무상
12733,청라증흥S클래스,중소폐가전,수거함 설치,인천 서구 청라에메랄드로113 ,공동주택(아파트 등),무상
12734,청라하우스토리,중소폐가전,수거함 설치,인천 서구 청라루비로 106 ,공동주택(아파트 등),무상
12735,캐슬앤해모로,중소폐가전,수거함 설치,인천 연수구 송도과학로 51번길 136 ,공동주택(아파트 등),무상
12736,커낼워크,중소폐가전,수거함 설치,인천 연수구 아트센터대로107 ,공동주택(아파트 등),무상
12737,코오롱 더 프라우,중소폐가전,수거함 설치,인천 연수구 컨벤시아대로 42번길 8 ,공동주택(아파트 등),무상
12738,풍림1단지,중소폐가전,수거함 설치,인천 연수구 신송로 118번길 6 ,공동주택(아파트 등),무상
12739,풍림2단지,중소폐가전,수거함 설치,인천 연수구 해돋이로 120번길 16 ,공동주택(아파트 등),무상
12740,풍림3단지,중소폐가전,수거함 설치,인천 연수구 해돋이로 84번길 29 ,공동주택(아파트 등),무상
12741,풍림4단지,중소폐가전,수거함 설치,인천 연수구 신송로 82번길 6 ,공동주택(아파트 등),무상
12742,풍림6단지,중소폐가전,수거함 설치,인천 연수구 해돋이로 84번길 10 ,공동주택(아파트 등),무상
12743,한화 에코메트로3차 더타워,중소폐가전,수거함 설치,인천 남동구 소래역남로16번길 75 ,공동주택(아파트 등),무상
12744,햇빛마을 벽산아파트,중소폐가전,수거함 설치,인천 남동구 호구포로 924 ,공동주택(아파트 등),무상
12745,"현대힐스테이트3차 1,2단지",중소폐가전,수거함 설치,인천 서구 버들로46 ,공동주택(아파트 등),무상
12746,간석 LH2단지 아파트,중소폐가전,수거함 설치,인천 남동구 백범로294번길 16 ,공동주택(아파트 등),무상
12747,간석 래미안자이아파트,중소폐가전,수거함 설치,인천 남동구 남동대로 860 ,공동주택(아파트 등),무상
12748,경남아파트,중소폐가전,수거함 설치,인천 연수구 원인재로 312 ,공동주택(아파트 등),무상
12749,구월동아아파트,중소폐가전,수거함 설치,인천 남동구 인주대로676번길 22 ,공동주택(아파트 등),무상
12750,극동늘푸른,중소폐가전,수거함 설치,인천 서구 승학로 198 ,공동주택(아파트 등),무상
12751,논현 주공 2-1단지,중소폐가전,수거함 설치,인천 남동구 함박뫼로 439 ,공동주택(아파트 등),무상
12752,논현 주공1단지,중소폐가전,수거함 설치,인천 남동구 호구포로 294 ,공동주택(아파트 등),무상
12753,논현 한라아파트,중소폐가전,수거함 설치,인천 남동구 포구로 64-6 ,공동주택(아파트 등),무상
12754,논현주공 13단지,중소폐가전,수거함 설치,인천 남동구 포구로 98 ,공동주택(아파트 등),무상
12755,대림 3차아파트,중소폐가전,수거함 설치,인천 연수구 먼우금로 83번길 49 ,공동주택(아파트 등),무상
12756,대우삼환아파트,중소폐가전,수거함 설치,인천 연수구 원인재로 88 ,공동주택(아파트 등),무상
12757,도림 현대아이파크,중소폐가전,수거함 설치,인천 남동구 도리미로 8 ,공동주택(아파트 등),무상
12758,동아 하이빌,중소폐가전,수거함 설치,인천 연수구 선학로 68번길 8 ,공동주택(아파트 등),무상
12759,동춘 대동아파트,중소폐가전,수거함 설치,인천 연수구 먼우금로 69 ,공동주택(아파트 등),무상
12760,동춘 태평1차아파트,중소폐가전,수거함 설치,인천 연수구 앵고개로 206번길 10 ,공동주택(아파트 등),무상
12761,만수 대성유니드별빛마을 아파트,중소폐가전,수거함 설치,인천 남동구 서판로 30 ,공동주택(아파트 등),무상
12762,만수 삼익세라믹아파트,중소폐가전,수거함 설치,인천 남동구 장승남로 70-30 ,공동주택(아파트 등),무상
12763,만수한국아파트,중소폐가전,수거함 설치,인천 남동구 담방로21번길 3 ,공동주택(아파트 등),무상
12764,만수현대아파트,중소폐가전,수거함 설치,인천 남동구 장승남로 82 ,공동주택(아파트 등),무상
12765,무지개마을아파트,중소폐가전,수거함 설치,인천 연수구 원인재로 14 ,공동주택(아파트 등),무상
12766,서창 LH 12단지,중소폐가전,수거함 설치,인천 남동구 서창남로 2 ,공동주택(아파트 등),무상
12767,선학 뉴서울아파트,중소폐가전,수거함 설치,인천 연수구 선학로 101 ,공동주택(아파트 등),무상
12768,선학 아주아파트,중소폐가전,수거함 설치,인천 연수구 선학로 90 ,공동주택(아파트 등),무상
12769,선학 윤성아파트,중소폐가전,수거함 설치,인천 연수구 넘말로 79번길 45 ,공동주택(아파트 등),무상
12770,성일아파트,중소폐가전,수거함 설치,인천 연수구 새말로 20 ,공동주택(아파트 등),무상
12771,성호아파트,중소폐가전,수거함 설치,인천 연수구 솔샘로 43번길 15 ,공동주택(아파트 등),무상
12772,소래 LH4단지,중소폐가전,수거함 설치,인천 남동구 논고개로68번길 34 ,공동주택(아파트 등),무상
12773,송도 더샵그린워크3차,중소폐가전,수거함 설치,인천 연수구 컨벤시아대로 130번길 100 ,공동주택(아파트 등),무상
12774,송도 삼성아파트,중소폐가전,수거함 설치,인천 연수구 독배로 40번길 18 ,공동주택(아파트 등),무상
12775,승기마을아파트,중소폐가전,수거함 설치,인천 연수구 원인재로 212 ,공동주택(아파트 등),무상
12776,연수 롯데아파트,중소폐가전,수거함 설치,인천 연수구 먼우금로 161번길 12 ,공동주택(아파트 등),무상
12777,연수 영남아파트,중소폐가전,수거함 설치,인천 연수구 새말로 111 ,공동주택(아파트 등),무상
12778,연수 우주아파트,중소폐가전,수거함 설치,인천 연수구 함박뫼로 115 ,공동주택(아파트 등),무상
12779,연수 주공1차아파트,중소폐가전,수거함 설치,인천 연수구 원인재로 315 ,공동주택(아파트 등),무상
12780,연수 태산아파트,중소폐가전,수거함 설치,인천 연수구 먼우금로 282 ,공동주택(아파트 등),무상
12781,연수 풍림1차아파트,중소폐가전,수거함 설치,인천 연수구 함박뫼로 250 ,공동주택(아파트 등),무상
12782,연수 한양1차아파트,중소폐가전,수거함 설치,인천 연수구 원인재로 124 ,공동주택(아파트 등),무상
12783,연수2차우성,중소폐가전,수거함 설치,인천 연수구 원인재로 180 ,공동주택(아파트 등),무상
12784,옥련 아주아파트,중소폐가전,수거함 설치,인천 연수구 옥련로 99번길 44 ,공동주택(아파트 등),무상
12785,옥련3차현대아파트,중소폐가전,수거함 설치,인천 연수구 능허대로 79번길 65 ,공동주택(아파트 등),무상
12786,옥련4차현대아파트,중소폐가전,수거함 설치,인천 연수구 한나루로 105번길 68 ,공동주택(아파트 등),무상
12787,옥련동 현대2차아파트,중소폐가전,수거함 설치,인천 연수구 독배로 58 ,공동주택(아파트 등),무상
12788,용담마을아파트,중소폐가전,수거함 설치,인천 연수구 용담로 25 ,공동주택(아파트 등),무상
12789,청학 동보아파트,중소폐가전,수거함 설치,인천 연수구 솔샘로 120 ,공동주택(아파트 등),무상
12790,청학 삼용아파트,중소폐가전,수거함 설치,인천 연수구 솔샘로 20 ,공동주택(아파트 등),무상
12791,"푸르지오아파트(1,2단지)",중소폐가전,수거함 설치,인천 연수구 벚꽃로 130-3 ,공동주택(아파트 등),무상
12792,풍림 연수3차아파트,중소폐가전,수거함 설치,인천 연수구 먼우금로 149 ,공동주택(아파트 등),무상
12793,하나2차아파트,중소폐가전,수거함 설치,인천 연수구 앵고개로 205번길 41 ,공동주택(아파트 등),무상
12794,한화 에코매트로11단지,중소폐가전,수거함 설치,인천 남동구 논고개로 17 ,공동주택(아파트 등),무상
12795,한화 에코메트로 5단지,중소폐가전,수거함 설치,인천 남동구 소래역남로 39 ,공동주택(아파트 등),무상
12796,해마루아파트,중소폐가전,수거함 설치,인천 연수구 독배로 82번길 10 ,공동주택(아파트 등),무상
12797,해송마을 동남아파트,중소폐가전,수거함 설치,인천 연수구 먼우금로 19 ,공동주택(아파트 등),무상
12798,향촌휴먼시아1단지,중소폐가전,수거함 설치,인천 남동구 만수서로 55 ,공동주택(아파트 등),무상
12799,갈산2동 주민센터,중소폐가전,수거함 설치,인천 부평구 주부토로 173 ,"지자체(구청, 행정복지센터 등)",무상
12800,검암 풍림아이원 3차,중소폐가전,수거함 설치,인천 서구 검암로10번길 39 ,공동주택(아파트 등),무상
12801,검암2차 신명스카이뷰,중소폐가전,수거함 설치,인천 서구 검암로10번길 54 ,공동주택(아파트 등),무상
12802,구월1동 주민센터,중소폐가전,수거함 설치,인천 남동구 독점로30번길 15 ,"지자체(구청, 행정복지센터 등)",무상
12803,구월3동 주민센터,중소폐가전,수거함 설치,인천 남동구 문화서로 84 ,"지자체(구청, 행정복지센터 등)",무상
12804,남동구청,중소폐가전,수거함 설치,인천 남동구 소래로 633 ,"지자체(구청, 행정복지센터 등)",무상
12805,남동복지관,중소폐가전,수거함 설치,인천 남동구 인주대로 898 ,"지자체(구청, 행정복지센터 등)",무상
12806,도화1동 주민센터,중소폐가전,수거함 설치,인천 미추홀구 경인로 295 ,"지자체(구청, 행정복지센터 등)",무상
12807,"도화2,3동 주민센터",중소폐가전,수거함 설치,인천 미추홀구 숙골로43번길 14-21 ,"지자체(구청, 행정복지센터 등)",무상
12808,동춘1동 주민센터,중소폐가전,수거함 설치,인천 연수구 먼우금로 117 ,"지자체(구청, 행정복지센터 등)",무상
12809,만수6동 주민센터,중소폐가전,수거함 설치,인천 남동구 장승남로 47 ,"지자체(구청, 행정복지센터 등)",무상
12810,부개2동 주민센터,중소폐가전,수거함 설치,인천 부평구 동수천로 104 ,"지자체(구청, 행정복지센터 등)",무상
12811,부평4동 주민센터,중소폐가전,수거함 설치,인천 부평구 주부토로 65 ,"지자체(구청, 행정복지센터 등)",무상
12812,부평5동 주민센터,중소폐가전,수거함 설치,인천 부평구 부평문화로106번길 17 ,"지자체(구청, 행정복지센터 등)",무상
12813,부평6동 주민센터,중소폐가전,수거함 설치,인천 부평구 동수로 70 ,"지자체(구청, 행정복지센터 등)",무상
12814,삼산1동 주민센터,중소폐가전,수거함 설치,인천 부평구 후정동로 9 ,"지자체(구청, 행정복지센터 등)",무상
12815,서인천월드메르디앙,중소폐가전,수거함 설치,인천 서구 신석로 71 ,공동주택(아파트 등),무상
12816,석남금호어울림,중소폐가전,수거함 설치,인천 서구 가정로223번길 28 ,공동주택(아파트 등),무상
12817,연수구청,중소폐가전,수거함 설치,인천 연수구 원인재로 115 ,"지자체(구청, 행정복지센터 등)",무상
12818,연희광명17차,중소폐가전,수거함 설치,인천 서구 연희동 46 ,공동주택(아파트 등),무상
12819,용현2동 주민센터,중소폐가전,수거함 설치,인천 미추홀구 낙섬중로 101 ,"지자체(구청, 행정복지센터 등)",무상
12820,용현3동 주민센터,중소폐가전,수거함 설치,인천 미추홀구 인주대로 133 ,"지자체(구청, 행정복지센터 등)",무상
12821,용현5동 주민센터,중소폐가전,수거함 설치,인천 미추홀구 토금북로 60 ,"지자체(구청, 행정복지센터 등)",무상
12822,원당풍림아이원,중소폐가전,수거함 설치,인천 서구 원당대로840번길 21 ,공동주택(아파트 등),무상
12823,일신동 주민센터,중소폐가전,수거함 설치,인천 부평구 경인로1148번길 5 ,"지자체(구청, 행정복지센터 등)",무상
12824,주안1동 주민센터,중소폐가전,수거함 설치,인천 미추홀구 주안서로53번길 22 ,"지자체(구청, 행정복지센터 등)",무상
12825,청라 SK뷰,중소폐가전,수거함 설치,인천 서구 솔빛로 93 ,공동주택(아파트 등),무상
12826,청라14 블록호반베르디움,중소폐가전,수거함 설치,인천 서구 청라동 762-4 ,공동주택(아파트 등),무상
12827,청라엑슬루타워,중소폐가전,수거함 설치,인천 서구 중봉대로586번길 22 ,공동주택(아파트 등),무상
12828,청천2동 주민센터,중소폐가전,수거함 설치,인천 부평구 청천2동 178-43 ,"지자체(구청, 행정복지센터 등)",무상
12829,청학동 주민센터,중소폐가전,수거함 설치,인천 연수구 비류대로294번길 26 ,"지자체(구청, 행정복지센터 등)",무상
12830,한국아파트,중소폐가전,수거함 설치,인천 서구 서달로163번길 16 ,공동주택(아파트 등),무상
